model,seed,subset,gdsc_pubchem_id,drug_name,n_pairs,n_cells,spearman,pearson
bandrp_gate,2020,no_gdsc_response,10074640,Masitinib,201,198,0.28550571025476784,0.39534237254947285
bandrp_gate,2020,no_gdsc_response,10127622,Selumetinib,207,204,-0.04274235964424455,0.016888734096293687
bandrp_gate,2020,no_gdsc_response,10184653,Afatinib,192,190,0.06047733350401585,0.0001381286804058847
bandrp_gate,2020,no_gdsc_response,10302451,Saracatinib,214,212,-0.06409939302810023,0.037888714835057125
bandrp_gate,2020,no_gdsc_response,10385095,Telomerase Inhibitor IX,213,211,0.24992999342470773,0.39197935152839275
bandrp_gate,2020,no_gdsc_response,104741,Fulvestrant,44,44,-0.34312956128430083,-0.3433058414785083
bandrp_gate,2020,no_gdsc_response,104842,SN-38,183,181,0.44272129064241006,0.5379832362120782
bandrp_gate,2020,no_gdsc_response,11152667,AZD7762,219,217,0.4528679452443672,0.5415614615563085
bandrp_gate,2020,no_gdsc_response,11175137,AT7867,194,191,0.3816270271894529,0.3870624819580876
bandrp_gate,2020,no_gdsc_response,11178236,Sepantronium bromide,194,193,0.18669703981011787,0.18827190271761035
bandrp_gate,2020,no_gdsc_response,11228183,ABT737,177,175,0.28261323804799937,0.5302200736031589
bandrp_gate,2020,no_gdsc_response,11234052,"Brivanib, BMS-540215",206,203,0.11893945252859564,0.23987575174842163
bandrp_gate,2020,no_gdsc_response,11364421,BI-2536,217,215,0.4855359465419521,0.5127915399238746
bandrp_gate,2020,no_gdsc_response,11455910,TW 37,211,209,0.23864428266902185,0.44169824320444157
bandrp_gate,2020,no_gdsc_response,11485656,Linifanib,208,205,0.3153137204896287,0.32370943458423956
bandrp_gate,2020,no_gdsc_response,11609586,Serdemetan,208,206,0.4948935877972617,0.5916363095925157
bandrp_gate,2020,no_gdsc_response,11625818,Idelalisib,204,201,0.07474149297130409,0.24592018759226092
bandrp_gate,2020,no_gdsc_response,11640390,Linsitinib,197,195,0.2575789834047299,0.29427594306803656
bandrp_gate,2020,no_gdsc_response,11647372,ZSTK474,213,211,0.12717495171111912,0.09116445084119586
bandrp_gate,2020,no_gdsc_response,11707110,Trametinib,98,97,-0.051903588494893904,0.03854853776933776
bandrp_gate,2020,no_gdsc_response,11960529,Veliparib,212,210,0.06793694448990922,0.07327870304102639
bandrp_gate,2020,no_gdsc_response,11977753,Dactolisib,149,147,0.16336325659968212,0.29823529072923666
bandrp_gate,2020,no_gdsc_response,123631,Gefitinib,214,212,0.03506923356838533,-0.04757151485422655
bandrp_gate,2020,no_gdsc_response,126941,Methotrexate,175,173,0.1289082665197795,0.23788298523513332
bandrp_gate,2020,no_gdsc_response,135423438,BIBF-1120,177,176,0.2175703139061665,0.3600053725795837
bandrp_gate,2020,no_gdsc_response,148124,Docetaxel,98,97,0.4931574098597885,0.4539164577721299
bandrp_gate,2020,no_gdsc_response,156414,CI-1033,206,203,0.17037850800551094,0.1387658756149459
bandrp_gate,2020,no_gdsc_response,159324,Tipifarnib,272,208,0.3549921619589156,0.4652168077589416
bandrp_gate,2020,no_gdsc_response,15953870,KU-60019,197,194,0.31678742293155193,0.4096213114740259
bandrp_gate,2020,no_gdsc_response,16038120,NVP-TAE684,205,202,0.1729939497945495,0.24102646181691678
bandrp_gate,2020,no_gdsc_response,16659841,AZD1480,104,103,0.3641470331182699,0.4386328797300324
bandrp_gate,2020,no_gdsc_response,16722836,Fedratinib,203,201,0.41365712166746765,0.4985382593225826
bandrp_gate,2020,no_gdsc_response,17755052,Pictilisib,212,210,0.09127353218073768,0.16359838686645858
bandrp_gate,2020,no_gdsc_response,208908,Lapatinib,198,196,0.1334664403384192,0.03703473628595638
bandrp_gate,2020,no_gdsc_response,2130404,AGK2,182,180,-0.026801911995807226,-0.002491046530415398
bandrp_gate,2020,no_gdsc_response,216239,Sorafenib,219,216,0.265301325299561,0.3362681693060657
bandrp_gate,2020,no_gdsc_response,227681,MIRA-1,126,126,0.363702982322962,0.4828610442601933
bandrp_gate,2020,no_gdsc_response,23582824,GSK1059615,133,131,0.054735859499314685,0.08433791427035839
bandrp_gate,2020,no_gdsc_response,23725625,Olaparib,215,212,0.3949960470351389,0.4499370642203085
bandrp_gate,2020,no_gdsc_response,24180719,PLX-4720,216,214,0.11573350233012325,0.07539992646632102
bandrp_gate,2020,no_gdsc_response,24771867,Alisertib,204,201,0.38323941564026504,0.557979188595718
bandrp_gate,2020,no_gdsc_response,24772860,SNX-2112,216,214,0.4398401146478314,0.5018292876715524
bandrp_gate,2020,no_gdsc_response,24785538,BMS-754807,207,204,0.10391279171240878,0.13328484905487978
bandrp_gate,2020,no_gdsc_response,24821094,Ibrutinib,141,139,0.10019500020357772,0.11054176935661254
bandrp_gate,2020,no_gdsc_response,24856436,MK-1775,194,192,0.37978936019157117,0.4725520134390192
bandrp_gate,2020,no_gdsc_response,24889392,Quizartinib,208,205,0.1714415795910442,0.32576163083138504
bandrp_gate,2020,no_gdsc_response,24978538,Navitoclax,201,199,0.2631490775258374,0.4543217024058472
bandrp_gate,2020,no_gdsc_response,25102847,Cabozantinib,179,176,0.21202510622675796,0.30486900939200295
bandrp_gate,2020,no_gdsc_response,25126798,Ruxolitinib,217,214,0.3948776935905114,0.4965993599848502
bandrp_gate,2020,no_gdsc_response,25262965,AZD8055,226,223,0.2693984141477415,0.3168755317755182
bandrp_gate,2020,no_gdsc_response,2907,Cyclophosphamide,106,105,0.026196540575222593,0.0386237559047017
bandrp_gate,2020,no_gdsc_response,3011155,Nelarabine,198,196,-0.030346318343716743,0.09503616658422745
bandrp_gate,2020,no_gdsc_response,3062316,Dasatinib,210,207,0.040405231481035635,0.06994226172127678
bandrp_gate,2020,no_gdsc_response,3385,5-Fluorouracil,203,201,0.3344393204903339,0.3816980717904483
bandrp_gate,2020,no_gdsc_response,36314,Paclitaxel,153,152,0.5297627922794828,0.5519252209184246
bandrp_gate,2020,no_gdsc_response,387447,Bortezomib,202,200,0.34322208022935957,0.2942071540071597
bandrp_gate,2020,no_gdsc_response,4261,Entinostat,184,182,0.5085324166337528,0.6127773373676155
bandrp_gate,2020,no_gdsc_response,42642645,Foretinib,214,211,0.27794962939755014,0.40498745791410085
bandrp_gate,2020,no_gdsc_response,44137675,AZD6482,218,216,0.03388144101819794,0.1373388432165039
bandrp_gate,2020,no_gdsc_response,44259,Staurosporine,66,66,-0.0046134897645787945,-0.10698372287370667
bandrp_gate,2020,no_gdsc_response,44462760,Dabrafenib,100,99,0.209542527719761,0.27917935943873123
bandrp_gate,2020,no_gdsc_response,444795,Tretinoin,214,211,0.40582103044619167,0.4724760834864273
bandrp_gate,2020,no_gdsc_response,452548,Teniposide,111,110,0.5179712968203617,0.6193554793771946
bandrp_gate,2020,no_gdsc_response,46191454,PHA-793887,218,215,0.4658390992589393,0.4958234876112615
bandrp_gate,2020,no_gdsc_response,46224516,UNC0638,204,202,0.23625406367128188,0.2734495396655911
bandrp_gate,2020,no_gdsc_response,462382,MG-132,74,73,0.227650704565327,0.23341474497245443
bandrp_gate,2020,no_gdsc_response,46843906,XMD11-50,140,138,0.5265762387205438,0.6674666049733461
bandrp_gate,2020,no_gdsc_response,46926350,Dinaciclib,86,85,0.5278953153288384,0.4998562427638435
bandrp_gate,2020,no_gdsc_response,46930998,MK-2206,203,200,0.3147419402850404,0.4667587918288326
bandrp_gate,2020,no_gdsc_response,46943432,I-BET-762,213,210,0.39960747649998124,0.5298128052563118
bandrp_gate,2020,no_gdsc_response,49846579,Venotoclax,110,109,0.36990070813867254,0.5799023297080281
bandrp_gate,2020,no_gdsc_response,51039095,AZD4547,172,170,0.31647966794236937,0.21253431181245394
bandrp_gate,2020,no_gdsc_response,5113032,Selisistat,199,196,0.05730581208405468,0.06790722285349328
bandrp_gate,2020,no_gdsc_response,5278396,KU-55933,210,207,0.269847651078368,0.3268948013675508
bandrp_gate,2020,no_gdsc_response,5284616,Rapamycin,200,198,0.3032030370412822,0.4639403834665023
bandrp_gate,2020,no_gdsc_response,5287969,Flavopiridol,104,104,0.5574309185959672,0.49188933077389635
bandrp_gate,2020,no_gdsc_response,5291,Imatinib,210,207,0.2559515785161349,0.3629050333110734
bandrp_gate,2020,no_gdsc_response,52918385,PRIMA-1MET,97,96,0.17273622640073485,0.45101519117527494
bandrp_gate,2020,no_gdsc_response,5311,Vorinostat,212,209,0.5062114900997828,0.511739633310914
bandrp_gate,2020,no_gdsc_response,5328940,Bosutinib,178,175,0.21448037215663623,0.37510861384166566
bandrp_gate,2020,no_gdsc_response,5329102,Sunitinib,213,210,0.41980736543927555,0.4179445056364777
bandrp_gate,2020,no_gdsc_response,5394,Temozolomide,203,202,0.21961941726287423,0.25941882298141467
bandrp_gate,2020,no_gdsc_response,5494449,Tozasertib,31,31,0.530241935483871,0.7375767263460413
bandrp_gate,2020,no_gdsc_response,56649450,Alpelisib,127,125,-0.018768244259623586,0.022322428179197325
bandrp_gate,2020,no_gdsc_response,5746,Mitomycin-C,189,188,0.6015022491967431,0.604440062066749
bandrp_gate,2020,no_gdsc_response,5978,Vincristine,225,222,0.595293505366186,0.6465229757691929
bandrp_gate,2020,no_gdsc_response,637858,Piperlongumine,211,209,0.4776122167615044,0.6514310381476273
bandrp_gate,2020,no_gdsc_response,644241,Nilotinib,198,195,0.163298324737417,0.33045744466390536
bandrp_gate,2020,no_gdsc_response,6450551,Axitinib,216,214,0.42466668532834323,0.4824210238989577
bandrp_gate,2020,no_gdsc_response,6505803,Tanespimycin,189,186,-0.04065932649800956,-0.03721362959560702
bandrp_gate,2020,no_gdsc_response,66577038,Sphingosine Kinase 1 Inhibitor II,213,210,0.1412303356502354,0.15746196105894308
bandrp_gate,2020,no_gdsc_response,6852167,PIK-93,213,211,0.2594092873113815,0.4395136345981405
bandrp_gate,2020,no_gdsc_response,6914657,Daporinad,180,178,0.29699831217275235,0.3941173303956149
bandrp_gate,2020,no_gdsc_response,6918289,Temsirolimus,116,115,0.19703030245111386,0.4450194302827884
bandrp_gate,2020,no_gdsc_response,6918638,Belinostat,108,107,0.5450392624346497,0.692291778627759
bandrp_gate,2020,no_gdsc_response,6918837,Panobinostat,222,219,0.5309543153863158,0.5389586052678683
bandrp_gate,2020,no_gdsc_response,71729975,GSK-J4,30,30,0.5181312569521692,0.6401578293274728
bandrp_gate,2020,no_gdsc_response,82146,Bexarotene,202,199,0.20000938363356238,0.3696524191452557
bandrp_gate,2020,no_gdsc_response,9444,5-azacytidine,185,183,0.19035894964080444,0.25525663692586276
bandrp_gate,2020,no_gdsc_response,9549297,SU11274,184,181,0.2873159895676719,0.5592611680261486
bandrp_gate,2020,no_gdsc_response,9825149,NVP-ADW742,202,200,0.2427007352406554,0.3509563503236113
bandrp_gate,2020,no_gdsc_response,9826308,GW843682X,195,193,0.40041084018680045,0.5444583023589186
bandrp_gate,2020,no_gdsc_response,9868037,OSI-930,152,150,0.40736681059978785,0.5782736569020865
bandrp_gate,2020,no_gdsc_response,9884685,PI-103,208,206,0.19861108932518362,0.3091758329552608
bandrp_gate,2020,no_gdsc_response,9903786,TPCA-1,216,213,0.23831299527534944,0.2776644595144694
bandrp_gate,2020,no_gdsc_response,9907093,TGX221,210,207,-0.011692019028180858,0.08693813458467445
bandrp_gate,2020,no_gdsc_response,9908783,IC-87114,208,205,0.03766237783012829,0.19729539701506615
bandrp_gate,2020,no_gdsc_response,9911830,Tivozanib,193,191,0.15503139037492772,0.23739460916331584
bandrp_gate,2020,no_gdsc_response,9927531,BIBR-1532,207,205,0.1570287909044808,0.2709046017662182
bandrp_gate,2020,no_gdsc_response,9933475,Cediranib,94,94,-0.004255319148936169,0.07052659837309788
bandrp_gate,2020,no_gdsc_response,9956119,CHIR-99021,205,203,0.2963975871697647,0.5356240953510962
bandrp_gate,2020,no_gdsc_response,9967941,SB52334,203,200,0.1294297654254184,0.15560161402284667
bandrp_gate,2021,no_gdsc_response,10074640,Masitinib,201,198,0.28380037365213273,0.4034068700073741
bandrp_gate,2021,no_gdsc_response,10127622,Selumetinib,207,204,-0.10540959680434088,0.018425222950888068
bandrp_gate,2021,no_gdsc_response,10184653,Afatinib,192,190,-0.048019057065246167,-0.10405356396911664
bandrp_gate,2021,no_gdsc_response,10302451,Saracatinib,214,212,-0.0404033663247602,0.05705377312894878
bandrp_gate,2021,no_gdsc_response,10385095,Telomerase Inhibitor IX,213,211,0.46429354207202334,0.4789106779036595
bandrp_gate,2021,no_gdsc_response,104741,Fulvestrant,44,44,-0.3835600031136046,-0.37851762448498794
bandrp_gate,2021,no_gdsc_response,104842,SN-38,183,181,0.4971886158279934,0.553299077300643
bandrp_gate,2021,no_gdsc_response,11152667,AZD7762,219,217,0.47625388523199763,0.5385699467631974
bandrp_gate,2021,no_gdsc_response,11175137,AT7867,194,191,0.39999227522262754,0.3820659770414254
bandrp_gate,2021,no_gdsc_response,11178236,Sepantronium bromide,194,193,0.1540656334374253,0.2376766073017501
bandrp_gate,2021,no_gdsc_response,11228183,ABT737,177,175,0.3235043011906081,0.5236303695007876
bandrp_gate,2021,no_gdsc_response,11234052,"Brivanib, BMS-540215",206,203,0.33218566652288334,0.37798867358845967
bandrp_gate,2021,no_gdsc_response,11364421,BI-2536,217,215,0.5752180691304356,0.5711844560051553
bandrp_gate,2021,no_gdsc_response,11455910,TW 37,211,209,0.35661101318648086,0.45104808792971546
bandrp_gate,2021,no_gdsc_response,11485656,Linifanib,208,205,0.2781803361488807,0.30435804887048246
bandrp_gate,2021,no_gdsc_response,11609586,Serdemetan,208,206,0.41773698960057454,0.5449258430146482
bandrp_gate,2021,no_gdsc_response,11625818,Idelalisib,204,201,0.07071577672986612,0.24617684225330846
bandrp_gate,2021,no_gdsc_response,11640390,Linsitinib,197,195,0.21289706707993353,0.2613550306828573
bandrp_gate,2021,no_gdsc_response,11647372,ZSTK474,213,211,-0.024702074381048728,-0.09914142097013569
bandrp_gate,2021,no_gdsc_response,11707110,Trametinib,98,97,0.0174754619904808,0.07049956968479583
bandrp_gate,2021,no_gdsc_response,11960529,Veliparib,212,210,0.05878574967273561,0.08042195438147323
bandrp_gate,2021,no_gdsc_response,11977753,Dactolisib,149,147,0.21193218199233482,0.3292868604117282
bandrp_gate,2021,no_gdsc_response,123631,Gefitinib,214,212,0.11854746677977285,-0.01799055780227435
bandrp_gate,2021,no_gdsc_response,126941,Methotrexate,175,173,0.3023952605241639,0.2532206112364874
bandrp_gate,2021,no_gdsc_response,135423438,BIBF-1120,177,176,0.19213825703695178,0.34284259534602757
bandrp_gate,2021,no_gdsc_response,148124,Docetaxel,98,97,0.5281083338407501,0.6009101136716208
bandrp_gate,2021,no_gdsc_response,156414,CI-1033,206,203,0.08329446636684254,0.07095322035292186
bandrp_gate,2021,no_gdsc_response,159324,Tipifarnib,272,208,0.36265136761676375,0.46608760673314853
bandrp_gate,2021,no_gdsc_response,15953870,KU-60019,197,194,0.3170203874218621,0.39430594276261416
bandrp_gate,2021,no_gdsc_response,16038120,NVP-TAE684,205,202,0.12947309881221927,0.24143635827304122
bandrp_gate,2021,no_gdsc_response,16659841,AZD1480,104,103,0.30671976408444124,0.4308001232546086
bandrp_gate,2021,no_gdsc_response,16722836,Fedratinib,203,201,0.37174070060108416,0.48738177179685893
bandrp_gate,2021,no_gdsc_response,17755052,Pictilisib,212,210,0.17473401826846915,0.22806691354680425
bandrp_gate,2021,no_gdsc_response,208908,Lapatinib,198,196,0.1486477503216037,0.044910228923582644
bandrp_gate,2021,no_gdsc_response,2130404,AGK2,182,180,0.00563593977880566,0.011973538718113175
bandrp_gate,2021,no_gdsc_response,216239,Sorafenib,219,216,0.2760666893439652,0.32737652474710655
bandrp_gate,2021,no_gdsc_response,227681,MIRA-1,126,126,0.34158065329354903,0.4520017257766368
bandrp_gate,2021,no_gdsc_response,23582824,GSK1059615,133,131,0.04034094821772799,0.09318495126748991
bandrp_gate,2021,no_gdsc_response,23725625,Olaparib,215,212,0.3456991222906809,0.4112367610926861
bandrp_gate,2021,no_gdsc_response,24180719,PLX-4720,216,214,0.0636131342479197,0.04038889301702012
bandrp_gate,2021,no_gdsc_response,24771867,Alisertib,204,201,0.4100293202973149,0.5630061166936178
bandrp_gate,2021,no_gdsc_response,24772860,SNX-2112,216,214,0.4195761019803666,0.49915778183737913
bandrp_gate,2021,no_gdsc_response,24785538,BMS-754807,207,204,0.09901512189382439,0.15440311565229117
bandrp_gate,2021,no_gdsc_response,24821094,Ibrutinib,141,139,0.0892356034840939,0.12385584833474399
bandrp_gate,2021,no_gdsc_response,24856436,MK-1775,194,192,0.4613136718648835,0.4964827232923625
bandrp_gate,2021,no_gdsc_response,24889392,Quizartinib,208,205,0.1489791128388888,0.31070035603414115
bandrp_gate,2021,no_gdsc_response,24978538,Navitoclax,201,199,0.3290305050274472,0.45881919367308116
bandrp_gate,2021,no_gdsc_response,25102847,Cabozantinib,179,176,0.31126782886835896,0.29850188029230057
bandrp_gate,2021,no_gdsc_response,25126798,Ruxolitinib,217,214,0.38834297598151607,0.4729827074366422
bandrp_gate,2021,no_gdsc_response,25262965,AZD8055,226,223,0.32558652080099365,0.3738465909562197
bandrp_gate,2021,no_gdsc_response,2907,Cyclophosphamide,106,105,-0.020165159527390484,0.020827425100480714
bandrp_gate,2021,no_gdsc_response,3011155,Nelarabine,198,196,0.05101377245959559,0.09311293706465086
bandrp_gate,2021,no_gdsc_response,3062316,Dasatinib,210,207,-0.07528522702354469,0.04636702254688349
bandrp_gate,2021,no_gdsc_response,3385,5-Fluorouracil,203,201,0.35006368999895343,0.4043272541806252
bandrp_gate,2021,no_gdsc_response,36314,Paclitaxel,153,152,0.5437717686123207,0.5626016100326411
bandrp_gate,2021,no_gdsc_response,387447,Bortezomib,202,200,0.40179602598678715,0.4422598575254122
bandrp_gate,2021,no_gdsc_response,4261,Entinostat,184,182,0.5600457322508394,0.63793449379551
bandrp_gate,2021,no_gdsc_response,42642645,Foretinib,214,211,0.3824205843990682,0.43332377510744485
bandrp_gate,2021,no_gdsc_response,44137675,AZD6482,218,216,0.05707987870280594,0.1308489200750036
bandrp_gate,2021,no_gdsc_response,44259,Staurosporine,66,66,0.029371855650508434,-0.010780555821015713
bandrp_gate,2021,no_gdsc_response,44462760,Dabrafenib,100,99,0.17038771447288864,0.24492393546829802
bandrp_gate,2021,no_gdsc_response,444795,Tretinoin,214,211,0.39919880470527636,0.45132051600490103
bandrp_gate,2021,no_gdsc_response,452548,Teniposide,111,110,0.5633075785695796,0.6375891727232549
bandrp_gate,2021,no_gdsc_response,46191454,PHA-793887,218,215,0.4694286738555471,0.5151661599614012
bandrp_gate,2021,no_gdsc_response,46224516,UNC0638,204,202,0.28101181588653634,0.29833361652225493
bandrp_gate,2021,no_gdsc_response,462382,MG-132,74,73,0.30489674119118865,0.3568896541409601
bandrp_gate,2021,no_gdsc_response,46843906,XMD11-50,140,138,0.46975831360989184,0.662420968562184
bandrp_gate,2021,no_gdsc_response,46926350,Dinaciclib,86,85,0.48149668143694097,0.49428673457939604
bandrp_gate,2021,no_gdsc_response,46930998,MK-2206,203,200,0.3430563350734752,0.4657916857599909
bandrp_gate,2021,no_gdsc_response,46943432,I-BET-762,213,210,0.37498624225742955,0.5307798095525754
bandrp_gate,2021,no_gdsc_response,49846579,Venotoclax,110,109,0.36682334273153416,0.5746294351266735
bandrp_gate,2021,no_gdsc_response,51039095,AZD4547,172,170,0.2948652488961952,0.2006794158806292
bandrp_gate,2021,no_gdsc_response,5113032,Selisistat,199,196,0.0012296987749563202,0.02421220611819609
bandrp_gate,2021,no_gdsc_response,5278396,KU-55933,210,207,0.23775222486567682,0.3078660987027296
bandrp_gate,2021,no_gdsc_response,5284616,Rapamycin,200,198,0.2134432976245392,0.44469438382007426
bandrp_gate,2021,no_gdsc_response,5287969,Flavopiridol,104,104,0.5099861303744799,0.49598718133358954
bandrp_gate,2021,no_gdsc_response,5291,Imatinib,210,207,0.28767972249364604,0.3653348818350682
bandrp_gate,2021,no_gdsc_response,52918385,PRIMA-1MET,97,96,0.17559826950299073,0.3933894845414663
bandrp_gate,2021,no_gdsc_response,5311,Vorinostat,212,209,0.4803422199652076,0.53844129803477
bandrp_gate,2021,no_gdsc_response,5328940,Bosutinib,178,175,0.2617031632762242,0.362021953955558
bandrp_gate,2021,no_gdsc_response,5329102,Sunitinib,213,210,0.3564506189609214,0.3758037676147641
bandrp_gate,2021,no_gdsc_response,5394,Temozolomide,203,202,0.22682326844700898,0.2558031586014809
bandrp_gate,2021,no_gdsc_response,5494449,Tozasertib,31,31,0.6189516129032258,0.7358413206468568
bandrp_gate,2021,no_gdsc_response,56649450,Alpelisib,127,125,0.04264231804078984,0.028684244046103168
bandrp_gate,2021,no_gdsc_response,5746,Mitomycin-C,189,188,0.4505983267559088,0.5445910413180463
bandrp_gate,2021,no_gdsc_response,5978,Vincristine,225,222,0.602030238127178,0.6563340311007728
bandrp_gate,2021,no_gdsc_response,637858,Piperlongumine,211,209,0.5129594109423582,0.6577417550513213
bandrp_gate,2021,no_gdsc_response,644241,Nilotinib,198,195,0.1379903651814484,0.34088316674053276
bandrp_gate,2021,no_gdsc_response,6450551,Axitinib,216,214,0.43365827781440175,0.4807120071770492
bandrp_gate,2021,no_gdsc_response,6505803,Tanespimycin,189,186,0.12651770363558004,0.06729833727691158
bandrp_gate,2021,no_gdsc_response,66577038,Sphingosine Kinase 1 Inhibitor II,213,210,0.1666960042792636,0.1813660142762706
bandrp_gate,2021,no_gdsc_response,6852167,PIK-93,213,211,0.308751039232924,0.4177702660122316
bandrp_gate,2021,no_gdsc_response,6914657,Daporinad,180,178,0.3623671327674167,0.44764774290037446
bandrp_gate,2021,no_gdsc_response,6918289,Temsirolimus,116,115,0.2607375229498136,0.45421773735261317
bandrp_gate,2021,no_gdsc_response,6918638,Belinostat,108,107,0.5678083774163633,0.7113446364720314
bandrp_gate,2021,no_gdsc_response,6918837,Panobinostat,222,219,0.40675053976812664,0.45503118735006276
bandrp_gate,2021,no_gdsc_response,71729975,GSK-J4,30,30,0.5390433815350391,0.6645102006918149
bandrp_gate,2021,no_gdsc_response,82146,Bexarotene,202,199,0.23153970219701056,0.34147931198055836
bandrp_gate,2021,no_gdsc_response,9444,5-azacytidine,185,183,0.23454906291472088,0.2440591830754996
bandrp_gate,2021,no_gdsc_response,9549297,SU11274,184,181,0.3527440284132721,0.5547360053096783
bandrp_gate,2021,no_gdsc_response,9825149,NVP-ADW742,202,200,0.26306617165326907,0.37880827783434884
bandrp_gate,2021,no_gdsc_response,9826308,GW843682X,195,193,0.43589628190368485,0.5556151752267081
bandrp_gate,2021,no_gdsc_response,9868037,OSI-930,152,150,0.4057263247608371,0.5834195512592816
bandrp_gate,2021,no_gdsc_response,9884685,PI-103,208,206,0.42979494150179165,0.455900140705679
bandrp_gate,2021,no_gdsc_response,9903786,TPCA-1,216,213,0.14418286601773084,0.17222177240263098
bandrp_gate,2021,no_gdsc_response,9907093,TGX221,210,207,-0.009553298269451777,0.060663980965211285
bandrp_gate,2021,no_gdsc_response,9908783,IC-87114,208,205,0.06755639670897197,0.18813393751518143
bandrp_gate,2021,no_gdsc_response,9911830,Tivozanib,193,191,0.1669857729252515,0.24852476744432853
bandrp_gate,2021,no_gdsc_response,9927531,BIBR-1532,207,205,0.20293692459435025,0.2781734986406509
bandrp_gate,2021,no_gdsc_response,9933475,Cediranib,94,94,-0.03657840551963298,0.042971132034194184
bandrp_gate,2021,no_gdsc_response,9956119,CHIR-99021,205,203,0.3504751908907969,0.5027548233101632
bandrp_gate,2021,no_gdsc_response,9967941,SB52334,203,200,0.18237742529282122,0.14193365993094684
bandrp_gate,2022,no_gdsc_response,10074640,Masitinib,201,198,0.251468432985709,0.3894274845760032
bandrp_gate,2022,no_gdsc_response,10127622,Selumetinib,207,204,-0.04093346704977902,0.027846152683761095
bandrp_gate,2022,no_gdsc_response,10184653,Afatinib,192,190,0.0002899251026819114,-0.07229621266548893
bandrp_gate,2022,no_gdsc_response,10302451,Saracatinib,214,212,-0.052099544862911504,0.07430926794233318
bandrp_gate,2022,no_gdsc_response,10385095,Telomerase Inhibitor IX,213,211,0.34545683714335124,0.4089367779601172
bandrp_gate,2022,no_gdsc_response,104741,Fulvestrant,44,44,-0.3101078391619375,-0.2748646107953642
bandrp_gate,2022,no_gdsc_response,104842,SN-38,183,181,0.4480356536188867,0.5341625678527552
bandrp_gate,2022,no_gdsc_response,11152667,AZD7762,219,217,0.3837509475653553,0.5374388394906343
bandrp_gate,2022,no_gdsc_response,11175137,AT7867,194,191,0.3216237160637875,0.3672996925111267
bandrp_gate,2022,no_gdsc_response,11178236,Sepantronium bromide,194,193,0.16084857399958088,0.17199895966277218
bandrp_gate,2022,no_gdsc_response,11228183,ABT737,177,175,0.42313798566140953,0.4470258261786639
bandrp_gate,2022,no_gdsc_response,11234052,"Brivanib, BMS-540215",206,203,0.2290018247734298,0.30815636438104027
bandrp_gate,2022,no_gdsc_response,11364421,BI-2536,217,215,0.3083694775532123,0.5127509025402207
bandrp_gate,2022,no_gdsc_response,11455910,TW 37,211,209,0.23465158050272336,0.44156930044285714
bandrp_gate,2022,no_gdsc_response,11485656,Linifanib,208,205,0.1902896554300917,0.2950746755597452
bandrp_gate,2022,no_gdsc_response,11609586,Serdemetan,208,206,0.4481200922002275,0.5451664793617024
bandrp_gate,2022,no_gdsc_response,11625818,Idelalisib,204,201,0.010245928432606431,0.2194108557636432
bandrp_gate,2022,no_gdsc_response,11640390,Linsitinib,197,195,0.1411632293195827,0.2627827031887239
bandrp_gate,2022,no_gdsc_response,11647372,ZSTK474,213,211,0.11836182975845962,0.26733260328392733
bandrp_gate,2022,no_gdsc_response,11707110,Trametinib,98,97,-0.09006780428293405,-0.04287229554796811
bandrp_gate,2022,no_gdsc_response,11960529,Veliparib,212,210,0.10143936606404046,0.1226825140678123
bandrp_gate,2022,no_gdsc_response,11977753,Dactolisib,149,147,0.1930857846652635,0.3315126639998739
bandrp_gate,2022,no_gdsc_response,123631,Gefitinib,214,212,-0.009481960583697054,-0.0933458219224333
bandrp_gate,2022,no_gdsc_response,126941,Methotrexate,175,173,0.14791314710055767,0.25028117974489333
bandrp_gate,2022,no_gdsc_response,135423438,BIBF-1120,177,176,0.18335880940167346,0.3422903125735434
bandrp_gate,2022,no_gdsc_response,148124,Docetaxel,98,97,0.47052410447262805,0.47693658386856363
bandrp_gate,2022,no_gdsc_response,156414,CI-1033,206,203,0.04167777766804294,0.09170704408643689
bandrp_gate,2022,no_gdsc_response,159324,Tipifarnib,272,208,0.28134923355150476,0.42155495946421756
bandrp_gate,2022,no_gdsc_response,15953870,KU-60019,197,194,0.2601592773462609,0.37580036691959073
bandrp_gate,2022,no_gdsc_response,16038120,NVP-TAE684,205,202,0.09526273689890097,0.19718839142596178
bandrp_gate,2022,no_gdsc_response,16659841,AZD1480,104,103,0.3311790328740469,0.4262969856039174
bandrp_gate,2022,no_gdsc_response,16722836,Fedratinib,203,201,0.37491325686211474,0.46312319822847353
bandrp_gate,2022,no_gdsc_response,17755052,Pictilisib,212,210,0.07356933472294963,0.22485223598346338
bandrp_gate,2022,no_gdsc_response,208908,Lapatinib,198,196,0.05495265307795019,-0.0122039694289117
bandrp_gate,2022,no_gdsc_response,2130404,AGK2,182,180,0.01940975047854745,0.021357154916616595
bandrp_gate,2022,no_gdsc_response,216239,Sorafenib,219,216,0.1715768456563393,0.28325405193762687
bandrp_gate,2022,no_gdsc_response,227681,MIRA-1,126,126,0.3142566036723708,0.4329758909934612
bandrp_gate,2022,no_gdsc_response,23582824,GSK1059615,133,131,0.03300066567548729,0.07790803643739734
bandrp_gate,2022,no_gdsc_response,23725625,Olaparib,215,212,0.3376113644418008,0.4025997251567209
bandrp_gate,2022,no_gdsc_response,24180719,PLX-4720,216,214,0.085969576173217,0.07797103321355674
bandrp_gate,2022,no_gdsc_response,24771867,Alisertib,204,201,0.3027632517468765,0.46061617419040485
bandrp_gate,2022,no_gdsc_response,24772860,SNX-2112,216,214,0.4612115480163828,0.48202119440329455
bandrp_gate,2022,no_gdsc_response,24785538,BMS-754807,207,204,0.10446276485640175,0.15857071805303785
bandrp_gate,2022,no_gdsc_response,24821094,Ibrutinib,141,139,0.04946069921818604,0.07621456441261405
bandrp_gate,2022,no_gdsc_response,24856436,MK-1775,194,192,0.33384010045505264,0.47475573561254847
bandrp_gate,2022,no_gdsc_response,24889392,Quizartinib,208,205,0.1436965377329163,0.3092717556651525
bandrp_gate,2022,no_gdsc_response,24978538,Navitoclax,201,199,0.35359272001607406,0.42913447118955134
bandrp_gate,2022,no_gdsc_response,25102847,Cabozantinib,179,176,0.2132909839691241,0.28468427313672345
bandrp_gate,2022,no_gdsc_response,25126798,Ruxolitinib,217,214,0.3463969947799941,0.4751949678911128
bandrp_gate,2022,no_gdsc_response,25262965,AZD8055,226,223,0.2786300302497412,0.3593277193578487
bandrp_gate,2022,no_gdsc_response,2907,Cyclophosphamide,106,105,0.16767965985388664,0.10717040081217893
bandrp_gate,2022,no_gdsc_response,3011155,Nelarabine,198,196,0.09015600335130841,0.13898194452353568
bandrp_gate,2022,no_gdsc_response,3062316,Dasatinib,210,207,-0.02846844126862783,0.11340775215527615
bandrp_gate,2022,no_gdsc_response,3385,5-Fluorouracil,203,201,0.32885971003057957,0.34762641269624356
bandrp_gate,2022,no_gdsc_response,36314,Paclitaxel,153,152,0.49372846174336543,0.5457555704753136
bandrp_gate,2022,no_gdsc_response,387447,Bortezomib,202,200,0.3744770963373241,0.3630463905131962
bandrp_gate,2022,no_gdsc_response,4261,Entinostat,184,182,0.45619653694768986,0.5690856466332261
bandrp_gate,2022,no_gdsc_response,42642645,Foretinib,214,211,0.24874958176547288,0.3968078818316019
bandrp_gate,2022,no_gdsc_response,44137675,AZD6482,218,216,0.059509992656386304,0.1357588771521233
bandrp_gate,2022,no_gdsc_response,44259,Staurosporine,66,66,-0.038473582063885604,-0.004555232473381691
bandrp_gate,2022,no_gdsc_response,44462760,Dabrafenib,100,99,0.23770419763405032,0.2693139125062872
bandrp_gate,2022,no_gdsc_response,444795,Tretinoin,214,211,0.3216120721218525,0.4374994206054341
bandrp_gate,2022,no_gdsc_response,452548,Teniposide,111,110,0.45881431561212543,0.6380834405929855
bandrp_gate,2022,no_gdsc_response,46191454,PHA-793887,218,215,0.43841690378059406,0.4699693295665326
bandrp_gate,2022,no_gdsc_response,46224516,UNC0638,204,202,0.2545727924522442,0.2738965987644212
bandrp_gate,2022,no_gdsc_response,462382,MG-132,74,73,0.27418196359110486,0.31826744783186234
bandrp_gate,2022,no_gdsc_response,46843906,XMD11-50,140,138,0.4635261831505941,0.6209686690644844
bandrp_gate,2022,no_gdsc_response,46926350,Dinaciclib,86,85,0.40498327743871243,0.41234130816122105
bandrp_gate,2022,no_gdsc_response,46930998,MK-2206,203,200,0.2868040019997826,0.4401011867601812
bandrp_gate,2022,no_gdsc_response,46943432,I-BET-762,213,210,0.39778262316484964,0.5051409093742285
bandrp_gate,2022,no_gdsc_response,49846579,Venotoclax,110,109,0.38282471871489804,0.4796341470691659
bandrp_gate,2022,no_gdsc_response,51039095,AZD4547,172,170,0.3436055869679116,0.24546267006218017
bandrp_gate,2022,no_gdsc_response,5113032,Selisistat,199,196,-0.004146766169683531,-0.004205960688266793
bandrp_gate,2022,no_gdsc_response,5278396,KU-55933,210,207,0.2708557733954819,0.3219217631867707
bandrp_gate,2022,no_gdsc_response,5284616,Rapamycin,200,198,0.3265941963743924,0.4544218358089556
bandrp_gate,2022,no_gdsc_response,5287969,Flavopiridol,104,104,0.3395924463885629,0.3929912666260878
bandrp_gate,2022,no_gdsc_response,5291,Imatinib,210,207,-0.27658294559418795,-0.15284376660266263
bandrp_gate,2022,no_gdsc_response,52918385,PRIMA-1MET,97,96,0.3410800116514798,0.4335789537065009
bandrp_gate,2022,no_gdsc_response,5311,Vorinostat,212,209,0.4076500746703061,0.4878832084692067
bandrp_gate,2022,no_gdsc_response,5328940,Bosutinib,178,175,0.21814992015386744,0.29621144339659267
bandrp_gate,2022,no_gdsc_response,5329102,Sunitinib,213,210,0.38733175520991614,0.38196791393877855
bandrp_gate,2022,no_gdsc_response,5394,Temozolomide,203,202,0.20401621242611478,0.2335003036882991
bandrp_gate,2022,no_gdsc_response,5494449,Tozasertib,31,31,0.5532258064516129,0.7197328852189718
bandrp_gate,2022,no_gdsc_response,56649450,Alpelisib,127,125,-0.11735498697191198,0.01189909308139371
bandrp_gate,2022,no_gdsc_response,5746,Mitomycin-C,189,188,0.4123576836923317,0.5255635273760155
bandrp_gate,2022,no_gdsc_response,5978,Vincristine,225,222,0.5018088936040451,0.5818470123495597
bandrp_gate,2022,no_gdsc_response,637858,Piperlongumine,211,209,0.4380344132257848,0.5211296991139441
bandrp_gate,2022,no_gdsc_response,644241,Nilotinib,198,195,0.19476854478331607,0.33798431657983624
bandrp_gate,2022,no_gdsc_response,6450551,Axitinib,216,214,0.3784001664761746,0.459994093842852
bandrp_gate,2022,no_gdsc_response,6505803,Tanespimycin,189,186,0.05445624849750901,0.05353927141365643
bandrp_gate,2022,no_gdsc_response,66577038,Sphingosine Kinase 1 Inhibitor II,213,210,0.11408074577742501,0.14356309426084563
bandrp_gate,2022,no_gdsc_response,6852167,PIK-93,213,211,0.26946043091768757,0.4108792096520064
bandrp_gate,2022,no_gdsc_response,6914657,Daporinad,180,178,0.33031697005778915,0.38450968230804267
bandrp_gate,2022,no_gdsc_response,6918289,Temsirolimus,116,115,0.35389953004403824,0.4943725636106526
bandrp_gate,2022,no_gdsc_response,6918638,Belinostat,108,107,0.47456932790756395,0.6299711748489111
bandrp_gate,2022,no_gdsc_response,6918837,Panobinostat,222,219,0.49390625946872413,0.49563414210824214
bandrp_gate,2022,no_gdsc_response,71729975,GSK-J4,30,30,0.5399332591768633,0.6524054426527877
bandrp_gate,2022,no_gdsc_response,82146,Bexarotene,202,199,0.1572216373624369,0.3239689359082265
bandrp_gate,2022,no_gdsc_response,9444,5-azacytidine,185,183,0.2504363587312728,0.24477054892451716
bandrp_gate,2022,no_gdsc_response,9549297,SU11274,184,181,0.25707373049443916,0.4771890686900626
bandrp_gate,2022,no_gdsc_response,9825149,NVP-ADW742,202,200,0.25457377884552135,0.33773438220160884
bandrp_gate,2022,no_gdsc_response,9826308,GW843682X,195,193,0.2383782548624687,0.4818977611852569
bandrp_gate,2022,no_gdsc_response,9868037,OSI-930,152,150,0.3552594737992526,0.5434305637604838
bandrp_gate,2022,no_gdsc_response,9884685,PI-103,208,206,0.25438446793130903,0.40066496256822787
bandrp_gate,2022,no_gdsc_response,9903786,TPCA-1,216,213,0.2501755659298093,0.2128257045605762
bandrp_gate,2022,no_gdsc_response,9907093,TGX221,210,207,0.0014117759870556407,0.09517024280651945
bandrp_gate,2022,no_gdsc_response,9908783,IC-87114,208,205,0.035695338888097054,0.19164061925911108
bandrp_gate,2022,no_gdsc_response,9911830,Tivozanib,193,191,0.13985623519897752,0.227640254199202
bandrp_gate,2022,no_gdsc_response,9927531,BIBR-1532,207,205,0.1135668540762212,0.22330076542606633
bandrp_gate,2022,no_gdsc_response,9933475,Cediranib,94,94,-0.123881082252646,-0.016215723183775472
bandrp_gate,2022,no_gdsc_response,9956119,CHIR-99021,205,203,0.3087163320615281,0.5036109633612016
bandrp_gate,2022,no_gdsc_response,9967941,SB52334,203,200,0.14184650045417727,0.09867129911177848
bandrp_gate,2023,no_gdsc_response,10074640,Masitinib,201,198,0.302907827960687,0.382470407109835
bandrp_gate,2023,no_gdsc_response,10127622,Selumetinib,207,204,-0.21040113241818822,-0.08565639363307852
bandrp_gate,2023,no_gdsc_response,10184653,Afatinib,192,190,-0.18630315823389748,-0.10471566222625849
bandrp_gate,2023,no_gdsc_response,10302451,Saracatinib,214,212,-0.1438805844046782,0.040153841112334145
bandrp_gate,2023,no_gdsc_response,10385095,Telomerase Inhibitor IX,213,211,0.30252899141486167,0.4185729757615065
bandrp_gate,2023,no_gdsc_response,104741,Fulvestrant,44,44,-0.2768744393336616,-0.2924749262361182
bandrp_gate,2023,no_gdsc_response,104842,SN-38,183,181,0.386303668653374,0.5507979940708675
bandrp_gate,2023,no_gdsc_response,11152667,AZD7762,219,217,0.4249771070510976,0.556734494447882
bandrp_gate,2023,no_gdsc_response,11175137,AT7867,194,191,0.4453268587646944,0.3964121315096906
bandrp_gate,2023,no_gdsc_response,11178236,Sepantronium bromide,194,193,0.23030245754459205,0.290165525905298
bandrp_gate,2023,no_gdsc_response,11228183,ABT737,177,175,0.3559132769751539,0.5426415581729436
bandrp_gate,2023,no_gdsc_response,11234052,"Brivanib, BMS-540215",206,203,0.29358169767486325,0.3439663251194559
bandrp_gate,2023,no_gdsc_response,11364421,BI-2536,217,215,0.4816628156534977,0.5374773524401432
bandrp_gate,2023,no_gdsc_response,11455910,TW 37,211,209,0.30882990754577977,0.44672108426668716
bandrp_gate,2023,no_gdsc_response,11485656,Linifanib,208,205,0.17373452483952195,0.2978985016838358
bandrp_gate,2023,no_gdsc_response,11609586,Serdemetan,208,206,0.43773590944287594,0.577130581076146
bandrp_gate,2023,no_gdsc_response,11625818,Idelalisib,204,201,0.08769219950362665,0.27483494047204793
bandrp_gate,2023,no_gdsc_response,11640390,Linsitinib,197,195,0.17237650164642523,0.2755934686775862
bandrp_gate,2023,no_gdsc_response,11647372,ZSTK474,213,211,0.1443715295327943,0.28084150300104616
bandrp_gate,2023,no_gdsc_response,11707110,Trametinib,98,97,-0.32304421145409395,-0.031099723580447186
bandrp_gate,2023,no_gdsc_response,11960529,Veliparib,212,210,0.02533528752077639,0.06033951577134885
bandrp_gate,2023,no_gdsc_response,11977753,Dactolisib,149,147,0.1908039013315334,0.34831428278001125
bandrp_gate,2023,no_gdsc_response,123631,Gefitinib,214,212,-0.0673129200266937,-0.06561836005745729
bandrp_gate,2023,no_gdsc_response,126941,Methotrexate,175,173,0.08059775707595847,0.21140530821226491
bandrp_gate,2023,no_gdsc_response,135423438,BIBF-1120,177,176,0.14050853558277676,0.2111944581694042
bandrp_gate,2023,no_gdsc_response,148124,Docetaxel,98,97,0.4640720185425417,0.5366835781724884
bandrp_gate,2023,no_gdsc_response,156414,CI-1033,206,203,-0.015515911794896422,0.09411921970350996
bandrp_gate,2023,no_gdsc_response,159324,Tipifarnib,272,208,0.2913588274930307,0.44607674654370444
bandrp_gate,2023,no_gdsc_response,15953870,KU-60019,197,194,0.2856075514492732,0.42426048294394725
bandrp_gate,2023,no_gdsc_response,16038120,NVP-TAE684,205,202,0.10801779332912967,0.24472458246062093
bandrp_gate,2023,no_gdsc_response,16659841,AZD1480,104,103,0.37565916006439176,0.4462700835321679
bandrp_gate,2023,no_gdsc_response,16722836,Fedratinib,203,201,0.4191900318677771,0.5132946025566745
bandrp_gate,2023,no_gdsc_response,17755052,Pictilisib,212,210,0.18908679867886632,0.258595440897056
bandrp_gate,2023,no_gdsc_response,208908,Lapatinib,198,196,-0.021868352379545465,-0.0008476158047984313
bandrp_gate,2023,no_gdsc_response,2130404,AGK2,182,180,-0.04488561867761318,0.008021985422277963
bandrp_gate,2023,no_gdsc_response,216239,Sorafenib,219,216,0.3058868163016076,0.33131820346479374
bandrp_gate,2023,no_gdsc_response,227681,MIRA-1,126,126,0.37956642814611696,0.4986262919834585
bandrp_gate,2023,no_gdsc_response,23582824,GSK1059615,133,131,0.0860557586024126,0.09314535569837196
bandrp_gate,2023,no_gdsc_response,23725625,Olaparib,215,212,0.3905899215662581,0.41975883791177526
bandrp_gate,2023,no_gdsc_response,24180719,PLX-4720,216,214,0.09793527131288178,0.07558305156361647
bandrp_gate,2023,no_gdsc_response,24771867,Alisertib,204,201,0.361145134171234,0.5570225976542219
bandrp_gate,2023,no_gdsc_response,24772860,SNX-2112,216,214,0.37934160266997236,0.4985194050263877
bandrp_gate,2023,no_gdsc_response,24785538,BMS-754807,207,204,0.08450476034567034,0.14375287200903425
bandrp_gate,2023,no_gdsc_response,24821094,Ibrutinib,141,139,-0.02889259672709591,0.09810320162495381
bandrp_gate,2023,no_gdsc_response,24856436,MK-1775,194,192,0.2311252531097107,0.4604668876512938
bandrp_gate,2023,no_gdsc_response,24889392,Quizartinib,208,205,0.1543135064974775,0.3309127363762905
bandrp_gate,2023,no_gdsc_response,24978538,Navitoclax,201,199,0.37804605599850927,0.47660160097997223
bandrp_gate,2023,no_gdsc_response,25102847,Cabozantinib,179,176,0.2783215298083634,0.32082420304921005
bandrp_gate,2023,no_gdsc_response,25126798,Ruxolitinib,217,214,0.34188352968808733,0.4974774692101025
bandrp_gate,2023,no_gdsc_response,25262965,AZD8055,226,223,0.30071313714598863,0.36534708157409146
bandrp_gate,2023,no_gdsc_response,2907,Cyclophosphamide,106,105,0.015597504344867027,0.05827918353037752
bandrp_gate,2023,no_gdsc_response,3011155,Nelarabine,198,196,0.04131894621280717,0.1271641418503739
bandrp_gate,2023,no_gdsc_response,3062316,Dasatinib,210,207,-0.035301126330506506,0.08397139806749386
bandrp_gate,2023,no_gdsc_response,3385,5-Fluorouracil,203,201,0.15563115914129286,0.3416720941007987
bandrp_gate,2023,no_gdsc_response,36314,Paclitaxel,153,152,0.4238795918264778,0.5098765002630179
bandrp_gate,2023,no_gdsc_response,387447,Bortezomib,202,200,0.35662894250164057,0.4116332261099706
bandrp_gate,2023,no_gdsc_response,4261,Entinostat,184,182,0.450983753878252,0.6016544358150762
bandrp_gate,2023,no_gdsc_response,42642645,Foretinib,214,211,0.2953285984939594,0.4036837905099555
bandrp_gate,2023,no_gdsc_response,44137675,AZD6482,218,216,0.1103640074409394,0.17162414372192483
bandrp_gate,2023,no_gdsc_response,44259,Staurosporine,66,66,0.23821055069506164,0.053506548299465634
bandrp_gate,2023,no_gdsc_response,44462760,Dabrafenib,100,99,0.23448434800221177,0.28330781645321035
bandrp_gate,2023,no_gdsc_response,444795,Tretinoin,214,211,0.34532454562673,0.4722270618808335
bandrp_gate,2023,no_gdsc_response,452548,Teniposide,111,110,0.49008419657860913,0.6348787215924634
bandrp_gate,2023,no_gdsc_response,46191454,PHA-793887,218,215,0.32310630828068965,0.4794212003092513
bandrp_gate,2023,no_gdsc_response,46224516,UNC0638,204,202,0.3029566859951085,0.29174798606456265
bandrp_gate,2023,no_gdsc_response,462382,MG-132,74,73,0.2797799317361539,0.34526148119363187
bandrp_gate,2023,no_gdsc_response,46843906,XMD11-50,140,138,0.4555692346727649,0.6124920328801943
bandrp_gate,2023,no_gdsc_response,46926350,Dinaciclib,86,85,0.32273372675356365,0.4141589471503343
bandrp_gate,2023,no_gdsc_response,46930998,MK-2206,203,200,0.26370487787836616,0.4700982001488372
bandrp_gate,2023,no_gdsc_response,46943432,I-BET-762,213,210,0.3490002969522536,0.5399640493581424
bandrp_gate,2023,no_gdsc_response,49846579,Venotoclax,110,109,0.38871607140874415,0.6105549150579328
bandrp_gate,2023,no_gdsc_response,51039095,AZD4547,172,170,0.3520768355455284,0.21012654742959433
bandrp_gate,2023,no_gdsc_response,5113032,Selisistat,199,196,0.12108680493548588,0.08626283060952286
bandrp_gate,2023,no_gdsc_response,5278396,KU-55933,210,207,0.22372663048835117,0.3205344572396635
bandrp_gate,2023,no_gdsc_response,5284616,Rapamycin,200,198,0.2331563139695591,0.4873264027621949
bandrp_gate,2023,no_gdsc_response,5287969,Flavopiridol,104,104,0.387858743198549,0.4618730434147581
bandrp_gate,2023,no_gdsc_response,5291,Imatinib,210,207,0.29958962276926104,0.3675098525944644
bandrp_gate,2023,no_gdsc_response,52918385,PRIMA-1MET,97,96,0.2294073298653107,0.46114599348468943
bandrp_gate,2023,no_gdsc_response,5311,Vorinostat,212,209,0.45205479020753675,0.519752020324532
bandrp_gate,2023,no_gdsc_response,5328940,Bosutinib,178,175,0.11794101140794493,0.3511526622775468
bandrp_gate,2023,no_gdsc_response,5329102,Sunitinib,213,210,0.468818813303009,0.4261181111595623
bandrp_gate,2023,no_gdsc_response,5394,Temozolomide,203,202,0.19328752658290058,0.26445364239885893
bandrp_gate,2023,no_gdsc_response,5494449,Tozasertib,31,31,0.6399193548387097,0.7565181881603333
bandrp_gate,2023,no_gdsc_response,56649450,Alpelisib,127,125,-0.15418257661323986,0.0013734390819329341
bandrp_gate,2023,no_gdsc_response,5746,Mitomycin-C,189,188,0.4210599286603131,0.5528522667161384
bandrp_gate,2023,no_gdsc_response,5978,Vincristine,225,222,0.535111183218767,0.6209143658637793
bandrp_gate,2023,no_gdsc_response,637858,Piperlongumine,211,209,0.4526088403373647,0.6553880914677106
bandrp_gate,2023,no_gdsc_response,644241,Nilotinib,198,195,0.14129126614564086,0.3637512910068546
bandrp_gate,2023,no_gdsc_response,6450551,Axitinib,216,214,0.5200613967110255,0.5068569570421256
bandrp_gate,2023,no_gdsc_response,6505803,Tanespimycin,189,186,0.0032670357338711905,0.03907187660577014
bandrp_gate,2023,no_gdsc_response,66577038,Sphingosine Kinase 1 Inhibitor II,213,210,0.10296784784930962,0.15779068003356597
bandrp_gate,2023,no_gdsc_response,6852167,PIK-93,213,211,0.26642795097123345,0.44014435564413135
bandrp_gate,2023,no_gdsc_response,6914657,Daporinad,180,178,0.3287416808537997,0.43305706611622347
bandrp_gate,2023,no_gdsc_response,6918289,Temsirolimus,116,115,0.24496064430350276,0.4483887904931936
bandrp_gate,2023,no_gdsc_response,6918638,Belinostat,108,107,0.5696470549023342,0.5597314033427182
bandrp_gate,2023,no_gdsc_response,6918837,Panobinostat,222,219,0.4747658241611899,0.5305169137020618
bandrp_gate,2023,no_gdsc_response,71729975,GSK-J4,30,30,0.5083426028921024,0.647172109730748
bandrp_gate,2023,no_gdsc_response,82146,Bexarotene,202,199,0.16835665244502068,0.3612127721211158
bandrp_gate,2023,no_gdsc_response,9444,5-azacytidine,185,183,0.18580230556488211,0.2590489606704803
bandrp_gate,2023,no_gdsc_response,9549297,SU11274,184,181,0.299049102763071,0.5642848483001149
bandrp_gate,2023,no_gdsc_response,9825149,NVP-ADW742,202,200,0.22370823323875766,0.36548602382256373
bandrp_gate,2023,no_gdsc_response,9826308,GW843682X,195,193,0.34959555268294307,0.5489042815504075
bandrp_gate,2023,no_gdsc_response,9868037,OSI-930,152,150,0.3528855923524665,0.5782728943842622
bandrp_gate,2023,no_gdsc_response,9884685,PI-103,208,206,0.4094907346876065,0.4320142698496758
bandrp_gate,2023,no_gdsc_response,9903786,TPCA-1,216,213,0.31616989721276645,0.4891878202440301
bandrp_gate,2023,no_gdsc_response,9907093,TGX221,210,207,0.08790459789800877,0.14037682000988286
bandrp_gate,2023,no_gdsc_response,9908783,IC-87114,208,205,0.10068625177021413,0.23194454804569867
bandrp_gate,2023,no_gdsc_response,9911830,Tivozanib,193,191,0.21871687568665746,0.27830652858158816
bandrp_gate,2023,no_gdsc_response,9927531,BIBR-1532,207,205,0.1998304710577041,0.2894415231883042
bandrp_gate,2023,no_gdsc_response,9933475,Cediranib,94,94,0.0059025394646533965,0.06302527576843656
bandrp_gate,2023,no_gdsc_response,9956119,CHIR-99021,205,203,0.36736938996059615,0.5746106166752485
bandrp_gate,2023,no_gdsc_response,9967941,SB52334,203,200,0.08397792854819237,0.1219941675599669
bandrp_gate,2024,no_gdsc_response,10074640,Masitinib,201,198,0.16587206207198982,0.3931834351096935
bandrp_gate,2024,no_gdsc_response,10127622,Selumetinib,207,204,-0.03137082467305325,-0.004258203817830935
bandrp_gate,2024,no_gdsc_response,10184653,Afatinib,192,190,0.10581248966827725,-0.02439443264157632
bandrp_gate,2024,no_gdsc_response,10302451,Saracatinib,214,212,-0.009386207766352472,0.07011402703894809
bandrp_gate,2024,no_gdsc_response,10385095,Telomerase Inhibitor IX,213,211,0.392269038839289,0.43184557344665125
bandrp_gate,2024,no_gdsc_response,104741,Fulvestrant,44,44,-0.4703478625377646,-0.4563752838107359
bandrp_gate,2024,no_gdsc_response,104842,SN-38,183,181,0.42286194307150893,0.5064020359073897
bandrp_gate,2024,no_gdsc_response,11152667,AZD7762,219,217,0.4573260007347055,0.5454389268231901
bandrp_gate,2024,no_gdsc_response,11175137,AT7867,194,191,0.2860912501691969,0.3207862742350316
bandrp_gate,2024,no_gdsc_response,11178236,Sepantronium bromide,194,193,0.10426222475880487,0.1694200654051599
bandrp_gate,2024,no_gdsc_response,11228183,ABT737,177,175,0.29391114465914725,0.45353064063354437
bandrp_gate,2024,no_gdsc_response,11234052,"Brivanib, BMS-540215",206,203,0.27415480379008644,0.3309665628766065
bandrp_gate,2024,no_gdsc_response,11364421,BI-2536,217,215,0.5521249078840539,0.5667261555764816
bandrp_gate,2024,no_gdsc_response,11455910,TW 37,211,209,0.34945582375546513,0.41938244562405697
bandrp_gate,2024,no_gdsc_response,11485656,Linifanib,208,205,0.30802866415645674,0.2964041600569751
bandrp_gate,2024,no_gdsc_response,11609586,Serdemetan,208,206,0.3513366284811697,0.44856509921896753
bandrp_gate,2024,no_gdsc_response,11625818,Idelalisib,204,201,0.08426511065974802,0.20843099254898528
bandrp_gate,2024,no_gdsc_response,11640390,Linsitinib,197,195,0.18385240817983395,0.2249348886105023
bandrp_gate,2024,no_gdsc_response,11647372,ZSTK474,213,211,0.1005778760478725,0.17263619668538283
bandrp_gate,2024,no_gdsc_response,11707110,Trametinib,98,97,-0.18403108732405263,-0.11481423804646153
bandrp_gate,2024,no_gdsc_response,11960529,Veliparib,212,210,-0.012181949893377838,0.017272524004102934
bandrp_gate,2024,no_gdsc_response,11977753,Dactolisib,149,147,0.22541306985901374,0.24090915142359848
bandrp_gate,2024,no_gdsc_response,123631,Gefitinib,214,212,0.10532402875519166,0.011220834236510279
bandrp_gate,2024,no_gdsc_response,126941,Methotrexate,175,173,0.18212058857009555,0.195842370046907
bandrp_gate,2024,no_gdsc_response,135423438,BIBF-1120,177,176,0.19329425962191607,0.2958052231311692
bandrp_gate,2024,no_gdsc_response,148124,Docetaxel,98,97,0.5008463581124407,0.5085050962776911
bandrp_gate,2024,no_gdsc_response,156414,CI-1033,206,203,0.2270107280657418,0.14746190303813908
bandrp_gate,2024,no_gdsc_response,159324,Tipifarnib,272,208,0.3417907073246705,0.4157118556818763
bandrp_gate,2024,no_gdsc_response,15953870,KU-60019,197,194,0.2754442519478234,0.35190754607778996
bandrp_gate,2024,no_gdsc_response,16038120,NVP-TAE684,205,202,0.13591685302955828,0.19157999382968832
bandrp_gate,2024,no_gdsc_response,16659841,AZD1480,104,103,0.28263925387369326,0.37911689036363455
bandrp_gate,2024,no_gdsc_response,16722836,Fedratinib,203,201,0.35364434017150076,0.42653468298923236
bandrp_gate,2024,no_gdsc_response,17755052,Pictilisib,212,210,0.20041688051213524,0.2431930689674917
bandrp_gate,2024,no_gdsc_response,208908,Lapatinib,198,196,0.19292708642530745,0.08329492997483924
bandrp_gate,2024,no_gdsc_response,2130404,AGK2,182,180,0.02750399486294197,-0.012512574557308257
bandrp_gate,2024,no_gdsc_response,216239,Sorafenib,219,216,0.23515899152165523,0.317568479925877
bandrp_gate,2024,no_gdsc_response,227681,MIRA-1,126,126,0.25713378285517907,0.42188844528478364
bandrp_gate,2024,no_gdsc_response,23582824,GSK1059615,133,131,0.0725892221802337,0.0964040990643925
bandrp_gate,2024,no_gdsc_response,23725625,Olaparib,215,212,0.34817326618921113,0.39025888301284856
bandrp_gate,2024,no_gdsc_response,24180719,PLX-4720,216,214,0.13411644466406256,0.045272881521108074
bandrp_gate,2024,no_gdsc_response,24771867,Alisertib,204,201,0.4797952634113902,0.5400065217738987
bandrp_gate,2024,no_gdsc_response,24772860,SNX-2112,216,214,0.483442125509487,0.5099824298249308
bandrp_gate,2024,no_gdsc_response,24785538,BMS-754807,207,204,0.03098351162926701,0.10272067282273789
bandrp_gate,2024,no_gdsc_response,24821094,Ibrutinib,141,139,0.20087161452080463,0.12556951525803148
bandrp_gate,2024,no_gdsc_response,24856436,MK-1775,194,192,0.4853147106005268,0.46115418061508184
bandrp_gate,2024,no_gdsc_response,24889392,Quizartinib,208,205,0.11855276413385056,0.2543177930728448
bandrp_gate,2024,no_gdsc_response,24978538,Navitoclax,201,199,0.2595597736890698,0.3762368284615486
bandrp_gate,2024,no_gdsc_response,25102847,Cabozantinib,179,176,0.2278977484640961,0.2837928263694766
bandrp_gate,2024,no_gdsc_response,25126798,Ruxolitinib,217,214,0.360179329636493,0.45783549282557706
bandrp_gate,2024,no_gdsc_response,25262965,AZD8055,226,223,0.31173701745517834,0.2766313251170779
bandrp_gate,2024,no_gdsc_response,2907,Cyclophosphamide,106,105,0.0022163508669744494,0.030352783735191412
bandrp_gate,2024,no_gdsc_response,3011155,Nelarabine,198,196,0.05736665600190183,0.07829790755391444
bandrp_gate,2024,no_gdsc_response,3062316,Dasatinib,210,207,0.04746856663603292,0.09278976953566782
bandrp_gate,2024,no_gdsc_response,3385,5-Fluorouracil,203,201,0.3748707824868229,0.4005920583032512
bandrp_gate,2024,no_gdsc_response,36314,Paclitaxel,153,152,0.5354655614061247,0.5553671061643284
bandrp_gate,2024,no_gdsc_response,387447,Bortezomib,202,200,0.33883756964316486,0.4198807121486748
bandrp_gate,2024,no_gdsc_response,4261,Entinostat,184,182,0.48224311487890514,0.5902579966063551
bandrp_gate,2024,no_gdsc_response,42642645,Foretinib,214,211,0.28726788169260226,0.3807517051981013
bandrp_gate,2024,no_gdsc_response,44137675,AZD6482,218,216,0.06699145406066447,0.1572967322275218
bandrp_gate,2024,no_gdsc_response,44259,Staurosporine,66,66,0.12118238951755611,0.020538460302589934
bandrp_gate,2024,no_gdsc_response,44462760,Dabrafenib,100,99,0.06379627442187552,0.1432214237778172
bandrp_gate,2024,no_gdsc_response,444795,Tretinoin,214,211,0.4020402300833691,0.46883611541790937
bandrp_gate,2024,no_gdsc_response,452548,Teniposide,111,110,0.5059758071946613,0.4393624502298128
bandrp_gate,2024,no_gdsc_response,46191454,PHA-793887,218,215,0.4522892949249224,0.5021601214226006
bandrp_gate,2024,no_gdsc_response,46224516,UNC0638,204,202,0.11434644374778105,0.20226126669984087
bandrp_gate,2024,no_gdsc_response,462382,MG-132,74,73,0.1875763611777538,0.23834617022819524
bandrp_gate,2024,no_gdsc_response,46843906,XMD11-50,140,138,0.47560391597005947,0.5561861579650514
bandrp_gate,2024,no_gdsc_response,46926350,Dinaciclib,86,85,0.4662694762515968,0.4640532016736123
bandrp_gate,2024,no_gdsc_response,46930998,MK-2206,203,200,0.28244165304485885,0.4636426897170131
bandrp_gate,2024,no_gdsc_response,46943432,I-BET-762,213,210,0.4130435647728086,0.5274568189965441
bandrp_gate,2024,no_gdsc_response,49846579,Venotoclax,110,109,0.39647417428950305,0.5416424289571151
bandrp_gate,2024,no_gdsc_response,51039095,AZD4547,172,170,0.23629052703587583,0.2061819740594623
bandrp_gate,2024,no_gdsc_response,5113032,Selisistat,199,196,0.06123221869882749,0.044175866317699854
bandrp_gate,2024,no_gdsc_response,5278396,KU-55933,210,207,0.2779306805990227,0.3368043366909739
bandrp_gate,2024,no_gdsc_response,5284616,Rapamycin,200,198,0.23121373845178708,0.3823046996633658
bandrp_gate,2024,no_gdsc_response,5287969,Flavopiridol,104,104,0.5730075749493225,0.5118642976664626
bandrp_gate,2024,no_gdsc_response,5291,Imatinib,210,207,0.20915249296581145,0.3619439723804043
bandrp_gate,2024,no_gdsc_response,52918385,PRIMA-1MET,97,96,0.14885274171640053,0.37571685231014573
bandrp_gate,2024,no_gdsc_response,5311,Vorinostat,212,209,0.42801803166233876,0.4823723351240106
bandrp_gate,2024,no_gdsc_response,5328940,Bosutinib,178,175,0.26966973516608755,0.3784727378386631
bandrp_gate,2024,no_gdsc_response,5329102,Sunitinib,213,210,0.2956606775584347,0.3037052033082328
bandrp_gate,2024,no_gdsc_response,5394,Temozolomide,203,202,0.14464117117691977,0.22380366052003386
bandrp_gate,2024,no_gdsc_response,5494449,Tozasertib,31,31,0.5221774193548387,0.6822652142129499
bandrp_gate,2024,no_gdsc_response,56649450,Alpelisib,127,125,0.06064600607257485,0.05209912902479677
bandrp_gate,2024,no_gdsc_response,5746,Mitomycin-C,189,188,0.5452552237221355,0.5810289199244084
bandrp_gate,2024,no_gdsc_response,5978,Vincristine,225,222,0.5754931263097367,0.6057146844667411
bandrp_gate,2024,no_gdsc_response,637858,Piperlongumine,211,209,0.415358398179974,0.5883001764950272
bandrp_gate,2024,no_gdsc_response,644241,Nilotinib,198,195,0.08757567240129911,0.31108447319401156
bandrp_gate,2024,no_gdsc_response,6450551,Axitinib,216,214,0.40722887836690225,0.4765519631990972
bandrp_gate,2024,no_gdsc_response,6505803,Tanespimycin,189,186,0.11628643810747918,0.10967338371244459
bandrp_gate,2024,no_gdsc_response,66577038,Sphingosine Kinase 1 Inhibitor II,213,210,0.05730427388477766,0.09759805831436189
bandrp_gate,2024,no_gdsc_response,6852167,PIK-93,213,211,0.28237641123016466,0.40277494116604506
bandrp_gate,2024,no_gdsc_response,6914657,Daporinad,180,178,0.2796432735391606,0.3624293004824644
bandrp_gate,2024,no_gdsc_response,6918289,Temsirolimus,116,115,0.2285763712063836,0.3840755974851835
bandrp_gate,2024,no_gdsc_response,6918638,Belinostat,108,107,0.5514127092642591,0.6586168377848032
bandrp_gate,2024,no_gdsc_response,6918837,Panobinostat,222,219,0.510388026780988,0.5192113068285401
bandrp_gate,2024,no_gdsc_response,71729975,GSK-J4,30,30,0.5056729699666297,0.5643531377185516
bandrp_gate,2024,no_gdsc_response,82146,Bexarotene,202,199,0.1926162655847025,0.3559140275835161
bandrp_gate,2024,no_gdsc_response,9444,5-azacytidine,185,183,0.1935811751652286,0.2047798018846732
bandrp_gate,2024,no_gdsc_response,9549297,SU11274,184,181,0.2324336116492226,0.450371519778716
bandrp_gate,2024,no_gdsc_response,9825149,NVP-ADW742,202,200,0.12261192400090604,0.2954935481787347
bandrp_gate,2024,no_gdsc_response,9826308,GW843682X,195,193,0.37930302275233824,0.5237572340407025
bandrp_gate,2024,no_gdsc_response,9868037,OSI-930,152,150,0.40534012705291744,0.48730806694333095
bandrp_gate,2024,no_gdsc_response,9884685,PI-103,208,206,0.2581451978450942,0.2701903363320838
bandrp_gate,2024,no_gdsc_response,9903786,TPCA-1,216,213,0.4097665561177251,0.4883420246778163
bandrp_gate,2024,no_gdsc_response,9907093,TGX221,210,207,-0.02368919936425672,0.06650678581605088
bandrp_gate,2024,no_gdsc_response,9908783,IC-87114,208,205,0.08608836318162429,0.16434871576805257
bandrp_gate,2024,no_gdsc_response,9911830,Tivozanib,193,191,0.10050344785047388,0.19073980671153126
bandrp_gate,2024,no_gdsc_response,9927531,BIBR-1532,207,205,0.15898858966224733,0.2655267752792085
bandrp_gate,2024,no_gdsc_response,9933475,Cediranib,94,94,-0.04615829209262001,0.056785846743639484
bandrp_gate,2024,no_gdsc_response,9956119,CHIR-99021,205,203,0.2907239124945335,0.48304698885650943
bandrp_gate,2024,no_gdsc_response,9967941,SB52334,203,200,0.03490227524168165,0.10895527214753867
bcgdrp,2020,no_gdsc_response,10074640,Masitinib,201,198,0.2984848882278561,0.43262799350059106
bcgdrp,2020,no_gdsc_response,10127622,Selumetinib,207,204,0.3661810144072349,0.3987053913243431
bcgdrp,2020,no_gdsc_response,10184653,Afatinib,192,190,0.40941832716621407,0.3092601726880763
bcgdrp,2020,no_gdsc_response,10302451,Saracatinib,214,212,0.18781048076538062,0.18928859901195433
bcgdrp,2020,no_gdsc_response,10385095,Telomerase Inhibitor IX,213,211,0.42890094954381364,0.4211344810761554
bcgdrp,2020,no_gdsc_response,104741,Fulvestrant,44,44,-0.40486889217547156,-0.4067574595336886
bcgdrp,2020,no_gdsc_response,104842,SN-38,183,181,0.33381209595241296,0.3735280195285168
bcgdrp,2020,no_gdsc_response,11152667,AZD7762,219,217,0.4200323443237311,0.49137401495599187
bcgdrp,2020,no_gdsc_response,11175137,AT7867,194,191,0.28511003904732424,0.34124838221555215
bcgdrp,2020,no_gdsc_response,11178236,Sepantronium bromide,194,193,0.19733421428599507,0.21059187165051765
bcgdrp,2020,no_gdsc_response,11228183,ABT737,177,175,0.39344526903337534,0.6789976001858441
bcgdrp,2020,no_gdsc_response,11234052,"Brivanib, BMS-540215",206,203,0.1732102926014965,0.1640626781580295
bcgdrp,2020,no_gdsc_response,11364421,BI-2536,217,215,0.5304586277866934,0.5305786997082853
bcgdrp,2020,no_gdsc_response,11455910,TW 37,211,209,0.35122705570442125,0.41315370086306685
bcgdrp,2020,no_gdsc_response,11485656,Linifanib,208,205,0.31439892117706125,0.31856946104162853
bcgdrp,2020,no_gdsc_response,11609586,Serdemetan,208,206,0.39565909956195733,0.4886032406449994
bcgdrp,2020,no_gdsc_response,11625818,Idelalisib,204,201,0.055568453961871295,0.19305119523944356
bcgdrp,2020,no_gdsc_response,11640390,Linsitinib,197,195,0.2251769780119609,0.26821985909200485
bcgdrp,2020,no_gdsc_response,11647372,ZSTK474,213,211,0.11876790146178773,0.1158436272571366
bcgdrp,2020,no_gdsc_response,11707110,Trametinib,98,97,0.642141939518145,0.649855867242894
bcgdrp,2020,no_gdsc_response,11960529,Veliparib,212,210,0.05838401462813735,0.03736471112217493
bcgdrp,2020,no_gdsc_response,11977753,Dactolisib,149,147,0.12686400664632994,0.20347649676363477
bcgdrp,2020,no_gdsc_response,123631,Gefitinib,214,212,0.27593197144329695,0.25626710492203203
bcgdrp,2020,no_gdsc_response,126941,Methotrexate,175,173,0.24615765348920882,0.20544237140693827
bcgdrp,2020,no_gdsc_response,135423438,BIBF-1120,177,176,0.2686990286115108,0.40215279163524925
bcgdrp,2020,no_gdsc_response,148124,Docetaxel,98,97,0.5388448088469412,0.5417763188520365
bcgdrp,2020,no_gdsc_response,156414,CI-1033,206,203,0.4250522432447947,0.3566745724187838
bcgdrp,2020,no_gdsc_response,159324,Tipifarnib,272,208,0.30029974543329274,0.37041932322018073
bcgdrp,2020,no_gdsc_response,15953870,KU-60019,197,194,0.2605124421938016,0.32904206818301185
bcgdrp,2020,no_gdsc_response,16038120,NVP-TAE684,205,202,0.07388677607932889,0.16421731828342576
bcgdrp,2020,no_gdsc_response,16659841,AZD1480,104,103,0.2975175310065635,0.329791210658733
bcgdrp,2020,no_gdsc_response,16722836,Fedratinib,203,201,0.3468390184213665,0.4044154288877364
bcgdrp,2020,no_gdsc_response,17755052,Pictilisib,212,210,0.22627606683946713,0.219257835280092
bcgdrp,2020,no_gdsc_response,208908,Lapatinib,198,196,0.3961541196696543,0.2996864254874086
bcgdrp,2020,no_gdsc_response,2130404,AGK2,182,180,0.030332617743825892,0.004113068312013863
bcgdrp,2020,no_gdsc_response,216239,Sorafenib,219,216,0.2526689898214318,0.31401806379743324
bcgdrp,2020,no_gdsc_response,227681,MIRA-1,126,126,0.28982773802951917,0.3914181072158042
bcgdrp,2020,no_gdsc_response,23582824,GSK1059615,133,131,-0.04111629425415647,-0.06323162912197491
bcgdrp,2020,no_gdsc_response,23725625,Olaparib,215,212,0.32608105693225226,0.3886566023634888
bcgdrp,2020,no_gdsc_response,24180719,PLX-4720,216,214,0.25956771794978356,0.33276987059368185
bcgdrp,2020,no_gdsc_response,24771867,Alisertib,204,201,0.3873952128008774,0.5054100165248002
bcgdrp,2020,no_gdsc_response,24772860,SNX-2112,216,214,0.46568469410630975,0.4894410851745169
bcgdrp,2020,no_gdsc_response,24785538,BMS-754807,207,204,0.02923550350617004,0.06839276949794858
bcgdrp,2020,no_gdsc_response,24821094,Ibrutinib,141,139,0.4573728699288485,0.4339507721213873
bcgdrp,2020,no_gdsc_response,24856436,MK-1775,194,192,0.38365832171890835,0.4099995277768456
bcgdrp,2020,no_gdsc_response,24889392,Quizartinib,208,205,0.12795287708856207,0.29042417997738523
bcgdrp,2020,no_gdsc_response,24978538,Navitoclax,201,199,0.42394040879207684,0.6072251139108872
bcgdrp,2020,no_gdsc_response,25102847,Cabozantinib,179,176,0.1500619600078637,0.26307321361346536
bcgdrp,2020,no_gdsc_response,25126798,Ruxolitinib,217,214,0.36714624999173395,0.44949520191598824
bcgdrp,2020,no_gdsc_response,25262965,AZD8055,226,223,0.3018930790689357,0.32969971547105187
bcgdrp,2020,no_gdsc_response,2907,Cyclophosphamide,106,105,0.052896561323973336,0.06671367268716312
bcgdrp,2020,no_gdsc_response,3011155,Nelarabine,198,196,0.11161063703332597,0.1958141397086492
bcgdrp,2020,no_gdsc_response,3062316,Dasatinib,210,207,0.40669572037194035,0.4653656476552569
bcgdrp,2020,no_gdsc_response,3385,5-Fluorouracil,203,201,0.33378726414923665,0.385483266107028
bcgdrp,2020,no_gdsc_response,36314,Paclitaxel,153,152,0.5506003488003914,0.5492934020413481
bcgdrp,2020,no_gdsc_response,387447,Bortezomib,202,200,0.3172273120868347,0.3542883229369401
bcgdrp,2020,no_gdsc_response,4261,Entinostat,184,182,0.5037800382773954,0.5817537330649412
bcgdrp,2020,no_gdsc_response,42642645,Foretinib,214,211,0.17382275178038295,0.2972111620976599
bcgdrp,2020,no_gdsc_response,44137675,AZD6482,218,216,0.05984589973290599,0.15675505252057947
bcgdrp,2020,no_gdsc_response,44259,Staurosporine,66,66,-0.007536062466121922,-0.03594463450958488
bcgdrp,2020,no_gdsc_response,44462760,Dabrafenib,100,99,0.2881164702280597,0.6100584395042637
bcgdrp,2020,no_gdsc_response,444795,Tretinoin,214,211,0.31980077074790214,0.3849026765039759
bcgdrp,2020,no_gdsc_response,452548,Teniposide,111,110,0.21672831137377754,0.39296619833251306
bcgdrp,2020,no_gdsc_response,46191454,PHA-793887,218,215,0.446447983311275,0.4923880588553326
bcgdrp,2020,no_gdsc_response,46224516,UNC0638,204,202,0.15421986134826277,0.2063544621639988
bcgdrp,2020,no_gdsc_response,462382,MG-132,74,73,0.15422550334005433,0.2362373214760794
bcgdrp,2020,no_gdsc_response,46843906,XMD11-50,140,138,0.47845705570360647,0.5696632240887872
bcgdrp,2020,no_gdsc_response,46926350,Dinaciclib,86,85,0.5351221053982148,0.5171049141224381
bcgdrp,2020,no_gdsc_response,46930998,MK-2206,203,200,0.34900095215743887,0.40806908251210194
bcgdrp,2020,no_gdsc_response,46943432,I-BET-762,213,210,0.32225928527331726,0.44298035200530234
bcgdrp,2020,no_gdsc_response,49846579,Venotoclax,110,109,0.3946767341342825,0.7328530526776327
bcgdrp,2020,no_gdsc_response,51039095,AZD4547,172,170,0.21395916490295463,0.1352936777841063
bcgdrp,2020,no_gdsc_response,5113032,Selisistat,199,196,0.05245790187601886,0.06288067594175079
bcgdrp,2020,no_gdsc_response,5278396,KU-55933,210,207,0.21313753127311097,0.3000919718267305
bcgdrp,2020,no_gdsc_response,5284616,Rapamycin,200,198,0.23474787584164875,0.36798635768734955
bcgdrp,2020,no_gdsc_response,5287969,Flavopiridol,104,104,0.4024325189373733,0.39239783057574484
bcgdrp,2020,no_gdsc_response,5291,Imatinib,210,207,0.32890930867786267,0.4336218021559348
bcgdrp,2020,no_gdsc_response,52918385,PRIMA-1MET,97,96,0.20155541041650582,0.3928963337620164
bcgdrp,2020,no_gdsc_response,5311,Vorinostat,212,209,0.45373616682047047,0.48716643836922047
bcgdrp,2020,no_gdsc_response,5328940,Bosutinib,178,175,0.2924863885782149,0.4145707916456376
bcgdrp,2020,no_gdsc_response,5329102,Sunitinib,213,210,0.2803567076721306,0.2691472215761973
bcgdrp,2020,no_gdsc_response,5394,Temozolomide,203,202,0.24742908182750906,0.27150814359913006
bcgdrp,2020,no_gdsc_response,5494449,Tozasertib,31,31,0.5213709677419355,0.7246334747203708
bcgdrp,2020,no_gdsc_response,56649450,Alpelisib,127,125,0.2909502613701566,0.27298550411736605
bcgdrp,2020,no_gdsc_response,5746,Mitomycin-C,189,188,0.4327647277612577,0.4807314207149174
bcgdrp,2020,no_gdsc_response,5978,Vincristine,225,222,0.5783692355344624,0.597586874752958
bcgdrp,2020,no_gdsc_response,637858,Piperlongumine,211,209,0.441570394840725,0.5306702744599305
bcgdrp,2020,no_gdsc_response,644241,Nilotinib,198,195,0.14371545160153357,0.4434508592419786
bcgdrp,2020,no_gdsc_response,6450551,Axitinib,216,214,0.39501503064746085,0.46039416832972146
bcgdrp,2020,no_gdsc_response,6505803,Tanespimycin,189,186,0.17698258542993572,0.15443435212444692
bcgdrp,2020,no_gdsc_response,66577038,Sphingosine Kinase 1 Inhibitor II,213,210,0.10523417158188603,0.12868559270193125
bcgdrp,2020,no_gdsc_response,6852167,PIK-93,213,211,0.22850580821741895,0.254261857705952
bcgdrp,2020,no_gdsc_response,6914657,Daporinad,180,178,0.34157021634517376,0.37614607323440263
bcgdrp,2020,no_gdsc_response,6918289,Temsirolimus,116,115,0.21288406647094477,0.31781479379911376
bcgdrp,2020,no_gdsc_response,6918638,Belinostat,108,107,0.5727242198140888,0.668827175115154
bcgdrp,2020,no_gdsc_response,6918837,Panobinostat,222,219,0.49155031109667763,0.47227435240908505
bcgdrp,2020,no_gdsc_response,71729975,GSK-J4,30,30,0.5768631813125696,0.6303058069122275
bcgdrp,2020,no_gdsc_response,82146,Bexarotene,202,199,0.0846717548903257,0.2548858737068149
bcgdrp,2020,no_gdsc_response,9444,5-azacytidine,185,183,0.22970667610828505,0.213473538876652
bcgdrp,2020,no_gdsc_response,9549297,SU11274,184,181,0.31888711039623635,0.5331984546771907
bcgdrp,2020,no_gdsc_response,9825149,NVP-ADW742,202,200,0.175035306107639,0.2760095867908522
bcgdrp,2020,no_gdsc_response,9826308,GW843682X,195,193,0.4692523054164323,0.5442202701600846
bcgdrp,2020,no_gdsc_response,9868037,OSI-930,152,150,0.3553958774539443,0.43852330202588147
bcgdrp,2020,no_gdsc_response,9884685,PI-103,208,206,0.020751039416106756,0.05574527527683608
bcgdrp,2020,no_gdsc_response,9903786,TPCA-1,216,213,0.12780484987825674,0.18410689305770847
bcgdrp,2020,no_gdsc_response,9907093,TGX221,210,207,-0.02774311508293829,0.020216085592905993
bcgdrp,2020,no_gdsc_response,9908783,IC-87114,208,205,0.009334866561081269,0.04524998154954805
bcgdrp,2020,no_gdsc_response,9911830,Tivozanib,193,191,0.04457917201549209,0.16293659182352893
bcgdrp,2020,no_gdsc_response,9927531,BIBR-1532,207,205,0.18799320538169492,0.23588523707302275
bcgdrp,2020,no_gdsc_response,9933475,Cediranib,94,94,-0.08463678069573383,0.05168047416225857
bcgdrp,2020,no_gdsc_response,9956119,CHIR-99021,205,203,0.35798155586274366,0.5117652559242006
bcgdrp,2020,no_gdsc_response,9967941,SB52334,203,200,0.1109216213904976,0.11784547949611095
bcgdrp,2021,no_gdsc_response,10074640,Masitinib,201,198,0.3039880715105364,0.45626930642133523
bcgdrp,2021,no_gdsc_response,10127622,Selumetinib,207,204,0.3913539804600588,0.43012302873086294
bcgdrp,2021,no_gdsc_response,10184653,Afatinib,192,190,0.3123746678473054,0.234446345664672
bcgdrp,2021,no_gdsc_response,10302451,Saracatinib,214,212,0.18543744956699942,0.21108269306514243
bcgdrp,2021,no_gdsc_response,10385095,Telomerase Inhibitor IX,213,211,0.42304585415170426,0.4268483798402186
bcgdrp,2021,no_gdsc_response,104741,Fulvestrant,44,44,-0.5879701077898578,-0.49959661399865174
bcgdrp,2021,no_gdsc_response,104842,SN-38,183,181,0.36095176833780934,0.32007926141738274
bcgdrp,2021,no_gdsc_response,11152667,AZD7762,219,217,0.4729657551189291,0.5437509693249881
bcgdrp,2021,no_gdsc_response,11175137,AT7867,194,191,0.26312565049427755,0.3382791825615531
bcgdrp,2021,no_gdsc_response,11178236,Sepantronium bromide,194,193,0.26290437431614366,0.3027403945887735
bcgdrp,2021,no_gdsc_response,11228183,ABT737,177,175,0.40293594345672473,0.6650617967339497
bcgdrp,2021,no_gdsc_response,11234052,"Brivanib, BMS-540215",206,203,0.21010728977504198,0.22705077120024428
bcgdrp,2021,no_gdsc_response,11364421,BI-2536,217,215,0.5930229622171115,0.6008992738012702
bcgdrp,2021,no_gdsc_response,11455910,TW 37,211,209,0.3865207525452332,0.46667830550852035
bcgdrp,2021,no_gdsc_response,11485656,Linifanib,208,205,0.3347245350577508,0.3147183952977573
bcgdrp,2021,no_gdsc_response,11609586,Serdemetan,208,206,0.37960875621182466,0.4707880529304241
bcgdrp,2021,no_gdsc_response,11625818,Idelalisib,204,201,0.12058843589016638,0.2393856258505731
bcgdrp,2021,no_gdsc_response,11640390,Linsitinib,197,195,0.280160200694059,0.3071464328021056
bcgdrp,2021,no_gdsc_response,11647372,ZSTK474,213,211,0.05484327432961171,0.051720227274618016
bcgdrp,2021,no_gdsc_response,11707110,Trametinib,98,97,0.5883320529075439,0.6064745197423282
bcgdrp,2021,no_gdsc_response,11960529,Veliparib,212,210,0.030761878880302414,0.007481656626962615
bcgdrp,2021,no_gdsc_response,11977753,Dactolisib,149,147,0.19403989486680726,0.2543552968490294
bcgdrp,2021,no_gdsc_response,123631,Gefitinib,214,212,0.2478375228538925,0.22694895344577592
bcgdrp,2021,no_gdsc_response,126941,Methotrexate,175,173,0.2348581804821855,0.2425701259582971
bcgdrp,2021,no_gdsc_response,135423438,BIBF-1120,177,176,0.15833006136261107,0.30973384816650457
bcgdrp,2021,no_gdsc_response,148124,Docetaxel,98,97,0.5941465809394003,0.5576918359585352
bcgdrp,2021,no_gdsc_response,156414,CI-1033,206,203,0.38085677637243054,0.34537373074308914
bcgdrp,2021,no_gdsc_response,159324,Tipifarnib,272,208,0.30081146662357333,0.39968126371962837
bcgdrp,2021,no_gdsc_response,15953870,KU-60019,197,194,0.23670285298337826,0.31443201127345816
bcgdrp,2021,no_gdsc_response,16038120,NVP-TAE684,205,202,0.07674368313269408,0.17942361562901651
bcgdrp,2021,no_gdsc_response,16659841,AZD1480,104,103,0.35296031847229326,0.40225236999364167
bcgdrp,2021,no_gdsc_response,16722836,Fedratinib,203,201,0.37094167779020204,0.46855446087999736
bcgdrp,2021,no_gdsc_response,17755052,Pictilisib,212,210,0.23976611869764228,0.25100871524902807
bcgdrp,2021,no_gdsc_response,208908,Lapatinib,198,196,0.3233441241219923,0.22671394255855448
bcgdrp,2021,no_gdsc_response,2130404,AGK2,182,180,-0.0076975472730510435,-0.04719608526762036
bcgdrp,2021,no_gdsc_response,216239,Sorafenib,219,216,0.22452502387558537,0.2848499514247033
bcgdrp,2021,no_gdsc_response,227681,MIRA-1,126,126,0.2727869974765883,0.4059155695975088
bcgdrp,2021,no_gdsc_response,23582824,GSK1059615,133,131,0.07267083755248932,0.12130252502561496
bcgdrp,2021,no_gdsc_response,23725625,Olaparib,215,212,0.3185765160199217,0.3709414254713816
bcgdrp,2021,no_gdsc_response,24180719,PLX-4720,216,214,0.30729470467074377,0.27928127817785736
bcgdrp,2021,no_gdsc_response,24771867,Alisertib,204,201,0.4282570177057758,0.5464547649983379
bcgdrp,2021,no_gdsc_response,24772860,SNX-2112,216,214,0.4772155633095062,0.5000828698440952
bcgdrp,2021,no_gdsc_response,24785538,BMS-754807,207,204,0.07694043107613847,0.13923127711927552
bcgdrp,2021,no_gdsc_response,24821094,Ibrutinib,141,139,0.4336260833651857,0.4087416258180401
bcgdrp,2021,no_gdsc_response,24856436,MK-1775,194,192,0.4256712335973247,0.4603741160707644
bcgdrp,2021,no_gdsc_response,24889392,Quizartinib,208,205,0.12222045264998312,0.30468693496540944
bcgdrp,2021,no_gdsc_response,24978538,Navitoclax,201,199,0.3957074158804165,0.5813981808048303
bcgdrp,2021,no_gdsc_response,25102847,Cabozantinib,179,176,0.20128083811593125,0.3016716801951237
bcgdrp,2021,no_gdsc_response,25126798,Ruxolitinib,217,214,0.3900800082143888,0.4377854655035077
bcgdrp,2021,no_gdsc_response,25262965,AZD8055,226,223,0.29566381739290165,0.3207420330547681
bcgdrp,2021,no_gdsc_response,2907,Cyclophosphamide,106,105,0.03715891301327889,0.04174690223578599
bcgdrp,2021,no_gdsc_response,3011155,Nelarabine,198,196,0.06501582350424226,0.17436662862628008
bcgdrp,2021,no_gdsc_response,3062316,Dasatinib,210,207,0.4792792314171014,0.5115497307704182
bcgdrp,2021,no_gdsc_response,3385,5-Fluorouracil,203,201,0.3528638319036256,0.40710271091830114
bcgdrp,2021,no_gdsc_response,36314,Paclitaxel,153,152,0.5889348855676719,0.5954935831176807
bcgdrp,2021,no_gdsc_response,387447,Bortezomib,202,200,0.33830834181713737,0.35590246488173777
bcgdrp,2021,no_gdsc_response,4261,Entinostat,184,182,0.5390077411564823,0.6132632150586229
bcgdrp,2021,no_gdsc_response,42642645,Foretinib,214,211,0.23221794914582786,0.34911274705304857
bcgdrp,2021,no_gdsc_response,44137675,AZD6482,218,216,0.1012354430614509,0.18806278103390228
bcgdrp,2021,no_gdsc_response,44259,Staurosporine,66,66,-0.04047763191637232,-0.023454354513945678
bcgdrp,2021,no_gdsc_response,44462760,Dabrafenib,100,99,0.2917928657032186,0.5854332579370076
bcgdrp,2021,no_gdsc_response,444795,Tretinoin,214,211,0.33630605523808343,0.4106456993470547
bcgdrp,2021,no_gdsc_response,452548,Teniposide,111,110,0.5319850473194425,0.6109271172916791
bcgdrp,2021,no_gdsc_response,46191454,PHA-793887,218,215,0.47255840298108254,0.5266843633596671
bcgdrp,2021,no_gdsc_response,46224516,UNC0638,204,202,0.14219634010408277,0.18729241376564718
bcgdrp,2021,no_gdsc_response,462382,MG-132,74,73,0.1390606372539956,0.17074605548846428
bcgdrp,2021,no_gdsc_response,46843906,XMD11-50,140,138,0.44955746407199954,0.5462302532084534
bcgdrp,2021,no_gdsc_response,46926350,Dinaciclib,86,85,0.5599158446962844,0.5599066088720462
bcgdrp,2021,no_gdsc_response,46930998,MK-2206,203,200,0.34952598349255726,0.4447062891848265
bcgdrp,2021,no_gdsc_response,46943432,I-BET-762,213,210,0.3469836255926667,0.4813938369262303
bcgdrp,2021,no_gdsc_response,49846579,Venotoclax,110,109,0.34779080802882667,0.7153073711654148
bcgdrp,2021,no_gdsc_response,51039095,AZD4547,172,170,0.22693960815774378,0.15229222053245764
bcgdrp,2021,no_gdsc_response,5113032,Selisistat,199,196,0.05399733680857696,0.0720894226224699
bcgdrp,2021,no_gdsc_response,5278396,KU-55933,210,207,0.2298608843485008,0.310389868446947
bcgdrp,2021,no_gdsc_response,5284616,Rapamycin,200,198,0.25765526636820957,0.39723677420329895
bcgdrp,2021,no_gdsc_response,5287969,Flavopiridol,104,104,0.5407020164301718,0.5282387140725543
bcgdrp,2021,no_gdsc_response,5291,Imatinib,210,207,0.2834505620040601,0.4510911298681611
bcgdrp,2021,no_gdsc_response,52918385,PRIMA-1MET,97,96,0.16107605079895165,0.34871625506535975
bcgdrp,2021,no_gdsc_response,5311,Vorinostat,212,209,0.47958906399926426,0.5129550356780171
bcgdrp,2021,no_gdsc_response,5328940,Bosutinib,178,175,0.31553284694870365,0.40530524993692196
bcgdrp,2021,no_gdsc_response,5329102,Sunitinib,213,210,0.2957426365013507,0.29820248166285457
bcgdrp,2021,no_gdsc_response,5394,Temozolomide,203,202,0.247177646784533,0.2588765009669339
bcgdrp,2021,no_gdsc_response,5494449,Tozasertib,31,31,0.44637096774193546,0.7005191960636521
bcgdrp,2021,no_gdsc_response,56649450,Alpelisib,127,125,0.29049035589977096,0.3136474738640338
bcgdrp,2021,no_gdsc_response,5746,Mitomycin-C,189,188,0.4226703383771629,0.4471948080341719
bcgdrp,2021,no_gdsc_response,5978,Vincristine,225,222,0.6173484169284642,0.6180395198164007
bcgdrp,2021,no_gdsc_response,637858,Piperlongumine,211,209,0.41221587116669617,0.5132093166296996
bcgdrp,2021,no_gdsc_response,644241,Nilotinib,198,195,0.14640714971027385,0.4285870974710864
bcgdrp,2021,no_gdsc_response,6450551,Axitinib,216,214,0.3790823717329511,0.4728094380501058
bcgdrp,2021,no_gdsc_response,6505803,Tanespimycin,189,186,0.2286490543502463,0.22298696588747777
bcgdrp,2021,no_gdsc_response,66577038,Sphingosine Kinase 1 Inhibitor II,213,210,0.10071524789041318,0.1317255066722548
bcgdrp,2021,no_gdsc_response,6852167,PIK-93,213,211,0.2513288831297366,0.31856581186052785
bcgdrp,2021,no_gdsc_response,6914657,Daporinad,180,178,0.4253879977157413,0.4818282884186703
bcgdrp,2021,no_gdsc_response,6918289,Temsirolimus,116,115,0.23304341140789755,0.3237628435577281
bcgdrp,2021,no_gdsc_response,6918638,Belinostat,108,107,0.45035213532031887,0.48212695785963094
bcgdrp,2021,no_gdsc_response,6918837,Panobinostat,222,219,0.49183328813577815,0.47255777243540226
bcgdrp,2021,no_gdsc_response,71729975,GSK-J4,30,30,0.47808676307007797,0.5562510630378238
bcgdrp,2021,no_gdsc_response,82146,Bexarotene,202,199,0.12474375440474608,0.28420485851941696
bcgdrp,2021,no_gdsc_response,9444,5-azacytidine,185,183,0.24167167671065465,0.22924510601003295
bcgdrp,2021,no_gdsc_response,9549297,SU11274,184,181,0.24328921117820007,0.4226833399393146
bcgdrp,2021,no_gdsc_response,9825149,NVP-ADW742,202,200,0.16626628812700045,0.304036477427069
bcgdrp,2021,no_gdsc_response,9826308,GW843682X,195,193,0.45000651348924053,0.5383880941964391
bcgdrp,2021,no_gdsc_response,9868037,OSI-930,152,150,0.34713534771906096,0.4398833451866848
bcgdrp,2021,no_gdsc_response,9884685,PI-103,208,206,0.0070459499094060055,0.03442827408438647
bcgdrp,2021,no_gdsc_response,9903786,TPCA-1,216,213,0.33209779774218373,0.4120278507931287
bcgdrp,2021,no_gdsc_response,9907093,TGX221,210,207,0.03586843984368395,0.07217540879852365
bcgdrp,2021,no_gdsc_response,9908783,IC-87114,208,205,0.057090163540815336,0.13497582442730424
bcgdrp,2021,no_gdsc_response,9911830,Tivozanib,193,191,0.047350972926587895,0.06998259059115025
bcgdrp,2021,no_gdsc_response,9927531,BIBR-1532,207,205,0.16476042362885554,0.2049818604574678
bcgdrp,2021,no_gdsc_response,9933475,Cediranib,94,94,-0.08449228768558319,0.0750985931711874
bcgdrp,2021,no_gdsc_response,9956119,CHIR-99021,205,203,0.36722584083469373,0.5110998613762178
bcgdrp,2021,no_gdsc_response,9967941,SB52334,203,200,0.08326491990421038,0.09872297246825383
bcgdrp,2022,no_gdsc_response,10074640,Masitinib,201,198,0.2644801217085876,0.4095385983331533
bcgdrp,2022,no_gdsc_response,10127622,Selumetinib,207,204,0.3858826553650561,0.4281273807323948
bcgdrp,2022,no_gdsc_response,10184653,Afatinib,192,190,0.3480321969457387,0.24387291103831854
bcgdrp,2022,no_gdsc_response,10302451,Saracatinib,214,212,0.23587966846138206,0.19662739021904627
bcgdrp,2022,no_gdsc_response,10385095,Telomerase Inhibitor IX,213,211,0.43168134372895317,0.42586502691316747
bcgdrp,2022,no_gdsc_response,104741,Fulvestrant,44,44,-0.4738052650676702,-0.45277880793199743
bcgdrp,2022,no_gdsc_response,104842,SN-38,183,181,0.3997051057244889,0.43601061615615466
bcgdrp,2022,no_gdsc_response,11152667,AZD7762,219,217,0.45528320134548844,0.5235692083120622
bcgdrp,2022,no_gdsc_response,11175137,AT7867,194,191,0.33612973024526643,0.359953373221504
bcgdrp,2022,no_gdsc_response,11178236,Sepantronium bromide,194,193,0.19196960713376035,0.24080482784992882
bcgdrp,2022,no_gdsc_response,11228183,ABT737,177,175,0.38197421442818685,0.6877790789174805
bcgdrp,2022,no_gdsc_response,11234052,"Brivanib, BMS-540215",206,203,0.16560083665133554,0.15046244674229606
bcgdrp,2022,no_gdsc_response,11364421,BI-2536,217,215,0.493234058420005,0.5107687565715522
bcgdrp,2022,no_gdsc_response,11455910,TW 37,211,209,0.33392480866752117,0.41783049914453535
bcgdrp,2022,no_gdsc_response,11485656,Linifanib,208,205,0.3023265040098993,0.28442906110764826
bcgdrp,2022,no_gdsc_response,11609586,Serdemetan,208,206,0.3976540574924823,0.4739152858355545
bcgdrp,2022,no_gdsc_response,11625818,Idelalisib,204,201,0.08690345313328875,0.2186565030652575
bcgdrp,2022,no_gdsc_response,11640390,Linsitinib,197,195,0.1991269214324977,0.2020117541598469
bcgdrp,2022,no_gdsc_response,11647372,ZSTK474,213,211,0.1204095736079644,0.10615882539720706
bcgdrp,2022,no_gdsc_response,11707110,Trametinib,98,97,0.5990175232818765,0.6067122051915338
bcgdrp,2022,no_gdsc_response,11960529,Veliparib,212,210,0.030663029247877605,0.02176375444527576
bcgdrp,2022,no_gdsc_response,11977753,Dactolisib,149,147,0.16963571492085752,0.21651713673593065
bcgdrp,2022,no_gdsc_response,123631,Gefitinib,214,212,0.22607376919800823,0.1868481595800098
bcgdrp,2022,no_gdsc_response,126941,Methotrexate,175,173,0.2034319410488591,0.17297576496028624
bcgdrp,2022,no_gdsc_response,135423438,BIBF-1120,177,176,0.21203538220479892,0.38254454927658726
bcgdrp,2022,no_gdsc_response,148124,Docetaxel,98,97,0.5168235590420813,0.5060445935355351
bcgdrp,2022,no_gdsc_response,156414,CI-1033,206,203,0.3543338678271267,0.28866096667360813
bcgdrp,2022,no_gdsc_response,159324,Tipifarnib,272,208,0.3209236895676291,0.38360758047014226
bcgdrp,2022,no_gdsc_response,15953870,KU-60019,197,194,0.22001934558555444,0.2904690912798206
bcgdrp,2022,no_gdsc_response,16038120,NVP-TAE684,205,202,0.06757676280925627,0.15529088361921528
bcgdrp,2022,no_gdsc_response,16659841,AZD1480,104,103,0.2937512837294726,0.31748479732787216
bcgdrp,2022,no_gdsc_response,16722836,Fedratinib,203,201,0.3331709944678928,0.4021054485543922
bcgdrp,2022,no_gdsc_response,17755052,Pictilisib,212,210,0.2172835385725107,0.21790689545319797
bcgdrp,2022,no_gdsc_response,208908,Lapatinib,198,196,0.3249936615712854,0.23776855489744683
bcgdrp,2022,no_gdsc_response,2130404,AGK2,182,180,0.0017034640663572823,-0.048340419422595655
bcgdrp,2022,no_gdsc_response,216239,Sorafenib,219,216,0.20711328723021538,0.277917438008114
bcgdrp,2022,no_gdsc_response,227681,MIRA-1,126,126,0.2865901775226352,0.38096990946436693
bcgdrp,2022,no_gdsc_response,23582824,GSK1059615,133,131,0.08439794635347012,0.13347854453127173
bcgdrp,2022,no_gdsc_response,23725625,Olaparib,215,212,0.319153695514064,0.3762898548164275
bcgdrp,2022,no_gdsc_response,24180719,PLX-4720,216,214,0.29143180254781204,0.3313798233875586
bcgdrp,2022,no_gdsc_response,24771867,Alisertib,204,201,0.40345581393655,0.5165603544282358
bcgdrp,2022,no_gdsc_response,24772860,SNX-2112,216,214,0.46297389493854224,0.47826080711796226
bcgdrp,2022,no_gdsc_response,24785538,BMS-754807,207,204,0.040841763323497725,0.08378555990421328
bcgdrp,2022,no_gdsc_response,24821094,Ibrutinib,141,139,0.41730685668757933,0.3802336266717735
bcgdrp,2022,no_gdsc_response,24856436,MK-1775,194,192,0.3983567596708948,0.4349979239397159
bcgdrp,2022,no_gdsc_response,24889392,Quizartinib,208,205,0.0877579697866512,0.2506091556694389
bcgdrp,2022,no_gdsc_response,24978538,Navitoclax,201,199,0.4172187966751421,0.6173598863670466
bcgdrp,2022,no_gdsc_response,25102847,Cabozantinib,179,176,0.2078006315790931,0.3203332522742093
bcgdrp,2022,no_gdsc_response,25126798,Ruxolitinib,217,214,0.3724747930887885,0.4339664769335988
bcgdrp,2022,no_gdsc_response,25262965,AZD8055,226,223,0.27643128384706894,0.28487222976417603
bcgdrp,2022,no_gdsc_response,2907,Cyclophosphamide,106,105,0.05511810270820065,0.03560736006831252
bcgdrp,2022,no_gdsc_response,3011155,Nelarabine,198,196,0.1076024900642248,0.1856279046349344
bcgdrp,2022,no_gdsc_response,3062316,Dasatinib,210,207,0.3645411763869153,0.3902365101807963
bcgdrp,2022,no_gdsc_response,3385,5-Fluorouracil,203,201,0.3374985929461858,0.3936440471135322
bcgdrp,2022,no_gdsc_response,36314,Paclitaxel,153,152,0.5471559030529249,0.546352861023767
bcgdrp,2022,no_gdsc_response,387447,Bortezomib,202,200,0.3470001990974238,0.3653192109871371
bcgdrp,2022,no_gdsc_response,4261,Entinostat,184,182,0.5017746771630995,0.5667735877449014
bcgdrp,2022,no_gdsc_response,42642645,Foretinib,214,211,0.2162422280297247,0.34215631478144815
bcgdrp,2022,no_gdsc_response,44137675,AZD6482,218,216,0.07557214241534671,0.14948707765086464
bcgdrp,2022,no_gdsc_response,44259,Staurosporine,66,66,-0.02999812122941053,-0.03353787657730992
bcgdrp,2022,no_gdsc_response,44462760,Dabrafenib,100,99,0.2806675643633586,0.43151126815355717
bcgdrp,2022,no_gdsc_response,444795,Tretinoin,214,211,0.3120319188833283,0.37506891786339563
bcgdrp,2022,no_gdsc_response,452548,Teniposide,111,110,0.10402160416639246,0.3150247454850802
bcgdrp,2022,no_gdsc_response,46191454,PHA-793887,218,215,0.43060648057797174,0.4773019988949532
bcgdrp,2022,no_gdsc_response,46224516,UNC0638,204,202,0.14224440591505302,0.19215115523218498
bcgdrp,2022,no_gdsc_response,462382,MG-132,74,73,0.17626194937135842,0.2040162329375037
bcgdrp,2022,no_gdsc_response,46843906,XMD11-50,140,138,0.4278302892496897,0.5542022923364295
bcgdrp,2022,no_gdsc_response,46926350,Dinaciclib,86,85,0.4817608460869965,0.4834393683922194
bcgdrp,2022,no_gdsc_response,46930998,MK-2206,203,200,0.30844586779915323,0.3641790055435765
bcgdrp,2022,no_gdsc_response,46943432,I-BET-762,213,210,0.31532633329008414,0.4347141856877804
bcgdrp,2022,no_gdsc_response,49846579,Venotoclax,110,109,0.3941037712056261,0.6807588538853235
bcgdrp,2022,no_gdsc_response,51039095,AZD4547,172,170,0.22930740703634267,0.14808686749659872
bcgdrp,2022,no_gdsc_response,5113032,Selisistat,199,196,0.06539747657941263,0.06588704467879064
bcgdrp,2022,no_gdsc_response,5278396,KU-55933,210,207,0.20101933087510426,0.28592021103962
bcgdrp,2022,no_gdsc_response,5284616,Rapamycin,200,198,0.2543978897374436,0.37923286920139204
bcgdrp,2022,no_gdsc_response,5287969,Flavopiridol,104,104,0.16625413421529928,0.19028307468765876
bcgdrp,2022,no_gdsc_response,5291,Imatinib,210,207,0.3127189483608934,0.4116236077117299
bcgdrp,2022,no_gdsc_response,52918385,PRIMA-1MET,97,96,0.1965203345884631,0.38273160474744644
bcgdrp,2022,no_gdsc_response,5311,Vorinostat,212,209,0.4505484782756501,0.4691877484649402
bcgdrp,2022,no_gdsc_response,5328940,Bosutinib,178,175,0.31552220783026097,0.39323677990402045
bcgdrp,2022,no_gdsc_response,5329102,Sunitinib,213,210,0.12752687337504076,0.12533802670046093
bcgdrp,2022,no_gdsc_response,5394,Temozolomide,203,202,0.2635367381026922,0.26882303056192386
bcgdrp,2022,no_gdsc_response,5494449,Tozasertib,31,31,0.5415322580645161,0.7305174524889347
bcgdrp,2022,no_gdsc_response,56649450,Alpelisib,127,125,0.31410371893657846,0.28398243533889767
bcgdrp,2022,no_gdsc_response,5746,Mitomycin-C,189,188,0.39679713325744387,0.44791061567829227
bcgdrp,2022,no_gdsc_response,5978,Vincristine,225,222,0.550758586977096,0.5443978811685429
bcgdrp,2022,no_gdsc_response,637858,Piperlongumine,211,209,0.4182965331923882,0.4871727030809982
bcgdrp,2022,no_gdsc_response,644241,Nilotinib,198,195,0.13686507596917527,0.35982791971133143
bcgdrp,2022,no_gdsc_response,6450551,Axitinib,216,214,0.4033612194614966,0.4572521667086014
bcgdrp,2022,no_gdsc_response,6505803,Tanespimycin,189,186,0.19939680681793986,0.17306904246293192
bcgdrp,2022,no_gdsc_response,66577038,Sphingosine Kinase 1 Inhibitor II,213,210,0.08270536872101757,0.10471931662292157
bcgdrp,2022,no_gdsc_response,6852167,PIK-93,213,211,0.19488278322553076,0.213164381078604
bcgdrp,2022,no_gdsc_response,6914657,Daporinad,180,178,0.3263968241370415,0.37536984047455324
bcgdrp,2022,no_gdsc_response,6918289,Temsirolimus,116,115,0.23224380352328922,0.31105600305803127
bcgdrp,2022,no_gdsc_response,6918638,Belinostat,108,107,0.4814095892284302,0.5136012386174326
bcgdrp,2022,no_gdsc_response,6918837,Panobinostat,222,219,0.40465003664730864,0.272934416963026
bcgdrp,2022,no_gdsc_response,71729975,GSK-J4,30,30,0.42958843159065635,0.48044491642986725
bcgdrp,2022,no_gdsc_response,82146,Bexarotene,202,199,0.09864190682075515,0.23609304040483703
bcgdrp,2022,no_gdsc_response,9444,5-azacytidine,185,183,0.19636716678773544,0.19876093653632165
bcgdrp,2022,no_gdsc_response,9549297,SU11274,184,181,0.24993351995485832,0.4909428002635686
bcgdrp,2022,no_gdsc_response,9825149,NVP-ADW742,202,200,0.12259882070324278,0.21178071542398044
bcgdrp,2022,no_gdsc_response,9826308,GW843682X,195,193,0.3097566131400583,0.3520797327690703
bcgdrp,2022,no_gdsc_response,9868037,OSI-930,152,150,0.33464885810946376,0.40948407401647574
bcgdrp,2022,no_gdsc_response,9884685,PI-103,208,206,-0.024507100929573356,-0.008948432114079842
bcgdrp,2022,no_gdsc_response,9903786,TPCA-1,216,213,0.34857703035481874,0.36526404066896606
bcgdrp,2022,no_gdsc_response,9907093,TGX221,210,207,0.0020713390686630945,0.019322562732296433
bcgdrp,2022,no_gdsc_response,9908783,IC-87114,208,205,0.06981106553388307,0.08450967973406948
bcgdrp,2022,no_gdsc_response,9911830,Tivozanib,193,191,-0.08983940080408089,-0.018130202610542656
bcgdrp,2022,no_gdsc_response,9927531,BIBR-1532,207,205,0.15376606760150946,0.18806190090944455
bcgdrp,2022,no_gdsc_response,9933475,Cediranib,94,94,-0.1423906368529422,0.04621964591651493
bcgdrp,2022,no_gdsc_response,9956119,CHIR-99021,205,203,0.3569028468972244,0.4984712835529071
bcgdrp,2022,no_gdsc_response,9967941,SB52334,203,200,0.051436328806857515,0.07746906089716313
bcgdrp,2023,no_gdsc_response,10074640,Masitinib,201,198,0.2859224389566249,0.42363954035029494
bcgdrp,2023,no_gdsc_response,10127622,Selumetinib,207,204,0.34450271519921605,0.3749937968323647
bcgdrp,2023,no_gdsc_response,10184653,Afatinib,192,190,0.36592617082705386,0.26001935643495167
bcgdrp,2023,no_gdsc_response,10302451,Saracatinib,214,212,0.15696352413503017,0.18954555005891308
bcgdrp,2023,no_gdsc_response,10385095,Telomerase Inhibitor IX,213,211,0.4148673476294493,0.4105988019238804
bcgdrp,2023,no_gdsc_response,104741,Fulvestrant,44,44,-0.4966664573062294,-0.46697155723381234
bcgdrp,2023,no_gdsc_response,104842,SN-38,183,181,0.38521886500968644,0.4101837295400381
bcgdrp,2023,no_gdsc_response,11152667,AZD7762,219,217,0.4463236751652648,0.5048805252811815
bcgdrp,2023,no_gdsc_response,11175137,AT7867,194,191,0.30195005438184247,0.319348734603957
bcgdrp,2023,no_gdsc_response,11178236,Sepantronium bromide,194,193,0.18335073461344203,0.23769804967094302
bcgdrp,2023,no_gdsc_response,11228183,ABT737,177,175,0.334942890546914,0.6367206088166397
bcgdrp,2023,no_gdsc_response,11234052,"Brivanib, BMS-540215",206,203,0.19211093332437235,0.14457926169025198
bcgdrp,2023,no_gdsc_response,11364421,BI-2536,217,215,0.5088381488126349,0.5193995682813236
bcgdrp,2023,no_gdsc_response,11455910,TW 37,211,209,0.3372226343265405,0.4206247105970716
bcgdrp,2023,no_gdsc_response,11485656,Linifanib,208,205,0.328215591260897,0.30583356701669573
bcgdrp,2023,no_gdsc_response,11609586,Serdemetan,208,206,0.42007733129046176,0.4885953089656603
bcgdrp,2023,no_gdsc_response,11625818,Idelalisib,204,201,0.09378307425234723,0.22359449367193637
bcgdrp,2023,no_gdsc_response,11640390,Linsitinib,197,195,0.24615489746732588,0.26807621882134863
bcgdrp,2023,no_gdsc_response,11647372,ZSTK474,213,211,0.12108015073272643,0.12198471797024756
bcgdrp,2023,no_gdsc_response,11707110,Trametinib,98,97,0.5946821295739133,0.5828646860528356
bcgdrp,2023,no_gdsc_response,11960529,Veliparib,212,210,0.040224830230508116,0.009617737580048987
bcgdrp,2023,no_gdsc_response,11977753,Dactolisib,149,147,0.18526425768987068,0.2558938972365704
bcgdrp,2023,no_gdsc_response,123631,Gefitinib,214,212,0.21457076180816512,0.18701233764710218
bcgdrp,2023,no_gdsc_response,126941,Methotrexate,175,173,0.21339679536539768,0.21392022861098364
bcgdrp,2023,no_gdsc_response,135423438,BIBF-1120,177,176,0.20697326206726294,0.3742589924689858
bcgdrp,2023,no_gdsc_response,148124,Docetaxel,98,97,0.5341013780841108,0.5422960045652221
bcgdrp,2023,no_gdsc_response,156414,CI-1033,206,203,0.37719418378948133,0.30927387016589303
bcgdrp,2023,no_gdsc_response,159324,Tipifarnib,272,208,0.29395989273464057,0.34438812724998485
bcgdrp,2023,no_gdsc_response,15953870,KU-60019,197,194,0.23976204537385323,0.30618110382522273
bcgdrp,2023,no_gdsc_response,16038120,NVP-TAE684,205,202,0.11064486540437098,0.20551870024024108
bcgdrp,2023,no_gdsc_response,16659841,AZD1480,104,103,0.32462277522030086,0.3508516646144846
bcgdrp,2023,no_gdsc_response,16722836,Fedratinib,203,201,0.3534865439251865,0.42537997399063515
bcgdrp,2023,no_gdsc_response,17755052,Pictilisib,212,210,0.19502136355196137,0.190311629227284
bcgdrp,2023,no_gdsc_response,208908,Lapatinib,198,196,0.32021974250529006,0.23225861333559358
bcgdrp,2023,no_gdsc_response,2130404,AGK2,182,180,0.008706030466594307,-0.031750904819150425
bcgdrp,2023,no_gdsc_response,216239,Sorafenib,219,216,0.21688003864727837,0.28318598878997386
bcgdrp,2023,no_gdsc_response,227681,MIRA-1,126,126,0.2890769123089988,0.3786686539109325
bcgdrp,2023,no_gdsc_response,23582824,GSK1059615,133,131,0.09272781528431033,0.08983882265658934
bcgdrp,2023,no_gdsc_response,23725625,Olaparib,215,212,0.3336664995728412,0.3939229887364451
bcgdrp,2023,no_gdsc_response,24180719,PLX-4720,216,214,0.25444478852366953,0.21488387217133598
bcgdrp,2023,no_gdsc_response,24771867,Alisertib,204,201,0.36243993355869014,0.5017830372978134
bcgdrp,2023,no_gdsc_response,24772860,SNX-2112,216,214,0.45757730287690274,0.4881185204559471
bcgdrp,2023,no_gdsc_response,24785538,BMS-754807,207,204,0.06597885072526258,0.11082365472751436
bcgdrp,2023,no_gdsc_response,24821094,Ibrutinib,141,139,0.4250854597498067,0.3873883872242671
bcgdrp,2023,no_gdsc_response,24856436,MK-1775,194,192,0.38433218502655836,0.4143684885169506
bcgdrp,2023,no_gdsc_response,24889392,Quizartinib,208,205,0.12869783677398847,0.2832149464271696
bcgdrp,2023,no_gdsc_response,24978538,Navitoclax,201,199,0.34975084651188226,0.5804159665577685
bcgdrp,2023,no_gdsc_response,25102847,Cabozantinib,179,176,0.1879169354043733,0.2835997439527739
bcgdrp,2023,no_gdsc_response,25126798,Ruxolitinib,217,214,0.38904295651619636,0.4557036666101039
bcgdrp,2023,no_gdsc_response,25262965,AZD8055,226,223,0.2989749319520085,0.309003186584591
bcgdrp,2023,no_gdsc_response,2907,Cyclophosphamide,106,105,0.09328916658578872,0.07891484287622287
bcgdrp,2023,no_gdsc_response,3011155,Nelarabine,198,196,0.0941204647948608,0.18336401002418481
bcgdrp,2023,no_gdsc_response,3062316,Dasatinib,210,207,0.4262543299535821,0.46491008010194024
bcgdrp,2023,no_gdsc_response,3385,5-Fluorouracil,203,201,0.3410213480489608,0.3859735679007508
bcgdrp,2023,no_gdsc_response,36314,Paclitaxel,153,152,0.5482616103453997,0.5572508346640553
bcgdrp,2023,no_gdsc_response,387447,Bortezomib,202,200,0.35401264978259955,0.40233292034360046
bcgdrp,2023,no_gdsc_response,4261,Entinostat,184,182,0.5342746265956513,0.6137782045726751
bcgdrp,2023,no_gdsc_response,42642645,Foretinib,214,211,0.2433716889823101,0.3292835235603415
bcgdrp,2023,no_gdsc_response,44137675,AZD6482,218,216,0.045349771930685644,0.13474303561882
bcgdrp,2023,no_gdsc_response,44259,Staurosporine,66,66,-0.007995323890650129,-0.039267508315395654
bcgdrp,2023,no_gdsc_response,44462760,Dabrafenib,100,99,0.2814845411356161,0.6104180559616371
bcgdrp,2023,no_gdsc_response,444795,Tretinoin,214,211,0.316775394654784,0.38569963003603464
bcgdrp,2023,no_gdsc_response,452548,Teniposide,111,110,-0.2614371772427924,-0.2644430723084321
bcgdrp,2023,no_gdsc_response,46191454,PHA-793887,218,215,0.44524856269340235,0.5003333442123199
bcgdrp,2023,no_gdsc_response,46224516,UNC0638,204,202,0.1738080930189692,0.21692927582065258
bcgdrp,2023,no_gdsc_response,462382,MG-132,74,73,0.1630519293042057,0.20430577075878373
bcgdrp,2023,no_gdsc_response,46843906,XMD11-50,140,138,0.45466125091129816,0.5767949767502205
bcgdrp,2023,no_gdsc_response,46926350,Dinaciclib,86,85,0.45879739043574025,0.48255714036643355
bcgdrp,2023,no_gdsc_response,46930998,MK-2206,203,200,0.32834398159540307,0.38489539809053763
bcgdrp,2023,no_gdsc_response,46943432,I-BET-762,213,210,0.3498059991647695,0.4490590109220092
bcgdrp,2023,no_gdsc_response,49846579,Venotoclax,110,109,0.37764956968187247,0.7227776255630474
bcgdrp,2023,no_gdsc_response,51039095,AZD4547,172,170,0.23631646905546208,0.15411276840127414
bcgdrp,2023,no_gdsc_response,5113032,Selisistat,199,196,0.03180111982302453,0.0378414485749292
bcgdrp,2023,no_gdsc_response,5278396,KU-55933,210,207,0.2163069563009374,0.2995259386939154
bcgdrp,2023,no_gdsc_response,5284616,Rapamycin,200,198,0.259217577103159,0.4330240778104779
bcgdrp,2023,no_gdsc_response,5287969,Flavopiridol,104,104,0.49483623172943564,0.47463116996085075
bcgdrp,2023,no_gdsc_response,5291,Imatinib,210,207,0.3032562077432893,0.4327602660382032
bcgdrp,2023,no_gdsc_response,52918385,PRIMA-1MET,97,96,0.19705696767013606,0.4012178097000459
bcgdrp,2023,no_gdsc_response,5311,Vorinostat,212,209,0.49369751405026285,0.5283418358188011
bcgdrp,2023,no_gdsc_response,5328940,Bosutinib,178,175,0.27562338584659973,0.40704017820011656
bcgdrp,2023,no_gdsc_response,5329102,Sunitinib,213,210,0.2856976987854862,0.2832963094268826
bcgdrp,2023,no_gdsc_response,5394,Temozolomide,203,202,0.24967302098463498,0.25959654033229973
bcgdrp,2023,no_gdsc_response,5494449,Tozasertib,31,31,0.540725806451613,0.7291174301816901
bcgdrp,2023,no_gdsc_response,56649450,Alpelisib,127,125,0.24356828058360885,0.2406578908119436
bcgdrp,2023,no_gdsc_response,5746,Mitomycin-C,189,188,0.42755844734111087,0.45544795919909303
bcgdrp,2023,no_gdsc_response,5978,Vincristine,225,222,0.5658328759302048,0.5700150212346331
bcgdrp,2023,no_gdsc_response,637858,Piperlongumine,211,209,0.43065586199460887,0.5190232997615107
bcgdrp,2023,no_gdsc_response,644241,Nilotinib,198,195,0.14859775479671858,0.3790206465887979
bcgdrp,2023,no_gdsc_response,6450551,Axitinib,216,214,0.39557827038337734,0.4515432204929409
bcgdrp,2023,no_gdsc_response,6505803,Tanespimycin,189,186,0.20649256984576797,0.19771552886232957
bcgdrp,2023,no_gdsc_response,66577038,Sphingosine Kinase 1 Inhibitor II,213,210,0.11257571510043164,0.1284396205417409
bcgdrp,2023,no_gdsc_response,6852167,PIK-93,213,211,0.2546494610891217,0.28240530020580884
bcgdrp,2023,no_gdsc_response,6914657,Daporinad,180,178,0.3436186087986237,0.3821960237480475
bcgdrp,2023,no_gdsc_response,6918289,Temsirolimus,116,115,0.22892235538722377,0.3493405354816461
bcgdrp,2023,no_gdsc_response,6918638,Belinostat,108,107,0.3799393617513462,0.44556791343978414
bcgdrp,2023,no_gdsc_response,6918837,Panobinostat,222,219,0.3959578155819136,0.3490021507483485
bcgdrp,2023,no_gdsc_response,71729975,GSK-J4,30,30,0.5354838709677421,0.6042087947328769
bcgdrp,2023,no_gdsc_response,82146,Bexarotene,202,199,0.10558844547807004,0.2512668727108641
bcgdrp,2023,no_gdsc_response,9444,5-azacytidine,185,183,0.23101156791096347,0.20217134556565577
bcgdrp,2023,no_gdsc_response,9549297,SU11274,184,181,0.2325730840200446,0.4227612224373182
bcgdrp,2023,no_gdsc_response,9825149,NVP-ADW742,202,200,0.17914828565193652,0.2711411134261398
bcgdrp,2023,no_gdsc_response,9826308,GW843682X,195,193,0.4248051569500219,0.49311985386055424
bcgdrp,2023,no_gdsc_response,9868037,OSI-930,152,150,0.31150775474376446,0.4059519052454666
bcgdrp,2023,no_gdsc_response,9884685,PI-103,208,206,-0.034312742341593844,-0.04217972871600633
bcgdrp,2023,no_gdsc_response,9903786,TPCA-1,216,213,-0.08389833460308675,-0.11146026890893579
bcgdrp,2023,no_gdsc_response,9907093,TGX221,210,207,-0.012148141237858312,0.019650664052405595
bcgdrp,2023,no_gdsc_response,9908783,IC-87114,208,205,0.08530410132807101,0.17432801370325637
bcgdrp,2023,no_gdsc_response,9911830,Tivozanib,193,191,0.06106224825554963,0.1719077571324513
bcgdrp,2023,no_gdsc_response,9927531,BIBR-1532,207,205,0.14273247500945838,0.1863837208058054
bcgdrp,2023,no_gdsc_response,9933475,Cediranib,94,94,-0.1308745439439367,0.041281389793620185
bcgdrp,2023,no_gdsc_response,9956119,CHIR-99021,205,203,0.3862189232405034,0.522970221860144
bcgdrp,2023,no_gdsc_response,9967941,SB52334,203,200,0.08375556166727244,0.12238362673087669
bcgdrp,2024,no_gdsc_response,10074640,Masitinib,201,198,0.23467663071903444,0.3847417414020515
bcgdrp,2024,no_gdsc_response,10127622,Selumetinib,207,204,0.38037344770263004,0.4042052137225838
bcgdrp,2024,no_gdsc_response,10184653,Afatinib,192,190,0.33593163871275156,0.2943917123905292
bcgdrp,2024,no_gdsc_response,10302451,Saracatinib,214,212,0.10253686586008384,0.1512613296884368
bcgdrp,2024,no_gdsc_response,10385095,Telomerase Inhibitor IX,213,211,0.3722064892836328,0.37800070520450607
bcgdrp,2024,no_gdsc_response,104741,Fulvestrant,44,44,-0.4864353681871211,-0.4955167813883799
bcgdrp,2024,no_gdsc_response,104842,SN-38,183,181,0.35141763667514736,0.440440578722602
bcgdrp,2024,no_gdsc_response,11152667,AZD7762,219,217,0.45811889937906597,0.5490437904638193
bcgdrp,2024,no_gdsc_response,11175137,AT7867,194,191,0.27258439422355263,0.29788066824337534
bcgdrp,2024,no_gdsc_response,11178236,Sepantronium bromide,194,193,0.15513066573970719,0.22895302377122026
bcgdrp,2024,no_gdsc_response,11228183,ABT737,177,175,0.31567801185997385,0.632247599355381
bcgdrp,2024,no_gdsc_response,11234052,"Brivanib, BMS-540215",206,203,0.17140172405708404,0.16342565216447463
bcgdrp,2024,no_gdsc_response,11364421,BI-2536,217,215,0.5231750747939118,0.5381150764775392
bcgdrp,2024,no_gdsc_response,11455910,TW 37,211,209,0.31521413521610675,0.39112392233711485
bcgdrp,2024,no_gdsc_response,11485656,Linifanib,208,205,0.3180474502137734,0.29865241041635265
bcgdrp,2024,no_gdsc_response,11609586,Serdemetan,208,206,0.39287602656663273,0.4823124896383987
bcgdrp,2024,no_gdsc_response,11625818,Idelalisib,204,201,0.049794915342435415,0.18412017671613018
bcgdrp,2024,no_gdsc_response,11640390,Linsitinib,197,195,0.19250016642825785,0.2059847839685781
bcgdrp,2024,no_gdsc_response,11647372,ZSTK474,213,211,0.07608194204221358,0.0623705445149342
bcgdrp,2024,no_gdsc_response,11707110,Trametinib,98,97,0.5474263381571153,0.5833517106688008
bcgdrp,2024,no_gdsc_response,11960529,Veliparib,212,210,0.04481119971442327,0.019503015303860415
bcgdrp,2024,no_gdsc_response,11977753,Dactolisib,149,147,0.19387301627642317,0.27677592347191987
bcgdrp,2024,no_gdsc_response,123631,Gefitinib,214,212,0.2268299015232401,0.1970129217135688
bcgdrp,2024,no_gdsc_response,126941,Methotrexate,175,173,0.21824486493737655,0.21062212256825838
bcgdrp,2024,no_gdsc_response,135423438,BIBF-1120,177,176,0.25962017904179113,0.3729542643859326
bcgdrp,2024,no_gdsc_response,148124,Docetaxel,98,97,0.5122968979646493,0.5358759021778084
bcgdrp,2024,no_gdsc_response,156414,CI-1033,206,203,0.3317865470330302,0.2992141274941546
bcgdrp,2024,no_gdsc_response,159324,Tipifarnib,272,208,0.3109274658677373,0.38856660083244
bcgdrp,2024,no_gdsc_response,15953870,KU-60019,197,194,0.23698067599677697,0.2939056306271766
bcgdrp,2024,no_gdsc_response,16038120,NVP-TAE684,205,202,0.08389497562020647,0.15120371792111192
bcgdrp,2024,no_gdsc_response,16659841,AZD1480,104,103,0.30071297310143236,0.347259213794562
bcgdrp,2024,no_gdsc_response,16722836,Fedratinib,203,201,0.3379665658445157,0.3787365783673241
bcgdrp,2024,no_gdsc_response,17755052,Pictilisib,212,210,0.17855773196853636,0.18791494570199416
bcgdrp,2024,no_gdsc_response,208908,Lapatinib,198,196,0.33929995918680367,0.28567837240633315
bcgdrp,2024,no_gdsc_response,2130404,AGK2,182,180,0.04402526279418794,-0.030705233458144604
bcgdrp,2024,no_gdsc_response,216239,Sorafenib,219,216,0.2322522746750235,0.29281757949669424
bcgdrp,2024,no_gdsc_response,227681,MIRA-1,126,126,0.26610164526107466,0.3800031303571872
bcgdrp,2024,no_gdsc_response,23582824,GSK1059615,133,131,0.08265341777150603,0.14663277427172605
bcgdrp,2024,no_gdsc_response,23725625,Olaparib,215,212,0.2915396414313468,0.3573563891866629
bcgdrp,2024,no_gdsc_response,24180719,PLX-4720,216,214,0.2000338540907323,0.16512897844485808
bcgdrp,2024,no_gdsc_response,24771867,Alisertib,204,201,0.39571034096322505,0.5243446690517841
bcgdrp,2024,no_gdsc_response,24772860,SNX-2112,216,214,0.4453784089282121,0.4722514191692822
bcgdrp,2024,no_gdsc_response,24785538,BMS-754807,207,204,0.03638041906195572,0.07774600369954196
bcgdrp,2024,no_gdsc_response,24821094,Ibrutinib,141,139,0.34171698642354587,0.3544575600323126
bcgdrp,2024,no_gdsc_response,24856436,MK-1775,194,192,0.41604978041931634,0.46384638913579906
bcgdrp,2024,no_gdsc_response,24889392,Quizartinib,208,205,0.0907479229795773,0.24730214335500383
bcgdrp,2024,no_gdsc_response,24978538,Navitoclax,201,199,0.3061422121748283,0.5590768856892261
bcgdrp,2024,no_gdsc_response,25102847,Cabozantinib,179,176,0.19351609050945065,0.29285890322336894
bcgdrp,2024,no_gdsc_response,25126798,Ruxolitinib,217,214,0.3406609126803655,0.44012769488389764
bcgdrp,2024,no_gdsc_response,25262965,AZD8055,226,223,0.3069538343825094,0.33304601488144747
bcgdrp,2024,no_gdsc_response,2907,Cyclophosphamide,106,105,0.07037822343163129,0.05893380349049568
bcgdrp,2024,no_gdsc_response,3011155,Nelarabine,198,196,0.08987288754150186,0.20510661629283686
bcgdrp,2024,no_gdsc_response,3062316,Dasatinib,210,207,0.3129908805749071,0.335407321725545
bcgdrp,2024,no_gdsc_response,3385,5-Fluorouracil,203,201,0.335479645317019,0.3912793448442244
bcgdrp,2024,no_gdsc_response,36314,Paclitaxel,153,152,0.5297058316007794,0.5410277439789242
bcgdrp,2024,no_gdsc_response,387447,Bortezomib,202,200,0.3063450194165666,0.34413193674682685
bcgdrp,2024,no_gdsc_response,4261,Entinostat,184,182,0.454876966954133,0.5730363316382542
bcgdrp,2024,no_gdsc_response,42642645,Foretinib,214,211,0.1968600183610808,0.3499530711172124
bcgdrp,2024,no_gdsc_response,44137675,AZD6482,218,216,0.0453393472283109,0.1244445060339737
bcgdrp,2024,no_gdsc_response,44259,Staurosporine,66,66,0.040185374646218006,0.0009051007113903338
bcgdrp,2024,no_gdsc_response,44462760,Dabrafenib,100,99,0.24134455001631552,0.4125817539525198
bcgdrp,2024,no_gdsc_response,444795,Tretinoin,214,211,0.3019612304047364,0.3669564933793495
bcgdrp,2024,no_gdsc_response,452548,Teniposide,111,110,0.2136921450164313,0.31165033061542263
bcgdrp,2024,no_gdsc_response,46191454,PHA-793887,218,215,0.41933042097875356,0.4665781743348995
bcgdrp,2024,no_gdsc_response,46224516,UNC0638,204,202,0.14873187669571641,0.18361085863321974
bcgdrp,2024,no_gdsc_response,462382,MG-132,74,73,0.11859399181363119,0.16484220368658759
bcgdrp,2024,no_gdsc_response,46843906,XMD11-50,140,138,0.42430795942433397,0.5756942359848835
bcgdrp,2024,no_gdsc_response,46926350,Dinaciclib,86,85,0.46170320158635114,0.4783807138291923
bcgdrp,2024,no_gdsc_response,46930998,MK-2206,203,200,0.2901587108043732,0.33762823766432737
bcgdrp,2024,no_gdsc_response,46943432,I-BET-762,213,210,0.2942554263666653,0.3982480567646874
bcgdrp,2024,no_gdsc_response,49846579,Venotoclax,110,109,0.36510907461434444,0.6607475824126846
bcgdrp,2024,no_gdsc_response,51039095,AZD4547,172,170,0.2220011909746899,0.13238885663517125
bcgdrp,2024,no_gdsc_response,5113032,Selisistat,199,196,0.06398748362316571,0.062409581058468715
bcgdrp,2024,no_gdsc_response,5278396,KU-55933,210,207,0.19493295600031044,0.2800498433488767
bcgdrp,2024,no_gdsc_response,5284616,Rapamycin,200,198,0.2337863384618095,0.3421938858191761
bcgdrp,2024,no_gdsc_response,5287969,Flavopiridol,104,104,0.3524911981222661,0.37702487570734183
bcgdrp,2024,no_gdsc_response,5291,Imatinib,210,207,0.29004985138546047,0.37975280136772704
bcgdrp,2024,no_gdsc_response,52918385,PRIMA-1MET,97,96,0.19243264802806523,0.3992383786889375
bcgdrp,2024,no_gdsc_response,5311,Vorinostat,212,209,0.4252837480468488,0.48982491598797495
bcgdrp,2024,no_gdsc_response,5328940,Bosutinib,178,175,0.32345473454110785,0.37122984607257353
bcgdrp,2024,no_gdsc_response,5329102,Sunitinib,213,210,0.268757033645194,0.25862988734597686
bcgdrp,2024,no_gdsc_response,5394,Temozolomide,203,202,0.27055794307636316,0.2730545237091838
bcgdrp,2024,no_gdsc_response,5494449,Tozasertib,31,31,0.5108870967741935,0.7217573195254162
bcgdrp,2024,no_gdsc_response,56649450,Alpelisib,127,125,0.3098884070137443,0.2874217264732315
bcgdrp,2024,no_gdsc_response,5746,Mitomycin-C,189,188,0.39896034366076194,0.4463011093952587
bcgdrp,2024,no_gdsc_response,5978,Vincristine,225,222,0.5361009651296205,0.5924400205680929
bcgdrp,2024,no_gdsc_response,637858,Piperlongumine,211,209,0.3872506657112131,0.4804272884316979
bcgdrp,2024,no_gdsc_response,644241,Nilotinib,198,195,0.10941385869894732,0.3424223416194042
bcgdrp,2024,no_gdsc_response,6450551,Axitinib,216,214,0.3787834855305937,0.4320972113578687
bcgdrp,2024,no_gdsc_response,6505803,Tanespimycin,189,186,0.23857992309685844,0.2227681600889409
bcgdrp,2024,no_gdsc_response,66577038,Sphingosine Kinase 1 Inhibitor II,213,210,0.07179488134721146,0.10243005040521985
bcgdrp,2024,no_gdsc_response,6852167,PIK-93,213,211,0.18739844389822574,0.21973766143698353
bcgdrp,2024,no_gdsc_response,6914657,Daporinad,180,178,0.30583955826911047,0.39779846103919997
bcgdrp,2024,no_gdsc_response,6918289,Temsirolimus,116,115,0.16768315537851708,0.212195121169996
bcgdrp,2024,no_gdsc_response,6918638,Belinostat,108,107,0.17165435721360436,0.2605474740898492
bcgdrp,2024,no_gdsc_response,6918837,Panobinostat,222,219,-0.08402169600316968,-0.05815839895144262
bcgdrp,2024,no_gdsc_response,71729975,GSK-J4,30,30,0.4358175750834261,0.45755364526766806
bcgdrp,2024,no_gdsc_response,82146,Bexarotene,202,199,0.10107126848542038,0.25510755554688874
bcgdrp,2024,no_gdsc_response,9444,5-azacytidine,185,183,0.2045851277173044,0.21601019002977834
bcgdrp,2024,no_gdsc_response,9549297,SU11274,184,181,0.27341330615948645,0.5517944704733899
bcgdrp,2024,no_gdsc_response,9825149,NVP-ADW742,202,200,0.1168115309019746,0.19484291283895736
bcgdrp,2024,no_gdsc_response,9826308,GW843682X,195,193,0.33959277642496305,0.3681859037773577
bcgdrp,2024,no_gdsc_response,9868037,OSI-930,152,150,0.32356019914180595,0.4589892014087873
bcgdrp,2024,no_gdsc_response,9884685,PI-103,208,206,-0.01774525652526976,-0.0065303440205556375
bcgdrp,2024,no_gdsc_response,9903786,TPCA-1,216,213,0.0911406709532599,0.0901036676801899
bcgdrp,2024,no_gdsc_response,9907093,TGX221,210,207,-0.03936321711499103,-0.018531965337316048
bcgdrp,2024,no_gdsc_response,9908783,IC-87114,208,205,0.04219053238817628,0.11425002926515127
bcgdrp,2024,no_gdsc_response,9911830,Tivozanib,193,191,0.05332524300235537,0.13017425731908935
bcgdrp,2024,no_gdsc_response,9927531,BIBR-1532,207,205,0.136662307852593,0.1793934045347616
bcgdrp,2024,no_gdsc_response,9933475,Cediranib,94,94,-0.14545388866813566,0.02499084608370537
bcgdrp,2024,no_gdsc_response,9956119,CHIR-99021,205,203,0.31865467008881226,0.4783679570042558
bcgdrp,2024,no_gdsc_response,9967941,SB52334,203,200,0.08629628260991247,0.11848596897342825
