cell_line_name,5-Fluorouracil,ABT737,AGI-5198,AGI-6780,AMG-319,AZ960,AZD3759,AZD4547,AZD5582,AZD6482,AZD6738,AZD7762,AZD8055,AZD8186,Afatinib,Afuresertib,Alisertib,Alpelisib,Avagacestat,Axitinib,BI-2536,BIBR-1532,BMS-345541,BX795,Bicalutamide,Bleomycin (50 uM),Bortezomib,Bosutinib,CCT007093,CHIR-99021,CZC24832,Camptothecin,Cediranib,Cisplatin,Crizotinib,Cyclophosphamide,Cytarabine,Dabrafenib,Dactolisib,Daporinad,Dasatinib,Dinaciclib,Docetaxel,Doramapimod,EHT-1864,EPZ004777,EPZ5676,Elesclomol,Entinostat,Entospletinib,Epirubicin,Erlotinib,Foretinib,Fulvestrant,GDC0810,GNE-317,GSK1904529A,GSK2578215A,GSK2606414,GSK269962A,GSK2830371,GSK343,GSK591,GW441756,Gefitinib,Gemcitabine,I-BET-762,I-BRD9,IOX2,IWP-2,Ibrutinib,Ipatasertib,Irinotecan,JNK Inhibitor VIII,JQ1,KRAS (G12C) Inhibitor-12,KU-55933,LCL161,LGK974,LJI308,LY2109761,Lapatinib,Leflunomide,Lenalidomide,Lestaurtinib,Linsitinib,MG-132,MIRA-1,MK-1775,MK-2206,MK-8776,ML323,MN-64,Methotrexate,Motesanib,NU7441,NVP-ADW742,Navitoclax,Nilotinib,Niraparib,Nutlin-3a (-),OF-1,OTX015,Obatoclax Mesylate,Olaparib,Osimertinib,Oxaliplatin,P22077,PCI-34051,PD0325901,PD173074,PF-4708671,PFI-1,PFI3,PLX-4720,PRIMA-1MET,PRT062607,Paclitaxel,Palbociclib,Pevonedistat,Picolinici-acid,Pictilisib,Piperlongumine,Pyridostatin,Refametinib,Ribociclib,Rucaparib,Ruxolitinib,SB216763,SB505124,SCH772984,SGC0946,SL0101,SN-38,Sabutoclax,Sapitinib,Savolitinib,Selumetinib,Sepantronium bromide,Serdemetan,Sorafenib,TW 37,Tamoxifen,Tanespimycin,Taselisib,Telomerase Inhibitor IX,Temozolomide,Temsirolimus,Tozasertib,Trametinib,Tretinoin,UMI-77,Uprosertib,VE-822,VE821,VX-11e,Veliparib,Venotoclax,Vinblastine,Vinorelbine,Vismodegib,Vorinostat,WEHI-539,WIKI4,WZ4003,Wee1 Inhibitor,Wnt-C59,YK-4-279,ZM447439
MCF7,3.3907299041748047,0.8213542699813843,4.602701663970947,4.008627414703369,4.536643981933594,1.3016704320907593,2.216421365737915,2.3502793312072754,1.4665437936782837,3.242304563522339,1.3842612504959106,0.1556527018547058,0.0052116066217422485,3.120755672454834,1.4608385562896729,2.084211826324463,0.6531853675842285,2.9058284759521484,4.562735557556152,1.891652226448059,-1.9511163234710693,4.786012172698975,2.4458425045013428,,,2.508538007736206,-5.665350914001465,2.2214133739471436,5.1225104331970215,,5.088363170623779,-2.845872163772583,1.987293004989624,1.7474716901779175,1.647153615951538,5.079988479614258,0.5680996179580688,4.182562351226807,-1.1275264024734497,,2.528726577758789,-2.4082930088043213,-5.264737606048584,4.838921546936035,3.288525104522705,5.016361713409424,5.3629608154296875,,1.3371646404266357,3.4686851501464844,-0.7918095588684082,2.587064027786255,0.36317381262779236,2.6028709411621094,4.922906398773193,0.688474178314209,3.946647882461548,4.817956924438477,3.357091188430786,1.6293590068817139,5.1157546043396,2.3398523330688477,4.1675262451171875,2.9058144092559814,2.7426187992095947,-2.2420284748077393,2.497123956680298,3.809319257736206,,2.3976821899414062,4.032353401184082,2.8829760551452637,1.1748312711715698,4.979539394378662,1.4765479564666748,3.736953020095825,4.962580680847168,4.73091459274292,3.8487613201141357,4.841889381408691,4.8887176513671875,2.953672170639038,4.967609882354736,5.094604015350342,-0.2435723841190338,3.4101622104644775,-1.1678237915039062,5.003927707672119,0.2089196741580963,2.2060599327087402,2.2626376152038574,4.29196834564209,4.60513162612915,0.5682499408721924,5.306842803955078,2.5717334747314453,2.243997573852539,0.457550048828125,2.816133499145508,3.0446746349334717,3.6115994453430176,3.925992488861084,1.833465576171875,0.46246039867401123,3.431647300720215,1.5558884143829346,2.3939368724823,3.829662799835205,3.910876750946045,-0.5085231065750122,3.329850673675537,3.1169183254241943,3.632265090942383,5.275725841522217,4.336403846740723,3.8876442909240723,2.666255235671997,-3.2477774620056152,2.846632957458496,0.02272889018058777,5.128080368041992,0.8884450197219849,,2.9084160327911377,0.6825728416442871,3.1261560916900635,3.380366086959839,4.457756996154785,4.943873405456543,,1.0273993015289307,1.7073899507522583,,-5.247596740722656,-0.34707894921302795,4.037383556365967,2.1253368854522705,2.120704412460327,-1.5285929441452026,3.139423370361328,1.8674942255020142,,3.5270111560821533,-0.5709335803985596,1.5022594928741455,0.4150746166706085,6.469724655151367,1.3075698614120483,0.4381949007511139,-1.716230034828186,,2.492387294769287,2.4867360591888428,2.272584915161133,3.037653684616089,1.891804575920105,5.128574848175049,1.2930269241333008,-4.076577186584473,-3.454829216003418,4.713850498199463,1.1100538969039917,3.0380053520202637,3.567312717437744,3.6958303451538086,1.110927939414978,4.003923416137695,1.173921823501587,1.5445380210876465
MDA-MB-436,3.7812001705169678,2.277991533279419,4.557091236114502,4.199877738952637,4.527225971221924,1.418498158454895,2.2087924480438232,2.539675235748291,1.5625007152557373,2.998528242111206,1.443043828010559,0.05805550515651703,-0.5347678661346436,2.6777169704437256,1.6347181797027588,2.149956464767456,1.3275854587554932,3.0729901790618896,4.56595516204834,2.500162363052368,-1.996384859085083,4.785462856292725,2.6996572017669678,,,1.8685749769210815,-6.0297627449035645,2.2407257556915283,5.016075134277344,,5.035960674285889,-3.1884374618530273,1.912719964981079,1.9298100471496582,1.9658477306365967,5.038189888000488,0.8694987297058105,3.8634836673736572,-2.0846197605133057,-2.67881441116333,1.1837280988693237,-3.154017686843872,-5.362922191619873,4.83565092086792,3.454576253890991,4.994654655456543,5.388035774230957,,1.8395854234695435,3.1604673862457275,-1.390583872795105,2.538832426071167,0.6521790027618408,2.676889181137085,4.885880947113037,0.18492113053798676,4.124436378479004,4.818734645843506,3.432936429977417,2.1309006214141846,5.258274555206299,2.392367124557495,4.151796817779541,2.9694042205810547,2.7994165420532227,-2.5059690475463867,2.567063331604004,4.176908016204834,,2.4588217735290527,4.26073694229126,3.1001336574554443,1.4716523885726929,4.911241054534912,1.747033953666687,4.203271865844727,4.954568862915039,4.655969619750977,4.0824689865112305,4.848474979400635,4.847011566162109,2.8585333824157715,4.929952621459961,5.11229944229126,-0.00790145993232727,3.810553550720215,-1.3013547658920288,5.2693939208984375,0.304970920085907,2.4165706634521484,2.5556159019470215,4.408136367797852,4.547786235809326,0.2519122064113617,5.360904693603516,2.5457494258880615,2.3977553844451904,2.2770938873291016,2.9730136394500732,3.8215577602386475,4.103777885437012,4.080725193023682,1.8581336736679077,0.07627216726541519,3.9764668941497803,1.703244686126709,3.186253547668457,4.2483415603637695,4.271294593811035,-0.22959306836128235,3.3959848880767822,3.341562032699585,3.7761614322662354,5.1789326667785645,3.9224891662597656,4.413912296295166,2.592067003250122,-3.710212469100952,2.9974417686462402,0.003202199935913086,5.050563812255859,0.5445536971092224,,3.1250805854797363,0.8712863922119141,3.2668237686157227,3.8418021202087402,4.638688087463379,4.856276035308838,,1.3414227962493896,1.7537038326263428,,-5.23767614364624,-0.387008935213089,3.810094118118286,2.1691863536834717,2.456878900527954,-4.506761074066162,3.27750825881958,2.0774641036987305,1.1519230604171753,3.7151033878326416,-1.0269323587417603,1.4608474969863892,0.3106549084186554,6.557810306549072,0.5834962129592896,1.1655193567276,-1.508926272392273,,2.5349533557891846,2.638885736465454,2.601077079772949,3.3776779174804688,1.9014023542404175,5.131014347076416,2.355482578277588,-4.235360622406006,-3.7377612590789795,4.76377534866333,1.4523597955703735,3.455845355987549,3.455501079559326,3.725278615951538,1.301108956336975,4.208186626434326,1.1698486804962158,1.9839271306991577
HCC202,4.784433841705322,,,,,,,,,,,1.3007102012634277,,,,,,,,3.1029751300811768,,,,,,,,,,,,,,3.4497811794281006,,,,,,,,,-3.8849077224731445,,,,,,,,,,,,,,,,,,,,,,,,,,,,,,,,,,,,,,,,,,,,-0.8139357566833496,,,3.148172616958618,,,,,,,,1.9830002784729004,,,5.2323784828186035,,,,,,,,,,3.9462382793426514,,,,,,,,4.302796363830566,,,1.5793790817260742,,,,,,,,,,,,,,,,,,,,,,,,,,,,,,,,,,,,,,,,1.8675960302352905,,,,,,,
HCC1806,3.7214901447296143,2.0901761054992676,4.403957843780518,4.06351375579834,4.564353942871094,1.1816468238830566,1.8744494915008545,2.4352920055389404,1.6404985189437866,3.135164737701416,1.3218952417373657,-0.3979516923427582,-0.679376482963562,2.7864444255828857,0.9127492904663086,2.4188272953033447,0.26600855588912964,2.903841257095337,4.483297824859619,2.3616864681243896,,4.667008399963379,2.7454869747161865,,,1.4443817138671875,-5.984403133392334,2.2164652347564697,4.9274821281433105,,4.982234001159668,-3.474311113357544,1.8421621322631836,1.52423894405365,2.0993871688842773,4.963932037353516,0.2925505042076111,4.319099426269531,-2.0377726554870605,,0.19496971368789673,-3.051234483718872,-5.602715492248535,4.792919158935547,3.2449898719787598,4.933979034423828,5.347589492797852,,2.1032917499542236,3.0956599712371826,-1.6543912887573242,1.7827632427215576,0.4732030928134918,2.555274724960327,4.786995887756348,-0.045299142599105835,3.9304466247558594,4.711347579956055,3.252241611480713,1.9291528463363647,5.220860958099365,2.3848044872283936,4.114685535430908,2.8775668144226074,2.1372005939483643,-3.1859657764434814,2.973037004470825,4.257914066314697,,2.45092511177063,2.5340495109558105,3.135002851486206,1.0077872276306152,4.843523025512695,2.1121504306793213,4.1409592628479,4.857826232910156,4.525252819061279,3.8823015689849854,4.864500999450684,4.767734050750732,1.8962126970291138,4.88194465637207,5.044403553009033,-0.44013896584510803,3.6569652557373047,-1.2708872556686401,5.187870502471924,-0.06357143819332123,2.6805739402770996,2.6618471145629883,4.307826519012451,4.360682487487793,-0.1756146252155304,5.30450439453125,2.5443599224090576,2.7824833393096924,2.0775556564331055,3.219367742538452,3.6386301517486572,4.3126912117004395,3.821746826171875,2.3343288898468018,-0.04592999815940857,3.839601993560791,1.1282645463943481,2.915278911590576,4.193390846252441,4.26432466506958,2.4581151008605957,3.315835475921631,3.1074631214141846,3.768125534057617,5.127295017242432,4.1411566734313965,4.626439094543457,2.8953213691711426,-3.76763653755188,3.1544406414031982,-0.2781776487827301,4.970315933227539,0.24501445889472961,,2.9214932918548584,2.648716449737549,3.2209582328796387,3.6693947315216064,4.578101634979248,4.756862640380859,,3.1384353637695312,1.6658289432525635,,-5.492629051208496,-0.7409980297088623,1.7052738666534424,2.1863677501678467,3.764047145843506,-4.113216400146484,3.202409505844116,2.170543670654297,,3.526162624359131,-0.9066348075866699,1.0779812335968018,0.16060732305049896,6.439723968505859,0.33749133348464966,1.04520583152771,1.178063154220581,,2.4626893997192383,2.9256300926208496,2.640143871307373,3.3850739002227783,3.1476528644561768,5.048649787902832,2.2448761463165283,-4.363675594329834,-3.8028903007507324,4.713823318481445,1.6055787801742554,3.144963264465332,3.2534828186035156,3.799370050430298,1.263788104057312,4.124166965484619,1.0238478183746338,1.6852556467056274
HCC1187,3.937760353088379,1.7122955322265625,4.686156272888184,4.243571758270264,4.730949401855469,1.2504169940948486,2.005748748779297,2.534691095352173,1.7204424142837524,3.4192564487457275,1.453366994857788,-0.06872807443141937,-0.25235626101493835,2.7535858154296875,0.7686686515808105,1.9368627071380615,,2.5655624866485596,4.745865821838379,2.316767454147339,-2.718418836593628,4.94741153717041,2.7379722595214844,,,1.8271819353103638,-6.051825523376465,2.4782254695892334,5.207281112670898,,5.160107612609863,-3.3658125400543213,1.9721537828445435,1.5983610153198242,2.1003801822662354,5.243049621582031,0.8299862146377563,4.746847629547119,-1.607714056968689,,1.6468021869659424,-3.060131788253784,-5.746060371398926,5.030430793762207,3.480491876602173,5.171821117401123,5.540539741516113,,1.8347655534744263,3.5239102840423584,-1.3314365148544312,1.9866901636123657,0.6697887182235718,2.848127841949463,4.996764183044434,0.20332862436771393,4.184713363647461,4.911950588226318,3.6087653636932373,1.550949215888977,5.279538154602051,2.6125340461730957,4.385947227478027,3.2054569721221924,2.204408884048462,-2.930328607559204,2.962786912918091,4.279454708099365,,2.638726234436035,2.244614839553833,2.664928674697876,0.9834129810333252,5.114715099334717,2.051050901412964,4.190669059753418,4.980617523193359,4.809629917144775,4.1606669425964355,5.066591262817383,4.983206748962402,2.0438694953918457,5.049211025238037,5.228560447692871,-0.16801097989082336,3.695425271987915,-1.1748347282409668,5.219092845916748,0.02370021492242813,2.133716583251953,2.754972219467163,4.559716701507568,4.667896270751953,0.47394296526908875,5.425110816955566,2.6170413494110107,2.6630167961120605,1.5942165851593018,3.421435594558716,3.7650647163391113,4.46132755279541,4.112917900085449,2.324859142303467,0.3061324954032898,4.0078349113464355,0.9358965158462524,2.8523478507995605,4.237214088439941,4.3590989112854,3.415433168411255,3.577388286590576,3.2953860759735107,3.9366917610168457,5.378725051879883,4.733117580413818,4.647998332977295,2.9423880577087402,-3.722761392593384,3.4162638187408447,-0.062422141432762146,5.237333297729492,0.23582077026367188,,3.0678203105926514,3.794219732284546,3.4785399436950684,3.8501570224761963,4.776615142822266,4.961251258850098,,3.9636733531951904,1.8403712511062622,,-5.521623134613037,-0.5002257823944092,1.6486636400222778,2.3803529739379883,4.466536521911621,-4.479194641113281,3.519015073776245,2.23759388923645,,3.7162702083587646,-0.3785436451435089,0.5591766834259033,0.30082929134368896,6.478491306304932,0.524956226348877,0.703045129776001,2.5438899993896484,,2.6848137378692627,2.3202004432678223,2.711275339126587,3.5828447341918945,3.5882890224456787,5.258515357971191,1.9000250101089478,-4.454441547393799,-3.867675304412842,4.880268573760986,1.4477428197860718,3.165346145629883,3.630528450012207,4.154086589813232,1.214577317237854,4.264466285705566,0.9693725109100342,1.5724821090698242
AU565,3.9727413654327393,2.396575450897217,4.622711658477783,4.192691802978516,4.76539421081543,1.5608855485916138,1.7884351015090942,2.6148269176483154,1.7984191179275513,3.082671642303467,1.6668825149536133,0.28769007325172424,-0.42135176062583923,2.1915502548217773,0.43514353036880493,1.4330580234527588,1.266614556312561,2.0434787273406982,4.616662979125977,2.647738456726074,,4.871312618255615,2.6830053329467773,,,2.3553755283355713,-5.582458972930908,2.3971805572509766,5.13029146194458,,5.147423267364502,-2.2099435329437256,1.8406809568405151,2.4294421672821045,2.1262331008911133,5.188240051269531,1.760593295097351,4.7402215003967285,-1.7892804145812988,,1.1773602962493896,-2.8941681385040283,-4.796011924743652,4.933569431304932,3.46928334236145,5.149046421051025,5.493691444396973,,1.9033863544464111,3.2628743648529053,-0.7272433042526245,1.7643438577651978,0.6990289688110352,2.8683743476867676,4.941250801086426,0.04801806062459946,4.07575798034668,4.839904308319092,3.6236014366149902,1.8606804609298706,5.4090704917907715,2.5723776817321777,4.2837300300598145,3.120682716369629,1.9930689334869385,-1.211582899093628,2.6850497722625732,4.232257843017578,,2.610933780670166,1.9787850379943848,2.223365545272827,2.0435068607330322,5.028408527374268,1.774340271949768,4.393003940582275,4.978026390075684,4.720963001251221,4.059669017791748,5.035707950592041,4.935962200164795,1.4318231344223022,5.051992893218994,5.216974258422852,0.4430820345878601,3.56502628326416,-1.1580394506454468,5.443359851837158,0.26976478099823,1.7713712453842163,2.874234676361084,4.437674045562744,4.565073490142822,0.820454478263855,5.422654151916504,2.4415552616119385,2.323016881942749,2.35532283782959,3.3226664066314697,4.32293701171875,4.651004314422607,4.055420875549316,1.973144292831421,0.3851996064186096,4.390600204467773,0.7792907953262329,3.545532464981079,4.304610252380371,4.47543478012085,2.112166166305542,3.516540765762329,3.392206907272339,3.7964131832122803,5.32725715637207,4.553721904754639,4.670067310333252,2.6035001277923584,-3.4861271381378174,3.3777506351470947,0.3802485764026642,5.188218116760254,0.010337784886360168,,3.197899103164673,2.3432955741882324,3.500230550765991,3.987868309020996,4.757782459259033,4.897577285766602,,2.615023612976074,1.8423048257827759,,-3.921017646789551,-0.13774213194847107,1.0532491207122803,2.374192476272583,3.6583616733551025,-3.462059497833252,3.611013174057007,2.335059642791748,,3.62399959564209,-0.8132578134536743,0.07809659093618393,0.5809745788574219,6.588959693908691,0.6290266513824463,1.4402878284454346,1.033087134361267,,2.807511806488037,1.7277263402938843,2.754798173904419,3.7641618251800537,2.688903570175171,5.25398063659668,2.566974639892578,-3.782519817352295,-3.564460039138794,4.864711284637451,1.5709515810012817,3.433924436569214,3.5178375244140625,4.0247368812561035,1.5042496919631958,4.208847999572754,1.318787932395935,1.9198582172393799
CAMA-1,3.9791553020477295,1.360149621963501,4.377041339874268,3.828158140182495,4.640607833862305,1.8289783000946045,2.339623212814331,2.5083234310150146,1.8509796857833862,3.539829969406128,1.9530370235443115,0.917829155921936,0.564714789390564,3.2700178623199463,1.8084628582000732,2.179291248321533,1.9351400136947632,3.061068534851074,4.436285495758057,2.3748996257781982,-1.5074611902236938,4.613916397094727,2.6246562004089355,,,3.1885740756988525,-5.152619361877441,2.7161054611206055,4.897444725036621,,4.962504863739014,-1.9425454139709473,2.174898386001587,2.505991220474243,2.1530468463897705,4.877574443817139,1.982684850692749,4.5684709548950195,-0.8150795698165894,-2.9939098358154297,2.97977352142334,-2.405031204223633,-4.664019584655762,4.694558620452881,3.1833057403564453,4.844236373901367,5.187994480133057,,1.525112271308899,3.7028210163116455,-0.24801930785179138,2.7979440689086914,1.2013592720031738,2.6444122791290283,4.730227470397949,1.0460151433944702,3.785994052886963,4.615220546722412,3.592679023742676,1.9235495328903198,5.047365188598633,2.4701972007751465,4.1137590408325195,2.978829860687256,2.842088222503662,-0.9744554758071899,2.9141485691070557,3.909971237182617,,2.4266326427459717,4.193811416625977,3.0126237869262695,2.036679744720459,4.799355983734131,2.07698130607605,3.866856336593628,4.8314900398254395,4.59517765045166,3.671976327896118,4.823139667510986,4.7099151611328125,3.1772778034210205,4.823462009429932,4.958733558654785,0.5587080717086792,3.328503131866455,-0.9739241600036621,5.148777484893799,0.7362451553344727,2.34718656539917,2.6395792961120605,4.067317008972168,4.3855390548706055,1.2336206436157227,5.126606464385986,2.8291406631469727,2.440230131149292,1.0752816200256348,3.321572780609131,3.860091209411621,4.556182384490967,3.67596697807312,2.3164467811584473,0.8367692232131958,3.8460042476654053,1.8055031299591064,3.153726577758789,3.8079347610473633,4.012589931488037,2.3675780296325684,3.5061538219451904,3.1743974685668945,3.7397408485412598,5.078841209411621,4.518954753875732,4.448627948760986,2.97723388671875,-2.9903085231781006,3.4713733196258545,0.7206755876541138,4.9554619789123535,1.2372462749481201,,3.0592398643493652,2.868279218673706,3.437821865081787,3.591045618057251,4.354135036468506,4.78177547454834,,3.1549296379089355,1.8476206064224243,,-3.9874491691589355,0.008616805076599121,4.021905899047852,2.2472636699676514,3.980663776397705,-1.927314043045044,3.4703991413116455,2.0816619396209717,1.3384652137756348,3.5486040115356445,0.1830356866121292,1.7961370944976807,0.7859014272689819,6.398191928863525,1.4350602626800537,1.3513720035552979,1.377200961112976,,2.4741106033325195,2.571275472640991,2.6983909606933594,3.5519134998321533,3.1598258018493652,4.979562759399414,1.7806670665740967,-3.554426670074463,-3.059356927871704,4.569486141204834,1.3307902812957764,3.0798609256744385,3.5491960048675537,3.9414334297180176,1.570786714553833,3.8554253578186035,1.7401790618896484,2.0435993671417236
BT-549,4.355924606323242,2.474902391433716,4.719754695892334,4.393831253051758,4.737314701080322,1.7602128982543945,2.520270586013794,2.8502888679504395,1.9170509576797485,3.567929744720459,1.913818597793579,-0.05630868673324585,-0.47641339898109436,3.121697187423706,1.943230152130127,2.7422714233398438,1.3596917390823364,3.5679168701171875,4.818042278289795,2.8266751766204834,-1.7061214447021484,4.958182334899902,3.1531174182891846,,,2.462541341781616,-5.499621868133545,2.483975410461426,5.180263996124268,,5.182194232940674,-2.828686237335205,2.2187910079956055,2.464804172515869,2.5602035522460938,5.219583511352539,1.1123716831207275,4.455411911010742,-1.8810136318206787,-3.421612024307251,0.43841975927352905,-2.8033840656280518,-4.900943756103516,5.041117191314697,3.5484089851379395,5.1643524169921875,5.5652174949646,,2.256077527999878,3.476731538772583,-1.3986716270446777,2.843982696533203,0.9494597911834717,2.9548239707946777,5.036004543304443,0.19220788776874542,4.317811012268066,4.978586196899414,3.66871976852417,2.465672016143799,5.40540075302124,2.717921257019043,4.37778377532959,3.2702555656433105,3.1501505374908447,-2.0336365699768066,3.2115654945373535,4.410264015197754,,2.6992321014404297,4.372192859649658,3.5845181941986084,1.8763024806976318,5.102849960327148,2.3079001903533936,4.518338203430176,5.110249996185303,4.8646392822265625,4.2642388343811035,5.081795692443848,5.022854804992676,3.347743511199951,5.022915363311768,5.294159412384033,-0.09443032741546631,4.036179542541504,-1.2675065994262695,5.383359432220459,0.3368714153766632,3.009718418121338,2.9672560691833496,4.614832878112793,4.727763652801514,-0.037444353103637695,5.513153553009033,2.955554962158203,3.0440471172332764,2.4311585426330566,3.440835475921631,4.12177848815918,4.428665637969971,4.201863765716553,2.5024211406707764,0.09987839311361313,4.1778564453125,1.936657428741455,3.791133403778076,4.4991068840026855,4.471688747406006,2.7683792114257812,3.6690475940704346,3.476078987121582,3.991579055786133,5.358403205871582,4.403929710388184,4.6410698890686035,3.155304193496704,-3.108565330505371,3.5954065322875977,0.13958847522735596,5.245438575744629,0.7623138427734375,,3.4004149436950684,3.1326851844787598,3.6194002628326416,3.974196195602417,4.850521087646484,5.053136825561523,,3.584929943084717,1.9495346546173096,,-4.614573001861572,-0.507848858833313,3.9910507202148438,2.435655355453491,4.145992755889893,-4.6641364097595215,3.615963935852051,2.378020763397217,1.5867421627044678,3.8952465057373047,-0.5599352121353149,1.948416829109192,0.3653181493282318,6.585854530334473,0.4389210045337677,1.9240117073059082,1.4872965812683105,,2.742124557495117,3.3198559284210205,3.049927234649658,3.7717955112457275,3.5006039142608643,5.232293605804443,2.5894625186920166,-3.6714935302734375,-3.058941125869751,4.9461870193481445,1.739090085029602,3.5346105098724365,3.563098192214966,3.9937336444854736,1.7535094022750854,4.414203643798828,1.7470604181289673,2.3952231407165527
MDA-MB-415,3.7492778301239014,2.1793227195739746,4.693108558654785,4.264700412750244,4.807016372680664,1.9384186267852783,2.4678897857666016,2.707473039627075,2.0245938301086426,3.2745978832244873,1.9896905422210693,0.7003388404846191,-0.013783231377601624,3.041313648223877,2.0089969635009766,2.381586790084839,1.8403116464614868,3.2516016960144043,4.696396827697754,2.6371099948883057,-0.7340319156646729,4.886800765991211,2.8714163303375244,,,2.6696858406066895,-4.80562686920166,2.6615824699401855,5.183280944824219,,5.200634479522705,-2.60986065864563,2.298158884048462,2.350477695465088,2.343047618865967,5.203727722167969,1.5073469877243042,4.102476596832275,-1.3296574354171753,-1.3989967107772827,2.48014497756958,-1.9488344192504883,-2.3979437351226807,4.93367338180542,3.3973004817962646,5.165745258331299,5.498744010925293,,2.171762228012085,3.4442949295043945,-0.8157687187194824,2.836475372314453,1.0459524393081665,2.913437604904175,5.039586544036865,0.6987602710723877,4.171226501464844,4.933883190155029,3.555608034133911,2.3551406860351562,5.337100982666016,2.6187548637390137,4.369222164154053,3.15354061126709,2.96171498298645,-2.098710298538208,2.8681094646453857,4.27215576171875,,2.7192461490631104,4.180840969085693,3.232571840286255,1.740816354751587,5.051654815673828,2.2545788288116455,4.335991382598877,5.177818298339844,4.804642200469971,4.067370414733887,4.9854655265808105,4.995699405670166,3.211963176727295,5.091301918029785,5.273367404937744,0.4867866337299347,3.7993993759155273,-1.088164210319519,5.327311038970947,0.827180027961731,2.658517360687256,2.7123515605926514,4.476522445678711,4.689304351806641,0.7775759696960449,5.442056179046631,2.8401098251342773,2.6483216285705566,2.0036587715148926,3.211637258529663,3.8003878593444824,3.966538190841675,4.04133415222168,2.3735785484313965,0.48415759205818176,3.9972927570343018,2.01539945602417,3.2777059078216553,4.350532531738281,4.4365010261535645,0.6295974850654602,3.519453287124634,3.3821616172790527,3.9068896770477295,5.363368034362793,4.189053058624268,4.648766994476318,2.9158546924591064,-2.076857328414917,3.2627296447753906,0.5484921932220459,5.23579740524292,1.116117238998413,,3.2931618690490723,1.3540096282958984,3.4342644214630127,3.8129656314849854,4.719300746917725,5.045899391174316,,1.853115439414978,2.034045457839966,,-4.711851119995117,-0.028224706649780273,3.804208993911743,2.447467088699341,2.924086332321167,-1.2980363368988037,3.4033939838409424,2.360107898712158,1.6183364391326904,3.793903112411499,-0.48463842272758484,1.8447225093841553,0.5686901807785034,6.531766891479492,,1.8098089694976807,-0.9008842706680298,,2.7016632556915283,2.776998996734619,2.7846179008483887,3.43583345413208,2.470834970474243,5.271701335906982,2.3841285705566406,-2.0971877574920654,-2.0224852561950684,4.868872165679932,1.7938799858093262,3.4212863445281982,3.5319576263427734,3.924806594848633,1.824143886566162,4.291345119476318,1.8895024061203003,2.346898317337036
HCC1395,4.814337253570557,2.7181825637817383,4.98866605758667,,4.987367153167725,,2.5349111557006836,3.296940803527832,,3.6315882205963135,2.3182201385498047,0.3191615045070648,-0.26052960753440857,2.545680046081543,1.6643426418304443,2.1337852478027344,2.1136269569396973,2.947300910949707,5.10299015045166,3.3302040100097656,-1.2350198030471802,5.369648456573486,,,,3.376795768737793,-5.284692764282227,2.653215169906616,5.547253608703613,,,-1.9236133098602295,2.2788615226745605,3.4762394428253174,2.8624703884124756,5.619752407073975,2.3832273483276367,4.881527900695801,-1.8055508136749268,-3.7017667293548584,0.03294847160577774,,-4.779236316680908,5.410078048706055,3.857692241668701,5.556459426879883,5.939407825469971,,2.398642063140869,,-0.7484959363937378,2.8755013942718506,1.0829353332519531,3.3650145530700684,5.355361461639404,0.1765316128730774,4.637598514556885,5.2654290199279785,,2.737919807434082,5.821374416351318,,4.6864848136901855,3.6068224906921387,3.25128173828125,-0.4379567801952362,,4.547107696533203,,,,2.92404842376709,2.9039125442504883,5.483854293823242,2.166066884994507,,5.357381343841553,,4.6247687339782715,5.423635005950928,,3.1116554737091064,,5.650134563446045,0.5382101535797119,4.094483852386475,-1.2585235834121704,5.830185413360596,0.5216565132141113,2.401963710784912,3.4250595569610596,,,0.5317957401275635,5.8791632652282715,3.1281075477600098,3.0126590728759766,2.678053379058838,3.615687370300293,,4.831709384918213,,,0.40602320432662964,4.7406086921691895,1.7996766567230225,4.36198616027832,4.811142921447754,,2.79392409324646,3.8783254623413086,3.8266589641571045,4.05807638168335,,4.790131092071533,,,-2.961179494857788,3.8042612075805664,0.9856903553009033,,0.38116976618766785,,3.7887930870056152,3.172807455062866,3.9270858764648438,4.30763053894043,,5.355155944824219,,3.6681301593780518,2.185962438583374,,-3.0101397037506104,,3.3978137969970703,2.8148550987243652,4.280707359313965,-4.865446090698242,4.030136585235596,2.726289987564087,1.7241880893707275,4.07936954498291,-0.4012761414051056,1.0844539403915405,0.7733696699142456,6.90038537979126,0.5283850431442261,2.750211477279663,1.6042816638946533,,3.237858533859253,2.5275259017944336,,4.177868843078613,3.4573287963867188,5.6135478019714355,2.9830565452575684,-3.486109733581543,-2.9051742553710938,5.2722954750061035,1.9236183166503906,3.8187084197998047,3.8067383766174316,,2.1077499389648438,,2.3309528827667236,2.78198504447937
BT-483,4.589052677154541,0.5866349935531616,4.587711334228516,,5.0513529777526855,,2.5737123489379883,2.811431884765625,,3.99552059173584,2.396721601486206,1.3916124105453491,1.1154825687408447,3.6924357414245605,2.1510939598083496,2.7222976684570312,2.5937585830688477,3.802717685699463,4.740929126739502,2.772587776184082,0.1126420795917511,4.829261779785156,,,,3.747676372528076,-4.527289390563965,3.006946325302124,,,,-1.6299540996551514,2.416532039642334,2.997089147567749,2.677075147628784,5.114654064178467,2.5580203533172607,4.8265204429626465,-0.3777402937412262,-1.5663622617721558,3.235292911529541,,-3.368994951248169,4.911500453948975,,5.106876373291016,5.538632392883301,,1.890275001525879,,0.1756359040737152,3.168499708175659,1.4725435972213745,2.8602936267852783,4.979803562164307,1.4302059412002563,4.08674955368042,4.809245586395264,,2.3544790744781494,5.4216766357421875,,4.506194114685059,,3.1582088470458984,-0.1114031970500946,,4.358070373535156,,,,3.714874505996704,2.352724313735962,,2.601027250289917,,5.211935997009277,,3.8979122638702393,5.031278610229492,,3.827972888946533,,5.308556079864502,1.1548404693603516,3.6900811195373535,-0.9335814714431763,5.556370258331299,1.2629666328430176,3.020268678665161,3.051823854446411,,,,5.510900497436523,3.3608193397521973,2.8412768840789795,0.274396151304245,3.6640753746032715,,4.969339370727539,,,,4.099396705627441,2.051281690597534,3.7939293384552,4.195343971252441,,1.7776992321014404,3.8266139030456543,3.386591911315918,,,4.776577949523926,,,-1.6043133735656738,4.066800117492676,1.4510451555252075,,1.7349565029144287,,3.435176372528076,2.470484972000122,3.8588619232177734,3.7877655029296875,,5.09733772277832,,2.873831033706665,,,-3.618591547012329,,4.4636945724487305,2.4473419189453125,3.7571520805358887,-1.5228747129440308,3.8035902976989746,2.2795331478118896,1.6339081525802612,3.872828245162964,0.5380845069885254,2.4887101650238037,1.0670908689498901,6.638813018798828,1.9841842651367188,2.5604031085968018,0.7723795175552368,,2.6130378246307373,3.250803232192993,,4.03831148147583,3.2440412044525146,5.233577251434326,1.5806357860565186,-2.122065305709839,-1.6023119688034058,4.817101955413818,1.4695920944213867,3.281917095184326,3.6928696632385254,,2.0453107357025146,,2.3634116649627686,2.5890138149261475
UACC-812,4.466965198516846,1.7173997163772583,4.509571552276611,,4.885309219360352,,2.535956621170044,2.944951057434082,,,2.5250604152679443,1.4400273561477661,1.042924404144287,3.590031623840332,2.1040916442871094,2.820535182952881,,3.7706100940704346,4.611917972564697,2.9436347484588623,0.123261958360672,4.774898529052734,,,,3.757148027420044,-4.453701972961426,3.0481653213500977,5.036752700805664,,,-1.7280538082122803,2.486835479736328,3.0485379695892334,2.8961918354034424,5.04086971282959,2.593473434448242,4.690237522125244,-0.29542770981788635,-1.1669275760650635,3.1330902576446533,,-3.3290138244628906,,3.373321533203125,5.0358076095581055,5.36106538772583,,,,0.15124455094337463,2.989185094833374,1.684583067893982,2.9446756839752197,4.913209438323975,1.459830641746521,4.085606098175049,4.779223442077637,,,5.249668121337891,,4.360830307006836,,3.01078200340271,-0.13581141829490662,,4.378015041351318,,,,3.717832565307617,2.569573163986206,,2.7801785469055176,,,,3.9772727489471436,4.983510494232178,,3.550278902053833,,5.152766704559326,1.3125245571136475,3.850599765777588,-0.7721434831619263,5.37043571472168,1.4096602201461792,3.1348986625671387,3.1614482402801514,,,,5.340993404388428,3.348848342895508,3.0253758430480957,1.5443326234817505,3.689964771270752,,4.863478660583496,,,,4.0768842697143555,2.061206817626953,3.7416462898254395,4.262953758239746,,2.938905715942383,3.8164048194885254,,4.06601619720459,,4.533685207366943,,,-1.650191307067871,4.015543460845947,1.547581434249878,,1.7137494087219238,,3.5001420974731445,3.419548511505127,3.846486806869507,3.870277166366577,,,,3.7529001235961914,2.174185276031494,,-3.425096273422241,,3.968251943588257,2.6241838932037354,4.209212779998779,-1.2902814149856567,3.7634456157684326,2.502528667449951,1.8251991271972656,3.9094183444976807,0.7672635316848755,2.3602123260498047,1.2809677124023438,6.491678714752197,1.9479857683181763,,2.039870262145996,,2.6668601036071777,,,3.9411706924438477,3.6288504600524902,5.163889408111572,2.2112855911254883,-1.8337262868881226,-1.5612672567367554,4.776669979095459,1.8398947715759277,3.404200553894043,3.673247814178467,,2.263880491256714,,2.5501742362976074,2.7131402492523193
MDA-MB-175-VII,4.77099609375,2.2656219005584717,4.91665506362915,,5.284377574920654,,2.5364747047424316,3.081697702407837,,3.808231830596924,2.4291419982910156,1.2435089349746704,0.5250643491744995,3.3676934242248535,2.0244808197021484,2.5015296936035156,2.7011361122131348,3.421586275100708,5.030520915985107,3.116535186767578,-0.16827023029327393,5.203032493591309,,,,3.358980894088745,-4.663348197937012,3.155606508255005,5.44753885269165,,,-1.9428668022155762,2.4505770206451416,2.982851982116699,2.8272955417633057,5.523918151855469,2.5894923210144043,5.078621864318848,-0.9635368585586548,-1.444178581237793,3.0329136848449707,,-2.439368486404419,5.2016754150390625,3.5045526027679443,5.534074306488037,5.901237487792969,,2.281054973602295,,-0.20397987961769104,3.0302700996398926,1.4934531450271606,3.130540370941162,5.28990364074707,1.0421993732452393,4.394698619842529,5.1389875411987305,,2.594491958618164,5.893702030181885,,4.737460136413574,3.4126052856445312,2.99625301361084,-0.8234599828720093,,4.687453746795654,,,,3.4352526664733887,2.2220985889434814,5.3868560791015625,2.7092702388763428,,5.478940010070801,,4.186803340911865,5.397570610046387,,3.3122990131378174,,5.679185390472412,1.1537162065505981,3.8435661792755127,-1.005035161972046,5.964669227600098,1.3069158792495728,2.912385940551758,3.2873785495758057,,,1.3243290185928345,5.873630523681641,3.320042371749878,2.8531978130340576,2.1017677783966064,3.7206649780273438,,5.007991313934326,,,0.8611236810684204,4.599393844604492,2.030895709991455,3.9859795570373535,4.722789287567139,,1.0548559427261353,3.870856523513794,3.6116039752960205,4.111451625823975,,4.958471775054932,,,-1.9126741886138916,3.984823703765869,1.269443154335022,,1.330841064453125,,3.569538116455078,1.6869274377822876,3.883758544921875,4.116262435913086,,5.337815284729004,,2.18524432182312,2.1230602264404297,,-4.0794830322265625,,3.7457945346832275,2.7065436840057373,3.062735080718994,-1.5952080488204956,3.8598573207855225,2.578045129776001,1.8711261749267578,3.9527361392974854,-0.06021566689014435,1.922598123550415,0.9644551277160645,6.932787895202637,1.7309809923171997,2.478395700454712,-0.476403146982193,,2.881040096282959,2.9335224628448486,,4.0958428382873535,2.746691942214966,5.633207321166992,2.5651848316192627,-1.8921403884887695,-1.8581793308258057,5.209842205047607,1.938957929611206,3.6216390132904053,3.7742817401885986,,2.191581964492798,,2.305272102355957,2.819133758544922
MDA-MB-361,4.031582355499268,1.9579640626907349,4.720445156097412,4.244852066040039,4.872786998748779,1.97019624710083,2.4908652305603027,2.813157796859741,2.1560070514678955,3.7292070388793945,2.047182321548462,0.9217075109481812,0.43315595388412476,3.4446041584014893,1.9140820503234863,2.6112618446350098,1.5674047470092773,3.599278211593628,4.799864768981934,2.656628370285034,-0.9334129095077515,4.933586120605469,3.0249016284942627,,,2.9919073581695557,-5.172177314758301,2.8935770988464355,5.246471405029297,,5.301361083984375,-2.43973445892334,2.3673760890960693,2.311121940612793,2.4801409244537354,5.257085800170898,1.6762619018554688,4.6604084968566895,-0.852249264717102,,2.8099021911621094,-2.0211527347564697,-4.179806232452393,5.037846088409424,3.4852256774902344,5.239546298980713,5.67893648147583,,2.1443943977355957,3.826967239379883,-0.4882762134075165,2.90824294090271,1.2682703733444214,2.9315168857574463,5.086557865142822,1.0306590795516968,4.181758880615234,4.973198890686035,3.784954309463501,2.251009225845337,5.435460567474365,2.780388355255127,4.45012092590332,3.2848174571990967,2.9673707485198975,-1.4444533586502075,3.3008196353912354,4.36115026473999,,2.739652633666992,4.328000545501709,3.573878526687622,1.768568515777588,5.156389236450195,2.4644699096679688,4.228175163269043,5.2217535972595215,4.883542060852051,4.058518886566162,5.1491827964782715,5.059199333190918,3.3246777057647705,5.140566825866699,5.368995666503906,0.6527674198150635,3.879481554031372,-0.9664580821990967,5.458535671234131,0.8984963893890381,2.956695556640625,2.920128583908081,4.506641864776611,4.736938953399658,1.1067696809768677,5.590755939483643,3.133969306945801,2.874455690383911,1.797001838684082,3.560225248336792,3.6278603076934814,4.523711681365967,4.047330379486084,2.684753656387329,0.7928000688552856,3.893256664276123,1.9332212209701538,3.1368634700775146,4.264936447143555,4.391661167144775,1.5704203844070435,3.780319929122925,3.494265556335449,4.059546947479248,5.4604082107543945,4.61501407623291,4.820033550262451,3.3156893253326416,-2.49176025390625,3.6620805263519287,0.5932886600494385,5.3140082359313965,1.2647998332977295,,3.388193368911743,2.167248249053955,3.7079193592071533,3.83370304107666,4.7871222496032715,5.1161298751831055,,2.5821821689605713,2.037597417831421,,-4.8348588943481445,0.20663785934448242,3.9915122985839844,2.4827797412872314,3.592546224594116,-1.7302929162979126,3.6344456672668457,2.35068678855896,,3.9060094356536865,0.033788107335567474,1.97787344455719,0.7539023160934448,6.8033623695373535,1.5304747819900513,1.6063286066055298,0.38188546895980835,,2.662836790084839,3.100559711456299,3.0174708366394043,3.690645217895508,2.999545097351074,5.3412322998046875,2.235825300216675,-2.9018778800964355,-2.556122064590454,4.944756507873535,1.7213761806488037,3.464261054992676,3.754647970199585,4.125857353210449,1.7580589056015015,4.307920455932617,1.7903575897216797,2.273367166519165
MDA-MB-453,4.467166423797607,1.1252403259277344,4.476041316986084,3.8371059894561768,4.907455921173096,2.1718320846557617,2.508402109146118,2.6395890712738037,1.9979727268218994,4.112153053283691,2.287209987640381,0.6310991048812866,0.47977083921432495,3.9046006202697754,2.083773136138916,2.7526729106903076,2.4093899726867676,3.6957778930664062,4.718968868255615,2.68894624710083,-1.5065478086471558,4.787367343902588,2.973458766937256,,,4.119884967803955,-5.15643835067749,3.136044979095459,5.153547286987305,,5.272223949432373,-1.5303618907928467,2.3056750297546387,3.161998748779297,2.658942937850952,5.131652355194092,2.5228726863861084,4.74032735824585,-1.0898187160491943,-4.348283290863037,3.063615083694458,-2.991610527038574,-4.812429428100586,4.904096603393555,3.082233190536499,5.086263179779053,5.612163066864014,,1.5698504447937012,4.118486404418945,-0.40346136689186096,3.1511003971099854,1.3457196950912476,2.71614146232605,4.9313883781433105,1.1218966245651245,3.828295946121216,4.782026290893555,3.8522937297821045,2.1227004528045654,5.429967880249023,2.6267294883728027,4.279138565063477,3.1151010990142822,3.155763864517212,0.9116119146347046,3.5334272384643555,4.0810322761535645,,2.468325138092041,4.780235290527344,3.650390386581421,2.8395326137542725,5.0432329177856445,2.533649444580078,4.195486068725586,5.1605424880981445,4.874473571777344,3.588766574859619,5.080132484436035,4.961413860321045,3.7971084117889404,5.050370693206787,5.304112434387207,0.19452404975891113,3.238316535949707,-1.1576825380325317,5.577510356903076,0.6295984983444214,3.024625301361084,3.066573143005371,4.091899871826172,4.56702995300293,0.7444000244140625,5.556946277618408,3.3710432052612305,2.8873655796051025,0.7516512870788574,3.8267440795898438,4.176324367523193,4.964694499969482,3.4913129806518555,2.871042251586914,0.6808677911758423,4.032886028289795,1.9663517475128174,3.712139368057251,3.95638108253479,4.116199970245361,3.048515796661377,3.748422384262085,3.197242498397827,3.736964225769043,5.408463001251221,4.729811191558838,4.729640960693359,3.519340753555298,-3.2154958248138428,4.133547306060791,0.9150279760360718,5.280494689941406,1.4207444190979004,,3.1902897357940674,3.5519962310791016,3.7779247760772705,3.57590389251709,4.6424102783203125,5.106271266937256,,3.9118330478668213,1.8502453565597534,,-0.06519186496734619,-0.41099312901496887,4.698126792907715,2.340696096420288,4.385953903198242,-3.559760570526123,3.802962064743042,2.1589951515197754,1.3045146465301514,3.5344579219818115,0.3118533492088318,2.5396132469177246,0.6907682418823242,6.739681720733643,1.3780248165130615,2.1002931594848633,2.2623097896575928,,2.499645233154297,3.3587377071380615,3.2642405033111572,4.087706089019775,3.890101671218872,5.208293437957764,1.7512608766555786,-3.917938709259033,-3.3084421157836914,4.7467241287231445,1.239986538887024,3.0367345809936523,3.647167921066284,4.041664123535156,1.8286802768707275,3.8774116039276123,2.1914472579956055,2.445408821105957
HCC2218,4.502079010009766,1.9973541498184204,4.660109043121338,,5.009637832641602,2.1103546619415283,2.3811891078948975,2.784717321395874,2.1277265548706055,3.8087494373321533,2.2088701725006104,0.8345017433166504,0.39373236894607544,3.303938865661621,1.7336652278900146,2.29474139213562,2.082918643951416,3.144680976867676,4.805635452270508,2.8087215423583984,-1.3825167417526245,4.955226421356201,2.9555540084838867,2.675975799560547,4.751669406890869,,-5.077881336212158,2.96561861038208,5.231746196746826,5.177061080932617,5.304995059967041,-1.938462734222412,2.2830560207366943,2.9932053089141846,2.6148524284362793,5.268536567687988,,4.8759589195251465,-1.1258182525634766,-3.053492546081543,2.767426013946533,-2.6070590019226074,-4.550465106964111,5.005916118621826,3.3423011302948,5.2249579429626465,5.57935905456543,-1.2399494647979736,1.9966968297958374,3.872734308242798,-0.34798842668533325,2.7758495807647705,1.3032480478286743,2.9165499210357666,5.073042869567871,,4.095388889312744,4.919784069061279,3.8381824493408203,2.1620423793792725,,2.7564234733581543,4.459582805633545,3.221919298171997,2.817171096801758,-0.14844995737075806,3.333286762237549,4.343536376953125,2.2904841899871826,2.681210994720459,4.098452091217041,3.1886754035949707,2.5521862506866455,5.1534104347229,2.4107580184936523,4.480256080627441,5.230990409851074,4.928241729736328,3.947187900543213,,5.079267501831055,3.0453598499298096,5.1994171142578125,5.400354862213135,0.677675724029541,3.594627618789673,-1.041042685508728,5.672435283660889,0.7785444259643555,2.5790653228759766,3.1030640602111816,4.392599105834961,4.7137837409973145,1.0912383794784546,5.603313446044922,3.1378262042999268,2.7671682834625244,1.8117473125457764,3.6836678981781006,4.362059593200684,4.980432033538818,3.8886749744415283,2.636461019515991,,4.302215576171875,1.725538730621338,3.744483470916748,4.31618595123291,4.4871344566345215,2.8715527057647705,3.7602784633636475,3.397416591644287,3.94659161567688,5.440939903259277,4.818595886230469,4.921995162963867,3.293577194213867,-3.0176687240600586,3.907116174697876,0.8806588649749756,,1.04899001121521,2.213712453842163,3.3335442543029785,3.1068577766418457,3.7772316932678223,3.902218818664551,4.891828536987305,5.137087821960449,3.2794294357299805,3.474308967590332,1.967198133468628,4.81806755065918,-2.947113513946533,0.01772436499595642,3.6411492824554443,2.4924943447113037,4.231323719024658,-2.5855443477630615,3.7801096439361572,2.3876426219940186,,3.7550973892211914,0.14782239496707916,1.586804986000061,0.8415108919143677,6.710938453674316,1.436859369277954,2.078293800354004,1.9132286310195923,5.054944038391113,,2.713286876678467,3.164257287979126,4.016856670379639,3.467973470687866,5.378139495849609,2.3353500366210938,,-3.058443784713745,4.962874889373779,1.5825259685516357,3.359027862548828,3.683767080307007,4.187830924987793,1.9231302738189697,4.188568592071533,2.0406177043914795,2.390253782272339
HCC1419,4.420914173126221,2.547337293624878,4.971148490905762,4.371970176696777,5.242239475250244,2.0069944858551025,2.400726079940796,2.841005802154541,2.0941481590270996,3.5374279022216797,2.135303258895874,0.7444748878479004,0.052504777908325195,2.9444971084594727,,1.8045734167099,1.956429362297058,2.512293577194214,5.061020374298096,2.819790840148926,-1.6841009855270386,5.395969390869141,2.7904906272888184,,,3.3874354362487793,-5.292261123657227,2.9749197959899902,5.6592583656311035,,5.6550397872924805,-1.7806339263916016,2.3029115200042725,2.9655301570892334,2.403963327407837,5.706280708312988,2.42846941947937,5.1673054695129395,-1.3651371002197266,,2.860353708267212,-2.4930942058563232,-4.672235012054443,5.388266086578369,3.5581681728363037,5.644033432006836,6.033668518066406,,1.9011037349700928,3.779641628265381,-0.308952271938324,2.7883083820343018,1.1593581438064575,3.0439515113830566,5.399381637573242,0.6397662162780762,4.3277106285095215,5.243985176086426,3.8382840156555176,2.1440484523773193,5.899820327758789,2.819437026977539,4.655769348144531,,2.832474946975708,-0.5161223411560059,2.99928879737854,4.330491065979004,,2.7502546310424805,,2.538926362991333,2.5295305252075195,,2.1183524131774902,4.621096134185791,5.474354267120361,5.231365203857422,4.192338943481445,5.4601216316223145,5.395173072814941,2.8251307010650635,5.435232639312744,5.759162902832031,0.6658408641815186,3.529747486114502,-1.099759578704834,6.001284122467041,0.6647064685821533,2.0709903240203857,3.0526957511901855,4.645809173583984,5.018733978271484,,5.961359024047852,2.9176785945892334,2.4879043102264404,2.4337871074676514,3.5971181392669678,4.575347423553467,5.092728137969971,4.208349227905273,2.3330047130584717,0.6665306091308594,4.618208408355713,1.753395438194275,3.5029261112213135,4.49982213973999,4.664738655090332,2.384208917617798,3.7133703231811523,3.5330734252929688,3.9266083240509033,5.8822021484375,5.121168613433838,4.777286529541016,2.993114709854126,-2.866497039794922,3.5797150135040283,0.6895215511322021,5.757462024688721,0.644556999206543,,3.328928232192993,2.7698535919189453,3.654911756515503,4.044469833374023,5.147490501403809,5.448702335357666,,3.1248204708099365,2.0878448486328125,,-3.49076509475708,0.02566322684288025,3.5312108993530273,2.557497262954712,4.014002799987793,-2.854282855987549,3.7662007808685303,2.437592029571533,,3.79547119140625,-0.33637750148773193,0.9168431758880615,0.7519989013671875,7.294315338134766,1.1010340452194214,1.6394850015640259,1.4667054414749146,,2.889103412628174,2.0697710514068604,3.0265464782714844,3.837498188018799,3.1520915031433105,5.7194132804870605,2.7028183937072754,-3.305854082107544,-2.9252946376800537,5.265288829803467,1.7262139320373535,3.529540538787842,3.8350741863250732,4.230758190155029,1.799580454826355,4.3695068359375,1.8711023330688477,2.3338708877563477
HCC1500,4.413087844848633,0.40571027994155884,4.36353874206543,3.939852237701416,,2.4537479877471924,2.604811906814575,2.67578125,2.041779041290283,,2.4346351623535156,1.5071338415145874,1.3602710962295532,3.7914862632751465,2.301748275756836,2.86350154876709,2.9591939449310303,3.9201223850250244,4.493744373321533,2.6097798347473145,0.29820719361305237,,3.0021119117736816,,,4.027523517608643,-4.432689666748047,2.94803786277771,4.920077323913574,,4.990755558013916,-1.3045731782913208,2.363042116165161,3.0915896892547607,2.5954294204711914,4.872698783874512,2.9137332439422607,4.42758321762085,-0.2909621596336365,,3.283541202545166,-1.8584020137786865,-3.6919615268707275,4.69041109085083,3.150036334991455,4.8561296463012695,5.189511775970459,,1.636712908744812,3.9453580379486084,0.29290953278541565,3.2520620822906494,,2.7052996158599854,4.75026798248291,1.7735693454742432,3.948115110397339,4.610533714294434,3.7483386993408203,2.3172574043273926,5.091566562652588,2.586205005645752,4.275508403778076,3.0557641983032227,3.254164457321167,1.1879122257232666,3.3037774562835693,4.052348613739014,,2.461960554122925,4.736584663391113,3.7790331840515137,2.6304075717926025,4.812582015991211,2.542844295501709,4.165884494781494,4.936638832092285,4.6779465675354,3.7304201126098633,4.791459083557129,4.73763370513916,3.959800958633423,4.817983150482178,5.012679576873779,1.0649532079696655,3.525481939315796,-0.8894526958465576,5.142395973205566,1.3846021890640259,3.069230794906616,,4.092924118041992,4.456335544586182,1.445554256439209,5.164648532867432,3.3251984119415283,2.767204761505127,0.05469910055398941,3.427212715148926,3.905163288116455,4.679450035095215,3.6409645080566406,2.716744899749756,1.2881394624710083,3.892279624938965,2.145963668823242,3.634848117828369,3.9575233459472656,4.092504024505615,2.0710954666137695,3.692274808883667,3.209277391433716,3.854886531829834,5.108123779296875,4.475523471832275,4.570700168609619,3.356088876724243,-1.8274003267288208,3.872838258743286,1.812588095664978,5.036774158477783,2.1630380153656006,,,2.832475423812866,3.6956429481506348,3.575944185256958,4.385076999664307,4.8929009437561035,,3.120511770248413,1.9481704235076904,,-1.3993662595748901,0.37882500886917114,4.616244792938232,2.343777656555176,3.9769246578216553,-1.6653673648834229,3.657123327255249,2.106788396835327,,3.7626357078552246,0.9553606510162354,2.931074619293213,1.2198808193206787,6.29731559753418,2.1388227939605713,2.624847173690796,1.136406421661377,,2.490755558013916,3.387810468673706,3.1006019115448,3.882997989654541,3.4002699851989746,4.975534915924072,1.3917064666748047,-2.4145572185516357,-1.7993732690811157,4.552058219909668,1.2675038576126099,3.0529584884643555,3.579651117324829,4.076287746429443,2.021427869796753,3.960273265838623,2.548388957977295,2.5515379905700684
Hs 578T,4.715987205505371,2.62480092048645,4.787939548492432,4.586871147155762,4.801682949066162,2.1613035202026367,2.499927043914795,3.161283493041992,2.1203501224517822,3.633617877960205,2.2384138107299805,0.5896430015563965,0.12063759565353394,2.6929471492767334,1.883846402168274,2.4998984336853027,2.27189040184021,3.577735185623169,4.856997013092041,3.282662868499756,-0.3896961510181427,5.076293468475342,3.4643709659576416,,,3.5899641513824463,-4.771369934082031,2.3732333183288574,,,5.202953815460205,-1.571684718132019,2.232799530029297,3.628602981567383,2.8261427879333496,5.284327507019043,2.5848419666290283,4.656287670135498,-1.481857180595398,-3.093001365661621,-0.38854262232780457,-2.7946460247039795,-4.451425075531006,5.102839469909668,3.7965734004974365,5.2316412925720215,5.5454864501953125,,2.4924540519714355,3.5110585689544678,-0.44300249218940735,2.829831123352051,1.1744694709777832,3.12310528755188,5.094900608062744,0.549277663230896,4.509283542633057,5.045754909515381,3.885847330093384,2.785855293273926,5.458000659942627,2.9111506938934326,4.544571876525879,3.435710906982422,3.1754508018493652,0.3249618113040924,3.2076215744018555,4.551144123077393,,2.8625078201293945,4.30125093460083,3.5288820266723633,3.352160692214966,5.154077053070068,2.2480270862579346,4.754175662994385,5.118135929107666,4.904296875,4.486042022705078,5.1302008628845215,5.091099739074707,3.4457952976226807,5.0835418701171875,5.319729804992676,0.818031907081604,4.211416721343994,-1.1062246561050415,5.488905906677246,0.786443829536438,2.812309741973877,3.282151460647583,4.757672309875488,4.798590183258057,0.7044438123703003,5.498927116394043,3.164806604385376,3.0236871242523193,2.5830180644989014,3.46079158782959,4.582324504852295,4.749380111694336,4.387495517730713,2.309178590774536,0.6385773420333862,4.57489013671875,1.879507064819336,4.453053951263428,4.713685035705566,4.699127674102783,2.280111312866211,3.8586618900299072,3.718982458114624,4.095063209533691,5.345619201660156,4.483855724334717,4.779191970825195,3.1381542682647705,-2.7135672569274902,3.8391401767730713,1.50873601436615,5.287405967712402,0.8725627660751343,,3.7878525257110596,2.9032669067382812,3.913393974304199,4.281484127044678,4.974849224090576,5.080387115478516,,3.371155261993408,2.1910951137542725,,-0.771407961845398,0.25628238916397095,3.7163214683532715,2.6891427040100098,4.059695720672607,-4.496376037597656,3.974708080291748,2.6378772258758545,1.7360912561416626,4.099188327789307,0.0005745887756347656,1.8391751050949097,0.9801565408706665,6.522607803344727,1.0359251499176025,3.0879006385803223,1.2931567430496216,,3.0026347637176514,3.035250663757324,3.353404998779297,4.183175086975098,3.2085280418395996,5.2941765785217285,2.889188289642334,-3.2688698768615723,-2.6016416549682617,5.042744159698486,1.899936556816101,3.75627064704895,3.6113150119781494,4.146945476531982,2.234151601791382,4.57932710647583,2.528878927230835,2.8059022426605225
EFM-19,4.495540142059326,0.4871246814727783,4.555316925048828,4.177311897277832,4.8769378662109375,2.211322069168091,2.4237852096557617,2.8347527980804443,2.1954174041748047,3.962312936782837,2.395350694656372,0.8679726123809814,0.8890398740768433,3.4666759967803955,1.7532885074615479,2.719785451889038,1.8613296747207642,3.6561474800109863,4.7002739906311035,2.8311855792999268,-0.43996766209602356,4.79168701171875,3.3137941360473633,,,3.6690282821655273,-4.342090606689453,2.7534573078155518,5.0236287117004395,,5.149835586547852,-1.6597493886947632,2.3425910472869873,3.2108113765716553,2.879051685333252,5.037792682647705,2.3917171955108643,4.757574558258057,-0.6739499568939209,-2.1971800327301025,2.304609775543213,-1.8680932521820068,-3.4039571285247803,4.888046741485596,3.279411554336548,5.0187668800354,5.388683319091797,,2.219464063644409,3.866434335708618,-0.17641550302505493,2.76735782623291,1.2901719808578491,2.9396514892578125,4.934023857116699,1.1126291751861572,4.110913276672363,4.7855634689331055,3.819706439971924,2.2992238998413086,5.275614261627197,2.7829349040985107,4.448080062866211,3.2612249851226807,2.9023218154907227,-0.016104847192764282,3.5672214031219482,4.361702919006348,,2.7106547355651855,4.005407810211182,3.602351188659668,2.6317522525787354,4.949533939361572,2.5523033142089844,4.442749500274658,5.050479412078857,4.770593643188477,3.9867894649505615,5.057227611541748,4.903253078460693,3.4847571849823,5.006899356842041,5.175530910491943,0.821718692779541,3.7414257526397705,-0.9373488426208496,5.376247882843018,0.8526096343994141,2.940380096435547,3.17974853515625,4.365825176239014,4.571831703186035,1.078499436378479,5.334971904754639,3.3289785385131836,3.1722946166992188,0.3814399540424347,3.6978437900543213,4.163544178009033,4.776968002319336,3.8560593128204346,2.828941822052002,0.9859334230422974,4.119348526000977,1.6529505252838135,4.031362056732178,4.26522159576416,4.43684720993042,3.5462543964385986,3.786245346069336,3.34541916847229,3.9820611476898193,5.257543087005615,4.691425800323486,4.889626979827881,3.512463092803955,-1.718924641609192,4.113659858703613,1.439210295677185,5.1455841064453125,1.294047236442566,,3.487144708633423,3.984959602355957,3.862147331237793,3.8324131965637207,4.739761829376221,4.968588829040527,,4.16550350189209,2.0577707290649414,,-2.7928450107574463,0.19571861624717712,3.5160574913024902,2.5648152828216553,4.5159220695495605,-1.5904556512832642,3.852151870727539,2.4382922649383545,1.628488302230835,3.8359601497650146,0.7865558862686157,2.0218026638031006,1.073160171508789,6.487683296203613,1.5008355379104614,2.6315841674804688,2.6501054763793945,,2.791733741760254,3.2462289333343506,3.357145071029663,4.088469505310059,3.9231669902801514,5.155228137969971,1.5857758522033691,-1.9429080486297607,-1.7197216749191284,4.822361469268799,1.6396090984344482,3.082017660140991,3.538438558578491,4.17466402053833,2.1926536560058594,4.199737548828125,2.4620633125305176,2.4926095008850098
HDQ-P1,4.841843128204346,2.22976016998291,4.995995998382568,4.813411712646484,5.195431232452393,1.997261881828308,2.1009950637817383,3.181537628173828,2.1916744709014893,3.876105308532715,2.0935463905334473,0.519945502281189,0.11404930055141449,3.053340435028076,0.9454289674758911,2.861643075942993,1.4877831935882568,3.674426555633545,5.136597633361816,3.281863212585449,-0.531661868095398,5.326662540435791,3.6464128494262695,,,2.5745749473571777,-5.417903423309326,2.5929503440856934,5.554848670959473,,5.664702415466309,-2.509187936782837,2.224740505218506,2.62866473197937,2.923238515853882,5.678324222564697,1.8140511512756348,5.067944049835205,-1.3321411609649658,,-0.20457851886749268,-2.1308929920196533,-4.241824626922607,5.447309494018555,3.681586742401123,5.649877548217773,6.028675079345703,,2.5966179370880127,3.7095882892608643,-0.6053919792175293,2.1246142387390137,0.9443322420120239,3.160365581512451,5.393301010131836,0.5746194124221802,4.656317710876465,5.292684555053711,3.903615951538086,2.664644956588745,5.994632720947266,2.9426522254943848,4.7658562660217285,3.488624334335327,2.4320878982543945,-1.2383270263671875,3.688767910003662,4.9565229415893555,,2.9192557334899902,3.4241323471069336,3.816664934158325,2.080568313598633,5.508118152618408,2.676445245742798,5.023068428039551,5.5405049324035645,5.099121570587158,4.637335300445557,5.58089542388916,5.365403652191162,2.586292266845703,5.45571231842041,5.80843448638916,0.7364355325698853,4.328805446624756,-1.0599805116653442,6.038881778717041,0.6774041652679443,3.2822611331939697,3.472990036010742,5.012744903564453,4.958142280578613,0.7621570825576782,5.971348285675049,3.330676794052124,3.319871664047241,2.0233302116394043,3.8524348735809326,4.658241271972656,5.1331658363342285,4.483607769012451,2.839231252670288,0.6062836647033691,4.728859901428223,1.0957977771759033,4.410212516784668,4.986142158508301,5.035698890686035,1.9084715843200684,3.925830841064453,3.703082323074341,4.383920669555664,5.808861255645752,4.812972068786621,5.390181541442871,3.536900281906128,-2.2177462577819824,4.170798301696777,0.914751410484314,5.670450210571289,0.7800418138504028,,3.734694719314575,2.442765951156616,4.006017684936523,4.288470268249512,5.335474967956543,5.348755836486816,,3.1617002487182617,2.0667052268981934,,-4.465299606323242,0.25753530859947205,2.006669044494629,2.66886043548584,4.005087852478027,-4.689591884613037,3.9875247478485107,2.664618968963623,,4.1545209884643555,-0.12999001145362854,1.4811838865280151,0.8477674722671509,7.054351806640625,1.2572107315063477,2.453967571258545,0.8715914487838745,,2.9452004432678223,3.4773683547973633,3.562265157699585,4.328568935394287,3.3335227966308594,5.764330863952637,2.6852824687957764,-2.7328743934631348,-2.17519211769104,5.376877307891846,1.9158848524093628,3.6914191246032715,3.6605772972106934,4.4455342292785645,2.0840439796447754,4.845571041107178,1.9879133701324463,2.6240224838256836
EFM-192A,4.7158989906311035,2.3668394088745117,4.763357162475586,4.282284259796143,5.099653244018555,2.318740129470825,2.575592041015625,2.9913904666900635,,3.9177629947662354,2.366464376449585,0.8430782556533813,0.25839728116989136,3.4987289905548096,2.0597941875457764,2.587679862976074,2.542004108428955,3.4975759983062744,4.917584419250488,3.0971500873565674,-0.9006950855255127,5.104362487792969,3.229984760284424,,,3.493617296218872,-5.025151252746582,3.1169991493225098,5.329870223999023,,5.412161350250244,-1.9318015575408936,2.3792848587036133,3.086761951446533,2.791512966156006,5.391543865203857,2.5321390628814697,4.917665481567383,-1.3078536987304688,,2.824793577194214,-2.5950613021850586,-4.357384204864502,5.15504789352417,3.4772305488586426,5.353157043457031,5.816311359405518,,2.2065589427948,3.963116407394409,-0.4724624454975128,3.034608840942383,1.5018298625946045,3.0391175746917725,5.167140483856201,0.851818323135376,4.227810382843018,5.058362007141113,3.9051458835601807,2.537672758102417,5.714513778686523,2.871206521987915,4.545077800750732,3.3570022583007812,3.1162502765655518,-0.6102783679962158,3.480029344558716,4.467468738555908,,2.774954319000244,,3.4852421283721924,2.56105899810791,5.260344982147217,2.6423659324645996,4.660730838775635,5.303095817565918,5.020672798156738,4.077823162078857,5.3001227378845215,5.1486029624938965,3.5564963817596436,5.232583045959473,5.522246360778809,0.7562118768692017,3.757924795150757,-1.1150336265563965,5.779186248779297,0.9712052345275879,2.8868355751037598,3.301764488220215,4.505145072937012,4.824982643127441,1.0316472053527832,5.761700630187988,3.34443736076355,2.960137128829956,2.2283337116241455,3.812645196914673,4.551624298095703,5.055561065673828,3.989900827407837,2.842172384262085,0.6856462955474854,4.450920104980469,2.0221478939056396,4.052772045135498,4.49802303314209,4.630568027496338,2.8477344512939453,3.8442327976226807,3.553279399871826,4.025452136993408,5.596833229064941,4.823466777801514,4.9705681800842285,3.434046983718872,-2.503754138946533,4.083859920501709,0.9419000148773193,5.459676265716553,1.1956887245178223,,3.5010204315185547,3.3105034828186035,3.8702430725097656,4.041348457336426,4.9886860847473145,5.216935157775879,,3.7230870723724365,2.0095536708831787,,-3.6847102642059326,0.016093850135803223,4.229342937469482,2.559138298034668,4.321756362915039,-3.6096725463867188,3.872278928756714,2.477965831756592,,3.8730833530426025,0.004179060459136963,2.0212583541870117,0.8048567771911621,6.910730361938477,1.4010834693908691,2.5528619289398193,1.8405178785324097,,2.778479814529419,3.0718424320220947,3.4153575897216797,4.137861728668213,3.6473982334136963,5.460665225982666,2.656874418258667,-2.8776204586029053,-2.519167900085449,5.082090854644775,1.8383898735046387,3.564948081970215,3.7390809059143066,4.224365234375,2.0894150733947754,4.3178486824035645,2.26381254196167,2.752617597579956
HCC70,4.892877578735352,1.9208332300186157,4.927291393280029,4.637770652770996,5.269610404968262,2.206174373626709,2.4813592433929443,3.1315741539001465,2.254176616668701,4.027388095855713,2.260923147201538,0.8751404285430908,0.4049377739429474,3.5800278186798096,1.8498958349227905,2.9428207874298096,1.970099687576294,3.8850908279418945,5.069864749908447,3.173109769821167,-0.3891613185405731,5.164477825164795,3.5598013401031494,,,2.8566091060638428,-5.277865886688232,3.049816846847534,5.456726551055908,,5.57717227935791,-2.6952438354492188,2.4085288047790527,2.5701348781585693,2.9108872413635254,5.587802886962891,1.8428378105163574,5.069342136383057,-1.0685666799545288,-1.5942637920379639,2.2511868476867676,-1.9561617374420166,-3.3637969493865967,5.276024341583252,3.6001102924346924,5.576550006866455,5.9491496086120605,,2.4455628395080566,3.99454927444458,-0.5439707040786743,2.874920606613159,1.246738314628601,3.146737575531006,5.3227033615112305,0.8862079381942749,4.532516956329346,5.1999192237854,3.9733378887176514,2.680845022201538,5.841907501220703,2.9626893997192383,4.806420803070068,3.479783058166504,3.0303094387054443,-1.7569012641906738,3.700326442718506,4.881072521209717,,2.909011125564575,4.463705539703369,3.9041407108306885,1.7281259298324585,5.382114410400391,2.8287014961242676,4.967689037322998,5.486485958099365,5.1054229736328125,4.365577220916748,5.441824436187744,5.2890095710754395,3.5039520263671875,5.379665374755859,5.689619541168213,0.8724935054779053,4.113543510437012,-1.0695456266403198,5.9133195877075195,0.8895010948181152,3.2968640327453613,3.3902177810668945,4.817838668823242,4.937892436981201,1.069687008857727,5.904057502746582,3.4848709106445312,3.2153193950653076,1.7407978773117065,3.9237146377563477,4.511281490325928,5.13929557800293,4.200139045715332,2.9975624084472656,0.6698262691497803,4.59359884262085,1.8404643535614014,4.313784599304199,4.845826625823975,4.965902805328369,1.7650806903839111,3.9591081142425537,3.662201404571533,4.305866241455078,5.7195234298706055,4.905733585357666,5.359340667724609,3.6134085655212402,-2.059058427810669,4.236672401428223,0.8467651605606079,5.586673259735107,1.24399733543396,,3.6725339889526367,2.4228594303131104,4.025270462036133,4.181507587432861,5.198119640350342,5.322216987609863,,2.9506912231445312,2.008131504058838,,-4.928439140319824,0.2434840202331543,3.6633613109588623,2.6727755069732666,3.7942850589752197,-2.972874402999878,3.9648971557617188,2.5718283653259277,1.6640981435775757,4.09091854095459,-0.07904882729053497,2.0900444984436035,0.723889946937561,6.921215534210205,1.5567394495010376,2.3968794345855713,0.6112996339797974,,2.854647159576416,3.490863561630249,3.5683481693267822,4.337532997131348,3.3655142784118652,5.686497211456299,2.3858535289764404,-2.3283987045288086,-2.0238471031188965,5.25416898727417,1.8325544595718384,3.6398239135742188,3.769444704055786,4.445577144622803,2.0781843662261963,4.679685115814209,2.080301523208618,2.7794556617736816
HCC1954,4.98779821395874,2.4774954319000244,4.949527263641357,4.657467842102051,5.258716583251953,2.316006660461426,2.1396896839141846,3.212723731994629,2.3300042152404785,3.909970998764038,2.2876391410827637,0.8869228363037109,0.3040330708026886,3.037435531616211,1.0862882137298584,2.4232404232025146,2.284994602203369,3.2265214920043945,5.058801174163818,3.3526229858398438,-0.5594972372055054,5.267368316650391,3.4949662685394287,,,3.501255512237549,-5.173397064208984,2.934218645095825,5.460199356079102,,5.55784797668457,-1.6523209810256958,2.2559869289398193,3.294724225997925,2.8517041206359863,5.588367462158203,2.616661310195923,5.253612995147705,-1.1827303171157837,,1.5390992164611816,-2.565725564956665,-4.448691368103027,5.314849853515625,3.685004234313965,5.572301387786865,5.900225639343262,,2.461948871612549,3.8884098529815674,-0.10257026553153992,2.318638563156128,1.2314181327819824,3.17145037651062,5.308704853057861,0.8060441017150879,4.5233964920043945,5.1968607902526855,4.062804222106934,2.5734786987304688,5.960067272186279,3.0115723609924316,4.742641448974609,3.5092456340789795,2.4650022983551025,-0.17637896537780762,3.58154559135437,4.8642683029174805,,2.922966718673706,3.1459264755249023,3.4037375450134277,2.908512592315674,5.418384552001953,2.59350323677063,4.993849754333496,5.448188304901123,5.095015048980713,4.460914611816406,5.497338771820068,5.309668064117432,2.4095468521118164,5.392911434173584,5.697210788726807,1.1019154787063599,4.1202192306518555,-0.973296046257019,6.02271842956543,0.9510036706924438,2.8633759021759033,3.538973093032837,4.858785629272461,4.906067848205566,1.2611323595046997,5.875792503356934,3.320115566253662,2.97591233253479,2.2828125953674316,3.938825845718384,4.871835708618164,5.397683143615723,4.364864349365234,2.7342634201049805,0.8584797382354736,4.896872043609619,1.325927734375,4.421552658081055,4.894620895385742,5.0166802406311035,1.4430391788482666,4.007365703582764,3.750415086746216,4.28581428527832,5.683167457580566,5.004361629486084,5.376694679260254,3.4325363636016846,-2.7389965057373047,4.285515308380127,1.4085495471954346,5.615642547607422,0.918881893157959,,3.7001285552978516,2.0093719959259033,4.092231750488281,4.365045547485352,5.261425018310547,5.281418323516846,,2.5247297286987305,2.0823729038238525,,-2.969029664993286,0.4672640562057495,2.0772531032562256,2.7391488552093506,3.5676090717315674,-4.239067554473877,4.104499340057373,2.701441526412964,,4.083582878112793,-0.11583968997001648,1.3415950536727905,1.090273141860962,6.988794803619385,1.5313432216644287,2.786097764968872,0.29820412397384644,,2.990804672241211,2.8982155323028564,3.588313341140747,4.481718063354492,2.9726099967956543,5.664015769958496,2.883087158203125,-3.1714730262756348,-2.7594921588897705,5.278509616851807,1.9257173538208008,3.80135440826416,3.823780059814453,4.512608528137207,2.2111401557922363,4.681855201721191,2.2036077976226807,2.7312073707580566
CAL-120,4.684956073760986,2.121259927749634,4.84220027923584,4.53123140335083,4.971616268157959,2.3741376399993896,2.7137115001678467,3.225689649581909,2.1630771160125732,3.9985084533691406,2.4717249870300293,0.4458603262901306,0.09899397194385529,3.609084129333496,2.2964298725128174,3.3443050384521484,2.5913939476013184,4.172260761260986,4.982825756072998,3.29970383644104,-0.3447379171848297,5.1647796630859375,3.6571786403656006,,,3.7068071365356445,-4.763838291168213,2.7036519050598145,5.396570682525635,,5.417498588562012,-1.896831750869751,2.428083658218384,3.464176654815674,3.0720860958099365,5.46065616607666,2.2472503185272217,4.581793308258057,-1.4250248670578003,,0.21958617866039276,-2.2230238914489746,-3.921332359313965,5.228651523590088,3.5432748794555664,5.418891429901123,5.802880764007568,,2.497006893157959,3.771838903427124,-0.651229977607727,3.33315110206604,1.136435866355896,3.084404945373535,5.250683784484863,0.7276058197021484,4.450690269470215,5.15336275100708,3.8674023151397705,2.998569965362549,5.702322006225586,2.866236686706543,4.5980305671691895,3.4305062294006348,3.5319299697875977,-0.38962385058403015,3.580225706100464,4.5686516761779785,,2.791250228881836,4.739552021026611,4.105430603027344,2.8212203979492188,5.312201499938965,2.725034236907959,4.747675895690918,5.353161811828613,5.063539505004883,4.319631576538086,5.283023357391357,5.229498386383057,4.117175102233887,5.234333038330078,5.55977725982666,0.5114132165908813,4.023181438446045,-1.3054533004760742,5.74813175201416,0.8291003704071045,3.5424633026123047,3.376919984817505,4.7186279296875,4.906822681427002,0.35270071029663086,5.783092498779297,3.5336947441101074,3.347428798675537,1.8909579515457153,3.6674277782440186,4.4589409828186035,4.7465739250183105,4.160394191741943,2.82947039604187,0.47282612323760986,4.448821067810059,2.1310083866119385,4.339203834533691,4.690528392791748,4.676511764526367,1.406796932220459,3.8645174503326416,3.619584321975708,4.068169116973877,5.608423709869385,4.538663864135742,4.896078586578369,3.5570826530456543,-1.866013765335083,4.1311564445495605,1.2036969661712646,5.503000259399414,1.4052101373672485,,3.781029224395752,2.232142925262451,3.9564366340637207,4.026623725891113,5.0637688636779785,5.298128604888916,,2.829744338989258,2.0320236682891846,,-2.885267496109009,-0.0854308009147644,4.41541051864624,2.5577635765075684,3.69533109664917,-4.265243053436279,3.9552552700042725,2.5161948204040527,,3.9923207759857178,-0.06345084309577942,2.759809970855713,0.7957838773727417,6.834014892578125,1.2365005016326904,3.2065985202789307,-0.002010166645050049,,2.832395553588867,3.8481857776641846,3.5819554328918457,4.191009521484375,3.364626407623291,5.511253833770752,2.6313672065734863,-2.4221253395080566,-1.7775945663452148,5.147172927856445,1.8557261228561401,3.6001880168914795,3.548089027404785,4.1121439933776855,2.3615047931671143,4.541296005249023,2.6566102504730225,3.117072582244873
Du4475,4.893289566040039,0.9066817760467529,5.225036144256592,4.4835896492004395,5.561382293701172,2.484511375427246,2.7710225582122803,3.274137020111084,2.147256851196289,4.446559429168701,2.402892827987671,1.0301555395126343,0.691813588142395,4.065372943878174,2.0253727436065674,2.2809860706329346,2.8382930755615234,3.6541759967803955,5.325649261474609,3.013566255569458,-0.4795466363430023,5.565242290496826,3.2289586067199707,,,5.176854133605957,-5.12860107421875,3.4174013137817383,5.680957317352295,,5.698966979980469,-0.6967579126358032,2.4147074222564697,4.053214073181152,2.247619867324829,5.728010177612305,2.7858316898345947,5.390596866607666,-0.40037044882774353,,3.5029985904693604,-2.5567827224731445,-5.046433448791504,5.489197731018066,3.7024848461151123,5.649450302124023,6.065127372741699,,1.2802091836929321,4.675075054168701,0.5538851022720337,3.7042717933654785,1.037697434425354,3.274678945541382,5.508542537689209,1.4150686264038086,4.502485275268555,5.380880832672119,4.304361820220947,2.367034673690796,5.915570259094238,3.12192440032959,4.949222087860107,3.6894772052764893,3.6362860202789307,1.4376099109649658,3.320493459701538,4.476423740386963,,2.915736436843872,5.538210868835449,3.6004738807678223,3.649604558944702,5.622252464294434,1.914241075515747,4.755831718444824,5.605237007141113,5.5626349449157715,4.250611782073975,5.584273338317871,5.5105133056640625,4.352480888366699,5.514701843261719,5.766969203948975,0.7428823709487915,3.5826117992401123,-1.0223486423492432,6.046639919281006,0.9484128952026367,2.6662726402282715,3.331108331680298,4.768136024475098,5.336085319519043,,6.02556848526001,3.658914566040039,2.317497968673706,0.5419074296951294,4.031778335571289,4.9531073570251465,5.617251396179199,4.350409984588623,2.2470123767852783,1.0726906061172485,4.990447521209717,2.063594102859497,3.872938394546509,4.479497909545898,4.843448638916016,-1.4077603816986084,4.162993431091309,3.834707736968994,4.128977298736572,5.863101005554199,5.418479919433594,4.907909393310547,3.518822431564331,-2.971566915512085,4.223175525665283,1.4478334188461304,5.784669399261475,1.4779338836669922,,3.603951930999756,-0.045687004923820496,4.116689682006836,4.110616207122803,5.2994537353515625,5.639323711395264,,0.1677228808403015,2.12957763671875,,-1.1098964214324951,0.30245378613471985,5.325538635253906,2.7441558837890625,1.5912246704101562,-3.096830368041992,4.148659706115723,2.3966124057769775,,3.992560625076294,-0.09222155809402466,1.9212952852249146,1.19893479347229,7.2007365226745605,1.9981738328933716,1.6829397678375244,-2.965520143508911,,2.951256513595581,2.8067755699157715,3.4391729831695557,4.361382484436035,1.0816301107406616,5.760787487030029,2.2217586040496826,-4.530020713806152,-3.11651873588562,5.387668132781982,1.0594154596328735,,4.331752300262451,4.567215919494629,1.8017433881759644,4.448500633239746,2.4879910945892334,2.6889097690582275
HCC1569,4.8082685470581055,2.6603548526763916,4.807894229888916,4.46319580078125,4.965382099151611,2.4759745597839355,2.6686997413635254,3.2277233600616455,2.3336236476898193,3.835301160812378,2.50333571434021,1.0941179990768433,0.5141210556030273,3.117168664932251,2.159818649291992,2.423555850982666,2.805983304977417,3.4985272884368896,4.888707637786865,3.3261218070983887,-0.33354297280311584,5.135279655456543,3.35195255279541,3.165344476699829,4.911561965942383,,-4.761698246002197,2.9798712730407715,5.315194129943848,5.1193718910217285,5.313807964324951,-1.1436803340911865,2.438408136367798,3.7449662685394287,2.874213457107544,5.37064790725708,,4.876070022583008,-1.0963482856750488,-3.4342048168182373,2.446781873703003,-2.631580352783203,-4.5065083503723145,5.105142116546631,3.6953208446502686,5.331690788269043,5.676743507385254,-0.6397567987442017,2.3212873935699463,3.9313454627990723,-0.025670349597930908,3.2188565731048584,1.5329793691635132,3.1371800899505615,5.168258190155029,1.050876259803772,4.404151916503906,5.0744194984436035,4.071640968322754,2.816072940826416,,3.0111196041107178,4.531144142150879,3.4881210327148438,3.31296706199646,0.7988771200180054,3.294785737991333,4.4696431159973145,2.5581719875335693,2.8865909576416016,4.7656168937683105,3.4273886680603027,3.3784875869750977,5.2048845291137695,2.433198928833008,4.716368675231934,5.226144790649414,5.000421047210693,4.330175399780273,5.187577247619629,5.140353679656982,3.7262444496154785,5.1755452156066895,5.400732517242432,1.1120370626449585,4.002908706665039,-0.9856975078582764,5.62914514541626,1.1950117349624634,2.7659671306610107,3.3595497608184814,4.658749580383301,4.848989009857178,1.2116917371749878,5.6219482421875,3.360847234725952,2.8545854091644287,2.495124101638794,3.711319923400879,4.729371070861816,5.077902793884277,4.273708820343018,2.523364782333374,0.9528142213821411,4.637115955352783,2.1406400203704834,4.411400318145752,4.636876106262207,4.6899919509887695,2.101823329925537,3.966249465942383,3.743824005126953,4.068458080291748,5.450675010681152,4.72930383682251,4.796438217163086,3.2706844806671143,-2.641167163848877,3.9677295684814453,1.5623685121536255,5.3724517822265625,1.2674354314804077,2.4898972511291504,3.699086904525757,2.744516134262085,3.995096445083618,4.2643656730651855,4.997885704040527,5.188253879547119,3.8172545433044434,3.142918586730957,2.227606773376465,4.987815856933594,-1.6091132164001465,0.4732609689235687,4.394501209259033,2.741539239883423,4.026031970977783,-4.542494297027588,4.042168617248535,2.663607597351074,,4.056654453277588,0.24657732248306274,1.9798645973205566,1.1836276054382324,6.793960094451904,1.4923181533813477,2.970317840576172,0.841211199760437,5.139045238494873,,2.8478033542633057,3.4320640563964844,4.237919330596924,3.2000060081481934,5.397441387176514,2.999969482421875,,-2.6276378631591797,5.094848155975342,1.9174355268478394,3.8269619941711426,3.8716869354248047,4.234891414642334,2.3208110332489014,4.457067489624023,2.626067638397217,2.937520980834961
HCC1428,4.826897144317627,2.129603624343872,4.766319274902344,4.358082294464111,5.091572284698486,2.435925245285034,2.5147030353546143,3.051527500152588,2.2342236042022705,3.992246389389038,2.463282823562622,1.23007333278656,0.8423153162002563,3.402965784072876,1.9699366092681885,2.501218557357788,2.6373043060302734,3.611206531524658,4.892429351806641,3.1256957054138184,-0.04578757286071777,5.09131383895874,3.2991394996643066,,,4.1065263748168945,-4.799559593200684,2.9448938369750977,5.295557498931885,,5.368475914001465,-1.1533244848251343,2.3637888431549072,3.634577989578247,2.8024380207061768,5.3534064292907715,2.9268758296966553,5.04066276550293,-0.6231304407119751,,2.777790069580078,-2.406041145324707,-4.214457035064697,5.104124069213867,3.526869773864746,5.3106465339660645,5.706357002258301,,2.1559367179870605,4.003320693969727,0.2871868908405304,3.0254368782043457,1.4416371583938599,3.0101420879364014,5.155938625335693,1.2008079290390015,4.302774906158447,5.025801658630371,4.0456743240356445,2.5299625396728516,5.59850549697876,2.8890154361724854,4.598907470703125,3.3750030994415283,3.099869728088379,1.1025923490524292,3.424520969390869,4.496991157531738,,2.7563674449920654,4.607573509216309,3.553598403930664,3.2619893550872803,5.196908950805664,2.5037434101104736,4.692732334136963,5.2743611335754395,5.008710861206055,4.180675506591797,5.242031097412109,5.161840915679932,3.6266167163848877,5.217667102813721,5.415808200836182,1.2334789037704468,3.8814735412597656,-0.9045783281326294,5.719152450561523,1.1174026727676392,2.846059560775757,3.294349431991577,4.557720184326172,4.812481880187988,1.3844633102416992,5.651979446411133,3.372117042541504,2.8593451976776123,1.8850135803222656,3.750913381576538,4.641092777252197,5.221667766571045,4.100729465484619,2.6631622314453125,1.0772897005081177,4.526033878326416,1.930497407913208,4.2239089012146,4.529358863830566,4.655661106109619,2.3370063304901123,3.9541420936584473,3.597085952758789,4.084530353546143,5.486198425292969,4.9060258865356445,5.0504608154296875,3.418041944503784,-2.380708932876587,4.157667636871338,1.6778782606124878,5.384978771209717,1.3050320148468018,,3.6133689880371094,2.835796594619751,4.0174880027771,4.1217451095581055,4.990147590637207,5.204367637634277,,3.269070863723755,2.1014134883880615,,-1.474428415298462,0.5443997383117676,4.25049352645874,2.6150269508361816,4.123648643493652,-3.2190194129943848,4.048940181732178,2.5230469703674316,,3.988818645477295,0.5460289716720581,1.9834507703781128,1.2436703443527222,6.821775913238525,1.691314697265625,2.8753960132598877,1.2758334875106812,,2.7720985412597656,3.0146331787109375,3.412397861480713,4.29345178604126,3.3449833393096924,5.424398422241211,2.5596437454223633,-2.9664316177368164,-2.3918960094451904,5.065126419067383,1.7436721324920654,3.5780446529388428,3.802201986312866,4.310946941375732,2.2223076820373535,4.376105785369873,2.565014600753784,2.7570438385009766
MDA-MB-468,5.103265285491943,2.4662039279937744,4.9776225090026855,4.722449779510498,5.296864032745361,2.4871909618377686,2.331570625305176,3.409731388092041,2.3865792751312256,4.203989505767822,2.496849536895752,0.864946722984314,0.30900827050209045,3.458735227584839,1.4410039186477661,2.9785265922546387,2.630797863006592,3.7713804244995117,5.11768913269043,3.608797788619995,,5.304321765899658,3.7798187732696533,,,3.4807565212249756,-5.278561115264893,3.04130220413208,5.51923131942749,,5.635554313659668,-1.8570274114608765,2.410226821899414,3.3405115604400635,3.152386426925659,5.662683486938477,2.648441791534424,5.224185943603516,-1.220119833946228,-2.3350510597229004,1.0206464529037476,-2.4906082153320312,-4.352756500244141,5.4152445793151855,3.720761299133301,5.6428351402282715,6.085331916809082,,2.600816249847412,4.0707807540893555,-0.1750948131084442,2.628530502319336,1.311813235282898,3.2428739070892334,5.341113567352295,0.8039523363113403,4.586973667144775,5.231152534484863,4.165436744689941,2.9321210384368896,6.052282810211182,3.1092841625213623,4.784859657287598,3.6383957862854004,2.8327274322509766,-0.5804134607315063,3.866584300994873,4.925331115722656,,2.9672460556030273,3.8891265392303467,3.887988805770874,2.537252187728882,5.482828140258789,2.9133896827697754,5.0986552238464355,5.514128684997559,5.144049644470215,4.512845039367676,5.551224708557129,5.356276988983154,3.106748104095459,5.4375762939453125,5.808873653411865,1.0873615741729736,4.205379486083984,-1.0976316928863525,6.12791633605957,1.0458446741104126,3.3629612922668457,3.7380971908569336,4.916311264038086,4.960578441619873,1.1409717798233032,6.05888557434082,3.616346836090088,3.3235344886779785,2.250074625015259,4.145603179931641,4.96907901763916,5.39231014251709,4.362224578857422,3.0387210845947266,0.7912274599075317,4.932389259338379,1.60080087184906,4.694851875305176,4.983828544616699,5.070737838745117,1.347605586051941,4.120504379272461,3.820416212081909,4.319530963897705,5.807562351226807,4.968916893005371,5.404421329498291,3.7111194133758545,-2.316303014755249,4.524825572967529,1.5074653625488281,5.666380882263184,1.092233419418335,,3.847817897796631,2.1186327934265137,4.241605281829834,4.429342269897461,5.339402675628662,5.365760803222656,,2.7324182987213135,2.08209490776062,,-3.662813901901245,0.4057387709617615,2.8027265071868896,2.7755682468414307,3.728527784347534,-4.741569995880127,4.2653045654296875,2.792731523513794,1.8870633840560913,4.149290084838867,-0.046743348240852356,1.8978569507598877,1.0387989282608032,7.214247703552246,1.5049160718917847,3.1583685874938965,0.12627562880516052,,3.002058506011963,3.5068976879119873,3.874420642852783,4.644476413726807,3.2797691822052,5.749255180358887,2.8695151805877686,-2.8717472553253174,-2.286867380142212,5.337127208709717,1.9471416473388672,3.848660945892334,3.844407796859741,4.495969772338867,2.3322646617889404,4.742517471313477,2.46264386177063,3.0608551502227783
MDA-MB-157,4.868804931640625,2.487074136734009,4.67355489730835,4.363206386566162,4.84929084777832,2.5205209255218506,2.6217405796051025,3.254286766052246,2.445162296295166,4.116057872772217,2.615298271179199,1.1728878021240234,0.8285502195358276,3.3231892585754395,2.0630390644073486,2.7605974674224854,2.550043821334839,3.871708631515503,4.804606914520264,3.430661678314209,0.11697396636009216,4.995556831359863,3.5860939025878906,,,4.306116104125977,-4.597896099090576,2.9620659351348877,5.177716255187988,,5.198970317840576,-0.812701940536499,2.4566919803619385,4.0125627517700195,3.1222593784332275,5.214186668395996,3.147033214569092,4.9474287033081055,-0.5573954582214355,-3.8400397300720215,1.837149977684021,-2.4982094764709473,-4.200563907623291,5.066294193267822,3.6378862857818604,5.174213409423828,5.523086071014404,,2.499049425125122,3.9821112155914307,0.3544032871723175,3.071953058242798,1.6452733278274536,3.210970640182495,5.02468204498291,1.1539922952651978,4.299474239349365,4.9581379890441895,4.081024646759033,2.813485622406006,5.394598484039307,3.0832202434539795,4.475204944610596,3.528280019760132,3.2448244094848633,2.137573719024658,3.689377784729004,4.478074073791504,,2.932757616043091,4.4834489822387695,3.8034815788269043,3.8279051780700684,5.121114253997803,2.684937000274658,4.6309099197387695,5.099113941192627,4.861823081970215,4.242593765258789,5.146679878234863,5.014151573181152,3.7646632194519043,5.039911270141602,5.280348300933838,1.25704824924469,4.059596061706543,-0.8084328174591064,5.485009670257568,1.1543328762054443,3.0520684719085693,3.5209269523620605,4.566866397857666,4.707707405090332,1.2855981588363647,5.45702600479126,3.5179531574249268,3.258466958999634,2.3980300426483154,3.9392616748809814,4.6273884773254395,5.109615802764893,4.163212776184082,2.855409860610962,1.1571784019470215,4.496064186096191,2.0160140991210938,4.486666202545166,4.5236101150512695,4.557631492614746,3.520517110824585,4.023618698120117,3.737819194793701,4.106388092041016,5.349618911743164,4.764499187469482,4.909214019775391,3.595770835876465,-2.232077121734619,4.357490539550781,1.9630306959152222,5.252380847930908,1.354278802871704,,3.8230488300323486,3.9074738025665283,4.110628128051758,4.186386585235596,4.8907318115234375,5.053470134735107,,4.267375469207764,2.2413201332092285,,3.177356004714966,0.642769455909729,4.122408866882324,2.8500020503997803,4.60894250869751,-4.341590881347656,4.161927700042725,2.799738883972168,1.9133597612380981,4.054349899291992,0.7800241708755493,2.1284866333007812,1.3608758449554443,6.646310329437256,1.4882997274398804,3.2632017135620117,2.4524011611938477,,2.9761195182800293,3.381657123565674,3.6432228088378906,4.414882183074951,3.9307305812835693,5.240227222442627,2.8921971321105957,-3.0666816234588623,-2.3303468227386475,4.969874858856201,1.9590368270874023,3.6759305000305176,3.7921676635742188,4.2780609130859375,2.4903101921081543,4.394259452819824,2.988825559616089,2.929605007171631
HCC2157,4.707604885101318,2.2255842685699463,4.849574089050293,4.425665855407715,5.064116954803467,2.4922544956207275,2.787944793701172,3.230400800704956,2.440957546234131,,2.5550076961517334,1.1972888708114624,,3.6971001625061035,2.2265515327453613,2.634080410003662,2.341573476791382,3.759303331375122,4.947994709014893,3.2208356857299805,-0.6112421751022339,5.094821929931641,3.391510486602783,,,4.224367618560791,-4.721953392028809,3.200453042984009,5.336931228637695,,5.343749046325684,-1.3016867637634277,2.5453310012817383,3.5230283737182617,2.834697961807251,5.338207721710205,2.5186479091644287,5.086573123931885,-0.522887110710144,,3.4456639289855957,-2.300663709640503,-4.484558582305908,5.142858982086182,3.689915418624878,5.296271800994873,5.634757041931152,,2.149275779724121,4.2671990394592285,0.21039506793022156,3.4080820083618164,1.4872803688049316,3.209702253341675,5.168338298797607,1.3465204238891602,4.37808895111084,5.062632083892822,4.141595840454102,,5.47688627243042,3.0848302841186523,4.640573978424072,3.5889675617218018,3.446225643157959,0.3293798565864563,3.5222554206848145,4.478106498718262,,2.991297483444214,4.898617744445801,3.681530237197876,3.1051676273345947,5.247326850891113,2.47452974319458,4.621488571166992,5.240225791931152,5.0626349449157715,4.243691444396973,5.2452826499938965,5.1574578285217285,3.94905161857605,5.2627716064453125,5.3849077224731445,1.0278822183609009,3.918849229812622,-0.8308086395263672,5.565753936767578,1.162125587463379,2.872678756713867,3.387765407562256,4.619118690490723,4.899282455444336,1.3801205158233643,5.556284427642822,3.5535800457000732,2.9649181365966797,1.952895164489746,3.9286704063415527,4.582217216491699,5.232194900512695,4.206157684326172,2.7196109294891357,1.1568609476089478,4.561670780181885,2.2119996547698975,4.033082008361816,4.533987998962402,4.612911224365234,2.2833139896392822,4.064723968505859,,4.138489246368408,5.486532211303711,4.990558624267578,4.884115219116211,3.5722262859344482,-2.580183744430542,4.172090530395508,1.3838179111480713,5.387254238128662,1.5082557201385498,,3.676149606704712,2.782107353210449,,4.126736640930176,4.95959997177124,5.205252647399902,,3.149534225463867,2.2896673679351807,,,0.5309381484985352,4.777367115020752,2.8483221530914307,4.107133865356445,-3.106335163116455,4.0635552406311035,2.6512444019317627,,4.043548107147217,0.38059574365615845,2.167672872543335,1.280177354812622,6.715493679046631,1.6564602851867676,,0.9345449209213257,,2.9211480617523193,3.0755012035369873,3.48667573928833,4.249846935272217,3.391284704208374,5.37054443359375,2.7590017318725586,-3.3933191299438477,-2.660914897918701,5.047784328460693,1.7801576852798462,3.7753758430480957,4.0315937995910645,4.333440780639648,2.272862672805786,4.425491809844971,2.5849032402038574,2.8381848335266113
HCC1143,4.999131679534912,2.2962779998779297,4.905666351318359,4.7114410400390625,5.187831401824951,2.7216107845306396,2.213115692138672,3.520129919052124,2.4915661811828613,4.120650768280029,2.6356101036071777,0.9155362844467163,0.49588820338249207,3.212275505065918,1.2737457752227783,3.026165008544922,2.7117114067077637,3.8021669387817383,5.029294490814209,3.713027000427246,0.018552690744400024,5.2413330078125,3.94160532951355,,,3.6769356727600098,-4.910404205322266,2.8085319995880127,5.423678398132324,,5.555570602416992,-1.5455116033554077,2.351862668991089,3.761204957962036,3.281282663345337,5.560962677001953,2.8468515872955322,5.059769153594971,-1.05518639087677,,-0.021473512053489685,-2.272536277770996,-3.196390390396118,5.342111587524414,3.771132230758667,5.555044174194336,5.943175792694092,,2.790877103805542,3.879929304122925,-0.07598954439163208,2.4176406860351562,1.3359330892562866,3.339892625808716,5.291315078735352,0.790940523147583,4.573248386383057,5.188337802886963,4.1488261222839355,3.117112159729004,5.92926549911499,3.1849184036254883,4.744051456451416,3.675722360610962,2.6844260692596436,0.03472384810447693,3.8716766834259033,4.876376152038574,,3.0349884033203125,3.6413867473602295,3.8612921237945557,3.0599052906036377,5.396997451782227,2.992389678955078,5.078813076019287,5.440556049346924,5.050040245056152,4.524036884307861,5.464909553527832,5.294963359832764,3.0676441192626953,5.3794965744018555,5.695512294769287,1.2273041009902954,4.206977844238281,-1.095447301864624,5.994491100311279,1.1595401763916016,3.386209011077881,3.8305253982543945,4.888942241668701,4.858590126037598,1.1417062282562256,5.923128128051758,3.6133832931518555,3.452988386154175,2.1190483570098877,4.061827182769775,4.922767639160156,5.207090854644775,4.339986801147461,3.0712709426879883,0.8716603517532349,4.8974289894104,1.3755854368209839,4.7649126052856445,4.963510513305664,5.042585372924805,1.4186562299728394,4.120721817016602,3.831271171569824,4.2671284675598145,5.6877760887146,4.776088237762451,5.3207831382751465,3.6760690212249756,-1.8187354803085327,4.523601055145264,1.935762643814087,5.574748992919922,1.0092257261276245,,4.0309553146362305,2.199634075164795,4.300376892089844,4.409442901611328,5.266635417938232,5.289028644561768,,2.8270888328552246,2.182363986968994,,-2.878464460372925,0.6098978519439697,2.2759621143341064,2.9153029918670654,3.7184271812438965,-4.23266077041626,4.333614349365234,2.8978800773620605,,4.1262030601501465,0.1553991436958313,1.8554296493530273,1.3161652088165283,6.99507999420166,1.5425630807876587,3.5414774417877197,0.25344493985176086,,3.186224937438965,3.500535488128662,3.9579036235809326,4.647960662841797,3.284898281097412,5.6559319496154785,2.8757145404815674,-2.227625608444214,-1.7262428998947144,5.29360294342041,2.0210981369018555,3.8094005584716797,3.6804182529449463,4.423582553863525,2.676032781600952,4.733903884887695,2.8011553287506104,3.2479352951049805
UACC-893,5.399977684020996,2.6970767974853516,5.147154808044434,4.787415504455566,5.520670413970947,2.681685447692871,2.3612680435180664,3.439030408859253,2.4736499786376953,3.916673421859741,2.5909392833709717,1.0415245294570923,0.28147947788238525,3.0217180252075195,1.3324592113494873,2.1846699714660645,3.0137314796447754,3.06369686126709,5.250469207763672,3.5789692401885986,0.042769283056259155,5.509450912475586,3.574281930923462,3.3153929710388184,5.305973529815674,,-4.670980930328369,3.087463855743408,5.69545316696167,5.754659175872803,5.7764668464660645,-0.8341788053512573,2.3841707706451416,4.336794376373291,3.024552822113037,5.797414302825928,,5.484986305236816,-1.1717050075531006,-1.749964714050293,2.290811777114868,-2.2366268634796143,-2.8837428092956543,5.521570205688477,3.775797128677368,5.793962478637695,6.2193498611450195,-0.3833809196949005,2.4878575801849365,3.9844610691070557,0.24137762188911438,2.773740530014038,1.2000032663345337,3.4503180980682373,5.511926174163818,0.7472949028015137,4.678462982177734,5.396246433258057,4.191564559936523,2.871344566345215,,3.198422431945801,4.970180511474609,3.677712917327881,2.7894093990325928,0.9083093404769897,3.470705032348633,4.914386749267578,2.8104286193847656,3.0975804328918457,3.789358139038086,3.1499698162078857,3.784538745880127,5.642687797546387,2.546367645263672,5.308813095092773,5.682885646820068,5.3705058097839355,4.589635372161865,5.68397331237793,5.509117126464844,2.8322136402130127,5.590821743011475,5.9290242195129395,1.2208389043807983,3.9949872493743896,-1.0862534046173096,6.317442893981934,1.1047240495681763,2.6789047718048096,3.7077956199645996,4.9664435386657715,5.159482955932617,1.276551365852356,6.167512893676758,3.424278736114502,2.7812671661376953,2.477393388748169,3.966566324234009,5.228128910064697,5.642908096313477,4.484223365783691,2.6395175457000732,,5.218554496765137,1.6033295392990112,4.736201763153076,5.104465484619141,5.22376012802124,0.5658833980560303,4.067251205444336,3.878763198852539,4.2228312492370605,5.949817657470703,5.221420764923096,5.5832929611206055,3.3562982082366943,-1.826101303100586,4.320374011993408,1.9170101881027222,5.840237140655518,0.8124810457229614,2.7815182209014893,3.9117419719696045,1.2893849611282349,4.192206859588623,4.510542869567871,5.500823497772217,5.569784641265869,3.7708497047424316,1.699890375137329,2.286494731903076,5.325016021728516,-1.578413963317871,0.5191425085067749,2.437558650970459,2.9730212688446045,2.7264695167541504,-2.8545539379119873,4.283326148986816,2.942143201828003,,4.081242561340332,-0.27085840702056885,1.1746305227279663,1.200081706047058,7.437420845031738,1.579268217086792,3.4548797607421875,-1.0708438158035278,5.580715656280518,,2.567687749862671,3.727914810180664,4.575067520141602,2.3587241172790527,5.870746612548828,3.0925285816192627,,-1.7162117958068848,5.471032619476318,2.0090177059173584,3.9253902435302734,3.8971240520477295,4.596044063568115,2.516087293624878,4.762087345123291,2.9147658348083496,3.096682548522949
BT-474,5.048478603363037,1.1283600330352783,4.663414478302002,4.206198692321777,5.278076171875,2.8396878242492676,2.544433116912842,3.1874101161956787,2.730579376220703,4.376967430114746,2.9477624893188477,1.5840275287628174,1.3983560800552368,3.8906619548797607,1.968820571899414,2.8650028705596924,2.792355537414551,3.7671751976013184,4.893683910369873,3.298973321914673,0.16110768914222717,4.964871883392334,3.5153582096099854,,,4.53282356262207,-4.286433219909668,3.488354206085205,5.235342502593994,,5.415866374969482,-0.6707577705383301,2.630545139312744,3.8444159030914307,3.230146646499634,5.2647857666015625,3.4343385696411133,5.36715030670166,0.1011185348033905,,3.4619710445404053,-1.7279127836227417,-3.3226122856140137,5.074374675750732,3.4328346252441406,5.259448528289795,5.6456522941589355,,2.3264172077178955,4.316590309143066,0.8301273584365845,3.026188850402832,1.8651646375656128,3.15328311920166,5.046274185180664,1.6538771390914917,4.177880764007568,4.889126300811768,4.209726333618164,2.4137141704559326,5.60193395614624,3.1030960083007812,4.697569370269775,3.5183584690093994,2.9625887870788574,1.1083611249923706,3.932046413421631,4.622284412384033,,2.934068202972412,4.155749320983887,3.7506020069122314,3.364899158477783,5.174800872802734,3.161029100418091,4.654841899871826,5.33336877822876,4.9639973640441895,4.012063026428223,5.318871021270752,5.076907634735107,3.559110164642334,5.304325580596924,5.411078929901123,1.577115535736084,3.789823532104492,-0.7235943078994751,5.827995777130127,1.470489501953125,3.1544480323791504,3.595996141433716,4.391253471374512,4.694482326507568,1.7370681762695312,5.643919944763184,3.674337387084961,3.276073694229126,0.8896965980529785,4.2063140869140625,4.75383186340332,5.618473529815674,3.9056928157806396,3.383587598800659,1.5523960590362549,4.49721097946167,1.8748539686203003,4.364359378814697,4.421478748321533,4.710363388061523,3.987102746963501,4.116464614868164,3.620347261428833,4.220214366912842,5.484259128570557,5.219114303588867,5.4030680656433105,3.833230495452881,-1.3939162492752075,4.6413044929504395,2.10896897315979,5.359209060668945,1.6966743469238281,,3.699641227722168,4.302041530609131,4.241220951080322,4.071532726287842,4.9387359619140625,5.1578168869018555,,4.563620090484619,2.2579362392425537,,-1.7841250896453857,0.8179600238800049,3.687825918197632,2.869425058364868,4.857978343963623,-2.0041584968566895,4.239038467407227,2.6805267333984375,,4.016792297363281,1.1439006328582764,2.1501965522766113,1.5543326139450073,6.962319374084473,2.0198380947113037,3.114894390106201,3.1439008712768555,,2.8609464168548584,3.3277747631073,3.7435224056243896,4.57753849029541,4.319424629211426,5.380748748779297,1.9374785423278809,-1.7286686897277832,-1.464529275894165,4.976457595825195,1.8027836084365845,3.4292173385620117,3.882622241973877,4.5583319664001465,2.6156766414642334,4.2470173835754395,2.9304561614990234,2.8915295600891113
ZR-75-30,4.994919300079346,2.289912700653076,4.798141002655029,4.311249256134033,5.155065059661865,2.9567325115203857,2.8980398178100586,3.2636208534240723,2.757401466369629,4.154971122741699,2.992504358291626,1.6500850915908813,1.3484795093536377,3.7970738410949707,2.5177407264709473,2.8293726444244385,3.1758368015289307,3.841494083404541,4.929694652557373,3.316664457321167,0.5566432476043701,5.108312606811523,3.4609289169311523,,,4.584980487823486,-3.8586692810058594,3.4738450050354004,5.341190338134766,,5.429342746734619,-0.6321187019348145,2.7820990085601807,3.8999476432800293,3.1936419010162354,5.3347487449646,3.4179718494415283,5.082766532897949,-0.04997417330741882,-1.9075706005096436,3.67340087890625,-1.5146641731262207,-2.8625802993774414,5.099610328674316,3.533292293548584,5.324523448944092,5.735076904296875,,2.378509044647217,4.183376312255859,0.7173221111297607,3.503289222717285,2.022582769393921,3.2566921710968018,5.205859184265137,1.6902539730072021,4.281554222106934,5.064469337463379,4.134230613708496,2.8736157417297363,5.585572242736816,3.140381097793579,4.665554523468018,3.560302734375,3.486233949661255,1.5640586614608765,3.6544768810272217,4.476727485656738,,2.9888970851898193,5.014981746673584,3.7021524906158447,3.487706184387207,5.250016212463379,3.008847236633301,4.713741779327393,5.358181476593018,5.0795979499816895,4.126802444458008,5.272520542144775,5.164576053619385,4.0815815925598145,5.2452569007873535,5.459782600402832,1.5704625844955444,3.8660807609558105,-0.7136439085006714,5.72931432723999,1.687508225440979,3.1338951587677,3.460583448410034,4.489512920379639,4.870112419128418,1.68156099319458,5.671582221984863,3.633878231048584,3.1790931224823,2.093554973602295,3.956434726715088,4.687670707702637,5.320915699005127,4.024019718170166,3.172041654586792,1.506513237953186,4.565491199493408,2.4105002880096436,4.3018903732299805,4.495657444000244,4.627898216247559,3.8723881244659424,4.0184550285339355,3.6792492866516113,4.1379876136779785,5.539124488830566,5.028948783874512,5.0872015953063965,3.6373977661132812,-1.0467743873596191,4.300912380218506,2.045380115509033,5.4269890785217285,1.934116244316101,,3.720595359802246,4.170345306396484,4.089138507843018,4.124181270599365,4.982327461242676,5.264772415161133,,4.401058197021484,2.421231269836426,,-1.32798433303833,0.8679672479629517,4.676379680633545,2.9259274005889893,4.741216659545898,-1.864020824432373,4.1178460121154785,2.771056652069092,2.0960679054260254,4.053374767303467,1.0669796466827393,2.570833444595337,1.5624892711639404,6.797321319580078,2.057292938232422,3.2403371334075928,3.0006303787231445,,2.928675651550293,3.2460808753967285,3.6161186695098877,4.306136131286621,4.113527774810791,5.4465718269348145,2.6975090503692627,-1.4909337759017944,-1.0247420072555542,5.066793918609619,2.024367332458496,3.618420124053955,3.904716968536377,4.437624931335449,2.679849147796631,4.320633888244629,3.145829439163208,3.098212242126465
CAL-51,5.061738967895508,2.9529783725738525,5.3719801902771,5.041407585144043,5.346820831298828,2.551783561706543,2.8826346397399902,3.694772481918335,2.6774277687072754,4.137114524841309,2.7231953144073486,0.41738346219062805,0.012089163064956665,3.3594627380371094,1.8418444395065308,3.278949022293091,1.9728528261184692,3.9603826999664307,5.562868118286133,3.6426544189453125,-0.41641655564308167,5.827029705047607,3.982590675354004,,,3.99078631401062,-4.727306365966797,3.0168263912200928,6.0192766189575195,,5.995802402496338,-1.473276972770691,2.7392358779907227,4.027777671813965,3.4241764545440674,6.1250433921813965,2.413073778152466,5.137389183044434,-1.2907161712646484,,-0.2727232575416565,-1.9152193069458008,-4.052616596221924,5.871151924133301,4.073426723480225,6.0474042892456055,6.471470832824707,,2.989582061767578,3.8254451751708984,-0.4811457693576813,3.110236644744873,1.0617969036102295,3.692363739013672,5.8399152755737305,0.5158637762069702,4.965786933898926,5.757498741149902,4.05833101272583,3.278327703475952,6.352298736572266,3.4554853439331055,4.970693588256836,3.918856143951416,3.5617945194244385,-0.19778111577033997,3.825990676879883,4.876758098602295,,3.4375956058502197,4.6141462326049805,3.9386374950408936,3.6625173091888428,5.972838401794434,2.8899426460266113,5.219857215881348,5.896180629730225,5.647488594055176,4.958356857299805,5.904518127441406,5.815372467041016,3.728034496307373,5.713583946228027,6.19625186920166,0.559861421585083,4.352996349334717,-1.120835542678833,6.365292072296143,0.6438577175140381,3.563112735748291,3.807474136352539,5.32566499710083,5.460051536560059,0.46775296330451965,6.463649749755859,3.682403564453125,3.820380687713623,2.866837978363037,3.956592082977295,4.6749067306518555,4.8970112800598145,4.8528666496276855,3.102137565612793,0.5314832925796509,4.886994361877441,1.9146381616592407,4.421146869659424,5.20750093460083,5.017164707183838,2.8366615772247314,4.066276550292969,4.0065388679504395,4.304299831390381,6.235922336578369,5.022808074951172,4.985347747802734,3.777052402496338,-1.7201483249664307,4.1933088302612305,1.180098533630371,6.137505054473877,0.8331420421600342,,4.09919548034668,3.2724335193634033,4.133636951446533,4.368516445159912,5.720736503601074,5.858919143676758,,3.931617021560669,2.4962055683135986,,-1.2010494470596313,0.08552864193916321,3.62921142578125,3.1894257068634033,4.520094394683838,-5.005870819091797,4.20942497253418,3.1087613105773926,,4.222391605377197,-0.043998852372169495,1.722400426864624,0.9790277481079102,7.438199996948242,0.856735110282898,3.3930885791778564,1.4368447065353394,,3.5091891288757324,3.820979356765747,3.8479676246643066,4.276064395904541,4.059998512268066,6.10537576675415,3.233224630355835,-2.3429207801818848,-1.6252989768981934,5.7393293380737305,2.261821985244751,3.8653736114501953,3.8382647037506104,4.382904052734375,2.7189748287200928,5.002616882324219,3.028221368789673,3.316845178604126
HCC1599,5.023059368133545,0.149271622300148,4.76591682434082,4.318060874938965,5.203805446624756,2.947544574737549,2.9646308422088623,3.275484561920166,2.5883140563964844,4.63480806350708,2.9517250061035156,1.6526304483413696,1.5047441720962524,4.563498020172119,2.699993848800659,3.7660512924194336,3.1613261699676514,4.5840911865234375,5.007974624633789,3.2562484741210938,0.7043873071670532,4.974740028381348,3.709437608718872,3.2773635387420654,4.831490516662598,,-4.180445194244385,3.5710456371307373,5.3023786544799805,5.42073392868042,5.4178996086120605,-1.3650866746902466,2.7891244888305664,3.6682305335998535,3.2686736583709717,5.296154499053955,,5.070582866668701,0.02837243676185608,-3.1885833740234375,3.738708734512329,-1.4996798038482666,-3.6369011402130127,5.106756687164307,3.438081741333008,5.280905246734619,5.669692516326904,0.10347715020179749,2.220496416091919,4.5774664878845215,0.4834396541118622,3.7373762130737305,1.8855057954788208,3.1235363483428955,5.142190456390381,2.010868549346924,4.304298400878906,4.994215488433838,4.246040344238281,2.9499683380126953,,3.076042413711548,4.732421875,3.562736988067627,3.7214066982269287,0.878007173538208,4.113335132598877,4.625999927520752,2.3718364238739014,2.845121145248413,5.32361364364624,4.503397464752197,2.9190852642059326,5.22186803817749,3.278270959854126,4.7416815757751465,5.375883102416992,5.1114654541015625,4.0666584968566895,5.2800445556640625,5.151400089263916,4.691271781921387,5.226337909698486,5.470678329467773,1.3516132831573486,3.945671558380127,-0.7885942459106445,5.706343173980713,1.617919921875,3.8693132400512695,3.4931304454803467,4.472503185272217,4.895149230957031,1.5819584131240845,5.657905101776123,4.008848190307617,3.510289192199707,-0.10403163731098175,4.2149834632873535,4.464655876159668,5.344041347503662,3.9005649089813232,3.5250871181488037,,4.338503360748291,2.4860777854919434,4.377176761627197,4.478831768035889,4.597369194030762,2.896989345550537,4.204827308654785,3.636244773864746,4.248326301574707,5.514585971832275,5.035276889801025,5.17559289932251,4.098689556121826,-1.3549381494522095,4.710173606872559,1.9617486000061035,5.421046733856201,2.602717399597168,2.5346927642822266,3.754819393157959,3.6061980724334717,4.288632869720459,3.9422123432159424,4.9487624168396,5.305129051208496,3.4537312984466553,4.078311920166016,2.1857879161834717,4.862255096435547,-2.9521710872650146,0.6923211812973022,5.201349258422852,2.730832099914551,4.612910270690918,-3.0392239093780518,4.179324626922607,2.511335849761963,,4.08623743057251,1.3148043155670166,3.6264166831970215,1.4987465143203735,6.702614784240723,2.2924342155456543,3.241293430328369,1.8642476797103882,5.1886138916015625,,4.239985466003418,3.84134578704834,4.532955169677734,4.2989726066589355,5.380446434020996,1.4470442533493042,,-1.305466890335083,5.009446144104004,1.660689115524292,3.4626877307891846,3.927597761154175,4.4610466957092285,2.5306973457336426,4.358585357666016,3.0596280097961426,3.190296173095703
HCC1937,5.402854919433594,2.766767978668213,5.054768085479736,4.839545249938965,5.374391555786133,2.946157217025757,2.7107224464416504,3.655290365219116,2.865494728088379,4.336236000061035,2.9244699478149414,1.2202839851379395,0.6279923915863037,3.5653388500213623,2.111992359161377,3.270484685897827,3.020761489868164,4.077058792114258,5.237242221832275,3.8539879322052,0.3159848749637604,5.411587715148926,4.02435302734375,,,3.9445152282714844,-4.765699863433838,3.2668511867523193,5.607244968414307,,5.7157182693481445,-1.4728505611419678,2.6974971294403076,3.861821413040161,3.4540517330169678,5.715623378753662,2.899278402328491,5.315643787384033,-0.9233690500259399,,1.4652552604675293,-1.9981553554534912,-3.560166358947754,5.490583419799805,3.8229904174804688,5.690553665161133,6.1292901039123535,,2.92937970161438,4.135633945465088,0.07975348830223083,3.085374116897583,1.6473404169082642,3.4746921062469482,5.445435047149658,1.1079437732696533,4.718780517578125,5.343265056610107,4.2557878494262695,3.300008773803711,6.0544633865356445,3.352893829345703,4.885337829589844,3.8043148517608643,3.310307025909424,-0.004571020603179932,4.072176456451416,5.024320602416992,,3.1898512840270996,4.427683353424072,4.103560924530029,3.106520414352417,5.568694591522217,3.2141432762145996,5.225503444671631,5.613946437835693,5.273336887359619,4.6621413230896,5.612119197845459,5.447173595428467,3.7201991081237793,5.501110076904297,5.850666046142578,1.3160024881362915,4.315255165100098,-0.9561599493026733,6.137623310089111,1.4013614654541016,3.6402244567871094,3.9287023544311523,5.028735160827637,5.067002296447754,1.292845606803894,6.08858585357666,3.8439559936523438,3.6182501316070557,2.6367416381835938,4.227347373962402,5.077234745025635,5.57814884185791,4.485234260559082,3.3419432640075684,1.034592628479004,5.023683547973633,2.1188037395477295,4.939268589019775,5.117689609527588,5.15408182144165,2.3933846950531006,4.216116428375244,3.9421746730804443,4.376823902130127,5.872997760772705,5.00596284866333,5.536219120025635,3.8977770805358887,-1.4983941316604614,4.682336807250977,1.7841029167175293,5.751935005187988,1.4071440696716309,,4.039646148681641,2.9287590980529785,4.338823318481445,4.490692138671875,5.4392571449279785,5.480597972869873,,3.630626678466797,2.4106714725494385,,-3.1326000690460205,0.7114725112915039,3.560248851776123,3.0174131393432617,4.340451240539551,-4.700241565704346,4.358043670654297,3.0334954261779785,,4.231353759765625,0.35678255558013916,2.2882943153381348,1.3205430507659912,7.2478928565979,1.6192375421524048,3.5564956665039062,1.151983618736267,,3.1497256755828857,3.778557062149048,4.104326248168945,4.751902103424072,3.8358993530273438,5.7921342849731445,3.1634023189544678,-2.0235555171966553,-1.390067458152771,5.420790195465088,2.2204456329345703,3.971144437789917,3.926311731338501,4.546957015991211,2.8687562942504883,4.849145889282227,3.0877232551574707,3.423635482788086
BT-20,5.797351837158203,2.981661558151245,5.351002216339111,5.125421524047852,5.698535442352295,2.8870654106140137,2.2365715503692627,3.8391196727752686,2.771761655807495,4.289820194244385,2.921111583709717,1.0538398027420044,0.3338196873664856,2.9418487548828125,0.9161797761917114,2.412050247192383,3.0531516075134277,3.197715997695923,5.564426422119141,4.054073333740234,,5.88631010055542,4.090156078338623,,,4.001271724700928,-4.9853620529174805,3.177262544631958,5.9782490730285645,,6.0762619972229,-1.508904218673706,2.454700231552124,4.0008225440979,3.4579102993011475,6.129398822784424,3.1834490299224854,5.648755073547363,-1.1995007991790771,,0.7958619594573975,-2.6237845420837402,-4.055889129638672,5.911811351776123,4.0820841789245605,6.120900630950928,6.520118236541748,,2.8578360080718994,4.134331226348877,0.18484178185462952,2.384432554244995,1.4587711095809937,3.7928552627563477,5.8102617263793945,0.6392679214477539,5.001717567443848,5.6747212409973145,4.507407188415527,3.2454543113708496,6.500864505767822,3.5184669494628906,5.168672561645508,3.9880120754241943,2.599810838699341,-0.18364715576171875,3.9296274185180664,5.2325358390808105,,3.333950996398926,3.4296157360076904,3.356053590774536,3.173772096633911,5.9583868980407715,2.923145294189453,5.6779093742370605,5.956006050109863,5.636695861816406,5.015727996826172,6.016530513763428,5.815608501434326,2.4028069972991943,5.850440502166748,6.252141952514648,1.3598662614822388,4.355537414550781,-1.0581406354904175,6.593928813934326,1.206952452659607,2.942009210586548,4.165738582611084,5.3354363441467285,5.365555763244629,1.355792760848999,6.473382472991943,3.7237391471862793,3.3648276329040527,2.9165613651275635,4.322133541107178,5.536868572235107,5.834651470184326,4.825918674468994,3.0160181522369385,0.9407777786254883,5.517570495605469,1.2403253316879272,5.251346111297607,5.4621195793151855,5.495790004730225,2.009154796600342,4.37624979019165,4.197158336639404,4.512208938598633,6.245337963104248,5.433718204498291,5.772698402404785,3.7014479637145996,-2.0004143714904785,4.7892374992370605,2.0630745887756348,6.144933700561523,0.7019788026809692,,4.310013771057129,2.4908063411712646,4.567803859710693,4.875997066497803,5.8931565284729,5.829513072967529,,3.127981662750244,2.3826959133148193,,-3.174823522567749,0.7637447118759155,2.1637656688690186,3.2580716609954834,3.895033836364746,-4.926844596862793,4.7388014793396,3.231205463409424,,4.352938652038574,-0.11564469337463379,1.0766503810882568,1.3621002435684204,7.604265213012695,1.432062029838562,3.6994378566741943,0.4636753797531128,,3.655170440673828,2.852487087249756,4.230618000030518,5.06492280960083,3.4282610416412354,6.199762344360352,3.3352112770080566,-2.668240547180176,-1.9518320560455322,5.838829517364502,2.295482873916626,4.194444179534912,4.066400051116943,4.852779388427734,2.9264473915100098,5.089818477630615,2.983665704727173,3.494291067123413
T-47D,5.387330055236816,2.6185266971588135,4.757199287414551,4.399546146392822,5.290505886077881,3.2268624305725098,2.699564218521118,3.4190216064453125,2.9194681644439697,4.342339992523193,3.1785080432891846,1.668897271156311,1.2780592441558838,3.7568280696868896,2.3348207473754883,2.958658456802368,3.488806962966919,3.862811326980591,4.901687145233154,3.822371006011963,1.073243260383606,5.083595275878906,3.71071720123291,,,4.862086296081543,-4.09727668762207,3.639606237411499,5.33757209777832,,5.517942905426025,-0.10479071736335754,2.7261252403259277,4.457672119140625,3.5033764839172363,5.378963947296143,3.8685977458953857,5.3730974197387695,0.009752899408340454,,3.3801028728485107,-1.6479970216751099,-2.996316432952881,5.162415981292725,3.660783290863037,5.385326862335205,5.907994747161865,,2.7084109783172607,4.259643077850342,0.9787279367446899,3.2464466094970703,2.0868799686431885,3.3136067390441895,5.163491725921631,1.5760879516601562,4.337855815887451,5.0431294441223145,4.340738773345947,3.0516252517700195,5.857840538024902,3.259660005569458,4.651880264282227,3.6047418117523193,3.241262197494507,2.363985538482666,4.043534278869629,4.7213006019592285,,3.0695765018463135,4.671311855316162,3.8382480144500732,4.167471408843994,5.258580684661865,3.3731300830841064,4.867144584655762,5.417740345001221,5.001054763793945,4.222352981567383,5.321266174316406,5.163841247558594,3.7721190452575684,5.391532897949219,5.594554901123047,1.6888707876205444,4.051430702209473,-0.6661248207092285,6.003718376159668,1.7730084657669067,3.2864065170288086,3.8451132774353027,4.550497055053711,4.777958869934082,1.7327245473861694,5.879572868347168,3.808216094970703,3.2861568927764893,2.4827346801757812,4.341335773468018,5.07548713684082,5.786000728607178,4.1024298667907715,3.47790789604187,1.5087801218032837,4.816102027893066,2.2591969966888428,4.836155414581299,4.650872230529785,4.82627010345459,3.4465131759643555,4.2232747077941895,3.8388211727142334,4.293249607086182,5.590094089508057,5.018440246582031,5.550098896026611,3.861677646636963,-1.1282687187194824,4.765869617462158,2.510582208633423,5.504754066467285,1.726249098777771,,3.9053590297698975,3.6896865367889404,4.397124290466309,4.3669023513793945,5.074683666229248,5.243713855743408,,4.054733753204346,2.4578802585601807,,0.5359249114990234,1.0524685382843018,4.012476444244385,3.0223207473754883,4.561730861663818,-3.0769855976104736,4.425197601318359,2.9799623489379883,,4.151697635650635,0.9625927209854126,2.4162163734436035,1.6926316022872925,7.175684928894043,2.0490360260009766,3.913572311401367,2.65114688873291,,2.945420742034912,3.3597445487976074,4.038156032562256,4.729548454284668,3.9590063095092773,5.547755241394043,3.0846850872039795,-1.4904603958129883,-1.0772227048873901,5.101057052612305,2.18310809135437,3.8353662490844727,3.927050828933716,4.5786027908325195,2.973053216934204,4.4257731437683105,3.468175172805786,3.4337711334228516
CAL-85-1,5.692477703094482,2.854124069213867,5.2259063720703125,5.096401214599609,5.527415752410889,3.22417950630188,2.543635606765747,3.8336148262023926,3.061372756958008,4.4154253005981445,3.026728630065918,1.4909782409667969,1.0286400318145752,3.5816285610198975,1.8258401155471802,3.459174156188965,3.1281282901763916,4.199000835418701,5.35446834564209,4.169706344604492,1.2135413885116577,5.564089298248291,4.317378520965576,,,4.416964054107666,-4.411274433135986,3.227900266647339,5.737734794616699,,5.859618663787842,-0.8632177114486694,2.718900203704834,4.544032573699951,3.7229971885681152,5.882147789001465,3.474947690963745,5.514235496520996,-0.35466817021369934,-1.312772274017334,1.3164076805114746,-1.2221049070358276,-2.6913697719573975,5.662323951721191,4.049592971801758,5.8750200271606445,6.21803617477417,,3.3572351932525635,4.156427383422852,0.6337780952453613,2.7276127338409424,1.7387375831604004,3.6683831214904785,5.61865234375,1.4087823629379272,4.934117317199707,5.508972644805908,4.4186296463012695,3.48300838470459,6.214908599853516,3.5383317470550537,5.067788600921631,3.9420626163482666,2.9458374977111816,1.2126611471176147,4.2824249267578125,5.280182361602783,,3.4461023807525635,4.076291084289551,4.286667346954346,4.115384101867676,5.698888778686523,3.4976089000701904,5.458956241607666,5.771117210388184,5.357809543609619,4.9256272315979,5.783687591552734,5.601836204528809,3.3052921295166016,5.673788547515869,5.9938859939575195,1.6207128763198853,4.666249752044678,-0.7041102647781372,6.329848289489746,1.6705565452575684,3.8789169788360596,4.202894687652588,5.25346040725708,5.204502582550049,1.5827144384384155,6.203326225280762,3.9958457946777344,3.798067808151245,2.745079755783081,4.41702938079834,5.351402282714844,5.8178558349609375,4.780559062957764,3.5669896602630615,1.4042792320251465,5.25403356552124,1.959909439086914,5.273911476135254,5.373735427856445,5.408112525939941,1.619951844215393,4.419904708862305,4.1651835441589355,4.676942348480225,6.004715919494629,5.049126148223877,5.881346225738525,4.085659980773926,-0.9116106033325195,4.941185474395752,2.418193817138672,5.889372825622559,1.5834075212478638,,4.313921928405762,2.3564441204071045,4.598765850067139,4.77088737487793,5.619679927825928,5.596714019775391,,2.8504762649536133,2.5638794898986816,,-1.5643439292907715,1.1729029417037964,2.7642600536346436,3.2776567935943604,3.83565616607666,-4.525659561157227,4.599910736083984,3.290794610977173,2.4323158264160156,4.465821743011475,0.6824444532394409,2.2570765018463135,1.83766770362854,7.2944016456604,2.0258662700653076,4.127793312072754,0.3561941385269165,,3.495968818664551,3.9668548107147217,4.343305587768555,4.985278129577637,3.4822707176208496,5.95378303527832,3.3290181159973145,-1.307794451713562,-0.8134074211120605,5.605257034301758,2.481294631958008,4.192309856414795,4.044741630554199,4.740920543670654,3.223583936691284,5.113901615142822,3.537177562713623,3.626774787902832
MDA-MB-231,5.705560207366943,2.968979597091675,5.398655414581299,5.2285637855529785,5.547606468200684,3.5769002437591553,3.4205398559570312,4.136604309082031,3.110517740249634,4.673827171325684,3.471517562866211,1.4070242643356323,1.0812093019485474,4.121582508087158,3.0757458209991455,4.046469688415527,3.722175359725952,4.92924690246582,5.576986312866211,4.3212504386901855,1.5738754272460938,5.804068565368652,4.5259809494018555,,,5.236868858337402,-3.898447036743164,3.4181723594665527,5.938477993011475,,5.965343952178955,-0.4998305141925812,3.0821545124053955,5.060792922973633,3.99418044090271,6.0322980880737305,3.618967056274414,5.209613800048828,-0.4908396899700165,-2.259411096572876,1.1499691009521484,-1.2281749248504639,-2.8146190643310547,5.7979655265808105,4.198052883148193,6.007920742034912,6.382457733154297,,3.3310720920562744,4.339263439178467,0.5815235376358032,4.193649768829346,1.7722883224487305,3.937505006790161,5.822851657867432,1.5293567180633545,5.176973342895508,5.723145008087158,4.545722961425781,4.032944679260254,6.29298734664917,3.682616949081421,5.206132411956787,4.1941022872924805,4.348493576049805,1.5589300394058228,4.272614002227783,5.208877086639404,,3.595153331756592,5.667821884155273,4.800220966339111,4.629356861114502,5.892991542816162,3.5557568073272705,5.557221412658691,5.919236183166504,5.649354934692383,5.105971336364746,5.844491958618164,5.7866597175598145,5.0535759925842285,5.723797798156738,6.147782325744629,1.5269553661346436,4.678904056549072,-0.9418290853500366,6.342563629150391,1.783011555671692,4.3464179039001465,4.2090559005737305,5.380893230438232,5.489069938659668,1.3341445922851562,6.3417439460754395,4.421489715576172,4.037454128265381,2.818664073944092,4.290679931640625,5.261768341064453,5.450935363769531,4.916967868804932,3.5620152950286865,1.3318943977355957,5.280503273010254,2.8028109073638916,5.30989408493042,5.461925983428955,5.362557888031006,0.6277992725372314,4.528286933898926,4.364200592041016,4.58890962600708,6.135733604431152,5.076172351837158,5.496747970581055,4.2390875816345215,-0.6462310552597046,4.822604656219482,2.7769153118133545,6.069323539733887,2.126771926879883,,4.568239212036133,1.7763233184814453,4.654073238372803,4.757545471191406,5.737684726715088,5.873181343078613,,2.4179773330688477,2.686150550842285,,0.7240755558013916,1.0004944801330566,5.10479736328125,3.4188921451568604,3.2705729007720947,-4.7063307762146,4.661240100860596,3.339444875717163,2.622729539871216,4.574463367462158,0.8010637760162354,3.5112931728363037,1.7321820259094238,7.335284233093262,2.17057466506958,4.532378196716309,-0.5216085910797119,,3.584885597229004,4.539840221405029,4.4640631675720215,4.8883795738220215,3.3709685802459717,6.062147617340088,3.459716796875,-1.3268057107925415,-0.44288691878318787,5.74591064453125,2.450913667678833,4.336081504821777,4.143823623657227,4.715852737426758,3.45288348197937,5.1906352043151855,4.122363567352295,4.111586093902588
