depmap_id,cell_line_name,ccle_name,tissue,pubchem_id,drug_name,true_logIC50,pred_logIC50
ACH-000111,HCC1187,HCC1187_BREAST,BREAST,126565,Lestaurtinib,-0.6032199859619141,-0.16801097989082336
ACH-000111,HCC1187,HCC1187_BREAST,BREAST,176158,SB216763,5.0272369384765625,4.961251258850098
ACH-000111,HCC1187,HCC1187_BREAST,BREAST,6505803,Tanespimycin,1.1239479780197144,-0.3785436451435089
ACH-000111,HCC1187,HCC1187_BREAST,BREAST,5311497,Vinorelbine,-5.635735034942627,-3.867675304412842
ACH-000111,HCC1187,HCC1187_BREAST,BREAST,11667893,Motesanib,5.312486171722412,5.425110816955566
ACH-000111,HCC1187,HCC1187_BREAST,BREAST,5278396,KU-55933,4.996236801147461,4.980617523193359
ACH-000111,HCC1187,HCC1187_BREAST,BREAST,10184653,Afatinib,2.1145219802856445,0.7686686515808105
ACH-000111,HCC1187,HCC1187_BREAST,BREAST,24776445,Vismodegib,5.202197074890137,4.880268573760986
ACH-000111,HCC1187,HCC1187_BREAST,BREAST,24180719,PLX-4720,5.621831893920898,4.733117580413818
ACH-000111,HCC1187,HCC1187_BREAST,BREAST,11327430,NU7441,4.097348213195801,2.6170413494110107
ACH-000111,HCC1187,HCC1187_BREAST,BREAST,16720766,Pevonedistat,2.6711859703063965,-0.062422141432762146
ACH-000111,HCC1187,HCC1187_BREAST,BREAST,11488320,Sapitinib,4.512400150299072,1.6486636400222778
ACH-000111,HCC1187,HCC1187_BREAST,BREAST,156422,Doramapimod,4.091357231140137,5.030430793762207
ACH-000111,HCC1187,HCC1187_BREAST,BREAST,11624601,JNK Inhibitor VIII,3.30918288230896,5.114715099334717
ACH-000111,HCC1187,HCC1187_BREAST,BREAST,51042438,Uprosertib,5.225640773773193,2.3202004432678223
ACH-000111,HCC1187,HCC1187_BREAST,BREAST,24737642,LCL161,4.6932268142700195,4.809629917144775
ACH-000111,HCC1187,HCC1187_BREAST,BREAST,10384072,Wee1 Inhibitor,4.236262798309326,1.214577317237854
ACH-000111,HCC1187,HCC1187_BREAST,BREAST,11433190,Nutlin-3a (-),4.548688888549805,4.46132755279541
ACH-000111,HCC1187,HCC1187_BREAST,BREAST,208908,Lapatinib,5.22637414932251,2.0438694953918457
ACH-000111,HCC1187,HCC1187_BREAST,BREAST,1401,PD173074,4.424596786499023,3.577388286590576
ACH-000111,HCC1187,HCC1187_BREAST,BREAST,9914412,ZM447439,1.9139610528945923,1.5724821090698242
ACH-000111,HCC1187,HCC1187_BREAST,BREAST,56649450,Alpelisib,4.5444231033325195,2.5655624866485596
ACH-000111,HCC1187,HCC1187_BREAST,BREAST,46930998,MK-2206,2.8639750480651855,2.133716583251953
ACH-000111,HCC1187,HCC1187_BREAST,BREAST,5330286,Palbociclib,4.28741979598999,3.4162638187408447
ACH-000111,HCC1187,HCC1187_BREAST,BREAST,51001932,Taselisib,3.1172609329223633,0.5591766834259033
ACH-000111,HCC1187,HCC1187_BREAST,BREAST,57345410,EPZ5676,5.11768102645874,5.540539741516113
ACH-000111,HCC1187,HCC1187_BREAST,BREAST,11977753,Dactolisib,1.5018850564956665,-1.607714056968689
ACH-000111,HCC1187,HCC1187_BREAST,BREAST,17755052,Pictilisib,1.8698999881744385,0.23582077026367188
ACH-000111,HCC1187,HCC1187_BREAST,BREAST,25262965,AZD8055,3.0283710956573486,-0.25235626101493835
ACH-000111,HCC1187,HCC1187_BREAST,BREAST,9826528,PD0325901,2.53466796875,3.415433168411255
ACH-000111,HCC1187,HCC1187_BREAST,BREAST,24866313,SCH772984,5.12982702255249,3.9636733531951904
ACH-000111,HCC1187,HCC1187_BREAST,BREAST,10127622,Selumetinib,2.9812068939208984,4.466536521911621
ACH-000111,HCC1187,HCC1187_BREAST,BREAST,9927531,BIBR-1532,4.527651786804199,4.94741153717041
ACH-000111,HCC1187,HCC1187_BREAST,BREAST,2155128,IWP-2,2.7319910526275635,2.638726234436035
ACH-000111,HCC1187,HCC1187_BREAST,BREAST,3899,Leflunomide,4.455463886260986,5.049211025238037
ACH-000111,HCC1187,HCC1187_BREAST,BREAST,2314623,CCT007093,4.2101850509643555,5.207281112670898
ACH-000111,HCC1187,HCC1187_BREAST,BREAST,11404337,Obatoclax Mesylate,0.9613459706306458,0.3061324954032898
ACH-000111,HCC1187,HCC1187_BREAST,BREAST,9938202,EHT-1864,2.00649094581604,3.480491876602173
ACH-000111,HCC1187,HCC1187_BREAST,BREAST,25227847,Pyridostatin,4.473329067230225,3.0678203105926514
ACH-000111,HCC1187,HCC1187_BREAST,BREAST,46883536,Avagacestat,4.569729804992676,4.745865821838379
ACH-000111,HCC1187,HCC1187_BREAST,BREAST,3385,5-Fluorouracil,6.877450942993164,3.937760353088379
ACH-000111,HCC1187,HCC1187_BREAST,BREAST,68947304,AMG-319,5.3611979484558105,4.730949401855469
ACH-000111,HCC1187,HCC1187_BREAST,BREAST,11634725,VX-11e,3.3575210571289062,3.5882890224456787
ACH-000111,HCC1187,HCC1187_BREAST,BREAST,16224745,MK-8776,4.684939861297607,2.754972219467163
ACH-000111,HCC1187,HCC1187_BREAST,BREAST,3062316,Dasatinib,4.087140083312988,1.6468021869659424
ACH-000111,HCC1187,HCC1187_BREAST,BREAST,36314,Paclitaxel,-4.75972318649292,-3.722761392593384
ACH-000111,HCC1187,HCC1187_BREAST,BREAST,4261,Entinostat,2.7080070972442627,1.8347655534744263
ACH-000111,HCC1187,HCC1187_BREAST,BREAST,11626560,Crizotinib,2.3609321117401123,2.1003801822662354
ACH-000111,HCC1187,HCC1187_BREAST,BREAST,118704762,LJI308,5.043636798858643,5.066591262817383
ACH-000111,HCC1187,HCC1187_BREAST,BREAST,216239,Sorafenib,2.294080972671509,2.23759388923645
ACH-000111,HCC1187,HCC1187_BREAST,BREAST,11364421,BI-2536,2.636375904083252,-2.718418836593628
ACH-000111,HCC1187,HCC1187_BREAST,BREAST,46926973,LGK974,3.5038199424743652,4.1606669425964355
ACH-000111,HCC1187,HCC1187_BREAST,BREAST,60838,Irinotecan,5.244332790374756,0.9834129810333252
ACH-000111,HCC1187,HCC1187_BREAST,BREAST,5310940,Oxaliplatin,2.9750869274139404,2.8523478507995605
ACH-000111,HCC1187,HCC1187_BREAST,BREAST,117072552,GSK591,5.332400798797607,4.385947227478027
ACH-000111,HCC1187,HCC1187_BREAST,BREAST,51000408,VE821,5.336524963378906,3.5828447341918945
ACH-000111,HCC1187,HCC1187_BREAST,BREAST,25124816,GSK1904529A,3.58341908454895,4.184713363647461
ACH-000111,HCC1187,HCC1187_BREAST,BREAST,5494449,Tozasertib,2.7235679626464844,0.703045129776001
ACH-000111,HCC1187,HCC1187_BREAST,BREAST,59472121,VE-822,4.089902877807617,2.711275339126587
ACH-000111,HCC1187,HCC1187_BREAST,BREAST,72200024,WZ4003,5.375016212463379,4.154086589813232
ACH-000111,HCC1187,HCC1187_BREAST,BREAST,42623951,CZC24832,5.372303009033203,5.160107612609863
ACH-000111,HCC1187,HCC1187_BREAST,BREAST,49847690,AZD5582,2.1020309925079346,1.7204424142837524
ACH-000111,HCC1187,HCC1187_BREAST,BREAST,53469448,GSK2606414,5.377900123596191,3.6087653636932373
ACH-000111,HCC1187,HCC1187_BREAST,BREAST,78243717,PFI3,5.3766398429870605,5.378725051879883
ACH-000111,HCC1187,HCC1187_BREAST,BREAST,24753719,PCI-34051,5.3690900802612305,4.3590989112854
ACH-000111,HCC1187,HCC1187_BREAST,BREAST,57519544,Wnt-C59,5.118689060211182,4.264466285705566
ACH-000111,HCC1187,HCC1187_BREAST,BREAST,46943432,I-BET-762,5.368564128875732,2.962786912918091
ACH-000111,HCC1187,HCC1187_BREAST,BREAST,9936746,OTX015,2.450644016265869,2.324859142303467
ACH-000111,HCC1187,HCC1187_BREAST,BREAST,71268957,GSK343,3.067073106765747,2.6125340461730957
ACH-000111,HCC1187,HCC1187_BREAST,BREAST,60167849,ML323,3.8839540481567383,4.559716701507568
ACH-000111,HCC1187,HCC1187_BREAST,BREAST,59473233,Entospletinib,5.371560096740723,3.5239102840423584
ACH-000111,HCC1187,HCC1187_BREAST,BREAST,44462758,PRT062607,5.365382194519043,2.9423880577087402
ACH-000111,HCC1187,HCC1187_BREAST,BREAST,44631912,Ribociclib,4.114707946777344,3.4785399436950684
ACH-000111,HCC1187,HCC1187_BREAST,BREAST,71299339,AGI-6780,5.363345146179199,4.243571758270264
ACH-000111,HCC1187,HCC1187_BREAST,BREAST,1018,Picolinici-acid,5.348773956298828,5.237333297729492
ACH-000111,HCC1187,HCC1187_BREAST,BREAST,51371303,PF-4708671,4.307151794433594,3.2953860759735107
ACH-000111,HCC1187,HCC1187_BREAST,BREAST,52918385,PRIMA-1MET,4.4910101890563965,4.647998332977295
ACH-000111,HCC1187,HCC1187_BREAST,BREAST,11609586,Serdemetan,3.9471800327301025,3.519015073776245
ACH-000111,HCC1187,HCC1187_BREAST,BREAST,44137675,AZD6482,5.4858832359313965,3.4192564487457275
ACH-000111,HCC1187,HCC1187_BREAST,BREAST,42642645,Foretinib,0.2838279902935028,0.6697887182235718
ACH-000111,HCC1187,HCC1187_BREAST,BREAST,46907787,JQ1,2.157325029373169,2.051050901412964
ACH-000111,HCC1187,HCC1187_BREAST,BREAST,71271629,PFI-1,4.965094089508057,3.9366917610168457
ACH-000111,HCC1187,HCC1187_BREAST,BREAST,56962337,SGC0946,0.9725189805030823,1.8403712511062622
ACH-000111,HCC1187,HCC1187_BREAST,BREAST,176870,Erlotinib,2.6571528911590576,1.9866901636123657
ACH-000111,HCC1187,HCC1187_BREAST,BREAST,9931953,Rucaparib,3.672111988067627,3.8501570224761963
ACH-000111,HCC1187,HCC1187_BREAST,BREAST,24958200,Niraparib,4.111743927001953,3.7650647163391113
ACH-000111,HCC1187,HCC1187_BREAST,BREAST,24856436,MK-1775,1.6774840354919434,0.02370021492242813
ACH-000111,HCC1187,HCC1187_BREAST,BREAST,46926350,Dinaciclib,-4.278835773468018,-3.060131788253784
ACH-000111,HCC1187,HCC1187_BREAST,BREAST,60750,Gemcitabine,6.224836826324463,-2.930328607559204
ACH-000111,HCC1187,HCC1187_BREAST,BREAST,387447,Bortezomib,-5.861439228057861,-6.051825523376465
ACH-000111,HCC1187,HCC1187_BREAST,BREAST,16095342,GSK269962A,4.007744789123535,1.550949215888977
ACH-000111,HCC1187,HCC1187_BREAST,BREAST,2733526,Tamoxifen,3.5728800296783447,3.7162702083587646
ACH-000111,HCC1187,HCC1187_BREAST,BREAST,104741,Fulvestrant,3.3538029193878174,2.848127841949463
ACH-000111,HCC1187,HCC1187_BREAST,BREAST,56962336,EPZ004777,5.419712066650391,5.171821117401123
ACH-000111,HCC1187,HCC1187_BREAST,BREAST,44632017,YK-4-279,3.528618097305298,0.9693725109100342
ACH-000111,HCC1187,HCC1187_BREAST,BREAST,9813758,BMS-345541,2.106861114501953,2.7379722595214844
ACH-000111,HCC1187,HCC1187_BREAST,BREAST,25099184,AZ960,-0.5676569938659668,1.2504169940948486
ACH-000111,HCC1187,HCC1187_BREAST,BREAST,51039095,AZD4547,1.307569980621338,2.534691095352173
ACH-000111,HCC1187,HCC1187_BREAST,BREAST,24821094,Ibrutinib,3.753851890563965,2.244614839553833
ACH-000111,HCC1187,HCC1187_BREAST,BREAST,70983932,GSK2830371,5.369101047515869,5.279538154602051
ACH-000111,HCC1187,HCC1187_BREAST,BREAST,46236925,Sabutoclax,-1.8129700422286987,-0.5002257823944092
ACH-000111,HCC1187,HCC1187_BREAST,BREAST,11655119,LY2109761,3.5791690349578857,4.983206748962402
ACH-000111,HCC1187,HCC1187_BREAST,BREAST,35397514,OF-1,1.867285966873169,4.112917900085449
ACH-000111,HCC1187,HCC1187_BREAST,BREAST,2802462,MN-64,1.6764329671859741,4.667896270751953
ACH-000111,HCC1187,HCC1187_BREAST,BREAST,73555129,KRAS (G12C) Inhibitor-12,2.574039936065674,4.190669059753418
ACH-000111,HCC1187,HCC1187_BREAST,BREAST,462382,MG-132,-1.7519299983978271,-1.1748347282409668
ACH-000111,HCC1187,HCC1187_BREAST,BREAST,11707110,Trametinib,2.224069118499756,2.5438899993896484
ACH-000111,HCC1187,HCC1187_BREAST,BREAST,44462760,Dabrafenib,4.237742900848389,4.746847629547119
ACH-000111,HCC1187,HCC1187_BREAST,BREAST,5394,Temozolomide,6.795983791351318,6.478491306304932
ACH-000111,HCC1187,HCC1187_BREAST,BREAST,5460769,Bleomycin (50 uM),3.5934059619903564,1.8271819353103638
ACH-000111,HCC1187,HCC1187_BREAST,BREAST,49846579,Venotoclax,2.3570709228515625,1.9000250101089478
ACH-000111,HCC1187,HCC1187_BREAST,BREAST,11228183,ABT737,2.63572096824646,1.7122955322265625
ACH-000111,HCC1187,HCC1187_BREAST,BREAST,46843057,Afuresertib,3.0219171047210693,1.9368627071380615
ACH-000111,HCC1187,HCC1187_BREAST,BREAST,56645356,AGI-5198,4.203455924987793,4.686156272888184
ACH-000111,HCC1187,HCC1187_BREAST,BREAST,78209992,AZD3759,2.715287923812866,2.005748748779297
ACH-000111,HCC1187,HCC1187_BREAST,BREAST,54761306,AZD6738,3.9237959384918213,1.453366994857788
ACH-000111,HCC1187,HCC1187_BREAST,BREAST,52913813,AZD8186,2.962224006652832,2.7535858154296875
ACH-000111,HCC1187,HCC1187_BREAST,BREAST,71496458,Osimertinib,1.8389290571212769,0.9358965158462524
ACH-000111,HCC1187,HCC1187_BREAST,BREAST,9933475,Cediranib,3.8697268962860107,1.9721537828445435
ACH-000111,HCC1187,HCC1187_BREAST,BREAST,24788740,Ipatasertib,3.469111919403076,2.664928674697876
ACH-000111,HCC1187,HCC1187_BREAST,BREAST,56941241,GDC0810,4.244449138641357,4.996764183044434
ACH-000111,HCC1187,HCC1187_BREAST,BREAST,70676303,GNE-317,2.7050139904022217,0.20332862436771393
ACH-000111,HCC1187,HCC1187_BREAST,BREAST,68107965,GSK2578215A,4.7297492027282715,4.911950588226318
ACH-000111,HCC1187,HCC1187_BREAST,BREAST,91668541,I-BRD9,4.449705123901367,4.279454708099365
ACH-000111,HCC1187,HCC1187_BREAST,BREAST,10385095,Telomerase Inhibitor IX,1.8554459810256958,0.30082929134368896
ACH-000111,HCC1187,HCC1187_BREAST,BREAST,227681,MIRA-1,4.984464168548584,5.219092845916748
ACH-000111,HCC1187,HCC1187_BREAST,BREAST,9825149,NVP-ADW742,4.088298797607422,2.6630167961120605
ACH-000111,HCC1187,HCC1187_BREAST,BREAST,46931953,P22077,4.050165176391602,4.237214088439941
ACH-000111,HCC1187,HCC1187_BREAST,BREAST,68289010,Savolitinib,0.9306949973106384,2.3803529739379883
ACH-000111,HCC1187,HCC1187_BREAST,BREAST,992586,UMI-77,1.6806540489196777,2.6848137378692627
ACH-000111,HCC1187,HCC1187_BREAST,BREAST,2984337,WIKI4,3.2940590381622314,3.630528450012207
ACH-000111,HCC1187,HCC1187_BREAST,BREAST,11178236,Sepantronium bromide,-2.6446409225463867,-4.479194641113281
ACH-000111,HCC1187,HCC1187_BREAST,BREAST,71297207,WEHI-539,3.7217440605163574,3.165346145629883
ACH-000111,HCC1187,HCC1187_BREAST,BREAST,104842,SN-38,3.4086849689483643,-5.521623134613037
ACH-000111,HCC1187,HCC1187_BREAST,BREAST,25126798,Ruxolitinib,3.2167580127716064,4.776615142822266
ACH-000111,HCC1187,HCC1187_BREAST,BREAST,11640390,Linsitinib,3.3942229747772217,3.695425271987915
ACH-000111,HCC1187,HCC1187_BREAST,BREAST,41867,Epirubicin,3.3615899085998535,-1.3314365148544312
ACH-000111,HCC1187,HCC1187_BREAST,BREAST,2907,Cyclophosphamide,4.745388984680176,5.243049621582031
ACH-000111,HCC1187,HCC1187_BREAST,BREAST,24360,Camptothecin,1.2406400442123413,-3.3658125400543213
ACH-000111,HCC1187,HCC1187_BREAST,BREAST,6710780,Vinblastine,0.23589299619197845,-4.454441547393799
ACH-000111,HCC1187,HCC1187_BREAST,BREAST,84691,Cisplatin,4.081944942474365,1.5983610153198242
ACH-000111,HCC1187,HCC1187_BREAST,BREAST,6253,Cytarabine,3.32436203956604,0.8299862146377563
ACH-000111,HCC1187,HCC1187_BREAST,BREAST,148124,Docetaxel,-4.624767780303955,-5.746060371398926
ACH-000111,HCC1187,HCC1187_BREAST,BREAST,126941,Methotrexate,-2.5526349544525146,0.47394296526908875
ACH-000111,HCC1187,HCC1187_BREAST,BREAST,123631,Gefitinib,3.5310420989990234,2.204408884048462
ACH-000111,HCC1187,HCC1187_BREAST,BREAST,24978538,Navitoclax,3.631227970123291,1.5942165851593018
ACH-000111,HCC1187,HCC1187_BREAST,BREAST,5311,Vorinostat,2.6915149688720703,1.4477428197860718
ACH-000111,HCC1187,HCC1187_BREAST,BREAST,644241,Nilotinib,4.136107921600342,3.421435594558716
ACH-000111,HCC1187,HCC1187_BREAST,BREAST,44182295,Refametinib,2.5382299423217773,3.794219732284546
ACH-000111,HCC1187,HCC1187_BREAST,BREAST,6918289,Temsirolimus,3.0285160541534424,0.524956226348877
ACH-000111,HCC1187,HCC1187_BREAST,BREAST,23725625,Olaparib,4.46088981628418,4.0078349113464355
ACH-000111,HCC1187,HCC1187_BREAST,BREAST,11960529,Veliparib,5.1353278160095215,5.258515357971191
ACH-000111,HCC1187,HCC1187_BREAST,BREAST,5328940,Bosutinib,3.768649101257324,2.4782254695892334
ACH-000111,HCC1187,HCC1187_BREAST,BREAST,216326,Lenalidomide,5.366409778594971,5.228560447692871
ACH-000111,HCC1187,HCC1187_BREAST,BREAST,6450551,Axitinib,2.8288590908050537,2.316767454147339
ACH-000111,HCC1187,HCC1187_BREAST,BREAST,11152667,AZD7762,1.5313830375671387,-0.06872807443141937
ACH-000111,HCC1187,HCC1187_BREAST,BREAST,9943465,GW441756,1.735456943511963,3.2054569721221924
ACH-000258,Du4475,DU4475_BREAST,BREAST,126565,Lestaurtinib,-2.3983728885650635,0.7428823709487915
ACH-000258,Du4475,DU4475_BREAST,BREAST,176158,SB216763,4.38423490524292,5.639323711395264
ACH-000258,Du4475,DU4475_BREAST,BREAST,6505803,Tanespimycin,-2.414236068725586,-0.09222155809402466
ACH-000258,Du4475,DU4475_BREAST,BREAST,5311497,Vinorelbine,-2.5029470920562744,-3.11651873588562
ACH-000258,Du4475,DU4475_BREAST,BREAST,11667893,Motesanib,4.404974937438965,6.02556848526001
ACH-000258,Du4475,DU4475_BREAST,BREAST,5278396,KU-55933,3.3391408920288086,5.605237007141113
ACH-000258,Du4475,DU4475_BREAST,BREAST,10184653,Afatinib,1.6608150005340576,2.0253727436065674
ACH-000258,Du4475,DU4475_BREAST,BREAST,24776445,Vismodegib,3.216672897338867,5.387668132781982
ACH-000258,Du4475,DU4475_BREAST,BREAST,24180719,PLX-4720,-0.9248449802398682,5.418479919433594
ACH-000258,Du4475,DU4475_BREAST,BREAST,11327430,NU7441,2.190824031829834,3.658914566040039
ACH-000258,Du4475,DU4475_BREAST,BREAST,16720766,Pevonedistat,-3.9550058841705322,1.4478334188461304
ACH-000258,Du4475,DU4475_BREAST,BREAST,11488320,Sapitinib,3.486309051513672,5.325538635253906
ACH-000258,Du4475,DU4475_BREAST,BREAST,156422,Doramapimod,4.8028411865234375,5.489197731018066
ACH-000258,Du4475,DU4475_BREAST,BREAST,11624601,JNK Inhibitor VIII,4.32003116607666,5.622252464294434
ACH-000258,Du4475,DU4475_BREAST,BREAST,51042438,Uprosertib,2.423129081726074,2.8067755699157715
ACH-000258,Du4475,DU4475_BREAST,BREAST,24737642,LCL161,4.05551815032959,5.5626349449157715
ACH-000258,Du4475,DU4475_BREAST,BREAST,10384072,Wee1 Inhibitor,0.42308101058006287,1.8017433881759644
ACH-000258,Du4475,DU4475_BREAST,BREAST,11433190,Nutlin-3a (-),0.7069240212440491,5.617251396179199
ACH-000258,Du4475,DU4475_BREAST,BREAST,208908,Lapatinib,1.0788240432739258,4.352480888366699
ACH-000258,Du4475,DU4475_BREAST,BREAST,1401,PD173074,3.312537908554077,4.162993431091309
ACH-000258,Du4475,DU4475_BREAST,BREAST,9914412,ZM447439,1.7223329544067383,2.6889097690582275
ACH-000258,Du4475,DU4475_BREAST,BREAST,24771867,Alisertib,1.242048978805542,2.8382930755615234
ACH-000258,Du4475,DU4475_BREAST,BREAST,56649450,Alpelisib,3.8452770709991455,3.6541759967803955
ACH-000258,Du4475,DU4475_BREAST,BREAST,46930998,MK-2206,2.402137041091919,2.6662726402282715
ACH-000258,Du4475,DU4475_BREAST,BREAST,5330286,Palbociclib,3.7479939460754395,4.223175525665283
ACH-000258,Du4475,DU4475_BREAST,BREAST,51001932,Taselisib,3.466322898864746,1.9212952852249146
ACH-000258,Du4475,DU4475_BREAST,BREAST,57345410,EPZ5676,4.144614219665527,6.065127372741699
ACH-000258,Du4475,DU4475_BREAST,BREAST,11977753,Dactolisib,-1.8648829460144043,-0.40037044882774353
ACH-000258,Du4475,DU4475_BREAST,BREAST,17755052,Pictilisib,2.137845993041992,1.4779338836669922
ACH-000258,Du4475,DU4475_BREAST,BREAST,25262965,AZD8055,-0.6762890219688416,0.691813588142395
ACH-000258,Du4475,DU4475_BREAST,BREAST,9826528,PD0325901,-5.6583428382873535,-1.4077603816986084
ACH-000258,Du4475,DU4475_BREAST,BREAST,24866313,SCH772984,-4.031391143798828,0.1677228808403015
ACH-000258,Du4475,DU4475_BREAST,BREAST,10127622,Selumetinib,-2.5156729221343994,1.5912246704101562
ACH-000258,Du4475,DU4475_BREAST,BREAST,9927531,BIBR-1532,3.619710922241211,5.565242290496826
ACH-000258,Du4475,DU4475_BREAST,BREAST,2155128,IWP-2,2.018517017364502,2.915736436843872
ACH-000258,Du4475,DU4475_BREAST,BREAST,3899,Leflunomide,4.39668607711792,5.514701843261719
ACH-000258,Du4475,DU4475_BREAST,BREAST,2314623,CCT007093,4.330053806304932,5.680957317352295
ACH-000258,Du4475,DU4475_BREAST,BREAST,11404337,Obatoclax Mesylate,-0.9626110196113586,1.0726906061172485
ACH-000258,Du4475,DU4475_BREAST,BREAST,9938202,EHT-1864,0.4642469882965088,3.7024848461151123
ACH-000258,Du4475,DU4475_BREAST,BREAST,25227847,Pyridostatin,2.4523370265960693,3.603951930999756
ACH-000258,Du4475,DU4475_BREAST,BREAST,46883536,Avagacestat,2.841188907623291,5.325649261474609
ACH-000258,Du4475,DU4475_BREAST,BREAST,3385,5-Fluorouracil,2.2664730548858643,4.893289566040039
ACH-000258,Du4475,DU4475_BREAST,BREAST,68947304,AMG-319,3.4133169651031494,5.561382293701172
ACH-000258,Du4475,DU4475_BREAST,BREAST,11634725,VX-11e,-1.6611870527267456,1.0816301107406616
ACH-000258,Du4475,DU4475_BREAST,BREAST,16224745,MK-8776,2.6169540882110596,3.331108331680298
ACH-000258,Du4475,DU4475_BREAST,BREAST,3062316,Dasatinib,1.195438027381897,3.5029985904693604
ACH-000258,Du4475,DU4475_BREAST,BREAST,36314,Paclitaxel,-3.0512819290161133,-2.971566915512085
ACH-000258,Du4475,DU4475_BREAST,BREAST,4261,Entinostat,-1.1019070148468018,1.2802091836929321
ACH-000258,Du4475,DU4475_BREAST,BREAST,11626560,Crizotinib,0.9889630079269409,2.247619867324829
ACH-000258,Du4475,DU4475_BREAST,BREAST,118704762,LJI308,3.0166590213775635,5.584273338317871
ACH-000258,Du4475,DU4475_BREAST,BREAST,216239,Sorafenib,0.9186080098152161,2.3966124057769775
ACH-000258,Du4475,DU4475_BREAST,BREAST,11364421,BI-2536,-2.8280489444732666,-0.4795466363430023
ACH-000258,Du4475,DU4475_BREAST,BREAST,46926973,LGK974,2.7667500972747803,4.250611782073975
ACH-000258,Du4475,DU4475_BREAST,BREAST,60838,Irinotecan,0.391400009393692,3.649604558944702
ACH-000258,Du4475,DU4475_BREAST,BREAST,5310940,Oxaliplatin,1.767806053161621,3.872938394546509
ACH-000258,Du4475,DU4475_BREAST,BREAST,117072552,GSK591,3.5338170528411865,4.949222087860107
ACH-000258,Du4475,DU4475_BREAST,BREAST,51000408,VE821,1.8849029541015625,4.361382484436035
ACH-000258,Du4475,DU4475_BREAST,BREAST,25124816,GSK1904529A,1.772286057472229,4.502485275268555
ACH-000258,Du4475,DU4475_BREAST,BREAST,5494449,Tozasertib,-0.047088999301195145,1.6829397678375244
ACH-000258,Du4475,DU4475_BREAST,BREAST,59472121,VE-822,2.1257729530334473,3.4391729831695557
ACH-000258,Du4475,DU4475_BREAST,BREAST,72200024,WZ4003,1.5804250240325928,4.567215919494629
ACH-000258,Du4475,DU4475_BREAST,BREAST,42623951,CZC24832,3.3938260078430176,5.698966979980469
ACH-000258,Du4475,DU4475_BREAST,BREAST,49847690,AZD5582,2.600435972213745,2.147256851196289
ACH-000258,Du4475,DU4475_BREAST,BREAST,53469448,GSK2606414,3.5159969329833984,4.304361820220947
ACH-000258,Du4475,DU4475_BREAST,BREAST,78243717,PFI3,4.426793098449707,5.863101005554199
ACH-000258,Du4475,DU4475_BREAST,BREAST,24753719,PCI-34051,4.071498870849609,4.843448638916016
ACH-000258,Du4475,DU4475_BREAST,BREAST,57519544,Wnt-C59,3.051525115966797,4.448500633239746
ACH-000258,Du4475,DU4475_BREAST,BREAST,46943432,I-BET-762,2.955435037612915,3.320493459701538
ACH-000258,Du4475,DU4475_BREAST,BREAST,9936746,OTX015,2.119196891784668,2.2470123767852783
ACH-000258,Du4475,DU4475_BREAST,BREAST,71268957,GSK343,1.8458679914474487,3.12192440032959
ACH-000258,Du4475,DU4475_BREAST,BREAST,60167849,ML323,3.5274789333343506,4.768136024475098
ACH-000258,Du4475,DU4475_BREAST,BREAST,59473233,Entospletinib,2.321661949157715,4.675075054168701
ACH-000258,Du4475,DU4475_BREAST,BREAST,44462758,PRT062607,1.5509999990463257,3.518822431564331
ACH-000258,Du4475,DU4475_BREAST,BREAST,44631912,Ribociclib,3.2578420639038086,4.116689682006836
ACH-000258,Du4475,DU4475_BREAST,BREAST,71299339,AGI-6780,2.162925958633423,4.4835896492004395
ACH-000258,Du4475,DU4475_BREAST,BREAST,1018,Picolinici-acid,4.248618125915527,5.784669399261475
ACH-000258,Du4475,DU4475_BREAST,BREAST,51371303,PF-4708671,2.805962085723877,3.834707736968994
ACH-000258,Du4475,DU4475_BREAST,BREAST,52918385,PRIMA-1MET,5.525126934051514,4.907909393310547
ACH-000258,Du4475,DU4475_BREAST,BREAST,11609586,Serdemetan,1.769888997077942,4.148659706115723
ACH-000258,Du4475,DU4475_BREAST,BREAST,44137675,AZD6482,3.983510971069336,4.446559429168701
ACH-000258,Du4475,DU4475_BREAST,BREAST,42642645,Foretinib,0.13802999258041382,1.037697434425354
ACH-000258,Du4475,DU4475_BREAST,BREAST,46907787,JQ1,0.11996600031852722,1.914241075515747
ACH-000258,Du4475,DU4475_BREAST,BREAST,71271629,PFI-1,4.356513977050781,4.128977298736572
ACH-000258,Du4475,DU4475_BREAST,BREAST,56962337,SGC0946,1.3574320077896118,2.12957763671875
ACH-000258,Du4475,DU4475_BREAST,BREAST,176870,Erlotinib,1.8908350467681885,3.7042717933654785
ACH-000258,Du4475,DU4475_BREAST,BREAST,9931953,Rucaparib,1.4252320528030396,4.110616207122803
ACH-000258,Du4475,DU4475_BREAST,BREAST,24958200,Niraparib,1.6467959880828857,4.9531073570251465
ACH-000258,Du4475,DU4475_BREAST,BREAST,24856436,MK-1775,-0.07766299694776535,0.9484128952026367
ACH-000258,Du4475,DU4475_BREAST,BREAST,46926350,Dinaciclib,-3.6710140705108643,-2.5567827224731445
ACH-000258,Du4475,DU4475_BREAST,BREAST,60750,Gemcitabine,-3.3827879428863525,1.4376099109649658
ACH-000258,Du4475,DU4475_BREAST,BREAST,387447,Bortezomib,-6.086277961730957,-5.12860107421875
ACH-000258,Du4475,DU4475_BREAST,BREAST,16095342,GSK269962A,2.2816920280456543,2.367034673690796
ACH-000258,Du4475,DU4475_BREAST,BREAST,2733526,Tamoxifen,2.6594810485839844,3.992560625076294
ACH-000258,Du4475,DU4475_BREAST,BREAST,104741,Fulvestrant,1.851928949356079,3.274678945541382
ACH-000258,Du4475,DU4475_BREAST,BREAST,56962336,EPZ004777,4.097970008850098,5.649450302124023
ACH-000258,Du4475,DU4475_BREAST,BREAST,44632017,YK-4-279,0.6648759841918945,2.4879910945892334
ACH-000258,Du4475,DU4475_BREAST,BREAST,9813758,BMS-345541,2.352663040161133,3.2289586067199707
ACH-000258,Du4475,DU4475_BREAST,BREAST,25099184,AZ960,0.1637369990348816,2.484511375427246
ACH-000258,Du4475,DU4475_BREAST,BREAST,51039095,AZD4547,0.43311500549316406,3.274137020111084
ACH-000258,Du4475,DU4475_BREAST,BREAST,24821094,Ibrutinib,3.951724052429199,5.538210868835449
ACH-000258,Du4475,DU4475_BREAST,BREAST,70983932,GSK2830371,3.1577179431915283,5.915570259094238
ACH-000258,Du4475,DU4475_BREAST,BREAST,46236925,Sabutoclax,-2.312450885772705,0.30245378613471985
ACH-000258,Du4475,DU4475_BREAST,BREAST,11655119,LY2109761,3.0159060955047607,5.5105133056640625
ACH-000258,Du4475,DU4475_BREAST,BREAST,35397514,OF-1,3.6953699588775635,4.350409984588623
ACH-000258,Du4475,DU4475_BREAST,BREAST,2802462,MN-64,3.062113046646118,5.336085319519043
ACH-000258,Du4475,DU4475_BREAST,BREAST,73555129,KRAS (G12C) Inhibitor-12,2.279512882232666,4.755831718444824
ACH-000258,Du4475,DU4475_BREAST,BREAST,462382,MG-132,-2.948287010192871,-1.0223486423492432
ACH-000258,Du4475,DU4475_BREAST,BREAST,11707110,Trametinib,-7.425646781921387,-2.965520143508911
ACH-000258,Du4475,DU4475_BREAST,BREAST,44462760,Dabrafenib,-5.139567852020264,5.390596866607666
ACH-000258,Du4475,DU4475_BREAST,BREAST,5394,Temozolomide,5.658926963806152,7.2007365226745605
ACH-000258,Du4475,DU4475_BREAST,BREAST,5460769,Bleomycin (50 uM),0.5314760208129883,5.176854133605957
ACH-000258,Du4475,DU4475_BREAST,BREAST,49846579,Venotoclax,0.16396500170230865,2.2217586040496826
ACH-000258,Du4475,DU4475_BREAST,BREAST,11228183,ABT737,-3.6119749546051025,0.9066817760467529
ACH-000258,Du4475,DU4475_BREAST,BREAST,46843057,Afuresertib,2.6241729259490967,2.2809860706329346
ACH-000258,Du4475,DU4475_BREAST,BREAST,56645356,AGI-5198,3.742732048034668,5.225036144256592
ACH-000258,Du4475,DU4475_BREAST,BREAST,78209992,AZD3759,2.1681840419769287,2.7710225582122803
ACH-000258,Du4475,DU4475_BREAST,BREAST,54761306,AZD6738,0.6393219828605652,2.402892827987671
ACH-000258,Du4475,DU4475_BREAST,BREAST,52913813,AZD8186,3.5774741172790527,4.065372943878174
ACH-000258,Du4475,DU4475_BREAST,BREAST,71496458,Osimertinib,0.5524190068244934,2.063594102859497
ACH-000258,Du4475,DU4475_BREAST,BREAST,9933475,Cediranib,1.5624669790267944,2.4147074222564697
ACH-000258,Du4475,DU4475_BREAST,BREAST,24788740,Ipatasertib,3.202610969543457,3.6004738807678223
ACH-000258,Du4475,DU4475_BREAST,BREAST,56941241,GDC0810,4.124564170837402,5.508542537689209
ACH-000258,Du4475,DU4475_BREAST,BREAST,70676303,GNE-317,0.5687770247459412,1.4150686264038086
ACH-000258,Du4475,DU4475_BREAST,BREAST,68107965,GSK2578215A,4.182319164276123,5.380880832672119
ACH-000258,Du4475,DU4475_BREAST,BREAST,91668541,I-BRD9,3.576090097427368,4.476423740386963
ACH-000258,Du4475,DU4475_BREAST,BREAST,10385095,Telomerase Inhibitor IX,-1.2096999883651733,1.19893479347229
ACH-000258,Du4475,DU4475_BREAST,BREAST,227681,MIRA-1,4.676634788513184,6.046639919281006
ACH-000258,Du4475,DU4475_BREAST,BREAST,9825149,NVP-ADW742,1.2254650592803955,2.317497968673706
ACH-000258,Du4475,DU4475_BREAST,BREAST,46931953,P22077,2.516455888748169,4.479497909545898
ACH-000258,Du4475,DU4475_BREAST,BREAST,68289010,Savolitinib,0.6786100268363953,2.7441558837890625
ACH-000258,Du4475,DU4475_BREAST,BREAST,992586,UMI-77,1.5782099962234497,2.951256513595581
ACH-000258,Du4475,DU4475_BREAST,BREAST,2984337,WIKI4,2.625792980194092,4.331752300262451
ACH-000258,Du4475,DU4475_BREAST,BREAST,11178236,Sepantronium bromide,-3.019089937210083,-3.096830368041992
ACH-000258,Du4475,DU4475_BREAST,BREAST,104842,SN-38,-6.595831871032715,-1.1098964214324951
ACH-000258,Du4475,DU4475_BREAST,BREAST,25126798,Ruxolitinib,3.2239110469818115,5.2994537353515625
ACH-000258,Du4475,DU4475_BREAST,BREAST,11640390,Linsitinib,1.9581999778747559,3.5826117992401123
ACH-000258,Du4475,DU4475_BREAST,BREAST,41867,Epirubicin,-3.7618799209594727,0.5538851022720337
ACH-000258,Du4475,DU4475_BREAST,BREAST,2907,Cyclophosphamide,4.179315090179443,5.728010177612305
ACH-000258,Du4475,DU4475_BREAST,BREAST,24360,Camptothecin,-4.328214168548584,-0.6967579126358032
ACH-000258,Du4475,DU4475_BREAST,BREAST,6710780,Vinblastine,-3.7286670207977295,-4.530020713806152
ACH-000258,Du4475,DU4475_BREAST,BREAST,84691,Cisplatin,1.5411649942398071,4.053214073181152
ACH-000258,Du4475,DU4475_BREAST,BREAST,6253,Cytarabine,-1.6089190244674683,2.7858316898345947
ACH-000258,Du4475,DU4475_BREAST,BREAST,148124,Docetaxel,-5.664157867431641,-5.046433448791504
ACH-000258,Du4475,DU4475_BREAST,BREAST,123631,Gefitinib,1.9805870056152344,3.6362860202789307
ACH-000258,Du4475,DU4475_BREAST,BREAST,24978538,Navitoclax,-1.1251840591430664,0.5419074296951294
ACH-000258,Du4475,DU4475_BREAST,BREAST,5311,Vorinostat,-0.044684998691082,1.0594154596328735
ACH-000258,Du4475,DU4475_BREAST,BREAST,644241,Nilotinib,0.34835800528526306,4.031778335571289
ACH-000258,Du4475,DU4475_BREAST,BREAST,44182295,Refametinib,-3.3141279220581055,-0.045687004923820496
ACH-000258,Du4475,DU4475_BREAST,BREAST,6918289,Temsirolimus,0.962145984172821,1.9981738328933716
ACH-000258,Du4475,DU4475_BREAST,BREAST,23725625,Olaparib,2.093592882156372,4.990447521209717
ACH-000258,Du4475,DU4475_BREAST,BREAST,11960529,Veliparib,2.979517936706543,5.760787487030029
ACH-000258,Du4475,DU4475_BREAST,BREAST,5328940,Bosutinib,1.4644429683685303,3.4174013137817383
ACH-000258,Du4475,DU4475_BREAST,BREAST,216326,Lenalidomide,3.2271170616149902,5.766969203948975
ACH-000258,Du4475,DU4475_BREAST,BREAST,6450551,Axitinib,1.0817639827728271,3.013566255569458
ACH-000258,Du4475,DU4475_BREAST,BREAST,11152667,AZD7762,-0.8946930170059204,1.0301555395126343
ACH-000258,Du4475,DU4475_BREAST,BREAST,9943465,GW441756,1.570402979850769,3.6894772052764893
ACH-000910,MDA-MB-453,MDAMB453_BREAST,BREAST,126565,Lestaurtinib,-0.3830290138721466,0.19452404975891113
ACH-000910,MDA-MB-453,MDAMB453_BREAST,BREAST,176158,SB216763,6.294053077697754,5.106271266937256
ACH-000910,MDA-MB-453,MDAMB453_BREAST,BREAST,6505803,Tanespimycin,-3.3079469203948975,0.3118533492088318
ACH-000910,MDA-MB-453,MDAMB453_BREAST,BREAST,5311497,Vinorelbine,-3.473320960998535,-3.3084421157836914
ACH-000910,MDA-MB-453,MDAMB453_BREAST,BREAST,11667893,Motesanib,4.823760986328125,5.556946277618408
ACH-000910,MDA-MB-453,MDAMB453_BREAST,BREAST,5278396,KU-55933,5.182429790496826,5.1605424880981445
ACH-000910,MDA-MB-453,MDAMB453_BREAST,BREAST,10184653,Afatinib,1.3115559816360474,2.083773136138916
ACH-000910,MDA-MB-453,MDAMB453_BREAST,BREAST,24776445,Vismodegib,5.486588954925537,4.7467241287231445
ACH-000910,MDA-MB-453,MDAMB453_BREAST,BREAST,24180719,PLX-4720,5.0098419189453125,4.729811191558838
ACH-000910,MDA-MB-453,MDAMB453_BREAST,BREAST,11327430,NU7441,2.68887996673584,3.3710432052612305
ACH-000910,MDA-MB-453,MDAMB453_BREAST,BREAST,16720766,Pevonedistat,2.529294013977051,0.9150279760360718
ACH-000910,MDA-MB-453,MDAMB453_BREAST,BREAST,11488320,Sapitinib,2.5858449935913086,4.698126792907715
ACH-000910,MDA-MB-453,MDAMB453_BREAST,BREAST,156422,Doramapimod,4.3995280265808105,4.904096603393555
ACH-000910,MDA-MB-453,MDAMB453_BREAST,BREAST,11624601,JNK Inhibitor VIII,5.163518905639648,5.0432329177856445
ACH-000910,MDA-MB-453,MDAMB453_BREAST,BREAST,51042438,Uprosertib,-0.4595920145511627,3.3587377071380615
ACH-000910,MDA-MB-453,MDAMB453_BREAST,BREAST,24737642,LCL161,3.0767810344696045,4.874473571777344
ACH-000910,MDA-MB-453,MDAMB453_BREAST,BREAST,10384072,Wee1 Inhibitor,1.4346870183944702,1.8286802768707275
ACH-000910,MDA-MB-453,MDAMB453_BREAST,BREAST,11433190,Nutlin-3a (-),5.686359882354736,4.964694499969482
ACH-000910,MDA-MB-453,MDAMB453_BREAST,BREAST,208908,Lapatinib,1.1961029767990112,3.7971084117889404
ACH-000910,MDA-MB-453,MDAMB453_BREAST,BREAST,1401,PD173074,2.294572114944458,3.748422384262085
ACH-000910,MDA-MB-453,MDAMB453_BREAST,BREAST,9914412,ZM447439,2.6598610877990723,2.445408821105957
ACH-000910,MDA-MB-453,MDAMB453_BREAST,BREAST,24771867,Alisertib,3.710202932357788,2.4093899726867676
ACH-000910,MDA-MB-453,MDAMB453_BREAST,BREAST,56649450,Alpelisib,0.3570539951324463,3.6957778930664062
ACH-000910,MDA-MB-453,MDAMB453_BREAST,BREAST,46930998,MK-2206,-0.18784500658512115,3.024625301361084
ACH-000910,MDA-MB-453,MDAMB453_BREAST,BREAST,5330286,Palbociclib,2.4690229892730713,4.133547306060791
ACH-000910,MDA-MB-453,MDAMB453_BREAST,BREAST,51001932,Taselisib,-2.3478970527648926,2.5396132469177246
ACH-000910,MDA-MB-453,MDAMB453_BREAST,BREAST,57345410,EPZ5676,4.501529216766357,5.612163066864014
ACH-000910,MDA-MB-453,MDAMB453_BREAST,BREAST,11977753,Dactolisib,-3.1393330097198486,-1.0898187160491943
ACH-000910,MDA-MB-453,MDAMB453_BREAST,BREAST,17755052,Pictilisib,-0.5429850220680237,1.4207444190979004
ACH-000910,MDA-MB-453,MDAMB453_BREAST,BREAST,25262965,AZD8055,-2.0423600673675537,0.47977083921432495
ACH-000910,MDA-MB-453,MDAMB453_BREAST,BREAST,9826528,PD0325901,2.341594934463501,3.048515796661377
ACH-000910,MDA-MB-453,MDAMB453_BREAST,BREAST,24866313,SCH772984,2.637402057647705,3.9118330478668213
ACH-000910,MDA-MB-453,MDAMB453_BREAST,BREAST,10127622,Selumetinib,5.145646095275879,4.385953903198242
ACH-000910,MDA-MB-453,MDAMB453_BREAST,BREAST,9927531,BIBR-1532,3.7289209365844727,4.787367343902588
ACH-000910,MDA-MB-453,MDAMB453_BREAST,BREAST,2155128,IWP-2,1.8010660409927368,2.468325138092041
ACH-000910,MDA-MB-453,MDAMB453_BREAST,BREAST,3899,Leflunomide,4.075081825256348,5.050370693206787
ACH-000910,MDA-MB-453,MDAMB453_BREAST,BREAST,2314623,CCT007093,4.874046802520752,5.153547286987305
ACH-000910,MDA-MB-453,MDAMB453_BREAST,BREAST,11404337,Obatoclax Mesylate,0.575298011302948,0.6808677911758423
ACH-000910,MDA-MB-453,MDAMB453_BREAST,BREAST,9938202,EHT-1864,2.507805109024048,3.082233190536499
ACH-000910,MDA-MB-453,MDAMB453_BREAST,BREAST,25227847,Pyridostatin,3.0558359622955322,3.1902897357940674
ACH-000910,MDA-MB-453,MDAMB453_BREAST,BREAST,46883536,Avagacestat,5.530269145965576,4.718968868255615
ACH-000910,MDA-MB-453,MDAMB453_BREAST,BREAST,3385,5-Fluorouracil,3.4862210750579834,4.467166423797607
ACH-000910,MDA-MB-453,MDAMB453_BREAST,BREAST,68947304,AMG-319,5.105906009674072,4.907455921173096
ACH-000910,MDA-MB-453,MDAMB453_BREAST,BREAST,11634725,VX-11e,1.9696630239486694,3.890101671218872
ACH-000910,MDA-MB-453,MDAMB453_BREAST,BREAST,16224745,MK-8776,3.320784091949463,3.066573143005371
ACH-000910,MDA-MB-453,MDAMB453_BREAST,BREAST,3062316,Dasatinib,3.9367949962615967,3.063615083694458
ACH-000910,MDA-MB-453,MDAMB453_BREAST,BREAST,36314,Paclitaxel,-3.4236700534820557,-3.2154958248138428
ACH-000910,MDA-MB-453,MDAMB453_BREAST,BREAST,4261,Entinostat,0.9207839965820312,1.5698504447937012
ACH-000910,MDA-MB-453,MDAMB453_BREAST,BREAST,11626560,Crizotinib,3.4384140968322754,2.658942937850952
ACH-000910,MDA-MB-453,MDAMB453_BREAST,BREAST,118704762,LJI308,5.338571071624756,5.080132484436035
ACH-000910,MDA-MB-453,MDAMB453_BREAST,BREAST,216239,Sorafenib,1.8331810235977173,2.1589951515197754
ACH-000910,MDA-MB-453,MDAMB453_BREAST,BREAST,11364421,BI-2536,-1.0954209566116333,-1.5065478086471558
ACH-000910,MDA-MB-453,MDAMB453_BREAST,BREAST,46926973,LGK974,2.2158849239349365,3.588766574859619
ACH-000910,MDA-MB-453,MDAMB453_BREAST,BREAST,60838,Irinotecan,2.477900981903076,2.8395326137542725
ACH-000910,MDA-MB-453,MDAMB453_BREAST,BREAST,5310940,Oxaliplatin,3.522212028503418,3.712139368057251
ACH-000910,MDA-MB-453,MDAMB453_BREAST,BREAST,117072552,GSK591,3.617572069168091,4.279138565063477
ACH-000910,MDA-MB-453,MDAMB453_BREAST,BREAST,51000408,VE821,4.2645368576049805,4.087706089019775
ACH-000910,MDA-MB-453,MDAMB453_BREAST,BREAST,25124816,GSK1904529A,2.4060420989990234,3.828295946121216
ACH-000910,MDA-MB-453,MDAMB453_BREAST,BREAST,5494449,Tozasertib,3.9939520359039307,2.1002931594848633
ACH-000910,MDA-MB-453,MDAMB453_BREAST,BREAST,59472121,VE-822,0.35790300369262695,3.2642405033111572
ACH-000910,MDA-MB-453,MDAMB453_BREAST,BREAST,72200024,WZ4003,3.9179489612579346,4.041664123535156
ACH-000910,MDA-MB-453,MDAMB453_BREAST,BREAST,42623951,CZC24832,5.568014144897461,5.272223949432373
ACH-000910,MDA-MB-453,MDAMB453_BREAST,BREAST,49847690,AZD5582,0.8124240040779114,1.9979727268218994
ACH-000910,MDA-MB-453,MDAMB453_BREAST,BREAST,53469448,GSK2606414,2.5972440242767334,3.8522937297821045
ACH-000910,MDA-MB-453,MDAMB453_BREAST,BREAST,78243717,PFI3,4.847618103027344,5.408463001251221
ACH-000910,MDA-MB-453,MDAMB453_BREAST,BREAST,24753719,PCI-34051,4.48356294631958,4.116199970245361
ACH-000910,MDA-MB-453,MDAMB453_BREAST,BREAST,57519544,Wnt-C59,3.3846919536590576,3.8774116039276123
ACH-000910,MDA-MB-453,MDAMB453_BREAST,BREAST,46943432,I-BET-762,0.8520849943161011,3.5334272384643555
ACH-000910,MDA-MB-453,MDAMB453_BREAST,BREAST,9936746,OTX015,-0.6463029980659485,2.871042251586914
ACH-000910,MDA-MB-453,MDAMB453_BREAST,BREAST,71268957,GSK343,2.7643320560455322,2.6267294883728027
ACH-000910,MDA-MB-453,MDAMB453_BREAST,BREAST,60167849,ML323,3.182248115539551,4.091899871826172
ACH-000910,MDA-MB-453,MDAMB453_BREAST,BREAST,59473233,Entospletinib,5.5261712074279785,4.118486404418945
ACH-000910,MDA-MB-453,MDAMB453_BREAST,BREAST,44462758,PRT062607,2.6029579639434814,3.519340753555298
ACH-000910,MDA-MB-453,MDAMB453_BREAST,BREAST,44631912,Ribociclib,2.912317991256714,3.7779247760772705
ACH-000910,MDA-MB-453,MDAMB453_BREAST,BREAST,71299339,AGI-6780,2.8979129791259766,3.8371059894561768
ACH-000910,MDA-MB-453,MDAMB453_BREAST,BREAST,1018,Picolinici-acid,4.944788932800293,5.280494689941406
ACH-000910,MDA-MB-453,MDAMB453_BREAST,BREAST,51371303,PF-4708671,2.6181750297546387,3.197242498397827
ACH-000910,MDA-MB-453,MDAMB453_BREAST,BREAST,52918385,PRIMA-1MET,2.094741106033325,4.729640960693359
ACH-000910,MDA-MB-453,MDAMB453_BREAST,BREAST,11609586,Serdemetan,3.8092520236968994,3.802962064743042
ACH-000910,MDA-MB-453,MDAMB453_BREAST,BREAST,44137675,AZD6482,0.8983349800109863,4.112153053283691
ACH-000910,MDA-MB-453,MDAMB453_BREAST,BREAST,42642645,Foretinib,2.507704973220825,1.3457196950912476
ACH-000910,MDA-MB-453,MDAMB453_BREAST,BREAST,46907787,JQ1,-1.5444530248641968,2.533649444580078
ACH-000910,MDA-MB-453,MDAMB453_BREAST,BREAST,11455910,TW 37,1.7906700372695923,1.3045146465301514
ACH-000910,MDA-MB-453,MDAMB453_BREAST,BREAST,71271629,PFI-1,5.298548221588135,3.736964225769043
ACH-000910,MDA-MB-453,MDAMB453_BREAST,BREAST,56962337,SGC0946,2.191009044647217,1.8502453565597534
ACH-000910,MDA-MB-453,MDAMB453_BREAST,BREAST,176870,Erlotinib,3.2258241176605225,3.1511003971099854
ACH-000910,MDA-MB-453,MDAMB453_BREAST,BREAST,9931953,Rucaparib,4.580208778381348,3.57590389251709
ACH-000910,MDA-MB-453,MDAMB453_BREAST,BREAST,24958200,Niraparib,2.9169371128082275,4.176324367523193
ACH-000910,MDA-MB-453,MDAMB453_BREAST,BREAST,24856436,MK-1775,1.3211369514465332,0.6295984983444214
ACH-000910,MDA-MB-453,MDAMB453_BREAST,BREAST,46926350,Dinaciclib,-2.9593100547790527,-2.991610527038574
ACH-000910,MDA-MB-453,MDAMB453_BREAST,BREAST,60750,Gemcitabine,0.14083099365234375,0.9116119146347046
ACH-000910,MDA-MB-453,MDAMB453_BREAST,BREAST,387447,Bortezomib,-5.065610885620117,-5.15643835067749
ACH-000910,MDA-MB-453,MDAMB453_BREAST,BREAST,16095342,GSK269962A,1.486246943473816,2.1227004528045654
ACH-000910,MDA-MB-453,MDAMB453_BREAST,BREAST,2733526,Tamoxifen,3.1600229740142822,3.5344579219818115
ACH-000910,MDA-MB-453,MDAMB453_BREAST,BREAST,104741,Fulvestrant,1.932911992073059,2.71614146232605
ACH-000910,MDA-MB-453,MDAMB453_BREAST,BREAST,56962336,EPZ004777,4.810781955718994,5.086263179779053
ACH-000910,MDA-MB-453,MDAMB453_BREAST,BREAST,44632017,YK-4-279,2.9139580726623535,2.1914472579956055
ACH-000910,MDA-MB-453,MDAMB453_BREAST,BREAST,6914657,Daporinad,-5.307372093200684,-4.348283290863037
ACH-000910,MDA-MB-453,MDAMB453_BREAST,BREAST,9813758,BMS-345541,2.9944539070129395,2.973458766937256
ACH-000910,MDA-MB-453,MDAMB453_BREAST,BREAST,25099184,AZ960,1.5346659421920776,2.1718320846557617
ACH-000910,MDA-MB-453,MDAMB453_BREAST,BREAST,51039095,AZD4547,2.4863200187683105,2.6395890712738037
ACH-000910,MDA-MB-453,MDAMB453_BREAST,BREAST,24821094,Ibrutinib,0.9224249720573425,4.780235290527344
ACH-000910,MDA-MB-453,MDAMB453_BREAST,BREAST,70983932,GSK2830371,4.784478187561035,5.429967880249023
ACH-000910,MDA-MB-453,MDAMB453_BREAST,BREAST,46236925,Sabutoclax,-0.9682360291481018,-0.41099312901496887
ACH-000910,MDA-MB-453,MDAMB453_BREAST,BREAST,11655119,LY2109761,5.338401794433594,4.961413860321045
ACH-000910,MDA-MB-453,MDAMB453_BREAST,BREAST,35397514,OF-1,1.3271420001983643,3.4913129806518555
ACH-000910,MDA-MB-453,MDAMB453_BREAST,BREAST,2802462,MN-64,3.0071558952331543,4.56702995300293
ACH-000910,MDA-MB-453,MDAMB453_BREAST,BREAST,73555129,KRAS (G12C) Inhibitor-12,2.9764668941497803,4.195486068725586
ACH-000910,MDA-MB-453,MDAMB453_BREAST,BREAST,462382,MG-132,-0.8693649768829346,-1.1576825380325317
ACH-000910,MDA-MB-453,MDAMB453_BREAST,BREAST,11707110,Trametinib,1.3746190071105957,2.2623097896575928
ACH-000910,MDA-MB-453,MDAMB453_BREAST,BREAST,44462760,Dabrafenib,3.5006909370422363,4.74032735824585
ACH-000910,MDA-MB-453,MDAMB453_BREAST,BREAST,5394,Temozolomide,7.631278991699219,6.739681720733643
ACH-000910,MDA-MB-453,MDAMB453_BREAST,BREAST,5460769,Bleomycin (50 uM),5.479695796966553,4.119884967803955
ACH-000910,MDA-MB-453,MDAMB453_BREAST,BREAST,49846579,Venotoclax,3.6481339931488037,1.7512608766555786
ACH-000910,MDA-MB-453,MDAMB453_BREAST,BREAST,11228183,ABT737,5.081945896148682,1.1252403259277344
ACH-000910,MDA-MB-453,MDAMB453_BREAST,BREAST,46843057,Afuresertib,0.5119969844818115,2.7526729106903076
ACH-000910,MDA-MB-453,MDAMB453_BREAST,BREAST,56645356,AGI-5198,5.035888195037842,4.476041316986084
ACH-000910,MDA-MB-453,MDAMB453_BREAST,BREAST,78209992,AZD3759,3.360980987548828,2.508402109146118
ACH-000910,MDA-MB-453,MDAMB453_BREAST,BREAST,54761306,AZD6738,1.6866329908370972,2.287209987640381
ACH-000910,MDA-MB-453,MDAMB453_BREAST,BREAST,52913813,AZD8186,2.897571086883545,3.9046006202697754
ACH-000910,MDA-MB-453,MDAMB453_BREAST,BREAST,71496458,Osimertinib,1.23026704788208,1.9663517475128174
ACH-000910,MDA-MB-453,MDAMB453_BREAST,BREAST,9933475,Cediranib,2.6335480213165283,2.3056750297546387
ACH-000910,MDA-MB-453,MDAMB453_BREAST,BREAST,24788740,Ipatasertib,1.7402650117874146,3.650390386581421
ACH-000910,MDA-MB-453,MDAMB453_BREAST,BREAST,56941241,GDC0810,5.545772075653076,4.9313883781433105
ACH-000910,MDA-MB-453,MDAMB453_BREAST,BREAST,70676303,GNE-317,0.5440829992294312,1.1218966245651245
ACH-000910,MDA-MB-453,MDAMB453_BREAST,BREAST,68107965,GSK2578215A,5.179440021514893,4.782026290893555
ACH-000910,MDA-MB-453,MDAMB453_BREAST,BREAST,91668541,I-BRD9,3.527884006500244,4.0810322761535645
ACH-000910,MDA-MB-453,MDAMB453_BREAST,BREAST,10385095,Telomerase Inhibitor IX,-0.3468019962310791,0.6907682418823242
ACH-000910,MDA-MB-453,MDAMB453_BREAST,BREAST,227681,MIRA-1,5.034121036529541,5.577510356903076
ACH-000910,MDA-MB-453,MDAMB453_BREAST,BREAST,9825149,NVP-ADW742,4.023881912231445,2.8873655796051025
ACH-000910,MDA-MB-453,MDAMB453_BREAST,BREAST,46931953,P22077,2.4856159687042236,3.95638108253479
ACH-000910,MDA-MB-453,MDAMB453_BREAST,BREAST,68289010,Savolitinib,3.2633020877838135,2.340696096420288
ACH-000910,MDA-MB-453,MDAMB453_BREAST,BREAST,992586,UMI-77,1.9870589971542358,2.499645233154297
ACH-000910,MDA-MB-453,MDAMB453_BREAST,BREAST,2984337,WIKI4,5.3662109375,3.647167921066284
ACH-000910,MDA-MB-453,MDAMB453_BREAST,BREAST,11178236,Sepantronium bromide,-4.834857940673828,-3.559760570526123
ACH-000910,MDA-MB-453,MDAMB453_BREAST,BREAST,71297207,WEHI-539,4.888854026794434,3.0367345809936523
ACH-000910,MDA-MB-453,MDAMB453_BREAST,BREAST,104842,SN-38,-3.510638952255249,-0.06519186496734619
ACH-000910,MDA-MB-453,MDAMB453_BREAST,BREAST,25126798,Ruxolitinib,2.691188097000122,4.6424102783203125
ACH-000910,MDA-MB-453,MDAMB453_BREAST,BREAST,11640390,Linsitinib,3.4771170616149902,3.238316535949707
ACH-000910,MDA-MB-453,MDAMB453_BREAST,BREAST,41867,Epirubicin,-0.3579750061035156,-0.40346136689186096
ACH-000910,MDA-MB-453,MDAMB453_BREAST,BREAST,2907,Cyclophosphamide,5.377837181091309,5.131652355194092
ACH-000910,MDA-MB-453,MDAMB453_BREAST,BREAST,24360,Camptothecin,-1.875319004058838,-1.5303618907928467
ACH-000910,MDA-MB-453,MDAMB453_BREAST,BREAST,6710780,Vinblastine,-3.6906979084014893,-3.917938709259033
ACH-000910,MDA-MB-453,MDAMB453_BREAST,BREAST,84691,Cisplatin,4.3873090744018555,3.161998748779297
ACH-000910,MDA-MB-453,MDAMB453_BREAST,BREAST,6253,Cytarabine,1.471532940864563,2.5228726863861084
ACH-000910,MDA-MB-453,MDAMB453_BREAST,BREAST,148124,Docetaxel,-4.891997814178467,-4.812429428100586
ACH-000910,MDA-MB-453,MDAMB453_BREAST,BREAST,126941,Methotrexate,0.6408380270004272,0.7444000244140625
ACH-000910,MDA-MB-453,MDAMB453_BREAST,BREAST,123631,Gefitinib,1.802386999130249,3.155763864517212
ACH-000910,MDA-MB-453,MDAMB453_BREAST,BREAST,24978538,Navitoclax,2.4361090660095215,0.7516512870788574
ACH-000910,MDA-MB-453,MDAMB453_BREAST,BREAST,5311,Vorinostat,-0.39900100231170654,1.239986538887024
ACH-000910,MDA-MB-453,MDAMB453_BREAST,BREAST,644241,Nilotinib,2.5167200565338135,3.8267440795898438
ACH-000910,MDA-MB-453,MDAMB453_BREAST,BREAST,44182295,Refametinib,2.6793699264526367,3.5519962310791016
ACH-000910,MDA-MB-453,MDAMB453_BREAST,BREAST,6918289,Temsirolimus,-1.9077539443969727,1.3780248165130615
ACH-000910,MDA-MB-453,MDAMB453_BREAST,BREAST,23725625,Olaparib,4.830962181091309,4.032886028289795
ACH-000910,MDA-MB-453,MDAMB453_BREAST,BREAST,11960529,Veliparib,5.0586161613464355,5.208293437957764
ACH-000910,MDA-MB-453,MDAMB453_BREAST,BREAST,5328940,Bosutinib,3.893333911895752,3.136044979095459
ACH-000910,MDA-MB-453,MDAMB453_BREAST,BREAST,216326,Lenalidomide,3.5022099018096924,5.304112434387207
ACH-000910,MDA-MB-453,MDAMB453_BREAST,BREAST,6450551,Axitinib,2.0000360012054443,2.68894624710083
ACH-000910,MDA-MB-453,MDAMB453_BREAST,BREAST,11152667,AZD7762,-0.5513920187950134,0.6310991048812866
ACH-000910,MDA-MB-453,MDAMB453_BREAST,BREAST,9943465,GW441756,3.1610679626464844,3.1151010990142822
ACH-000621,MDA-MB-157,MDAMB157_BREAST,BREAST,126565,Lestaurtinib,-0.3692589998245239,1.25704824924469
ACH-000621,MDA-MB-157,MDAMB157_BREAST,BREAST,176158,SB216763,6.252562046051025,5.053470134735107
ACH-000621,MDA-MB-157,MDAMB157_BREAST,BREAST,6505803,Tanespimycin,0.6676909923553467,0.7800241708755493
ACH-000621,MDA-MB-157,MDAMB157_BREAST,BREAST,5311497,Vinorelbine,-1.4288170337677002,-2.3303468227386475
ACH-000621,MDA-MB-157,MDAMB157_BREAST,BREAST,11667893,Motesanib,5.7303290367126465,5.45702600479126
ACH-000621,MDA-MB-157,MDAMB157_BREAST,BREAST,5278396,KU-55933,6.508477210998535,5.099113941192627
ACH-000621,MDA-MB-157,MDAMB157_BREAST,BREAST,10184653,Afatinib,3.602241039276123,2.0630390644073486
ACH-000621,MDA-MB-157,MDAMB157_BREAST,BREAST,24776445,Vismodegib,4.877869129180908,4.969874858856201
ACH-000621,MDA-MB-157,MDAMB157_BREAST,BREAST,24180719,PLX-4720,5.962244033813477,4.764499187469482
ACH-000621,MDA-MB-157,MDAMB157_BREAST,BREAST,11327430,NU7441,3.3164548873901367,3.5179531574249268
ACH-000621,MDA-MB-157,MDAMB157_BREAST,BREAST,16720766,Pevonedistat,-0.8671299815177917,1.9630306959152222
ACH-000621,MDA-MB-157,MDAMB157_BREAST,BREAST,11488320,Sapitinib,3.386132001876831,4.122408866882324
ACH-000621,MDA-MB-157,MDAMB157_BREAST,BREAST,156422,Doramapimod,5.6140007972717285,5.066294193267822
ACH-000621,MDA-MB-157,MDAMB157_BREAST,BREAST,11624601,JNK Inhibitor VIII,4.990962028503418,5.121114253997803
ACH-000621,MDA-MB-157,MDAMB157_BREAST,BREAST,51042438,Uprosertib,4.218610763549805,3.381657123565674
ACH-000621,MDA-MB-157,MDAMB157_BREAST,BREAST,24737642,LCL161,5.05790901184082,4.861823081970215
ACH-000621,MDA-MB-157,MDAMB157_BREAST,BREAST,10384072,Wee1 Inhibitor,1.7643990516662598,2.4903101921081543
ACH-000621,MDA-MB-157,MDAMB157_BREAST,BREAST,11433190,Nutlin-3a (-),4.950455188751221,5.109615802764893
ACH-000621,MDA-MB-157,MDAMB157_BREAST,BREAST,208908,Lapatinib,4.028263092041016,3.7646632194519043
ACH-000621,MDA-MB-157,MDAMB157_BREAST,BREAST,1401,PD173074,4.153595924377441,4.023618698120117
ACH-000621,MDA-MB-157,MDAMB157_BREAST,BREAST,9914412,ZM447439,3.5116961002349854,2.929605007171631
ACH-000621,MDA-MB-157,MDAMB157_BREAST,BREAST,24771867,Alisertib,2.4499619007110596,2.550043821334839
ACH-000621,MDA-MB-157,MDAMB157_BREAST,BREAST,56649450,Alpelisib,4.3014068603515625,3.871708631515503
ACH-000621,MDA-MB-157,MDAMB157_BREAST,BREAST,46930998,MK-2206,4.3921427726745605,3.0520684719085693
ACH-000621,MDA-MB-157,MDAMB157_BREAST,BREAST,5330286,Palbociclib,4.09537410736084,4.357490539550781
ACH-000621,MDA-MB-157,MDAMB157_BREAST,BREAST,51001932,Taselisib,3.8303589820861816,2.1284866333007812
ACH-000621,MDA-MB-157,MDAMB157_BREAST,BREAST,57345410,EPZ5676,6.046260833740234,5.523086071014404
ACH-000621,MDA-MB-157,MDAMB157_BREAST,BREAST,11977753,Dactolisib,-0.5733230113983154,-0.5573954582214355
ACH-000621,MDA-MB-157,MDAMB157_BREAST,BREAST,17755052,Pictilisib,2.585587978363037,1.354278802871704
ACH-000621,MDA-MB-157,MDAMB157_BREAST,BREAST,25262965,AZD8055,1.1644710302352905,0.8285502195358276
ACH-000621,MDA-MB-157,MDAMB157_BREAST,BREAST,9826528,PD0325901,3.2085609436035156,3.520517110824585
ACH-000621,MDA-MB-157,MDAMB157_BREAST,BREAST,24866313,SCH772984,3.8926150798797607,4.267375469207764
ACH-000621,MDA-MB-157,MDAMB157_BREAST,BREAST,10127622,Selumetinib,4.859778881072998,4.60894250869751
ACH-000621,MDA-MB-157,MDAMB157_BREAST,BREAST,9927531,BIBR-1532,5.009450912475586,4.995556831359863
ACH-000621,MDA-MB-157,MDAMB157_BREAST,BREAST,2155128,IWP-2,3.0572569370269775,2.932757616043091
ACH-000621,MDA-MB-157,MDAMB157_BREAST,BREAST,3899,Leflunomide,4.427399158477783,5.039911270141602
ACH-000621,MDA-MB-157,MDAMB157_BREAST,BREAST,2314623,CCT007093,5.154148101806641,5.177716255187988
ACH-000621,MDA-MB-157,MDAMB157_BREAST,BREAST,11404337,Obatoclax Mesylate,-0.08871199935674667,1.1571784019470215
ACH-000621,MDA-MB-157,MDAMB157_BREAST,BREAST,9938202,EHT-1864,3.2227180004119873,3.6378862857818604
ACH-000621,MDA-MB-157,MDAMB157_BREAST,BREAST,25227847,Pyridostatin,3.9180901050567627,3.8230488300323486
ACH-000621,MDA-MB-157,MDAMB157_BREAST,BREAST,46883536,Avagacestat,3.806817054748535,4.804606914520264
ACH-000621,MDA-MB-157,MDAMB157_BREAST,BREAST,3385,5-Fluorouracil,3.4886789321899414,4.868804931640625
ACH-000621,MDA-MB-157,MDAMB157_BREAST,BREAST,68947304,AMG-319,4.81403112411499,4.84929084777832
ACH-000621,MDA-MB-157,MDAMB157_BREAST,BREAST,11634725,VX-11e,4.260423183441162,3.9307305812835693
ACH-000621,MDA-MB-157,MDAMB157_BREAST,BREAST,16224745,MK-8776,0.9871270060539246,3.5209269523620605
ACH-000621,MDA-MB-157,MDAMB157_BREAST,BREAST,3062316,Dasatinib,3.625412940979004,1.837149977684021
ACH-000621,MDA-MB-157,MDAMB157_BREAST,BREAST,36314,Paclitaxel,-2.051593065261841,-2.232077121734619
ACH-000621,MDA-MB-157,MDAMB157_BREAST,BREAST,4261,Entinostat,2.856147050857544,2.499049425125122
ACH-000621,MDA-MB-157,MDAMB157_BREAST,BREAST,11626560,Crizotinib,3.862881898880005,3.1222593784332275
ACH-000621,MDA-MB-157,MDAMB157_BREAST,BREAST,118704762,LJI308,5.7205939292907715,5.146679878234863
ACH-000621,MDA-MB-157,MDAMB157_BREAST,BREAST,216239,Sorafenib,2.6381709575653076,2.799738883972168
ACH-000621,MDA-MB-157,MDAMB157_BREAST,BREAST,11364421,BI-2536,0.8683000206947327,0.11697396636009216
ACH-000621,MDA-MB-157,MDAMB157_BREAST,BREAST,46926973,LGK974,3.1179189682006836,4.242593765258789
ACH-000621,MDA-MB-157,MDAMB157_BREAST,BREAST,60838,Irinotecan,4.3354811668396,3.8279051780700684
ACH-000621,MDA-MB-157,MDAMB157_BREAST,BREAST,5310940,Oxaliplatin,6.00246000289917,4.486666202545166
ACH-000621,MDA-MB-157,MDAMB157_BREAST,BREAST,117072552,GSK591,5.625232219696045,4.475204944610596
ACH-000621,MDA-MB-157,MDAMB157_BREAST,BREAST,51000408,VE821,2.805579900741577,4.414882183074951
ACH-000621,MDA-MB-157,MDAMB157_BREAST,BREAST,25124816,GSK1904529A,4.057530879974365,4.299474239349365
ACH-000621,MDA-MB-157,MDAMB157_BREAST,BREAST,5494449,Tozasertib,4.179910182952881,3.2632017135620117
ACH-000621,MDA-MB-157,MDAMB157_BREAST,BREAST,59472121,VE-822,1.6777689456939697,3.6432228088378906
ACH-000621,MDA-MB-157,MDAMB157_BREAST,BREAST,72200024,WZ4003,4.276947021484375,4.2780609130859375
ACH-000621,MDA-MB-157,MDAMB157_BREAST,BREAST,42623951,CZC24832,5.20405912399292,5.198970317840576
ACH-000621,MDA-MB-157,MDAMB157_BREAST,BREAST,49847690,AZD5582,3.4818029403686523,2.445162296295166
ACH-000621,MDA-MB-157,MDAMB157_BREAST,BREAST,53469448,GSK2606414,5.050856113433838,4.081024646759033
ACH-000621,MDA-MB-157,MDAMB157_BREAST,BREAST,78243717,PFI3,5.656353950500488,5.349618911743164
ACH-000621,MDA-MB-157,MDAMB157_BREAST,BREAST,24753719,PCI-34051,5.646495819091797,4.557631492614746
ACH-000621,MDA-MB-157,MDAMB157_BREAST,BREAST,57519544,Wnt-C59,4.320754051208496,4.394259452819824
ACH-000621,MDA-MB-157,MDAMB157_BREAST,BREAST,46943432,I-BET-762,3.449026107788086,3.689377784729004
ACH-000621,MDA-MB-157,MDAMB157_BREAST,BREAST,9936746,OTX015,2.7240359783172607,2.855409860610962
ACH-000621,MDA-MB-157,MDAMB157_BREAST,BREAST,71268957,GSK343,2.8299169540405273,3.0832202434539795
ACH-000621,MDA-MB-157,MDAMB157_BREAST,BREAST,60167849,ML323,3.1219611167907715,4.566866397857666
ACH-000621,MDA-MB-157,MDAMB157_BREAST,BREAST,59473233,Entospletinib,4.876274108886719,3.9821112155914307
ACH-000621,MDA-MB-157,MDAMB157_BREAST,BREAST,44462758,PRT062607,5.276205062866211,3.595770835876465
ACH-000621,MDA-MB-157,MDAMB157_BREAST,BREAST,44631912,Ribociclib,4.611699104309082,4.110628128051758
ACH-000621,MDA-MB-157,MDAMB157_BREAST,BREAST,71299339,AGI-6780,3.379481077194214,4.363206386566162
ACH-000621,MDA-MB-157,MDAMB157_BREAST,BREAST,1018,Picolinici-acid,5.36531400680542,5.252380847930908
ACH-000621,MDA-MB-157,MDAMB157_BREAST,BREAST,51371303,PF-4708671,4.217212200164795,3.737819194793701
ACH-000621,MDA-MB-157,MDAMB157_BREAST,BREAST,52918385,PRIMA-1MET,5.167459011077881,4.909214019775391
ACH-000621,MDA-MB-157,MDAMB157_BREAST,BREAST,11609586,Serdemetan,4.908306121826172,4.161927700042725
ACH-000621,MDA-MB-157,MDAMB157_BREAST,BREAST,44137675,AZD6482,5.472332954406738,4.116057872772217
ACH-000621,MDA-MB-157,MDAMB157_BREAST,BREAST,42642645,Foretinib,1.2468069791793823,1.6452733278274536
ACH-000621,MDA-MB-157,MDAMB157_BREAST,BREAST,46907787,JQ1,3.9287750720977783,2.684937000274658
ACH-000621,MDA-MB-157,MDAMB157_BREAST,BREAST,11455910,TW 37,1.326550006866455,1.9133597612380981
ACH-000621,MDA-MB-157,MDAMB157_BREAST,BREAST,71271629,PFI-1,3.4670801162719727,4.106388092041016
ACH-000621,MDA-MB-157,MDAMB157_BREAST,BREAST,56962337,SGC0946,2.511504888534546,2.2413201332092285
ACH-000621,MDA-MB-157,MDAMB157_BREAST,BREAST,176870,Erlotinib,3.8598039150238037,3.071953058242798
ACH-000621,MDA-MB-157,MDAMB157_BREAST,BREAST,9931953,Rucaparib,4.162940979003906,4.186386585235596
ACH-000621,MDA-MB-157,MDAMB157_BREAST,BREAST,24958200,Niraparib,4.752656936645508,4.6273884773254395
ACH-000621,MDA-MB-157,MDAMB157_BREAST,BREAST,24856436,MK-1775,0.7601010203361511,1.1543328762054443
ACH-000621,MDA-MB-157,MDAMB157_BREAST,BREAST,46926350,Dinaciclib,-3.7270240783691406,-2.4982094764709473
ACH-000621,MDA-MB-157,MDAMB157_BREAST,BREAST,60750,Gemcitabine,-1.3199690580368042,2.137573719024658
ACH-000621,MDA-MB-157,MDAMB157_BREAST,BREAST,387447,Bortezomib,-5.461418151855469,-4.597896099090576
ACH-000621,MDA-MB-157,MDAMB157_BREAST,BREAST,16095342,GSK269962A,3.3376638889312744,2.813485622406006
ACH-000621,MDA-MB-157,MDAMB157_BREAST,BREAST,2733526,Tamoxifen,4.505977153778076,4.054349899291992
ACH-000621,MDA-MB-157,MDAMB157_BREAST,BREAST,104741,Fulvestrant,2.5939719676971436,3.210970640182495
ACH-000621,MDA-MB-157,MDAMB157_BREAST,BREAST,56962336,EPZ004777,5.6777520179748535,5.174213409423828
ACH-000621,MDA-MB-157,MDAMB157_BREAST,BREAST,44632017,YK-4-279,2.6535089015960693,2.988825559616089
ACH-000621,MDA-MB-157,MDAMB157_BREAST,BREAST,6914657,Daporinad,-4.558761119842529,-3.8400397300720215
ACH-000621,MDA-MB-157,MDAMB157_BREAST,BREAST,9813758,BMS-345541,3.74393892288208,3.5860939025878906
ACH-000621,MDA-MB-157,MDAMB157_BREAST,BREAST,25099184,AZ960,2.4224228858947754,2.5205209255218506
ACH-000621,MDA-MB-157,MDAMB157_BREAST,BREAST,51039095,AZD4547,3.058540105819702,3.254286766052246
ACH-000621,MDA-MB-157,MDAMB157_BREAST,BREAST,24821094,Ibrutinib,5.670535087585449,4.4834489822387695
ACH-000621,MDA-MB-157,MDAMB157_BREAST,BREAST,70983932,GSK2830371,5.7303290367126465,5.394598484039307
ACH-000621,MDA-MB-157,MDAMB157_BREAST,BREAST,46236925,Sabutoclax,-0.9798949956893921,0.642769455909729
ACH-000621,MDA-MB-157,MDAMB157_BREAST,BREAST,11655119,LY2109761,5.719674110412598,5.014151573181152
ACH-000621,MDA-MB-157,MDAMB157_BREAST,BREAST,35397514,OF-1,1.957077980041504,4.163212776184082
ACH-000621,MDA-MB-157,MDAMB157_BREAST,BREAST,2802462,MN-64,4.49079704284668,4.707707405090332
ACH-000621,MDA-MB-157,MDAMB157_BREAST,BREAST,73555129,KRAS (G12C) Inhibitor-12,4.837952136993408,4.6309099197387695
ACH-000621,MDA-MB-157,MDAMB157_BREAST,BREAST,462382,MG-132,-1.2521320581436157,-0.8084328174591064
ACH-000621,MDA-MB-157,MDAMB157_BREAST,BREAST,11707110,Trametinib,2.2999279499053955,2.4524011611938477
ACH-000621,MDA-MB-157,MDAMB157_BREAST,BREAST,44462760,Dabrafenib,6.57310676574707,4.9474287033081055
ACH-000621,MDA-MB-157,MDAMB157_BREAST,BREAST,5394,Temozolomide,7.221216201782227,6.646310329437256
ACH-000621,MDA-MB-157,MDAMB157_BREAST,BREAST,5460769,Bleomycin (50 uM),5.352468967437744,4.306116104125977
ACH-000621,MDA-MB-157,MDAMB157_BREAST,BREAST,49846579,Venotoclax,3.332345962524414,2.8921971321105957
ACH-000621,MDA-MB-157,MDAMB157_BREAST,BREAST,11228183,ABT737,3.563586950302124,2.487074136734009
ACH-000621,MDA-MB-157,MDAMB157_BREAST,BREAST,46843057,Afuresertib,3.1070048809051514,2.7605974674224854
ACH-000621,MDA-MB-157,MDAMB157_BREAST,BREAST,56645356,AGI-5198,5.628634929656982,4.67355489730835
ACH-000621,MDA-MB-157,MDAMB157_BREAST,BREAST,78209992,AZD3759,3.3381218910217285,2.6217405796051025
ACH-000621,MDA-MB-157,MDAMB157_BREAST,BREAST,54761306,AZD6738,0.1524830013513565,2.615298271179199
ACH-000621,MDA-MB-157,MDAMB157_BREAST,BREAST,52913813,AZD8186,4.763609886169434,3.3231892585754395
ACH-000621,MDA-MB-157,MDAMB157_BREAST,BREAST,71496458,Osimertinib,3.007122039794922,2.0160140991210938
ACH-000621,MDA-MB-157,MDAMB157_BREAST,BREAST,9933475,Cediranib,3.2293078899383545,2.4566919803619385
ACH-000621,MDA-MB-157,MDAMB157_BREAST,BREAST,24788740,Ipatasertib,4.50713586807251,3.8034815788269043
ACH-000621,MDA-MB-157,MDAMB157_BREAST,BREAST,56941241,GDC0810,4.344913005828857,5.02468204498291
ACH-000621,MDA-MB-157,MDAMB157_BREAST,BREAST,70676303,GNE-317,1.3628220558166504,1.1539922952651978
ACH-000621,MDA-MB-157,MDAMB157_BREAST,BREAST,68107965,GSK2578215A,4.279466152191162,4.9581379890441895
ACH-000621,MDA-MB-157,MDAMB157_BREAST,BREAST,91668541,I-BRD9,3.478281021118164,4.478074073791504
ACH-000621,MDA-MB-157,MDAMB157_BREAST,BREAST,10385095,Telomerase Inhibitor IX,0.7584580183029175,1.3608758449554443
ACH-000621,MDA-MB-157,MDAMB157_BREAST,BREAST,227681,MIRA-1,5.600729942321777,5.485009670257568
ACH-000621,MDA-MB-157,MDAMB157_BREAST,BREAST,9825149,NVP-ADW742,2.5881919860839844,3.258466958999634
ACH-000621,MDA-MB-157,MDAMB157_BREAST,BREAST,46931953,P22077,5.631442070007324,4.5236101150512695
ACH-000621,MDA-MB-157,MDAMB157_BREAST,BREAST,68289010,Savolitinib,3.427743911743164,2.8500020503997803
ACH-000621,MDA-MB-157,MDAMB157_BREAST,BREAST,992586,UMI-77,3.8063840866088867,2.9761195182800293
ACH-000621,MDA-MB-157,MDAMB157_BREAST,BREAST,2984337,WIKI4,3.5639889240264893,3.7921676635742188
ACH-000621,MDA-MB-157,MDAMB157_BREAST,BREAST,11178236,Sepantronium bromide,-3.5126230716705322,-4.341590881347656
ACH-000621,MDA-MB-157,MDAMB157_BREAST,BREAST,71297207,WEHI-539,4.6179680824279785,3.6759305000305176
ACH-000621,MDA-MB-157,MDAMB157_BREAST,BREAST,104842,SN-38,3.7477409839630127,3.177356004714966
ACH-000621,MDA-MB-157,MDAMB157_BREAST,BREAST,25126798,Ruxolitinib,5.468373775482178,4.8907318115234375
ACH-000621,MDA-MB-157,MDAMB157_BREAST,BREAST,11640390,Linsitinib,4.4111809730529785,4.059596061706543
ACH-000621,MDA-MB-157,MDAMB157_BREAST,BREAST,41867,Epirubicin,-0.3070659935474396,0.3544032871723175
ACH-000621,MDA-MB-157,MDAMB157_BREAST,BREAST,2907,Cyclophosphamide,4.678269863128662,5.214186668395996
ACH-000621,MDA-MB-157,MDAMB157_BREAST,BREAST,24360,Camptothecin,-1.1714409589767456,-0.812701940536499
ACH-000621,MDA-MB-157,MDAMB157_BREAST,BREAST,6710780,Vinblastine,-4.246417999267578,-3.0666816234588623
ACH-000621,MDA-MB-157,MDAMB157_BREAST,BREAST,84691,Cisplatin,5.373173236846924,4.0125627517700195
ACH-000621,MDA-MB-157,MDAMB157_BREAST,BREAST,6253,Cytarabine,3.8248400688171387,3.147033214569092
ACH-000621,MDA-MB-157,MDAMB157_BREAST,BREAST,148124,Docetaxel,-3.436460018157959,-4.200563907623291
ACH-000621,MDA-MB-157,MDAMB157_BREAST,BREAST,126941,Methotrexate,0.11541300266981125,1.2855981588363647
ACH-000621,MDA-MB-157,MDAMB157_BREAST,BREAST,123631,Gefitinib,4.100069046020508,3.2448244094848633
ACH-000621,MDA-MB-157,MDAMB157_BREAST,BREAST,24978538,Navitoclax,1.8746639490127563,2.3980300426483154
ACH-000621,MDA-MB-157,MDAMB157_BREAST,BREAST,5311,Vorinostat,1.7424620389938354,1.9590368270874023
ACH-000621,MDA-MB-157,MDAMB157_BREAST,BREAST,644241,Nilotinib,5.238002777099609,3.9392616748809814
ACH-000621,MDA-MB-157,MDAMB157_BREAST,BREAST,44182295,Refametinib,3.6980020999908447,3.9074738025665283
ACH-000621,MDA-MB-157,MDAMB157_BREAST,BREAST,6918289,Temsirolimus,2.4457180500030518,1.4882997274398804
ACH-000621,MDA-MB-157,MDAMB157_BREAST,BREAST,23725625,Olaparib,4.340292930603027,4.496064186096191
ACH-000621,MDA-MB-157,MDAMB157_BREAST,BREAST,11960529,Veliparib,5.142088890075684,5.240227222442627
ACH-000621,MDA-MB-157,MDAMB157_BREAST,BREAST,5328940,Bosutinib,4.120891094207764,2.9620659351348877
ACH-000621,MDA-MB-157,MDAMB157_BREAST,BREAST,216326,Lenalidomide,5.2480268478393555,5.280348300933838
ACH-000621,MDA-MB-157,MDAMB157_BREAST,BREAST,6450551,Axitinib,3.0840189456939697,3.430661678314209
ACH-000621,MDA-MB-157,MDAMB157_BREAST,BREAST,11152667,AZD7762,-1.9831739664077759,1.1728878021240234
ACH-000621,MDA-MB-157,MDAMB157_BREAST,BREAST,9943465,GW441756,3.543916940689087,3.528280019760132
ACH-000330,EFM-19,EFM19_BREAST,BREAST,126565,Lestaurtinib,0.22333300113677979,0.821718692779541
ACH-000330,EFM-19,EFM19_BREAST,BREAST,176158,SB216763,6.709146022796631,4.968588829040527
ACH-000330,EFM-19,EFM19_BREAST,BREAST,6505803,Tanespimycin,0.9770010113716125,0.7865558862686157
ACH-000330,EFM-19,EFM19_BREAST,BREAST,5311497,Vinorelbine,-3.8184409141540527,-1.7197216749191284
ACH-000330,EFM-19,EFM19_BREAST,BREAST,11667893,Motesanib,5.336946964263916,5.334971904754639
ACH-000330,EFM-19,EFM19_BREAST,BREAST,5278396,KU-55933,4.888628005981445,5.050479412078857
ACH-000330,EFM-19,EFM19_BREAST,BREAST,10184653,Afatinib,1.8968490362167358,1.7532885074615479
ACH-000330,EFM-19,EFM19_BREAST,BREAST,24776445,Vismodegib,5.011534214019775,4.822361469268799
ACH-000330,EFM-19,EFM19_BREAST,BREAST,24180719,PLX-4720,5.3179850578308105,4.691425800323486
ACH-000330,EFM-19,EFM19_BREAST,BREAST,11327430,NU7441,2.559581995010376,3.3289785385131836
ACH-000330,EFM-19,EFM19_BREAST,BREAST,16720766,Pevonedistat,3.7731471061706543,1.439210295677185
ACH-000330,EFM-19,EFM19_BREAST,BREAST,11488320,Sapitinib,3.7258739471435547,3.5160574913024902
ACH-000330,EFM-19,EFM19_BREAST,BREAST,156422,Doramapimod,3.2780189514160156,4.888046741485596
ACH-000330,EFM-19,EFM19_BREAST,BREAST,11624601,JNK Inhibitor VIII,5.853569030761719,4.949533939361572
ACH-000330,EFM-19,EFM19_BREAST,BREAST,51042438,Uprosertib,1.5583820343017578,3.2462289333343506
ACH-000330,EFM-19,EFM19_BREAST,BREAST,24737642,LCL161,0.8874689936637878,4.770593643188477
ACH-000330,EFM-19,EFM19_BREAST,BREAST,10384072,Wee1 Inhibitor,1.9253430366516113,2.1926536560058594
ACH-000330,EFM-19,EFM19_BREAST,BREAST,11433190,Nutlin-3a (-),5.538241863250732,4.776968002319336
ACH-000330,EFM-19,EFM19_BREAST,BREAST,208908,Lapatinib,4.101309776306152,3.4847571849823
ACH-000330,EFM-19,EFM19_BREAST,BREAST,1401,PD173074,3.8484580516815186,3.786245346069336
ACH-000330,EFM-19,EFM19_BREAST,BREAST,9914412,ZM447439,3.822097063064575,2.4926095008850098
ACH-000330,EFM-19,EFM19_BREAST,BREAST,24771867,Alisertib,3.113732099533081,1.8613296747207642
ACH-000330,EFM-19,EFM19_BREAST,BREAST,56649450,Alpelisib,1.1896640062332153,3.6561474800109863
ACH-000330,EFM-19,EFM19_BREAST,BREAST,46930998,MK-2206,1.0887010097503662,2.940380096435547
ACH-000330,EFM-19,EFM19_BREAST,BREAST,5330286,Palbociclib,3.9034159183502197,4.113659858703613
ACH-000330,EFM-19,EFM19_BREAST,BREAST,51001932,Taselisib,0.43550199270248413,2.0218026638031006
ACH-000330,EFM-19,EFM19_BREAST,BREAST,57345410,EPZ5676,6.323991775512695,5.388683319091797
ACH-000330,EFM-19,EFM19_BREAST,BREAST,11977753,Dactolisib,-1.001749038696289,-0.6739499568939209
ACH-000330,EFM-19,EFM19_BREAST,BREAST,17755052,Pictilisib,-0.29863598942756653,1.294047236442566
ACH-000330,EFM-19,EFM19_BREAST,BREAST,25262965,AZD8055,0.397722989320755,0.8890398740768433
ACH-000330,EFM-19,EFM19_BREAST,BREAST,9826528,PD0325901,3.661423921585083,3.5462543964385986
ACH-000330,EFM-19,EFM19_BREAST,BREAST,24866313,SCH772984,3.480647087097168,4.16550350189209
ACH-000330,EFM-19,EFM19_BREAST,BREAST,10127622,Selumetinib,5.886019229888916,4.5159220695495605
ACH-000330,EFM-19,EFM19_BREAST,BREAST,9927531,BIBR-1532,5.025166034698486,4.79168701171875
ACH-000330,EFM-19,EFM19_BREAST,BREAST,2155128,IWP-2,3.0589280128479004,2.7106547355651855
ACH-000330,EFM-19,EFM19_BREAST,BREAST,3899,Leflunomide,6.313765048980713,5.006899356842041
ACH-000330,EFM-19,EFM19_BREAST,BREAST,2314623,CCT007093,5.368831157684326,5.0236287117004395
ACH-000330,EFM-19,EFM19_BREAST,BREAST,11404337,Obatoclax Mesylate,0.6822509765625,0.9859334230422974
ACH-000330,EFM-19,EFM19_BREAST,BREAST,9938202,EHT-1864,2.778320074081421,3.279411554336548
ACH-000330,EFM-19,EFM19_BREAST,BREAST,25227847,Pyridostatin,3.7485439777374268,3.487144708633423
ACH-000330,EFM-19,EFM19_BREAST,BREAST,46883536,Avagacestat,5.148225784301758,4.7002739906311035
ACH-000330,EFM-19,EFM19_BREAST,BREAST,3385,5-Fluorouracil,4.701570987701416,4.495540142059326
ACH-000330,EFM-19,EFM19_BREAST,BREAST,68947304,AMG-319,4.724595069885254,4.8769378662109375
ACH-000330,EFM-19,EFM19_BREAST,BREAST,11634725,VX-11e,4.102920055389404,3.9231669902801514
ACH-000330,EFM-19,EFM19_BREAST,BREAST,16224745,MK-8776,4.230628967285156,3.17974853515625
ACH-000330,EFM-19,EFM19_BREAST,BREAST,3062316,Dasatinib,0.7959060072898865,2.304609775543213
ACH-000330,EFM-19,EFM19_BREAST,BREAST,36314,Paclitaxel,-3.939286947250366,-1.718924641609192
ACH-000330,EFM-19,EFM19_BREAST,BREAST,4261,Entinostat,4.418208122253418,2.219464063644409
ACH-000330,EFM-19,EFM19_BREAST,BREAST,11626560,Crizotinib,3.571903944015503,2.879051685333252
ACH-000330,EFM-19,EFM19_BREAST,BREAST,118704762,LJI308,6.034632205963135,5.057227611541748
ACH-000330,EFM-19,EFM19_BREAST,BREAST,216239,Sorafenib,2.6756060123443604,2.4382922649383545
ACH-000330,EFM-19,EFM19_BREAST,BREAST,11364421,BI-2536,0.6188099980354309,-0.43996766209602356
ACH-000330,EFM-19,EFM19_BREAST,BREAST,46926973,LGK974,3.764971971511841,3.9867894649505615
ACH-000330,EFM-19,EFM19_BREAST,BREAST,60838,Irinotecan,5.515273094177246,2.6317522525787354
ACH-000330,EFM-19,EFM19_BREAST,BREAST,5310940,Oxaliplatin,5.292022228240967,4.031362056732178
ACH-000330,EFM-19,EFM19_BREAST,BREAST,117072552,GSK591,4.718285083770752,4.448080062866211
ACH-000330,EFM-19,EFM19_BREAST,BREAST,51000408,VE821,6.0781121253967285,4.088469505310059
ACH-000330,EFM-19,EFM19_BREAST,BREAST,25124816,GSK1904529A,4.575899124145508,4.110913276672363
ACH-000330,EFM-19,EFM19_BREAST,BREAST,5494449,Tozasertib,4.741607189178467,2.6315841674804688
ACH-000330,EFM-19,EFM19_BREAST,BREAST,59472121,VE-822,4.7043538093566895,3.357145071029663
ACH-000330,EFM-19,EFM19_BREAST,BREAST,72200024,WZ4003,5.991897106170654,4.17466402053833
ACH-000330,EFM-19,EFM19_BREAST,BREAST,42623951,CZC24832,5.94202184677124,5.149835586547852
ACH-000330,EFM-19,EFM19_BREAST,BREAST,49847690,AZD5582,-2.2810099124908447,2.1954174041748047
ACH-000330,EFM-19,EFM19_BREAST,BREAST,53469448,GSK2606414,2.4937899112701416,3.819706439971924
ACH-000330,EFM-19,EFM19_BREAST,BREAST,78243717,PFI3,5.7186970710754395,5.257543087005615
ACH-000330,EFM-19,EFM19_BREAST,BREAST,24753719,PCI-34051,4.028164863586426,4.43684720993042
ACH-000330,EFM-19,EFM19_BREAST,BREAST,57519544,Wnt-C59,3.5024960041046143,4.199737548828125
ACH-000330,EFM-19,EFM19_BREAST,BREAST,46943432,I-BET-762,3.674406051635742,3.5672214031219482
ACH-000330,EFM-19,EFM19_BREAST,BREAST,9936746,OTX015,4.123915195465088,2.828941822052002
ACH-000330,EFM-19,EFM19_BREAST,BREAST,71268957,GSK343,3.06164288520813,2.7829349040985107
ACH-000330,EFM-19,EFM19_BREAST,BREAST,60167849,ML323,3.9411110877990723,4.365825176239014
ACH-000330,EFM-19,EFM19_BREAST,BREAST,59473233,Entospletinib,4.487383842468262,3.866434335708618
ACH-000330,EFM-19,EFM19_BREAST,BREAST,44462758,PRT062607,5.946457862854004,3.512463092803955
ACH-000330,EFM-19,EFM19_BREAST,BREAST,44631912,Ribociclib,4.110288143157959,3.862147331237793
ACH-000330,EFM-19,EFM19_BREAST,BREAST,71299339,AGI-6780,3.7975850105285645,4.177311897277832
ACH-000330,EFM-19,EFM19_BREAST,BREAST,1018,Picolinici-acid,5.719526767730713,5.1455841064453125
ACH-000330,EFM-19,EFM19_BREAST,BREAST,51371303,PF-4708671,4.453285217285156,3.34541916847229
ACH-000330,EFM-19,EFM19_BREAST,BREAST,52918385,PRIMA-1MET,3.089962959289551,4.889626979827881
ACH-000330,EFM-19,EFM19_BREAST,BREAST,11609586,Serdemetan,4.870007038116455,3.852151870727539
ACH-000330,EFM-19,EFM19_BREAST,BREAST,44137675,AZD6482,3.7242040634155273,3.962312936782837
ACH-000330,EFM-19,EFM19_BREAST,BREAST,42642645,Foretinib,1.7233200073242188,1.2901719808578491
ACH-000330,EFM-19,EFM19_BREAST,BREAST,46907787,JQ1,3.3860390186309814,2.5523033142089844
ACH-000330,EFM-19,EFM19_BREAST,BREAST,11455910,TW 37,0.1633480042219162,1.628488302230835
ACH-000330,EFM-19,EFM19_BREAST,BREAST,71271629,PFI-1,3.7378990650177,3.9820611476898193
ACH-000330,EFM-19,EFM19_BREAST,BREAST,56962337,SGC0946,1.5964900255203247,2.0577707290649414
ACH-000330,EFM-19,EFM19_BREAST,BREAST,176870,Erlotinib,4.434247970581055,2.76735782623291
ACH-000330,EFM-19,EFM19_BREAST,BREAST,9931953,Rucaparib,5.361930847167969,3.8324131965637207
ACH-000330,EFM-19,EFM19_BREAST,BREAST,24958200,Niraparib,5.348556995391846,4.163544178009033
ACH-000330,EFM-19,EFM19_BREAST,BREAST,24856436,MK-1775,1.9104379415512085,0.8526096343994141
ACH-000330,EFM-19,EFM19_BREAST,BREAST,46926350,Dinaciclib,-2.6923060417175293,-1.8680932521820068
ACH-000330,EFM-19,EFM19_BREAST,BREAST,60750,Gemcitabine,4.8306121826171875,-0.016104847192764282
ACH-000330,EFM-19,EFM19_BREAST,BREAST,387447,Bortezomib,-5.337366104125977,-4.342090606689453
ACH-000330,EFM-19,EFM19_BREAST,BREAST,16095342,GSK269962A,3.174401044845581,2.2992238998413086
ACH-000330,EFM-19,EFM19_BREAST,BREAST,2733526,Tamoxifen,3.523531913757324,3.8359601497650146
ACH-000330,EFM-19,EFM19_BREAST,BREAST,104741,Fulvestrant,2.0404419898986816,2.9396514892578125
ACH-000330,EFM-19,EFM19_BREAST,BREAST,56962336,EPZ004777,5.062075138092041,5.0187668800354
ACH-000330,EFM-19,EFM19_BREAST,BREAST,44632017,YK-4-279,1.4877049922943115,2.4620633125305176
ACH-000330,EFM-19,EFM19_BREAST,BREAST,6914657,Daporinad,-4.362508773803711,-2.1971800327301025
ACH-000330,EFM-19,EFM19_BREAST,BREAST,9813758,BMS-345541,4.091226100921631,3.3137941360473633
ACH-000330,EFM-19,EFM19_BREAST,BREAST,25099184,AZ960,2.4708220958709717,2.211322069168091
ACH-000330,EFM-19,EFM19_BREAST,BREAST,51039095,AZD4547,2.139472007751465,2.8347527980804443
ACH-000330,EFM-19,EFM19_BREAST,BREAST,24821094,Ibrutinib,5.862659931182861,4.005407810211182
ACH-000330,EFM-19,EFM19_BREAST,BREAST,70983932,GSK2830371,5.596860885620117,5.275614261627197
ACH-000330,EFM-19,EFM19_BREAST,BREAST,46236925,Sabutoclax,0.5457419753074646,0.19571861624717712
ACH-000330,EFM-19,EFM19_BREAST,BREAST,11655119,LY2109761,5.90850305557251,4.903253078460693
ACH-000330,EFM-19,EFM19_BREAST,BREAST,35397514,OF-1,4.075287818908691,3.8560593128204346
ACH-000330,EFM-19,EFM19_BREAST,BREAST,2802462,MN-64,4.599819183349609,4.571831703186035
ACH-000330,EFM-19,EFM19_BREAST,BREAST,73555129,KRAS (G12C) Inhibitor-12,3.9042599201202393,4.442749500274658
ACH-000330,EFM-19,EFM19_BREAST,BREAST,462382,MG-132,-1.2749489545822144,-0.9373488426208496
ACH-000330,EFM-19,EFM19_BREAST,BREAST,11707110,Trametinib,2.9391560554504395,2.6501054763793945
ACH-000330,EFM-19,EFM19_BREAST,BREAST,44462760,Dabrafenib,5.046341896057129,4.757574558258057
ACH-000330,EFM-19,EFM19_BREAST,BREAST,5394,Temozolomide,7.289399147033691,6.487683296203613
ACH-000330,EFM-19,EFM19_BREAST,BREAST,5460769,Bleomycin (50 uM),5.74090576171875,3.6690282821655273
ACH-000330,EFM-19,EFM19_BREAST,BREAST,49846579,Venotoclax,3.6888461112976074,1.5857758522033691
ACH-000330,EFM-19,EFM19_BREAST,BREAST,11228183,ABT737,2.141516923904419,0.4871246814727783
ACH-000330,EFM-19,EFM19_BREAST,BREAST,46843057,Afuresertib,1.3396010398864746,2.719785451889038
ACH-000330,EFM-19,EFM19_BREAST,BREAST,56645356,AGI-5198,4.725811004638672,4.555316925048828
ACH-000330,EFM-19,EFM19_BREAST,BREAST,78209992,AZD3759,3.033958911895752,2.4237852096557617
ACH-000330,EFM-19,EFM19_BREAST,BREAST,54761306,AZD6738,3.8018009662628174,2.395350694656372
ACH-000330,EFM-19,EFM19_BREAST,BREAST,52913813,AZD8186,1.6987459659576416,3.4666759967803955
ACH-000330,EFM-19,EFM19_BREAST,BREAST,71496458,Osimertinib,1.6451120376586914,1.6529505252838135
ACH-000330,EFM-19,EFM19_BREAST,BREAST,9933475,Cediranib,2.8631670475006104,2.3425910472869873
ACH-000330,EFM-19,EFM19_BREAST,BREAST,24788740,Ipatasertib,1.3941160440444946,3.602351188659668
ACH-000330,EFM-19,EFM19_BREAST,BREAST,56941241,GDC0810,2.9596469402313232,4.934023857116699
ACH-000330,EFM-19,EFM19_BREAST,BREAST,70676303,GNE-317,-0.9327530264854431,1.1126291751861572
ACH-000330,EFM-19,EFM19_BREAST,BREAST,68107965,GSK2578215A,4.576292037963867,4.7855634689331055
ACH-000330,EFM-19,EFM19_BREAST,BREAST,91668541,I-BRD9,4.844018936157227,4.361702919006348
ACH-000330,EFM-19,EFM19_BREAST,BREAST,10385095,Telomerase Inhibitor IX,-0.06290099769830704,1.073160171508789
ACH-000330,EFM-19,EFM19_BREAST,BREAST,227681,MIRA-1,5.9933061599731445,5.376247882843018
ACH-000330,EFM-19,EFM19_BREAST,BREAST,9825149,NVP-ADW742,4.184104919433594,3.1722946166992188
ACH-000330,EFM-19,EFM19_BREAST,BREAST,46931953,P22077,4.2527289390563965,4.26522159576416
ACH-000330,EFM-19,EFM19_BREAST,BREAST,68289010,Savolitinib,3.7879140377044678,2.5648152828216553
ACH-000330,EFM-19,EFM19_BREAST,BREAST,992586,UMI-77,2.273439884185791,2.791733741760254
ACH-000330,EFM-19,EFM19_BREAST,BREAST,2984337,WIKI4,5.011398792266846,3.538438558578491
ACH-000330,EFM-19,EFM19_BREAST,BREAST,11178236,Sepantronium bromide,-4.407406806945801,-1.5904556512832642
ACH-000330,EFM-19,EFM19_BREAST,BREAST,71297207,WEHI-539,0.9679809808731079,3.082017660140991
ACH-000330,EFM-19,EFM19_BREAST,BREAST,104842,SN-38,-2.034703016281128,-2.7928450107574463
ACH-000330,EFM-19,EFM19_BREAST,BREAST,25126798,Ruxolitinib,5.245230197906494,4.739761829376221
ACH-000330,EFM-19,EFM19_BREAST,BREAST,11640390,Linsitinib,5.418744087219238,3.7414257526397705
ACH-000330,EFM-19,EFM19_BREAST,BREAST,41867,Epirubicin,0.05760499835014343,-0.17641550302505493
ACH-000330,EFM-19,EFM19_BREAST,BREAST,2907,Cyclophosphamide,4.15123987197876,5.037792682647705
ACH-000330,EFM-19,EFM19_BREAST,BREAST,24360,Camptothecin,0.22298699617385864,-1.6597493886947632
ACH-000330,EFM-19,EFM19_BREAST,BREAST,6710780,Vinblastine,-4.028903007507324,-1.9429080486297607
ACH-000330,EFM-19,EFM19_BREAST,BREAST,84691,Cisplatin,5.63657808303833,3.2108113765716553
ACH-000330,EFM-19,EFM19_BREAST,BREAST,6253,Cytarabine,4.025760173797607,2.3917171955108643
ACH-000330,EFM-19,EFM19_BREAST,BREAST,148124,Docetaxel,-4.1878981590271,-3.4039571285247803
ACH-000330,EFM-19,EFM19_BREAST,BREAST,126941,Methotrexate,-0.5588489770889282,1.078499436378479
ACH-000330,EFM-19,EFM19_BREAST,BREAST,123631,Gefitinib,4.32249116897583,2.9023218154907227
ACH-000330,EFM-19,EFM19_BREAST,BREAST,24978538,Navitoclax,1.3056449890136719,0.3814399540424347
ACH-000330,EFM-19,EFM19_BREAST,BREAST,5311,Vorinostat,0.6151450276374817,1.6396090984344482
ACH-000330,EFM-19,EFM19_BREAST,BREAST,644241,Nilotinib,3.1454050540924072,3.6978437900543213
ACH-000330,EFM-19,EFM19_BREAST,BREAST,44182295,Refametinib,4.847504138946533,3.984959602355957
ACH-000330,EFM-19,EFM19_BREAST,BREAST,6918289,Temsirolimus,2.093332052230835,1.5008355379104614
ACH-000330,EFM-19,EFM19_BREAST,BREAST,23725625,Olaparib,5.1946821212768555,4.119348526000977
ACH-000330,EFM-19,EFM19_BREAST,BREAST,11960529,Veliparib,5.2989888191223145,5.155228137969971
ACH-000330,EFM-19,EFM19_BREAST,BREAST,5328940,Bosutinib,3.964242935180664,2.7534573078155518
ACH-000330,EFM-19,EFM19_BREAST,BREAST,216326,Lenalidomide,6.090429782867432,5.175530910491943
ACH-000330,EFM-19,EFM19_BREAST,BREAST,6450551,Axitinib,3.8120460510253906,2.8311855792999268
ACH-000330,EFM-19,EFM19_BREAST,BREAST,11152667,AZD7762,1.4920070171356201,0.8679726123809814
ACH-000330,EFM-19,EFM19_BREAST,BREAST,9943465,GW441756,3.39176607131958,3.2612249851226807
ACH-000117,EFM-192A,EFM192A_BREAST,BREAST,126565,Lestaurtinib,1.1721010208129883,0.7562118768692017
ACH-000117,EFM-192A,EFM192A_BREAST,BREAST,176158,SB216763,6.251491069793701,5.216935157775879
ACH-000117,EFM-192A,EFM192A_BREAST,BREAST,6505803,Tanespimycin,0.09193699806928635,0.004179060459136963
ACH-000117,EFM-192A,EFM192A_BREAST,BREAST,5311497,Vinorelbine,1.2147250175476074,-2.519167900085449
ACH-000117,EFM-192A,EFM192A_BREAST,BREAST,11667893,Motesanib,6.039783954620361,5.761700630187988
ACH-000117,EFM-192A,EFM192A_BREAST,BREAST,5278396,KU-55933,5.768096923828125,5.303095817565918
ACH-000117,EFM-192A,EFM192A_BREAST,BREAST,10184653,Afatinib,0.7883269786834717,2.0597941875457764
ACH-000117,EFM-192A,EFM192A_BREAST,BREAST,24776445,Vismodegib,5.920515060424805,5.082090854644775
ACH-000117,EFM-192A,EFM192A_BREAST,BREAST,24180719,PLX-4720,6.194423198699951,4.823466777801514
ACH-000117,EFM-192A,EFM192A_BREAST,BREAST,11327430,NU7441,4.214807987213135,3.34443736076355
ACH-000117,EFM-192A,EFM192A_BREAST,BREAST,16720766,Pevonedistat,4.034276008605957,0.9419000148773193
ACH-000117,EFM-192A,EFM192A_BREAST,BREAST,11488320,Sapitinib,1.4048550128936768,4.229342937469482
ACH-000117,EFM-192A,EFM192A_BREAST,BREAST,156422,Doramapimod,5.551554203033447,5.15504789352417
ACH-000117,EFM-192A,EFM192A_BREAST,BREAST,11624601,JNK Inhibitor VIII,5.7135748863220215,5.260344982147217
ACH-000117,EFM-192A,EFM192A_BREAST,BREAST,51042438,Uprosertib,2.6968789100646973,3.0718424320220947
ACH-000117,EFM-192A,EFM192A_BREAST,BREAST,24737642,LCL161,1.7410500049591064,5.020672798156738
ACH-000117,EFM-192A,EFM192A_BREAST,BREAST,10384072,Wee1 Inhibitor,4.5779571533203125,2.0894150733947754
ACH-000117,EFM-192A,EFM192A_BREAST,BREAST,11433190,Nutlin-3a (-),5.611970901489258,5.055561065673828
ACH-000117,EFM-192A,EFM192A_BREAST,BREAST,208908,Lapatinib,0.6501510143280029,3.5564963817596436
ACH-000117,EFM-192A,EFM192A_BREAST,BREAST,1401,PD173074,5.139530181884766,3.8442327976226807
ACH-000117,EFM-192A,EFM192A_BREAST,BREAST,9914412,ZM447439,3.777846097946167,2.752617597579956
ACH-000117,EFM-192A,EFM192A_BREAST,BREAST,24771867,Alisertib,4.488923072814941,2.542004108428955
ACH-000117,EFM-192A,EFM192A_BREAST,BREAST,56649450,Alpelisib,2.2545769214630127,3.4975759983062744
ACH-000117,EFM-192A,EFM192A_BREAST,BREAST,46930998,MK-2206,2.5702829360961914,2.8868355751037598
ACH-000117,EFM-192A,EFM192A_BREAST,BREAST,5330286,Palbociclib,3.909754991531372,4.083859920501709
ACH-000117,EFM-192A,EFM192A_BREAST,BREAST,51001932,Taselisib,0.7533010244369507,2.0212583541870117
ACH-000117,EFM-192A,EFM192A_BREAST,BREAST,57345410,EPZ5676,5.91585111618042,5.816311359405518
ACH-000117,EFM-192A,EFM192A_BREAST,BREAST,11977753,Dactolisib,-1.9414039850234985,-1.3078536987304688
ACH-000117,EFM-192A,EFM192A_BREAST,BREAST,17755052,Pictilisib,0.9041590094566345,1.1956887245178223
ACH-000117,EFM-192A,EFM192A_BREAST,BREAST,25262965,AZD8055,-0.5375369787216187,0.25839728116989136
ACH-000117,EFM-192A,EFM192A_BREAST,BREAST,9826528,PD0325901,4.564647197723389,2.8477344512939453
ACH-000117,EFM-192A,EFM192A_BREAST,BREAST,24866313,SCH772984,4.368819236755371,3.7230870723724365
ACH-000117,EFM-192A,EFM192A_BREAST,BREAST,10127622,Selumetinib,4.886664867401123,4.321756362915039
ACH-000117,EFM-192A,EFM192A_BREAST,BREAST,9927531,BIBR-1532,4.742387771606445,5.104362487792969
ACH-000117,EFM-192A,EFM192A_BREAST,BREAST,2155128,IWP-2,3.3977110385894775,2.774954319000244
ACH-000117,EFM-192A,EFM192A_BREAST,BREAST,3899,Leflunomide,4.855207920074463,5.232583045959473
ACH-000117,EFM-192A,EFM192A_BREAST,BREAST,2314623,CCT007093,5.104718208312988,5.329870223999023
ACH-000117,EFM-192A,EFM192A_BREAST,BREAST,11404337,Obatoclax Mesylate,2.2930920124053955,0.6856462955474854
ACH-000117,EFM-192A,EFM192A_BREAST,BREAST,9938202,EHT-1864,3.9519410133361816,3.4772305488586426
ACH-000117,EFM-192A,EFM192A_BREAST,BREAST,25227847,Pyridostatin,4.3812971115112305,3.5010204315185547
ACH-000117,EFM-192A,EFM192A_BREAST,BREAST,46883536,Avagacestat,5.500979900360107,4.917584419250488
ACH-000117,EFM-192A,EFM192A_BREAST,BREAST,3385,5-Fluorouracil,7.035436153411865,4.7158989906311035
ACH-000117,EFM-192A,EFM192A_BREAST,BREAST,68947304,AMG-319,5.993003845214844,5.099653244018555
ACH-000117,EFM-192A,EFM192A_BREAST,BREAST,11634725,VX-11e,3.92038893699646,3.6473982334136963
ACH-000117,EFM-192A,EFM192A_BREAST,BREAST,16224745,MK-8776,5.341896057128906,3.301764488220215
ACH-000117,EFM-192A,EFM192A_BREAST,BREAST,3062316,Dasatinib,4.000704765319824,2.824793577194214
ACH-000117,EFM-192A,EFM192A_BREAST,BREAST,36314,Paclitaxel,-0.7898759841918945,-2.503754138946533
ACH-000117,EFM-192A,EFM192A_BREAST,BREAST,4261,Entinostat,1.05076003074646,2.2065589427948
ACH-000117,EFM-192A,EFM192A_BREAST,BREAST,11626560,Crizotinib,4.876573085784912,2.791512966156006
ACH-000117,EFM-192A,EFM192A_BREAST,BREAST,118704762,LJI308,5.851818084716797,5.3001227378845215
ACH-000117,EFM-192A,EFM192A_BREAST,BREAST,216239,Sorafenib,2.9410109519958496,2.477965831756592
ACH-000117,EFM-192A,EFM192A_BREAST,BREAST,11364421,BI-2536,3.191011905670166,-0.9006950855255127
ACH-000117,EFM-192A,EFM192A_BREAST,BREAST,46926973,LGK974,3.403553009033203,4.077823162078857
ACH-000117,EFM-192A,EFM192A_BREAST,BREAST,60838,Irinotecan,5.45126485824585,2.56105899810791
ACH-000117,EFM-192A,EFM192A_BREAST,BREAST,5310940,Oxaliplatin,6.133134841918945,4.052772045135498
ACH-000117,EFM-192A,EFM192A_BREAST,BREAST,117072552,GSK591,5.44209623336792,4.545077800750732
ACH-000117,EFM-192A,EFM192A_BREAST,BREAST,51000408,VE821,5.838467121124268,4.137861728668213
ACH-000117,EFM-192A,EFM192A_BREAST,BREAST,25124816,GSK1904529A,4.249190807342529,4.227810382843018
ACH-000117,EFM-192A,EFM192A_BREAST,BREAST,5494449,Tozasertib,5.958421230316162,2.5528619289398193
ACH-000117,EFM-192A,EFM192A_BREAST,BREAST,59472121,VE-822,3.545469045639038,3.4153575897216797
ACH-000117,EFM-192A,EFM192A_BREAST,BREAST,72200024,WZ4003,5.99168586730957,4.224365234375
ACH-000117,EFM-192A,EFM192A_BREAST,BREAST,42623951,CZC24832,5.940814018249512,5.412161350250244
ACH-000117,EFM-192A,EFM192A_BREAST,BREAST,53469448,GSK2606414,5.822454929351807,3.9051458835601807
ACH-000117,EFM-192A,EFM192A_BREAST,BREAST,78243717,PFI3,5.027732849121094,5.596833229064941
ACH-000117,EFM-192A,EFM192A_BREAST,BREAST,24753719,PCI-34051,5.871683120727539,4.630568027496338
ACH-000117,EFM-192A,EFM192A_BREAST,BREAST,57519544,Wnt-C59,5.411986827850342,4.3178486824035645
ACH-000117,EFM-192A,EFM192A_BREAST,BREAST,46943432,I-BET-762,3.6944339275360107,3.480029344558716
ACH-000117,EFM-192A,EFM192A_BREAST,BREAST,9936746,OTX015,4.255946159362793,2.842172384262085
ACH-000117,EFM-192A,EFM192A_BREAST,BREAST,71268957,GSK343,2.8808629512786865,2.871206521987915
ACH-000117,EFM-192A,EFM192A_BREAST,BREAST,60167849,ML323,4.530898094177246,4.505145072937012
ACH-000117,EFM-192A,EFM192A_BREAST,BREAST,59473233,Entospletinib,5.917294025421143,3.963116407394409
ACH-000117,EFM-192A,EFM192A_BREAST,BREAST,44462758,PRT062607,5.800885200500488,3.434046983718872
ACH-000117,EFM-192A,EFM192A_BREAST,BREAST,44631912,Ribociclib,3.74544095993042,3.8702430725097656
ACH-000117,EFM-192A,EFM192A_BREAST,BREAST,71299339,AGI-6780,4.747954845428467,4.282284259796143
ACH-000117,EFM-192A,EFM192A_BREAST,BREAST,1018,Picolinici-acid,4.3446149826049805,5.459676265716553
ACH-000117,EFM-192A,EFM192A_BREAST,BREAST,51371303,PF-4708671,4.21532678604126,3.553279399871826
ACH-000117,EFM-192A,EFM192A_BREAST,BREAST,52918385,PRIMA-1MET,6.845120906829834,4.9705681800842285
ACH-000117,EFM-192A,EFM192A_BREAST,BREAST,11609586,Serdemetan,4.049801826477051,3.872278928756714
ACH-000117,EFM-192A,EFM192A_BREAST,BREAST,44137675,AZD6482,4.074664115905762,3.9177629947662354
ACH-000117,EFM-192A,EFM192A_BREAST,BREAST,42642645,Foretinib,2.6852500438690186,1.5018298625946045
ACH-000117,EFM-192A,EFM192A_BREAST,BREAST,46907787,JQ1,3.5467588901519775,2.6423659324645996
ACH-000117,EFM-192A,EFM192A_BREAST,BREAST,71271629,PFI-1,4.808523178100586,4.025452136993408
ACH-000117,EFM-192A,EFM192A_BREAST,BREAST,56962337,SGC0946,2.3590400218963623,2.0095536708831787
ACH-000117,EFM-192A,EFM192A_BREAST,BREAST,176870,Erlotinib,2.335547924041748,3.034608840942383
ACH-000117,EFM-192A,EFM192A_BREAST,BREAST,9931953,Rucaparib,4.704164981842041,4.041348457336426
ACH-000117,EFM-192A,EFM192A_BREAST,BREAST,24958200,Niraparib,5.3560380935668945,4.551624298095703
ACH-000117,EFM-192A,EFM192A_BREAST,BREAST,24856436,MK-1775,4.0321807861328125,0.9712052345275879
ACH-000117,EFM-192A,EFM192A_BREAST,BREAST,46926350,Dinaciclib,-3.042781114578247,-2.5950613021850586
ACH-000117,EFM-192A,EFM192A_BREAST,BREAST,60750,Gemcitabine,4.526260852813721,-0.6102783679962158
ACH-000117,EFM-192A,EFM192A_BREAST,BREAST,387447,Bortezomib,-5.7269978523254395,-5.025151252746582
ACH-000117,EFM-192A,EFM192A_BREAST,BREAST,16095342,GSK269962A,3.7044730186462402,2.537672758102417
ACH-000117,EFM-192A,EFM192A_BREAST,BREAST,2733526,Tamoxifen,3.7504940032958984,3.8730833530426025
ACH-000117,EFM-192A,EFM192A_BREAST,BREAST,104741,Fulvestrant,2.930016040802002,3.0391175746917725
ACH-000117,EFM-192A,EFM192A_BREAST,BREAST,56962336,EPZ004777,5.903034210205078,5.353157043457031
ACH-000117,EFM-192A,EFM192A_BREAST,BREAST,44632017,YK-4-279,3.522257089614868,2.26381254196167
ACH-000117,EFM-192A,EFM192A_BREAST,BREAST,9813758,BMS-345541,4.378625869750977,3.229984760284424
ACH-000117,EFM-192A,EFM192A_BREAST,BREAST,25099184,AZ960,5.540440082550049,2.318740129470825
ACH-000117,EFM-192A,EFM192A_BREAST,BREAST,51039095,AZD4547,2.4371750354766846,2.9913904666900635
ACH-000117,EFM-192A,EFM192A_BREAST,BREAST,70983932,GSK2830371,6.039783954620361,5.714513778686523
ACH-000117,EFM-192A,EFM192A_BREAST,BREAST,46236925,Sabutoclax,1.562572956085205,0.016093850135803223
ACH-000117,EFM-192A,EFM192A_BREAST,BREAST,11655119,LY2109761,5.340670108795166,5.1486029624938965
ACH-000117,EFM-192A,EFM192A_BREAST,BREAST,35397514,OF-1,5.364448070526123,3.989900827407837
ACH-000117,EFM-192A,EFM192A_BREAST,BREAST,2802462,MN-64,5.147600173950195,4.824982643127441
ACH-000117,EFM-192A,EFM192A_BREAST,BREAST,73555129,KRAS (G12C) Inhibitor-12,6.601233959197998,4.660730838775635
ACH-000117,EFM-192A,EFM192A_BREAST,BREAST,462382,MG-132,-1.148108959197998,-1.1150336265563965
ACH-000117,EFM-192A,EFM192A_BREAST,BREAST,11707110,Trametinib,2.8986270427703857,1.8405178785324097
ACH-000117,EFM-192A,EFM192A_BREAST,BREAST,44462760,Dabrafenib,5.53755521774292,4.917665481567383
ACH-000117,EFM-192A,EFM192A_BREAST,BREAST,5394,Temozolomide,7.200098991394043,6.910730361938477
ACH-000117,EFM-192A,EFM192A_BREAST,BREAST,5460769,Bleomycin (50 uM),6.445994853973389,3.493617296218872
ACH-000117,EFM-192A,EFM192A_BREAST,BREAST,49846579,Venotoclax,3.3898630142211914,2.656874418258667
ACH-000117,EFM-192A,EFM192A_BREAST,BREAST,11228183,ABT737,1.5875710248947144,2.3668394088745117
ACH-000117,EFM-192A,EFM192A_BREAST,BREAST,46843057,Afuresertib,2.2188398838043213,2.587679862976074
ACH-000117,EFM-192A,EFM192A_BREAST,BREAST,56645356,AGI-5198,4.529808044433594,4.763357162475586
ACH-000117,EFM-192A,EFM192A_BREAST,BREAST,78209992,AZD3759,3.0179169178009033,2.575592041015625
ACH-000117,EFM-192A,EFM192A_BREAST,BREAST,54761306,AZD6738,3.852277994155884,2.366464376449585
ACH-000117,EFM-192A,EFM192A_BREAST,BREAST,52913813,AZD8186,2.554086923599243,3.4987289905548096
ACH-000117,EFM-192A,EFM192A_BREAST,BREAST,71496458,Osimertinib,-0.6297289729118347,2.0221478939056396
ACH-000117,EFM-192A,EFM192A_BREAST,BREAST,9933475,Cediranib,2.979870080947876,2.3792848587036133
ACH-000117,EFM-192A,EFM192A_BREAST,BREAST,24788740,Ipatasertib,2.8873209953308105,3.4852421283721924
ACH-000117,EFM-192A,EFM192A_BREAST,BREAST,56941241,GDC0810,4.836824893951416,5.167140483856201
ACH-000117,EFM-192A,EFM192A_BREAST,BREAST,70676303,GNE-317,-0.2179650068283081,0.851818323135376
ACH-000117,EFM-192A,EFM192A_BREAST,BREAST,68107965,GSK2578215A,5.01211404800415,5.058362007141113
ACH-000117,EFM-192A,EFM192A_BREAST,BREAST,91668541,I-BRD9,5.400266170501709,4.467468738555908
ACH-000117,EFM-192A,EFM192A_BREAST,BREAST,10385095,Telomerase Inhibitor IX,2.4703528881073,0.8048567771911621
ACH-000117,EFM-192A,EFM192A_BREAST,BREAST,227681,MIRA-1,6.066431999206543,5.779186248779297
ACH-000117,EFM-192A,EFM192A_BREAST,BREAST,9825149,NVP-ADW742,4.2057600021362305,2.960137128829956
ACH-000117,EFM-192A,EFM192A_BREAST,BREAST,46931953,P22077,3.8305768966674805,4.49802303314209
ACH-000117,EFM-192A,EFM192A_BREAST,BREAST,68289010,Savolitinib,2.350519895553589,2.559138298034668
ACH-000117,EFM-192A,EFM192A_BREAST,BREAST,992586,UMI-77,2.2622060775756836,2.778479814529419
ACH-000117,EFM-192A,EFM192A_BREAST,BREAST,2984337,WIKI4,3.4345510005950928,3.7390809059143066
ACH-000117,EFM-192A,EFM192A_BREAST,BREAST,11178236,Sepantronium bromide,-3.9679739475250244,-3.6096725463867188
ACH-000117,EFM-192A,EFM192A_BREAST,BREAST,71297207,WEHI-539,3.698141098022461,3.564948081970215
ACH-000117,EFM-192A,EFM192A_BREAST,BREAST,104842,SN-38,4.045975208282471,-3.6847102642059326
ACH-000117,EFM-192A,EFM192A_BREAST,BREAST,25126798,Ruxolitinib,4.026991844177246,4.9886860847473145
ACH-000117,EFM-192A,EFM192A_BREAST,BREAST,11640390,Linsitinib,5.2728190422058105,3.757924795150757
ACH-000117,EFM-192A,EFM192A_BREAST,BREAST,41867,Epirubicin,1.5527100563049316,-0.4724624454975128
ACH-000117,EFM-192A,EFM192A_BREAST,BREAST,2907,Cyclophosphamide,5.649120807647705,5.391543865203857
ACH-000117,EFM-192A,EFM192A_BREAST,BREAST,24360,Camptothecin,1.5599459409713745,-1.9318015575408936
ACH-000117,EFM-192A,EFM192A_BREAST,BREAST,6710780,Vinblastine,1.2109719514846802,-2.8776204586029053
ACH-000117,EFM-192A,EFM192A_BREAST,BREAST,84691,Cisplatin,5.372157096862793,3.086761951446533
ACH-000117,EFM-192A,EFM192A_BREAST,BREAST,6253,Cytarabine,4.02827787399292,2.5321390628814697
ACH-000117,EFM-192A,EFM192A_BREAST,BREAST,148124,Docetaxel,-2.3167879581451416,-4.357384204864502
ACH-000117,EFM-192A,EFM192A_BREAST,BREAST,126941,Methotrexate,1.0530339479446411,1.0316472053527832
ACH-000117,EFM-192A,EFM192A_BREAST,BREAST,123631,Gefitinib,3.943953037261963,3.1162502765655518
ACH-000117,EFM-192A,EFM192A_BREAST,BREAST,24978538,Navitoclax,4.200026035308838,2.2283337116241455
ACH-000117,EFM-192A,EFM192A_BREAST,BREAST,5311,Vorinostat,1.6936850547790527,1.8383898735046387
ACH-000117,EFM-192A,EFM192A_BREAST,BREAST,644241,Nilotinib,3.303546905517578,3.812645196914673
ACH-000117,EFM-192A,EFM192A_BREAST,BREAST,44182295,Refametinib,3.478053092956543,3.3105034828186035
ACH-000117,EFM-192A,EFM192A_BREAST,BREAST,6918289,Temsirolimus,0.4472160041332245,1.4010834693908691
ACH-000117,EFM-192A,EFM192A_BREAST,BREAST,23725625,Olaparib,4.814150810241699,4.450920104980469
ACH-000117,EFM-192A,EFM192A_BREAST,BREAST,11960529,Veliparib,5.695109844207764,5.460665225982666
ACH-000117,EFM-192A,EFM192A_BREAST,BREAST,5328940,Bosutinib,4.0658860206604,3.1169991493225098
ACH-000117,EFM-192A,EFM192A_BREAST,BREAST,216326,Lenalidomide,5.88598108291626,5.522246360778809
ACH-000117,EFM-192A,EFM192A_BREAST,BREAST,6450551,Axitinib,5.313405990600586,3.0971500873565674
ACH-000117,EFM-192A,EFM192A_BREAST,BREAST,11152667,AZD7762,4.09978723526001,0.8430782556533813
ACH-000117,EFM-192A,EFM192A_BREAST,BREAST,9943465,GW441756,3.378962993621826,3.3570022583007812
ACH-000927,BT-474,BT474_BREAST,BREAST,126565,Lestaurtinib,1.3149900436401367,1.577115535736084
ACH-000927,BT-474,BT474_BREAST,BREAST,176158,SB216763,6.850811004638672,5.1578168869018555
ACH-000927,BT-474,BT474_BREAST,BREAST,6505803,Tanespimycin,0.4722619950771332,1.1439006328582764
ACH-000927,BT-474,BT474_BREAST,BREAST,5311497,Vinorelbine,-1.096369981765747,-1.464529275894165
ACH-000927,BT-474,BT474_BREAST,BREAST,11667893,Motesanib,6.665274143218994,5.643919944763184
ACH-000927,BT-474,BT474_BREAST,BREAST,5278396,KU-55933,6.230957984924316,5.33336877822876
ACH-000927,BT-474,BT474_BREAST,BREAST,10184653,Afatinib,-0.974856972694397,1.968820571899414
ACH-000927,BT-474,BT474_BREAST,BREAST,24776445,Vismodegib,6.627472877502441,4.976457595825195
ACH-000927,BT-474,BT474_BREAST,BREAST,24180719,PLX-4720,5.9995927810668945,5.219114303588867
ACH-000927,BT-474,BT474_BREAST,BREAST,11327430,NU7441,4.283568859100342,3.674337387084961
ACH-000927,BT-474,BT474_BREAST,BREAST,16720766,Pevonedistat,4.019004821777344,2.10896897315979
ACH-000927,BT-474,BT474_BREAST,BREAST,11488320,Sapitinib,0.8809469938278198,3.687825918197632
ACH-000927,BT-474,BT474_BREAST,BREAST,156422,Doramapimod,6.542203903198242,5.074374675750732
ACH-000927,BT-474,BT474_BREAST,BREAST,11624601,JNK Inhibitor VIII,5.971916198730469,5.174800872802734
ACH-000927,BT-474,BT474_BREAST,BREAST,51042438,Uprosertib,1.9443269968032837,3.3277747631073
ACH-000927,BT-474,BT474_BREAST,BREAST,24737642,LCL161,4.863500118255615,4.9639973640441895
ACH-000927,BT-474,BT474_BREAST,BREAST,10384072,Wee1 Inhibitor,2.9048190116882324,2.6156766414642334
ACH-000927,BT-474,BT474_BREAST,BREAST,11433190,Nutlin-3a (-),6.487907886505127,5.618473529815674
ACH-000927,BT-474,BT474_BREAST,BREAST,208908,Lapatinib,0.10766000300645828,3.559110164642334
ACH-000927,BT-474,BT474_BREAST,BREAST,1401,PD173074,5.627028942108154,4.116464614868164
ACH-000927,BT-474,BT474_BREAST,BREAST,9914412,ZM447439,4.181283950805664,2.8915295600891113
ACH-000927,BT-474,BT474_BREAST,BREAST,24771867,Alisertib,5.372209072113037,2.792355537414551
ACH-000927,BT-474,BT474_BREAST,BREAST,56649450,Alpelisib,1.7382429838180542,3.7671751976013184
ACH-000927,BT-474,BT474_BREAST,BREAST,46930998,MK-2206,2.0963029861450195,3.1544480323791504
ACH-000927,BT-474,BT474_BREAST,BREAST,5330286,Palbociclib,5.623753070831299,4.6413044929504395
ACH-000927,BT-474,BT474_BREAST,BREAST,51001932,Taselisib,0.8766180276870728,2.1501965522766113
ACH-000927,BT-474,BT474_BREAST,BREAST,57345410,EPZ5676,5.485940933227539,5.6456522941589355
ACH-000927,BT-474,BT474_BREAST,BREAST,11977753,Dactolisib,0.3977069854736328,0.1011185348033905
ACH-000927,BT-474,BT474_BREAST,BREAST,17755052,Pictilisib,1.231313943862915,1.6966743469238281
ACH-000927,BT-474,BT474_BREAST,BREAST,25262965,AZD8055,1.0247529745101929,1.3983560800552368
ACH-000927,BT-474,BT474_BREAST,BREAST,9826528,PD0325901,5.482244968414307,3.987102746963501
ACH-000927,BT-474,BT474_BREAST,BREAST,24866313,SCH772984,4.641356945037842,4.563620090484619
ACH-000927,BT-474,BT474_BREAST,BREAST,10127622,Selumetinib,4.657656192779541,4.857978343963623
ACH-000927,BT-474,BT474_BREAST,BREAST,9927531,BIBR-1532,5.381001949310303,4.964871883392334
ACH-000927,BT-474,BT474_BREAST,BREAST,2155128,IWP-2,3.1410229206085205,2.934068202972412
ACH-000927,BT-474,BT474_BREAST,BREAST,3899,Leflunomide,5.756353855133057,5.304325580596924
ACH-000927,BT-474,BT474_BREAST,BREAST,2314623,CCT007093,5.809937000274658,5.235342502593994
ACH-000927,BT-474,BT474_BREAST,BREAST,11404337,Obatoclax Mesylate,1.4942569732666016,1.5523960590362549
ACH-000927,BT-474,BT474_BREAST,BREAST,9938202,EHT-1864,3.3898820877075195,3.4328346252441406
ACH-000927,BT-474,BT474_BREAST,BREAST,25227847,Pyridostatin,5.376255989074707,3.699641227722168
ACH-000927,BT-474,BT474_BREAST,BREAST,46883536,Avagacestat,5.955664157867432,4.893683910369873
ACH-000927,BT-474,BT474_BREAST,BREAST,3385,5-Fluorouracil,7.658070087432861,5.048478603363037
ACH-000927,BT-474,BT474_BREAST,BREAST,68947304,AMG-319,6.241559982299805,5.278076171875
ACH-000927,BT-474,BT474_BREAST,BREAST,11634725,VX-11e,5.297135829925537,4.319424629211426
ACH-000927,BT-474,BT474_BREAST,BREAST,16224745,MK-8776,5.626151084899902,3.595996141433716
ACH-000927,BT-474,BT474_BREAST,BREAST,3062316,Dasatinib,5.61860990524292,3.4619710445404053
ACH-000927,BT-474,BT474_BREAST,BREAST,36314,Paclitaxel,-2.1069369316101074,-1.3939162492752075
ACH-000927,BT-474,BT474_BREAST,BREAST,4261,Entinostat,1.0233319997787476,2.3264172077178955
ACH-000927,BT-474,BT474_BREAST,BREAST,11626560,Crizotinib,4.8498148918151855,3.230146646499634
ACH-000927,BT-474,BT474_BREAST,BREAST,118704762,LJI308,6.634908199310303,5.318871021270752
ACH-000927,BT-474,BT474_BREAST,BREAST,216239,Sorafenib,1.6756010055541992,2.6805267333984375
ACH-000927,BT-474,BT474_BREAST,BREAST,11364421,BI-2536,2.44529390335083,0.16110768914222717
ACH-000927,BT-474,BT474_BREAST,BREAST,46926973,LGK974,3.3552699089050293,4.012063026428223
ACH-000927,BT-474,BT474_BREAST,BREAST,60838,Irinotecan,6.50573205947876,3.364899158477783
ACH-000927,BT-474,BT474_BREAST,BREAST,5310940,Oxaliplatin,6.135666847229004,4.364359378814697
ACH-000927,BT-474,BT474_BREAST,BREAST,117072552,GSK591,5.909913063049316,4.697569370269775
ACH-000927,BT-474,BT474_BREAST,BREAST,51000408,VE821,6.4909138679504395,4.57753849029541
ACH-000927,BT-474,BT474_BREAST,BREAST,25124816,GSK1904529A,3.772104024887085,4.177880764007568
ACH-000927,BT-474,BT474_BREAST,BREAST,5494449,Tozasertib,4.990425109863281,3.114894390106201
ACH-000927,BT-474,BT474_BREAST,BREAST,59472121,VE-822,6.157718181610107,3.7435224056243896
ACH-000927,BT-474,BT474_BREAST,BREAST,72200024,WZ4003,5.528186798095703,4.5583319664001465
ACH-000927,BT-474,BT474_BREAST,BREAST,42623951,CZC24832,6.645755767822266,5.415866374969482
ACH-000927,BT-474,BT474_BREAST,BREAST,49847690,AZD5582,2.2591168880462646,2.730579376220703
ACH-000927,BT-474,BT474_BREAST,BREAST,53469448,GSK2606414,3.8963708877563477,4.209726333618164
ACH-000927,BT-474,BT474_BREAST,BREAST,78243717,PFI3,6.710010051727295,5.484259128570557
ACH-000927,BT-474,BT474_BREAST,BREAST,24753719,PCI-34051,6.2737507820129395,4.710363388061523
ACH-000927,BT-474,BT474_BREAST,BREAST,57519544,Wnt-C59,4.441710948944092,4.2470173835754395
ACH-000927,BT-474,BT474_BREAST,BREAST,46943432,I-BET-762,3.8481171131134033,3.932046413421631
ACH-000927,BT-474,BT474_BREAST,BREAST,9936746,OTX015,3.382399082183838,3.383587598800659
ACH-000927,BT-474,BT474_BREAST,BREAST,71268957,GSK343,4.2816009521484375,3.1030960083007812
ACH-000927,BT-474,BT474_BREAST,BREAST,60167849,ML323,3.9953739643096924,4.391253471374512
ACH-000927,BT-474,BT474_BREAST,BREAST,59473233,Entospletinib,5.212289810180664,4.316590309143066
ACH-000927,BT-474,BT474_BREAST,BREAST,44462758,PRT062607,5.98983907699585,3.833230495452881
ACH-000927,BT-474,BT474_BREAST,BREAST,44631912,Ribociclib,4.433846950531006,4.241220951080322
ACH-000927,BT-474,BT474_BREAST,BREAST,71299339,AGI-6780,4.38480806350708,4.206198692321777
ACH-000927,BT-474,BT474_BREAST,BREAST,1018,Picolinici-acid,5.940115928649902,5.359209060668945
ACH-000927,BT-474,BT474_BREAST,BREAST,51371303,PF-4708671,3.5797159671783447,3.620347261428833
ACH-000927,BT-474,BT474_BREAST,BREAST,52918385,PRIMA-1MET,2.378006935119629,5.4030680656433105
ACH-000927,BT-474,BT474_BREAST,BREAST,11609586,Serdemetan,5.364696979522705,4.239038467407227
ACH-000927,BT-474,BT474_BREAST,BREAST,44137675,AZD6482,5.068154811859131,4.376967430114746
ACH-000927,BT-474,BT474_BREAST,BREAST,42642645,Foretinib,4.047317981719971,1.8651646375656128
ACH-000927,BT-474,BT474_BREAST,BREAST,46907787,JQ1,3.6697189807891846,3.161029100418091
ACH-000927,BT-474,BT474_BREAST,BREAST,71271629,PFI-1,4.457632064819336,4.220214366912842
ACH-000927,BT-474,BT474_BREAST,BREAST,56962337,SGC0946,2.2031900882720947,2.2579362392425537
ACH-000927,BT-474,BT474_BREAST,BREAST,176870,Erlotinib,3.068686008453369,3.026188850402832
ACH-000927,BT-474,BT474_BREAST,BREAST,9931953,Rucaparib,4.190069198608398,4.071532726287842
ACH-000927,BT-474,BT474_BREAST,BREAST,24958200,Niraparib,5.093070983886719,4.75383186340332
ACH-000927,BT-474,BT474_BREAST,BREAST,24856436,MK-1775,2.865194082260132,1.470489501953125
ACH-000927,BT-474,BT474_BREAST,BREAST,46926350,Dinaciclib,-0.5652589797973633,-1.7279127836227417
ACH-000927,BT-474,BT474_BREAST,BREAST,60750,Gemcitabine,6.140009880065918,1.1083611249923706
ACH-000927,BT-474,BT474_BREAST,BREAST,387447,Bortezomib,-2.511392116546631,-4.286433219909668
ACH-000927,BT-474,BT474_BREAST,BREAST,16095342,GSK269962A,2.504673957824707,2.4137141704559326
ACH-000927,BT-474,BT474_BREAST,BREAST,2733526,Tamoxifen,4.608418941497803,4.016792297363281
ACH-000927,BT-474,BT474_BREAST,BREAST,104741,Fulvestrant,3.122843027114868,3.15328311920166
ACH-000927,BT-474,BT474_BREAST,BREAST,56962336,EPZ004777,5.714580059051514,5.259448528289795
ACH-000927,BT-474,BT474_BREAST,BREAST,44632017,YK-4-279,3.5989348888397217,2.9304561614990234
ACH-000927,BT-474,BT474_BREAST,BREAST,9813758,BMS-345541,4.2170891761779785,3.5153582096099854
ACH-000927,BT-474,BT474_BREAST,BREAST,25099184,AZ960,1.1418110132217407,2.8396878242492676
ACH-000927,BT-474,BT474_BREAST,BREAST,51039095,AZD4547,2.753509998321533,3.1874101161956787
ACH-000927,BT-474,BT474_BREAST,BREAST,24821094,Ibrutinib,1.2262580394744873,4.155749320983887
ACH-000927,BT-474,BT474_BREAST,BREAST,70983932,GSK2830371,6.665274143218994,5.60193395614624
ACH-000927,BT-474,BT474_BREAST,BREAST,46236925,Sabutoclax,1.228153944015503,0.8179600238800049
ACH-000927,BT-474,BT474_BREAST,BREAST,11655119,LY2109761,6.991352081298828,5.076907634735107
ACH-000927,BT-474,BT474_BREAST,BREAST,35397514,OF-1,4.064819812774658,3.9056928157806396
ACH-000927,BT-474,BT474_BREAST,BREAST,2802462,MN-64,3.711069107055664,4.694482326507568
ACH-000927,BT-474,BT474_BREAST,BREAST,73555129,KRAS (G12C) Inhibitor-12,5.646918773651123,4.654841899871826
ACH-000927,BT-474,BT474_BREAST,BREAST,462382,MG-132,1.0617250204086304,-0.7235943078994751
ACH-000927,BT-474,BT474_BREAST,BREAST,11707110,Trametinib,3.9966819286346436,3.1439008712768555
ACH-000927,BT-474,BT474_BREAST,BREAST,44462760,Dabrafenib,6.13838005065918,5.36715030670166
ACH-000927,BT-474,BT474_BREAST,BREAST,5394,Temozolomide,8.308959007263184,6.962319374084473
ACH-000927,BT-474,BT474_BREAST,BREAST,5460769,Bleomycin (50 uM),8.437705039978027,4.53282356262207
ACH-000927,BT-474,BT474_BREAST,BREAST,49846579,Venotoclax,4.082303047180176,1.9374785423278809
ACH-000927,BT-474,BT474_BREAST,BREAST,11228183,ABT737,4.387869834899902,1.1283600330352783
ACH-000927,BT-474,BT474_BREAST,BREAST,46843057,Afuresertib,2.0508599281311035,2.8650028705596924
ACH-000927,BT-474,BT474_BREAST,BREAST,56645356,AGI-5198,6.082106113433838,4.663414478302002
ACH-000927,BT-474,BT474_BREAST,BREAST,78209992,AZD3759,4.615746974945068,2.544433116912842
ACH-000927,BT-474,BT474_BREAST,BREAST,54761306,AZD6738,4.9249958992004395,2.9477624893188477
ACH-000927,BT-474,BT474_BREAST,BREAST,52913813,AZD8186,3.5373260974884033,3.8906619548797607
ACH-000927,BT-474,BT474_BREAST,BREAST,71496458,Osimertinib,-0.16543099284172058,1.8748539686203003
ACH-000927,BT-474,BT474_BREAST,BREAST,9933475,Cediranib,3.2984631061553955,2.630545139312744
ACH-000927,BT-474,BT474_BREAST,BREAST,24788740,Ipatasertib,2.7655160427093506,3.7506020069122314
ACH-000927,BT-474,BT474_BREAST,BREAST,56941241,GDC0810,5.537543773651123,5.046274185180664
ACH-000927,BT-474,BT474_BREAST,BREAST,70676303,GNE-317,1.856016993522644,1.6538771390914917
ACH-000927,BT-474,BT474_BREAST,BREAST,68107965,GSK2578215A,6.562331199645996,4.889126300811768
ACH-000927,BT-474,BT474_BREAST,BREAST,91668541,I-BRD9,5.494574069976807,4.622284412384033
ACH-000927,BT-474,BT474_BREAST,BREAST,10385095,Telomerase Inhibitor IX,2.767003059387207,1.5543326139450073
ACH-000927,BT-474,BT474_BREAST,BREAST,227681,MIRA-1,6.832394123077393,5.827995777130127
ACH-000927,BT-474,BT474_BREAST,BREAST,9825149,NVP-ADW742,4.714659214019775,3.276073694229126
ACH-000927,BT-474,BT474_BREAST,BREAST,46931953,P22077,3.8192598819732666,4.421478748321533
ACH-000927,BT-474,BT474_BREAST,BREAST,68289010,Savolitinib,3.3350319862365723,2.869425058364868
ACH-000927,BT-474,BT474_BREAST,BREAST,992586,UMI-77,6.268585205078125,2.8609464168548584
ACH-000927,BT-474,BT474_BREAST,BREAST,2984337,WIKI4,4.451467990875244,3.882622241973877
ACH-000927,BT-474,BT474_BREAST,BREAST,11178236,Sepantronium bromide,-3.561363935470581,-2.0041584968566895
ACH-000927,BT-474,BT474_BREAST,BREAST,71297207,WEHI-539,5.366241931915283,3.4292173385620117
ACH-000927,BT-474,BT474_BREAST,BREAST,104842,SN-38,4.5331220626831055,-1.7841250896453857
ACH-000927,BT-474,BT474_BREAST,BREAST,25126798,Ruxolitinib,6.199656009674072,4.9387359619140625
ACH-000927,BT-474,BT474_BREAST,BREAST,11640390,Linsitinib,5.366460800170898,3.789823532104492
ACH-000927,BT-474,BT474_BREAST,BREAST,41867,Epirubicin,1.3500449657440186,0.8301273584365845
ACH-000927,BT-474,BT474_BREAST,BREAST,2907,Cyclophosphamide,6.558778762817383,5.2647857666015625
ACH-000927,BT-474,BT474_BREAST,BREAST,24360,Camptothecin,3.505958080291748,-0.6707577705383301
ACH-000927,BT-474,BT474_BREAST,BREAST,6710780,Vinblastine,-2.149914026260376,-1.7286686897277832
ACH-000927,BT-474,BT474_BREAST,BREAST,84691,Cisplatin,7.03895902633667,3.8444159030914307
ACH-000927,BT-474,BT474_BREAST,BREAST,6253,Cytarabine,4.96437406539917,3.4343385696411133
ACH-000927,BT-474,BT474_BREAST,BREAST,148124,Docetaxel,-2.9584529399871826,-3.3226122856140137
ACH-000927,BT-474,BT474_BREAST,BREAST,126941,Methotrexate,0.5495799779891968,1.7370681762695312
ACH-000927,BT-474,BT474_BREAST,BREAST,123631,Gefitinib,3.338498115539551,2.9625887870788574
ACH-000927,BT-474,BT474_BREAST,BREAST,24978538,Navitoclax,2.8500289916992188,0.8896965980529785
ACH-000927,BT-474,BT474_BREAST,BREAST,5311,Vorinostat,1.4350680112838745,1.8027836084365845
ACH-000927,BT-474,BT474_BREAST,BREAST,644241,Nilotinib,3.005673885345459,4.2063140869140625
ACH-000927,BT-474,BT474_BREAST,BREAST,44182295,Refametinib,4.318733215332031,4.302041530609131
ACH-000927,BT-474,BT474_BREAST,BREAST,6918289,Temsirolimus,0.29273998737335205,2.0198380947113037
ACH-000927,BT-474,BT474_BREAST,BREAST,23725625,Olaparib,5.827189922332764,4.49721097946167
ACH-000927,BT-474,BT474_BREAST,BREAST,11960529,Veliparib,6.4052557945251465,5.380748748779297
ACH-000927,BT-474,BT474_BREAST,BREAST,5328940,Bosutinib,4.7774739265441895,3.488354206085205
ACH-000927,BT-474,BT474_BREAST,BREAST,216326,Lenalidomide,6.469460964202881,5.411078929901123
ACH-000927,BT-474,BT474_BREAST,BREAST,6450551,Axitinib,3.683377981185913,3.298973321914673
ACH-000927,BT-474,BT474_BREAST,BREAST,11152667,AZD7762,4.637643814086914,1.5840275287628174
ACH-000927,BT-474,BT474_BREAST,BREAST,9943465,GW441756,4.106918811798096,3.5183584690093994
ACH-000196,HCC1599,HCC1599_BREAST,BREAST,126565,Lestaurtinib,1.8576749563217163,1.3516132831573486
ACH-000196,HCC1599,HCC1599_BREAST,BREAST,176158,SB216763,5.310879230499268,5.305129051208496
ACH-000196,HCC1599,HCC1599_BREAST,BREAST,6505803,Tanespimycin,1.2322299480438232,1.3148043155670166
ACH-000196,HCC1599,HCC1599_BREAST,BREAST,5311497,Vinorelbine,-5.181542873382568,-1.305466890335083
ACH-000196,HCC1599,HCC1599_BREAST,BREAST,11667893,Motesanib,6.01244592666626,5.657905101776123
ACH-000196,HCC1599,HCC1599_BREAST,BREAST,5278396,KU-55933,5.47915506362915,5.375883102416992
ACH-000196,HCC1599,HCC1599_BREAST,BREAST,300471,Elesclomol,-2.151336908340454,0.10347715020179749
ACH-000196,HCC1599,HCC1599_BREAST,BREAST,10184653,Afatinib,2.4238650798797607,2.699993848800659
ACH-000196,HCC1599,HCC1599_BREAST,BREAST,24776445,Vismodegib,5.670341968536377,5.009446144104004
ACH-000196,HCC1599,HCC1599_BREAST,BREAST,24180719,PLX-4720,4.0406599044799805,5.035276889801025
ACH-000196,HCC1599,HCC1599_BREAST,BREAST,10077147,BX795,3.7973709106445312,3.2773635387420654
ACH-000196,HCC1599,HCC1599_BREAST,BREAST,11327430,NU7441,3.3065569400787354,4.008848190307617
ACH-000196,HCC1599,HCC1599_BREAST,BREAST,10459196,SL0101,6.016186237335205,4.862255096435547
ACH-000196,HCC1599,HCC1599_BREAST,BREAST,16720766,Pevonedistat,1.0793969631195068,1.9617486000061035
ACH-000196,HCC1599,HCC1599_BREAST,BREAST,11488320,Sapitinib,3.304676055908203,5.201349258422852
ACH-000196,HCC1599,HCC1599_BREAST,BREAST,156422,Doramapimod,4.465000152587891,5.106756687164307
ACH-000196,HCC1599,HCC1599_BREAST,BREAST,11624601,JNK Inhibitor VIII,4.492306232452393,5.22186803817749
ACH-000196,HCC1599,HCC1599_BREAST,BREAST,51042438,Uprosertib,1.9440209865570068,4.239985466003418
ACH-000196,HCC1599,HCC1599_BREAST,BREAST,24737642,LCL161,5.4883270263671875,5.1114654541015625
ACH-000196,HCC1599,HCC1599_BREAST,BREAST,10384072,Wee1 Inhibitor,0.4300459921360016,2.5306973457336426
ACH-000196,HCC1599,HCC1599_BREAST,BREAST,11433190,Nutlin-3a (-),5.1655778884887695,5.344041347503662
ACH-000196,HCC1599,HCC1599_BREAST,BREAST,208908,Lapatinib,2.6116409301757812,4.691271781921387
ACH-000196,HCC1599,HCC1599_BREAST,BREAST,1401,PD173074,4.707921981811523,4.204827308654785
ACH-000196,HCC1599,HCC1599_BREAST,BREAST,9914412,ZM447439,3.1972270011901855,3.190296173095703
ACH-000196,HCC1599,HCC1599_BREAST,BREAST,24771867,Alisertib,3.4045848846435547,3.1613261699676514
ACH-000196,HCC1599,HCC1599_BREAST,BREAST,56649450,Alpelisib,1.940255045890808,4.5840911865234375
ACH-000196,HCC1599,HCC1599_BREAST,BREAST,46930998,MK-2206,2.246145009994507,3.8693132400512695
ACH-000196,HCC1599,HCC1599_BREAST,BREAST,5330286,Palbociclib,4.598084926605225,4.710173606872559
ACH-000196,HCC1599,HCC1599_BREAST,BREAST,51001932,Taselisib,1.4552520513534546,3.6264166831970215
ACH-000196,HCC1599,HCC1599_BREAST,BREAST,57345410,EPZ5676,5.724201202392578,5.669692516326904
ACH-000196,HCC1599,HCC1599_BREAST,BREAST,11977753,Dactolisib,-1.102929949760437,0.02837243676185608
ACH-000196,HCC1599,HCC1599_BREAST,BREAST,17755052,Pictilisib,0.628279983997345,2.602717399597168
ACH-000196,HCC1599,HCC1599_BREAST,BREAST,25262965,AZD8055,0.4217419922351837,1.5047441720962524
ACH-000196,HCC1599,HCC1599_BREAST,BREAST,9826528,PD0325901,5.112648010253906,2.896989345550537
ACH-000196,HCC1599,HCC1599_BREAST,BREAST,24866313,SCH772984,5.910093784332275,4.078311920166016
ACH-000196,HCC1599,HCC1599_BREAST,BREAST,10127622,Selumetinib,5.7375969886779785,4.612910270690918
ACH-000196,HCC1599,HCC1599_BREAST,BREAST,9927531,BIBR-1532,4.956727027893066,4.974740028381348
ACH-000196,HCC1599,HCC1599_BREAST,BREAST,2155128,IWP-2,3.735917091369629,2.845121145248413
ACH-000196,HCC1599,HCC1599_BREAST,BREAST,3899,Leflunomide,5.011988162994385,5.226337909698486
ACH-000196,HCC1599,HCC1599_BREAST,BREAST,2314623,CCT007093,5.003878116607666,5.3023786544799805
ACH-000196,HCC1599,HCC1599_BREAST,BREAST,9938202,EHT-1864,5.185844898223877,3.438081741333008
ACH-000196,HCC1599,HCC1599_BREAST,BREAST,25227847,Pyridostatin,3.344839096069336,3.754819393157959
ACH-000196,HCC1599,HCC1599_BREAST,BREAST,46883536,Avagacestat,6.005205154418945,5.007974624633789
ACH-000196,HCC1599,HCC1599_BREAST,BREAST,3385,5-Fluorouracil,5.31477689743042,5.023059368133545
ACH-000196,HCC1599,HCC1599_BREAST,BREAST,68947304,AMG-319,5.449516773223877,5.203805446624756
ACH-000196,HCC1599,HCC1599_BREAST,BREAST,11634725,VX-11e,4.134688854217529,4.2989726066589355
ACH-000196,HCC1599,HCC1599_BREAST,BREAST,16224745,MK-8776,0.8670179843902588,3.4931304454803467
ACH-000196,HCC1599,HCC1599_BREAST,BREAST,3062316,Dasatinib,3.7530620098114014,3.738708734512329
ACH-000196,HCC1599,HCC1599_BREAST,BREAST,36314,Paclitaxel,-3.1986050605773926,-1.3549381494522095
ACH-000196,HCC1599,HCC1599_BREAST,BREAST,4261,Entinostat,-0.32998499274253845,2.220496416091919
ACH-000196,HCC1599,HCC1599_BREAST,BREAST,11626560,Crizotinib,2.1345839500427246,3.2686736583709717
ACH-000196,HCC1599,HCC1599_BREAST,BREAST,118704762,LJI308,5.570319175720215,5.2800445556640625
ACH-000196,HCC1599,HCC1599_BREAST,BREAST,216239,Sorafenib,2.685020923614502,2.511335849761963
ACH-000196,HCC1599,HCC1599_BREAST,BREAST,11364421,BI-2536,-4.239346027374268,0.7043873071670532
ACH-000196,HCC1599,HCC1599_BREAST,BREAST,46926973,LGK974,6.021500110626221,4.0666584968566895
ACH-000196,HCC1599,HCC1599_BREAST,BREAST,60838,Irinotecan,1.6054970026016235,2.9190852642059326
ACH-000196,HCC1599,HCC1599_BREAST,BREAST,5310940,Oxaliplatin,2.6639890670776367,4.377176761627197
ACH-000196,HCC1599,HCC1599_BREAST,BREAST,117072552,GSK591,2.541059970855713,4.732421875
ACH-000196,HCC1599,HCC1599_BREAST,BREAST,51000408,VE821,3.6027779579162598,4.532955169677734
ACH-000196,HCC1599,HCC1599_BREAST,BREAST,25124816,GSK1904529A,5.275845050811768,4.304298400878906
ACH-000196,HCC1599,HCC1599_BREAST,BREAST,5494449,Tozasertib,2.771095037460327,3.241293430328369
ACH-000196,HCC1599,HCC1599_BREAST,BREAST,59472121,VE-822,2.7149980068206787,3.84134578704834
ACH-000196,HCC1599,HCC1599_BREAST,BREAST,72200024,WZ4003,5.556930065155029,4.4610466957092285
ACH-000196,HCC1599,HCC1599_BREAST,BREAST,42623951,CZC24832,6.084850788116455,5.4178996086120605
ACH-000196,HCC1599,HCC1599_BREAST,BREAST,49847690,AZD5582,1.812930941581726,2.5883140563964844
ACH-000196,HCC1599,HCC1599_BREAST,BREAST,53469448,GSK2606414,5.340911865234375,4.246040344238281
ACH-000196,HCC1599,HCC1599_BREAST,BREAST,78243717,PFI3,6.012721061706543,5.514585971832275
ACH-000196,HCC1599,HCC1599_BREAST,BREAST,24753719,PCI-34051,2.502592086791992,4.597369194030762
ACH-000196,HCC1599,HCC1599_BREAST,BREAST,57519544,Wnt-C59,3.4429380893707275,4.358585357666016
ACH-000196,HCC1599,HCC1599_BREAST,BREAST,46943432,I-BET-762,1.381587028503418,4.113335132598877
ACH-000196,HCC1599,HCC1599_BREAST,BREAST,9936746,OTX015,0.8455470204353333,3.5250871181488037
ACH-000196,HCC1599,HCC1599_BREAST,BREAST,71268957,GSK343,3.2947781085968018,3.076042413711548
ACH-000196,HCC1599,HCC1599_BREAST,BREAST,60167849,ML323,4.7476677894592285,4.472503185272217
ACH-000196,HCC1599,HCC1599_BREAST,BREAST,59473233,Entospletinib,2.7954819202423096,4.5774664878845215
ACH-000196,HCC1599,HCC1599_BREAST,BREAST,44462758,PRT062607,2.5511319637298584,4.098689556121826
ACH-000196,HCC1599,HCC1599_BREAST,BREAST,44631912,Ribociclib,5.575689792633057,4.288632869720459
ACH-000196,HCC1599,HCC1599_BREAST,BREAST,71299339,AGI-6780,5.024198055267334,4.318060874938965
ACH-000196,HCC1599,HCC1599_BREAST,BREAST,1018,Picolinici-acid,6.0129241943359375,5.421046733856201
ACH-000196,HCC1599,HCC1599_BREAST,BREAST,51371303,PF-4708671,4.462882041931152,3.636244773864746
ACH-000196,HCC1599,HCC1599_BREAST,BREAST,52918385,PRIMA-1MET,3.527801036834717,5.17559289932251
ACH-000196,HCC1599,HCC1599_BREAST,BREAST,11609586,Serdemetan,6.086222171783447,4.179324626922607
ACH-000196,HCC1599,HCC1599_BREAST,BREAST,44137675,AZD6482,3.5549919605255127,4.63480806350708
ACH-000196,HCC1599,HCC1599_BREAST,BREAST,42642645,Foretinib,1.3528859615325928,1.8855057954788208
ACH-000196,HCC1599,HCC1599_BREAST,BREAST,46907787,JQ1,1.4825069904327393,3.278270959854126
ACH-000196,HCC1599,HCC1599_BREAST,BREAST,71271629,PFI-1,3.7280640602111816,4.248326301574707
ACH-000196,HCC1599,HCC1599_BREAST,BREAST,54685215,IOX2,2.2131240367889404,2.3718364238739014
ACH-000196,HCC1599,HCC1599_BREAST,BREAST,9956119,CHIR-99021,4.323615074157715,5.42073392868042
ACH-000196,HCC1599,HCC1599_BREAST,BREAST,56962337,SGC0946,2.5519819259643555,2.1857879161834717
ACH-000196,HCC1599,HCC1599_BREAST,BREAST,176870,Erlotinib,5.094604969024658,3.7373762130737305
ACH-000196,HCC1599,HCC1599_BREAST,BREAST,9931953,Rucaparib,5.311892986297607,3.9422123432159424
ACH-000196,HCC1599,HCC1599_BREAST,BREAST,24958200,Niraparib,3.3899478912353516,4.464655876159668
ACH-000196,HCC1599,HCC1599_BREAST,BREAST,24856436,MK-1775,-0.3732210099697113,1.617919921875
ACH-000196,HCC1599,HCC1599_BREAST,BREAST,46926350,Dinaciclib,-1.5992799997329712,-1.4996798038482666
ACH-000196,HCC1599,HCC1599_BREAST,BREAST,60750,Gemcitabine,-3.1747629642486572,0.878007173538208
ACH-000196,HCC1599,HCC1599_BREAST,BREAST,387447,Bortezomib,-4.680340766906738,-4.180445194244385
ACH-000196,HCC1599,HCC1599_BREAST,BREAST,16095342,GSK269962A,3.093916893005371,2.9499683380126953
ACH-000196,HCC1599,HCC1599_BREAST,BREAST,9858940,SB505124,5.802509784698486,3.4537312984466553
ACH-000196,HCC1599,HCC1599_BREAST,BREAST,2733526,Tamoxifen,4.997434139251709,4.08623743057251
ACH-000196,HCC1599,HCC1599_BREAST,BREAST,104741,Fulvestrant,3.6142029762268066,3.1235363483428955
ACH-000196,HCC1599,HCC1599_BREAST,BREAST,56962336,EPZ004777,5.739254951477051,5.280905246734619
ACH-000196,HCC1599,HCC1599_BREAST,BREAST,44632017,YK-4-279,2.078413963317871,3.0596280097961426
ACH-000196,HCC1599,HCC1599_BREAST,BREAST,637858,Piperlongumine,2.6570560932159424,2.5346927642822266
ACH-000196,HCC1599,HCC1599_BREAST,BREAST,6914657,Daporinad,-4.56321907043457,-3.1885833740234375
ACH-000196,HCC1599,HCC1599_BREAST,BREAST,9813758,BMS-345541,2.186060905456543,3.709437608718872
ACH-000196,HCC1599,HCC1599_BREAST,BREAST,25099184,AZ960,1.49611496925354,2.947544574737549
ACH-000196,HCC1599,HCC1599_BREAST,BREAST,51039095,AZD4547,3.4498629570007324,3.275484561920166
ACH-000196,HCC1599,HCC1599_BREAST,BREAST,24821094,Ibrutinib,2.2165300846099854,5.32361364364624
ACH-000196,HCC1599,HCC1599_BREAST,BREAST,46236925,Sabutoclax,-1.2067300081253052,0.6923211812973022
ACH-000196,HCC1599,HCC1599_BREAST,BREAST,11655119,LY2109761,4.475637912750244,5.151400089263916
ACH-000196,HCC1599,HCC1599_BREAST,BREAST,35397514,OF-1,4.236544132232666,3.9005649089813232
ACH-000196,HCC1599,HCC1599_BREAST,BREAST,2802462,MN-64,4.0114641189575195,4.895149230957031
ACH-000196,HCC1599,HCC1599_BREAST,BREAST,73555129,KRAS (G12C) Inhibitor-12,4.8289899826049805,4.7416815757751465
ACH-000196,HCC1599,HCC1599_BREAST,BREAST,462382,MG-132,-0.912319004535675,-0.7885942459106445
ACH-000196,HCC1599,HCC1599_BREAST,BREAST,11707110,Trametinib,3.8737220764160156,1.8642476797103882
ACH-000196,HCC1599,HCC1599_BREAST,BREAST,44462760,Dabrafenib,6.691090106964111,5.070582866668701
ACH-000196,HCC1599,HCC1599_BREAST,BREAST,5394,Temozolomide,7.3345232009887695,6.702614784240723
ACH-000196,HCC1599,HCC1599_BREAST,BREAST,49846579,Venotoclax,3.5562338829040527,1.4470442533493042
ACH-000196,HCC1599,HCC1599_BREAST,BREAST,11228183,ABT737,5.097259998321533,0.149271622300148
ACH-000196,HCC1599,HCC1599_BREAST,BREAST,46843057,Afuresertib,1.7628569602966309,3.7660512924194336
ACH-000196,HCC1599,HCC1599_BREAST,BREAST,56645356,AGI-5198,5.420038223266602,4.76591682434082
ACH-000196,HCC1599,HCC1599_BREAST,BREAST,78209992,AZD3759,3.0475399494171143,2.9646308422088623
ACH-000196,HCC1599,HCC1599_BREAST,BREAST,54761306,AZD6738,0.6784250140190125,2.9517250061035156
ACH-000196,HCC1599,HCC1599_BREAST,BREAST,52913813,AZD8186,4.3593878746032715,4.563498020172119
ACH-000196,HCC1599,HCC1599_BREAST,BREAST,71496458,Osimertinib,1.9616990089416504,2.4860777854919434
ACH-000196,HCC1599,HCC1599_BREAST,BREAST,9933475,Cediranib,2.264043092727661,2.7891244888305664
ACH-000196,HCC1599,HCC1599_BREAST,BREAST,24788740,Ipatasertib,3.6170549392700195,4.503397464752197
ACH-000196,HCC1599,HCC1599_BREAST,BREAST,56941241,GDC0810,5.9164838790893555,5.142190456390381
ACH-000196,HCC1599,HCC1599_BREAST,BREAST,70676303,GNE-317,1.1278680562973022,2.010868549346924
ACH-000196,HCC1599,HCC1599_BREAST,BREAST,68107965,GSK2578215A,6.04166316986084,4.994215488433838
ACH-000196,HCC1599,HCC1599_BREAST,BREAST,91668541,I-BRD9,4.504059791564941,4.625999927520752
ACH-000196,HCC1599,HCC1599_BREAST,BREAST,10385095,Telomerase Inhibitor IX,-0.470988005399704,1.4987465143203735
ACH-000196,HCC1599,HCC1599_BREAST,BREAST,227681,MIRA-1,2.3597629070281982,5.706343173980713
ACH-000196,HCC1599,HCC1599_BREAST,BREAST,9825149,NVP-ADW742,3.2789409160614014,3.510289192199707
ACH-000196,HCC1599,HCC1599_BREAST,BREAST,46931953,P22077,3.1048688888549805,4.478831768035889
ACH-000196,HCC1599,HCC1599_BREAST,BREAST,68289010,Savolitinib,3.648061990737915,2.730832099914551
ACH-000196,HCC1599,HCC1599_BREAST,BREAST,2984337,WIKI4,4.245613098144531,3.927597761154175
ACH-000196,HCC1599,HCC1599_BREAST,BREAST,11178236,Sepantronium bromide,-6.692999839782715,-3.0392239093780518
ACH-000196,HCC1599,HCC1599_BREAST,BREAST,71297207,WEHI-539,4.930278778076172,3.4626877307891846
ACH-000196,HCC1599,HCC1599_BREAST,BREAST,104842,SN-38,-3.797697067260742,-2.9521710872650146
ACH-000196,HCC1599,HCC1599_BREAST,BREAST,2375,Bicalutamide,5.045219898223877,4.831490516662598
ACH-000196,HCC1599,HCC1599_BREAST,BREAST,25126798,Ruxolitinib,4.902048110961914,4.9487624168396
ACH-000196,HCC1599,HCC1599_BREAST,BREAST,11640390,Linsitinib,1.695044994354248,3.945671558380127
ACH-000196,HCC1599,HCC1599_BREAST,BREAST,41867,Epirubicin,-1.0869189500808716,0.4834396541118622
ACH-000196,HCC1599,HCC1599_BREAST,BREAST,2907,Cyclophosphamide,4.849483966827393,5.296154499053955
ACH-000196,HCC1599,HCC1599_BREAST,BREAST,24360,Camptothecin,-3.2469139099121094,-1.3650866746902466
ACH-000196,HCC1599,HCC1599_BREAST,BREAST,84691,Cisplatin,2.3860270977020264,3.6682305335998535
ACH-000196,HCC1599,HCC1599_BREAST,BREAST,148124,Docetaxel,-3.6183218955993652,-3.6369011402130127
ACH-000196,HCC1599,HCC1599_BREAST,BREAST,126941,Methotrexate,2.9505441188812256,1.5819584131240845
ACH-000196,HCC1599,HCC1599_BREAST,BREAST,444795,Tretinoin,6.089264869689941,5.1886138916015625
ACH-000196,HCC1599,HCC1599_BREAST,BREAST,123631,Gefitinib,4.403500080108643,3.7214066982269287
ACH-000196,HCC1599,HCC1599_BREAST,BREAST,24978538,Navitoclax,2.809396982192993,-0.10403163731098175
ACH-000196,HCC1599,HCC1599_BREAST,BREAST,5311,Vorinostat,0.09457399696111679,1.660689115524292
ACH-000196,HCC1599,HCC1599_BREAST,BREAST,644241,Nilotinib,3.679532051086426,4.2149834632873535
ACH-000196,HCC1599,HCC1599_BREAST,BREAST,44182295,Refametinib,5.929043769836426,3.6061980724334717
ACH-000196,HCC1599,HCC1599_BREAST,BREAST,6918289,Temsirolimus,3.6300408840179443,2.2924342155456543
ACH-000196,HCC1599,HCC1599_BREAST,BREAST,23725625,Olaparib,4.610140800476074,4.338503360748291
ACH-000196,HCC1599,HCC1599_BREAST,BREAST,11960529,Veliparib,5.831025123596191,5.380446434020996
ACH-000196,HCC1599,HCC1599_BREAST,BREAST,5328940,Bosutinib,3.533708095550537,3.5710456371307373
ACH-000196,HCC1599,HCC1599_BREAST,BREAST,216326,Lenalidomide,5.8585429191589355,5.470678329467773
ACH-000196,HCC1599,HCC1599_BREAST,BREAST,6450551,Axitinib,3.2814669609069824,3.2562484741210938
ACH-000196,HCC1599,HCC1599_BREAST,BREAST,11152667,AZD7762,-1.248060941696167,1.6526304483413696
ACH-000196,HCC1599,HCC1599_BREAST,BREAST,9943465,GW441756,4.357231140136719,3.562736988067627
ACH-000668,HCC70,HCC70_BREAST,BREAST,126565,Lestaurtinib,1.2502059936523438,0.8724935054779053
ACH-000668,HCC70,HCC70_BREAST,BREAST,176158,SB216763,6.215590000152588,5.322216987609863
ACH-000668,HCC70,HCC70_BREAST,BREAST,6505803,Tanespimycin,0.564786970615387,-0.07904882729053497
ACH-000668,HCC70,HCC70_BREAST,BREAST,5311497,Vinorelbine,-0.30272701382637024,-2.0238471031188965
ACH-000668,HCC70,HCC70_BREAST,BREAST,11667893,Motesanib,5.415684223175049,5.904057502746582
ACH-000668,HCC70,HCC70_BREAST,BREAST,5278396,KU-55933,3.4708900451660156,5.486485958099365
ACH-000668,HCC70,HCC70_BREAST,BREAST,10184653,Afatinib,2.16316294670105,1.8498958349227905
ACH-000668,HCC70,HCC70_BREAST,BREAST,24776445,Vismodegib,3.9637339115142822,5.25416898727417
ACH-000668,HCC70,HCC70_BREAST,BREAST,24180719,PLX-4720,3.526308059692383,4.905733585357666
ACH-000668,HCC70,HCC70_BREAST,BREAST,11327430,NU7441,2.8171229362487793,3.4848709106445312
ACH-000668,HCC70,HCC70_BREAST,BREAST,16720766,Pevonedistat,-1.528370976448059,0.8467651605606079
ACH-000668,HCC70,HCC70_BREAST,BREAST,11488320,Sapitinib,4.558102130889893,3.6633613109588623
ACH-000668,HCC70,HCC70_BREAST,BREAST,156422,Doramapimod,6.075922966003418,5.276024341583252
ACH-000668,HCC70,HCC70_BREAST,BREAST,11624601,JNK Inhibitor VIII,4.257104873657227,5.382114410400391
ACH-000668,HCC70,HCC70_BREAST,BREAST,51042438,Uprosertib,0.603771984577179,3.490863561630249
ACH-000668,HCC70,HCC70_BREAST,BREAST,24737642,LCL161,4.625676155090332,5.1054229736328125
ACH-000668,HCC70,HCC70_BREAST,BREAST,10384072,Wee1 Inhibitor,3.334338903427124,2.0781843662261963
ACH-000668,HCC70,HCC70_BREAST,BREAST,11433190,Nutlin-3a (-),5.936488151550293,5.13929557800293
ACH-000668,HCC70,HCC70_BREAST,BREAST,208908,Lapatinib,2.9942290782928467,3.5039520263671875
ACH-000668,HCC70,HCC70_BREAST,BREAST,1401,PD173074,4.086880207061768,3.9591081142425537
ACH-000668,HCC70,HCC70_BREAST,BREAST,9914412,ZM447439,1.5306919813156128,2.7794556617736816
ACH-000668,HCC70,HCC70_BREAST,BREAST,24771867,Alisertib,3.596903085708618,1.970099687576294
ACH-000668,HCC70,HCC70_BREAST,BREAST,56649450,Alpelisib,3.321115016937256,3.8850908279418945
ACH-000668,HCC70,HCC70_BREAST,BREAST,46930998,MK-2206,0.1607149988412857,3.2968640327453613
ACH-000668,HCC70,HCC70_BREAST,BREAST,5330286,Palbociclib,4.003557205200195,4.236672401428223
ACH-000668,HCC70,HCC70_BREAST,BREAST,51001932,Taselisib,1.409741997718811,2.0900444984436035
ACH-000668,HCC70,HCC70_BREAST,BREAST,57345410,EPZ5676,5.481533050537109,5.9491496086120605
ACH-000668,HCC70,HCC70_BREAST,BREAST,11977753,Dactolisib,-0.7977910041809082,-1.0685666799545288
ACH-000668,HCC70,HCC70_BREAST,BREAST,17755052,Pictilisib,0.3521510064601898,1.24399733543396
ACH-000668,HCC70,HCC70_BREAST,BREAST,25262965,AZD8055,-0.7949720025062561,0.4049377739429474
ACH-000668,HCC70,HCC70_BREAST,BREAST,9826528,PD0325901,1.236477017402649,1.7650806903839111
ACH-000668,HCC70,HCC70_BREAST,BREAST,24866313,SCH772984,1.8744219541549683,2.9506912231445312
ACH-000668,HCC70,HCC70_BREAST,BREAST,10127622,Selumetinib,2.8346118927001953,3.7942850589752197
ACH-000668,HCC70,HCC70_BREAST,BREAST,9927531,BIBR-1532,4.809865951538086,5.164477825164795
ACH-000668,HCC70,HCC70_BREAST,BREAST,2155128,IWP-2,3.0601539611816406,2.909011125564575
ACH-000668,HCC70,HCC70_BREAST,BREAST,3899,Leflunomide,5.366587162017822,5.379665374755859
ACH-000668,HCC70,HCC70_BREAST,BREAST,2314623,CCT007093,4.1706719398498535,5.456726551055908
ACH-000668,HCC70,HCC70_BREAST,BREAST,11404337,Obatoclax Mesylate,1.941498041152954,0.6698262691497803
ACH-000668,HCC70,HCC70_BREAST,BREAST,9938202,EHT-1864,2.547571897506714,3.6001102924346924
ACH-000668,HCC70,HCC70_BREAST,BREAST,25227847,Pyridostatin,2.2731471061706543,3.6725339889526367
ACH-000668,HCC70,HCC70_BREAST,BREAST,46883536,Avagacestat,5.078993797302246,5.069864749908447
ACH-000668,HCC70,HCC70_BREAST,BREAST,3385,5-Fluorouracil,5.646081924438477,4.892877578735352
ACH-000668,HCC70,HCC70_BREAST,BREAST,68947304,AMG-319,3.3744471073150635,5.269610404968262
ACH-000668,HCC70,HCC70_BREAST,BREAST,11634725,VX-11e,3.238115072250366,3.3655142784118652
ACH-000668,HCC70,HCC70_BREAST,BREAST,16224745,MK-8776,1.6812249422073364,3.3902177810668945
ACH-000668,HCC70,HCC70_BREAST,BREAST,3062316,Dasatinib,4.177486896514893,2.2511868476867676
ACH-000668,HCC70,HCC70_BREAST,BREAST,36314,Paclitaxel,-2.502903938293457,-2.059058427810669
ACH-000668,HCC70,HCC70_BREAST,BREAST,4261,Entinostat,0.4103969931602478,2.4455628395080566
ACH-000668,HCC70,HCC70_BREAST,BREAST,11626560,Crizotinib,2.9363300800323486,2.9108872413635254
ACH-000668,HCC70,HCC70_BREAST,BREAST,118704762,LJI308,5.129589080810547,5.441824436187744
ACH-000668,HCC70,HCC70_BREAST,BREAST,216239,Sorafenib,3.0359230041503906,2.5718283653259277
ACH-000668,HCC70,HCC70_BREAST,BREAST,11364421,BI-2536,1.4663230180740356,-0.3891613185405731
ACH-000668,HCC70,HCC70_BREAST,BREAST,46926973,LGK974,2.9814178943634033,4.365577220916748
ACH-000668,HCC70,HCC70_BREAST,BREAST,60838,Irinotecan,4.360527992248535,1.7281259298324585
ACH-000668,HCC70,HCC70_BREAST,BREAST,5310940,Oxaliplatin,4.703453063964844,4.313784599304199
ACH-000668,HCC70,HCC70_BREAST,BREAST,117072552,GSK591,4.808503150939941,4.806420803070068
ACH-000668,HCC70,HCC70_BREAST,BREAST,51000408,VE821,4.92595911026001,4.337532997131348
ACH-000668,HCC70,HCC70_BREAST,BREAST,25124816,GSK1904529A,4.351201057434082,4.532516956329346
ACH-000668,HCC70,HCC70_BREAST,BREAST,5494449,Tozasertib,2.233182907104492,2.3968794345855713
ACH-000668,HCC70,HCC70_BREAST,BREAST,59472121,VE-822,2.8147668838500977,3.5683481693267822
ACH-000668,HCC70,HCC70_BREAST,BREAST,72200024,WZ4003,4.624411106109619,4.445577144622803
ACH-000668,HCC70,HCC70_BREAST,BREAST,42623951,CZC24832,4.489106178283691,5.57717227935791
ACH-000668,HCC70,HCC70_BREAST,BREAST,49847690,AZD5582,-3.8594470024108887,2.254176616668701
ACH-000668,HCC70,HCC70_BREAST,BREAST,53469448,GSK2606414,3.747973918914795,3.9733378887176514
ACH-000668,HCC70,HCC70_BREAST,BREAST,78243717,PFI3,5.39457893371582,5.7195234298706055
ACH-000668,HCC70,HCC70_BREAST,BREAST,24753719,PCI-34051,4.951912879943848,4.965902805328369
ACH-000668,HCC70,HCC70_BREAST,BREAST,57519544,Wnt-C59,3.2998549938201904,4.679685115814209
ACH-000668,HCC70,HCC70_BREAST,BREAST,46943432,I-BET-762,5.381978988647461,3.700326442718506
ACH-000668,HCC70,HCC70_BREAST,BREAST,9936746,OTX015,4.41887903213501,2.9975624084472656
ACH-000668,HCC70,HCC70_BREAST,BREAST,71268957,GSK343,2.9958760738372803,2.9626893997192383
ACH-000668,HCC70,HCC70_BREAST,BREAST,60167849,ML323,4.5240302085876465,4.817838668823242
ACH-000668,HCC70,HCC70_BREAST,BREAST,59473233,Entospletinib,3.2224678993225098,3.99454927444458
ACH-000668,HCC70,HCC70_BREAST,BREAST,44462758,PRT062607,5.388733863830566,3.6134085655212402
ACH-000668,HCC70,HCC70_BREAST,BREAST,44631912,Ribociclib,3.584228038787842,4.025270462036133
ACH-000668,HCC70,HCC70_BREAST,BREAST,71299339,AGI-6780,4.125596046447754,4.637770652770996
ACH-000668,HCC70,HCC70_BREAST,BREAST,1018,Picolinici-acid,5.270133018493652,5.586673259735107
ACH-000668,HCC70,HCC70_BREAST,BREAST,51371303,PF-4708671,3.1807479858398438,3.662201404571533
ACH-000668,HCC70,HCC70_BREAST,BREAST,52918385,PRIMA-1MET,6.015467166900635,5.359340667724609
ACH-000668,HCC70,HCC70_BREAST,BREAST,11609586,Serdemetan,3.5721280574798584,3.9648971557617188
ACH-000668,HCC70,HCC70_BREAST,BREAST,44137675,AZD6482,1.6856549978256226,4.027388095855713
ACH-000668,HCC70,HCC70_BREAST,BREAST,42642645,Foretinib,2.4712729454040527,1.246738314628601
ACH-000668,HCC70,HCC70_BREAST,BREAST,46907787,JQ1,3.2753469944000244,2.8287014961242676
ACH-000668,HCC70,HCC70_BREAST,BREAST,11455910,TW 37,1.7596869468688965,1.6640981435775757
ACH-000668,HCC70,HCC70_BREAST,BREAST,71271629,PFI-1,4.843708038330078,4.305866241455078
ACH-000668,HCC70,HCC70_BREAST,BREAST,56962337,SGC0946,1.3405309915542603,2.008131504058838
ACH-000668,HCC70,HCC70_BREAST,BREAST,176870,Erlotinib,2.853257894515991,2.874920606613159
ACH-000668,HCC70,HCC70_BREAST,BREAST,9931953,Rucaparib,3.3853139877319336,4.181507587432861
ACH-000668,HCC70,HCC70_BREAST,BREAST,24958200,Niraparib,5.287395000457764,4.511281490325928
ACH-000668,HCC70,HCC70_BREAST,BREAST,24856436,MK-1775,1.3978550434112549,0.8895010948181152
ACH-000668,HCC70,HCC70_BREAST,BREAST,46926350,Dinaciclib,-3.8562889099121094,-1.9561617374420166
ACH-000668,HCC70,HCC70_BREAST,BREAST,60750,Gemcitabine,3.570823907852173,-1.7569012641906738
ACH-000668,HCC70,HCC70_BREAST,BREAST,387447,Bortezomib,-6.376605033874512,-5.277865886688232
ACH-000668,HCC70,HCC70_BREAST,BREAST,16095342,GSK269962A,2.5699620246887207,2.680845022201538
ACH-000668,HCC70,HCC70_BREAST,BREAST,2733526,Tamoxifen,3.99950909614563,4.09091854095459
ACH-000668,HCC70,HCC70_BREAST,BREAST,104741,Fulvestrant,2.8162379264831543,3.146737575531006
ACH-000668,HCC70,HCC70_BREAST,BREAST,56962336,EPZ004777,4.597777843475342,5.576550006866455
ACH-000668,HCC70,HCC70_BREAST,BREAST,44632017,YK-4-279,2.092622995376587,2.080301523208618
ACH-000668,HCC70,HCC70_BREAST,BREAST,6914657,Daporinad,-3.7185170650482178,-1.5942637920379639
ACH-000668,HCC70,HCC70_BREAST,BREAST,9813758,BMS-345541,3.5857760906219482,3.5598013401031494
ACH-000668,HCC70,HCC70_BREAST,BREAST,25099184,AZ960,3.770076036453247,2.206174373626709
ACH-000668,HCC70,HCC70_BREAST,BREAST,51039095,AZD4547,3.520266056060791,3.1315741539001465
ACH-000668,HCC70,HCC70_BREAST,BREAST,24821094,Ibrutinib,5.317389965057373,4.463705539703369
ACH-000668,HCC70,HCC70_BREAST,BREAST,70983932,GSK2830371,5.415684223175049,5.841907501220703
ACH-000668,HCC70,HCC70_BREAST,BREAST,46236925,Sabutoclax,0.22533899545669556,0.2434840202331543
ACH-000668,HCC70,HCC70_BREAST,BREAST,11655119,LY2109761,5.345437049865723,5.2890095710754395
ACH-000668,HCC70,HCC70_BREAST,BREAST,35397514,OF-1,3.427417039871216,4.200139045715332
ACH-000668,HCC70,HCC70_BREAST,BREAST,2802462,MN-64,4.2814788818359375,4.937892436981201
ACH-000668,HCC70,HCC70_BREAST,BREAST,73555129,KRAS (G12C) Inhibitor-12,5.268472194671631,4.967689037322998
ACH-000668,HCC70,HCC70_BREAST,BREAST,462382,MG-132,-2.2428479194641113,-1.0695456266403198
ACH-000668,HCC70,HCC70_BREAST,BREAST,11707110,Trametinib,1.1163760423660278,0.6112996339797974
ACH-000668,HCC70,HCC70_BREAST,BREAST,44462760,Dabrafenib,6.037352085113525,5.069342136383057
ACH-000668,HCC70,HCC70_BREAST,BREAST,5394,Temozolomide,6.875517845153809,6.921215534210205
ACH-000668,HCC70,HCC70_BREAST,BREAST,5460769,Bleomycin (50 uM),5.197626113891602,2.8566091060638428
ACH-000668,HCC70,HCC70_BREAST,BREAST,49846579,Venotoclax,2.6924870014190674,2.3858535289764404
ACH-000668,HCC70,HCC70_BREAST,BREAST,11228183,ABT737,2.9369490146636963,1.9208332300186157
ACH-000668,HCC70,HCC70_BREAST,BREAST,46843057,Afuresertib,0.38293400406837463,2.9428207874298096
ACH-000668,HCC70,HCC70_BREAST,BREAST,56645356,AGI-5198,3.9637820720672607,4.927291393280029
ACH-000668,HCC70,HCC70_BREAST,BREAST,78209992,AZD3759,2.472498893737793,2.4813592433929443
ACH-000668,HCC70,HCC70_BREAST,BREAST,54761306,AZD6738,1.1279120445251465,2.260923147201538
ACH-000668,HCC70,HCC70_BREAST,BREAST,52913813,AZD8186,0.17249299585819244,3.5800278186798096
ACH-000668,HCC70,HCC70_BREAST,BREAST,71496458,Osimertinib,1.9231599569320679,1.8404643535614014
ACH-000668,HCC70,HCC70_BREAST,BREAST,9933475,Cediranib,3.5535199642181396,2.4085288047790527
ACH-000668,HCC70,HCC70_BREAST,BREAST,24788740,Ipatasertib,0.6832619905471802,3.9041407108306885
ACH-000668,HCC70,HCC70_BREAST,BREAST,56941241,GDC0810,4.70507287979126,5.3227033615112305
ACH-000668,HCC70,HCC70_BREAST,BREAST,70676303,GNE-317,0.026074999943375587,0.8862079381942749
ACH-000668,HCC70,HCC70_BREAST,BREAST,68107965,GSK2578215A,4.260884761810303,5.1999192237854
ACH-000668,HCC70,HCC70_BREAST,BREAST,91668541,I-BRD9,4.03376579284668,4.881072521209717
ACH-000668,HCC70,HCC70_BREAST,BREAST,10385095,Telomerase Inhibitor IX,1.5165950059890747,0.723889946937561
ACH-000668,HCC70,HCC70_BREAST,BREAST,227681,MIRA-1,4.586153030395508,5.9133195877075195
ACH-000668,HCC70,HCC70_BREAST,BREAST,9825149,NVP-ADW742,3.4445960521698,3.2153193950653076
ACH-000668,HCC70,HCC70_BREAST,BREAST,46931953,P22077,5.26847505569458,4.845826625823975
ACH-000668,HCC70,HCC70_BREAST,BREAST,68289010,Savolitinib,3.111538887023926,2.6727755069732666
ACH-000668,HCC70,HCC70_BREAST,BREAST,992586,UMI-77,3.987751007080078,2.854647159576416
ACH-000668,HCC70,HCC70_BREAST,BREAST,2984337,WIKI4,4.111201763153076,3.769444704055786
ACH-000668,HCC70,HCC70_BREAST,BREAST,11178236,Sepantronium bromide,-1.4531450271606445,-2.972874402999878
ACH-000668,HCC70,HCC70_BREAST,BREAST,71297207,WEHI-539,4.506925106048584,3.6398239135742188
ACH-000668,HCC70,HCC70_BREAST,BREAST,104842,SN-38,3.5043559074401855,-4.928439140319824
ACH-000668,HCC70,HCC70_BREAST,BREAST,25126798,Ruxolitinib,5.082446098327637,5.198119640350342
ACH-000668,HCC70,HCC70_BREAST,BREAST,11640390,Linsitinib,6.031209945678711,4.113543510437012
ACH-000668,HCC70,HCC70_BREAST,BREAST,41867,Epirubicin,-0.356471985578537,-0.5439707040786743
ACH-000668,HCC70,HCC70_BREAST,BREAST,2907,Cyclophosphamide,4.698753833770752,5.587802886962891
ACH-000668,HCC70,HCC70_BREAST,BREAST,24360,Camptothecin,0.36382099986076355,-2.6952438354492188
ACH-000668,HCC70,HCC70_BREAST,BREAST,6710780,Vinblastine,-2.4807839393615723,-2.3283987045288086
ACH-000668,HCC70,HCC70_BREAST,BREAST,84691,Cisplatin,2.532702922821045,2.5701348781585693
ACH-000668,HCC70,HCC70_BREAST,BREAST,6253,Cytarabine,3.250188112258911,1.8428378105163574
ACH-000668,HCC70,HCC70_BREAST,BREAST,148124,Docetaxel,-4.814397811889648,-3.3637969493865967
ACH-000668,HCC70,HCC70_BREAST,BREAST,126941,Methotrexate,-1.8286160230636597,1.069687008857727
ACH-000668,HCC70,HCC70_BREAST,BREAST,123631,Gefitinib,3.166692018508911,3.0303094387054443
ACH-000668,HCC70,HCC70_BREAST,BREAST,24978538,Navitoclax,3.214073896408081,1.7407978773117065
ACH-000668,HCC70,HCC70_BREAST,BREAST,5311,Vorinostat,1.5152870416641235,1.8325544595718384
ACH-000668,HCC70,HCC70_BREAST,BREAST,644241,Nilotinib,3.551811933517456,3.9237146377563477
ACH-000668,HCC70,HCC70_BREAST,BREAST,44182295,Refametinib,2.7127270698547363,2.4228594303131104
ACH-000668,HCC70,HCC70_BREAST,BREAST,6918289,Temsirolimus,0.17537300288677216,1.5567394495010376
ACH-000668,HCC70,HCC70_BREAST,BREAST,23725625,Olaparib,4.156961917877197,4.59359884262085
ACH-000668,HCC70,HCC70_BREAST,BREAST,11960529,Veliparib,4.869740962982178,5.686497211456299
ACH-000668,HCC70,HCC70_BREAST,BREAST,5328940,Bosutinib,3.467123031616211,3.049816846847534
ACH-000668,HCC70,HCC70_BREAST,BREAST,216326,Lenalidomide,5.410244941711426,5.689619541168213
ACH-000668,HCC70,HCC70_BREAST,BREAST,6450551,Axitinib,2.5006909370422363,3.173109769821167
ACH-000668,HCC70,HCC70_BREAST,BREAST,11152667,AZD7762,-1.50974702835083,0.8751404285430908
ACH-000668,HCC70,HCC70_BREAST,BREAST,9943465,GW441756,3.768002986907959,3.479783058166504
ACH-000212,CAL-120,CAL120_BREAST,BREAST,126565,Lestaurtinib,0.5804200172424316,0.5114132165908813
ACH-000212,CAL-120,CAL120_BREAST,BREAST,176158,SB216763,7.2872419357299805,5.298128604888916
ACH-000212,CAL-120,CAL120_BREAST,BREAST,6505803,Tanespimycin,1.3414210081100464,-0.06345084309577942
ACH-000212,CAL-120,CAL120_BREAST,BREAST,5311497,Vinorelbine,-2.5679540634155273,-1.7775945663452148
ACH-000212,CAL-120,CAL120_BREAST,BREAST,11667893,Motesanib,7.484910011291504,5.783092498779297
ACH-000212,CAL-120,CAL120_BREAST,BREAST,5278396,KU-55933,7.445040225982666,5.353161811828613
ACH-000212,CAL-120,CAL120_BREAST,BREAST,10184653,Afatinib,3.363558053970337,2.2964298725128174
ACH-000212,CAL-120,CAL120_BREAST,BREAST,24776445,Vismodegib,7.144287109375,5.147172927856445
ACH-000212,CAL-120,CAL120_BREAST,BREAST,24180719,PLX-4720,6.669075965881348,4.538663864135742
ACH-000212,CAL-120,CAL120_BREAST,BREAST,11327430,NU7441,5.322780132293701,3.5336947441101074
ACH-000212,CAL-120,CAL120_BREAST,BREAST,16720766,Pevonedistat,0.8689900040626526,1.2036969661712646
ACH-000212,CAL-120,CAL120_BREAST,BREAST,11488320,Sapitinib,7.0091400146484375,4.41541051864624
ACH-000212,CAL-120,CAL120_BREAST,BREAST,156422,Doramapimod,8.011737823486328,5.228651523590088
ACH-000212,CAL-120,CAL120_BREAST,BREAST,11624601,JNK Inhibitor VIII,7.099445819854736,5.312201499938965
ACH-000212,CAL-120,CAL120_BREAST,BREAST,51042438,Uprosertib,6.217710971832275,3.8481857776641846
ACH-000212,CAL-120,CAL120_BREAST,BREAST,24737642,LCL161,6.717794895172119,5.063539505004883
ACH-000212,CAL-120,CAL120_BREAST,BREAST,10384072,Wee1 Inhibitor,2.7713780403137207,2.3615047931671143
ACH-000212,CAL-120,CAL120_BREAST,BREAST,11433190,Nutlin-3a (-),7.333259105682373,4.7465739250183105
ACH-000212,CAL-120,CAL120_BREAST,BREAST,208908,Lapatinib,7.068271160125732,4.117175102233887
ACH-000212,CAL-120,CAL120_BREAST,BREAST,1401,PD173074,5.239144802093506,3.8645174503326416
ACH-000212,CAL-120,CAL120_BREAST,BREAST,9914412,ZM447439,7.059654235839844,3.117072582244873
ACH-000212,CAL-120,CAL120_BREAST,BREAST,24771867,Alisertib,4.163090229034424,2.5913939476013184
ACH-000212,CAL-120,CAL120_BREAST,BREAST,56649450,Alpelisib,6.339821815490723,4.172260761260986
ACH-000212,CAL-120,CAL120_BREAST,BREAST,46930998,MK-2206,5.648228168487549,3.5424633026123047
ACH-000212,CAL-120,CAL120_BREAST,BREAST,5330286,Palbociclib,6.031639099121094,4.1311564445495605
ACH-000212,CAL-120,CAL120_BREAST,BREAST,51001932,Taselisib,3.0621049404144287,2.759809970855713
ACH-000212,CAL-120,CAL120_BREAST,BREAST,57345410,EPZ5676,7.538763999938965,5.802880764007568
ACH-000212,CAL-120,CAL120_BREAST,BREAST,11977753,Dactolisib,-3.103569984436035,-1.4250248670578003
ACH-000212,CAL-120,CAL120_BREAST,BREAST,17755052,Pictilisib,1.7553819417953491,1.4052101373672485
ACH-000212,CAL-120,CAL120_BREAST,BREAST,25262965,AZD8055,-1.8750560283660889,0.09899397194385529
ACH-000212,CAL-120,CAL120_BREAST,BREAST,9826528,PD0325901,4.669491767883301,1.406796932220459
ACH-000212,CAL-120,CAL120_BREAST,BREAST,24866313,SCH772984,5.773096084594727,2.829744338989258
ACH-000212,CAL-120,CAL120_BREAST,BREAST,10127622,Selumetinib,6.33239221572876,3.69533109664917
ACH-000212,CAL-120,CAL120_BREAST,BREAST,9927531,BIBR-1532,5.629769802093506,5.1647796630859375
ACH-000212,CAL-120,CAL120_BREAST,BREAST,2155128,IWP-2,4.573572158813477,2.791250228881836
ACH-000212,CAL-120,CAL120_BREAST,BREAST,3899,Leflunomide,5.5720438957214355,5.234333038330078
ACH-000212,CAL-120,CAL120_BREAST,BREAST,2314623,CCT007093,5.513203144073486,5.396570682525635
ACH-000212,CAL-120,CAL120_BREAST,BREAST,11404337,Obatoclax Mesylate,0.5962719917297363,0.47282612323760986
ACH-000212,CAL-120,CAL120_BREAST,BREAST,9938202,EHT-1864,4.773046970367432,3.5432748794555664
ACH-000212,CAL-120,CAL120_BREAST,BREAST,25227847,Pyridostatin,4.5977888107299805,3.781029224395752
ACH-000212,CAL-120,CAL120_BREAST,BREAST,46883536,Avagacestat,5.411506175994873,4.982825756072998
ACH-000212,CAL-120,CAL120_BREAST,BREAST,3385,5-Fluorouracil,7.133975982666016,4.684956073760986
ACH-000212,CAL-120,CAL120_BREAST,BREAST,68947304,AMG-319,7.37263298034668,4.971616268157959
ACH-000212,CAL-120,CAL120_BREAST,BREAST,11634725,VX-11e,4.374230861663818,3.364626407623291
ACH-000212,CAL-120,CAL120_BREAST,BREAST,16224745,MK-8776,4.9702911376953125,3.376919984817505
ACH-000212,CAL-120,CAL120_BREAST,BREAST,3062316,Dasatinib,1.036126971244812,0.21958617866039276
ACH-000212,CAL-120,CAL120_BREAST,BREAST,36314,Paclitaxel,-2.210479974746704,-1.866013765335083
ACH-000212,CAL-120,CAL120_BREAST,BREAST,4261,Entinostat,4.329288005828857,2.497006893157959
ACH-000212,CAL-120,CAL120_BREAST,BREAST,11626560,Crizotinib,4.580808162689209,3.0720860958099365
ACH-000212,CAL-120,CAL120_BREAST,BREAST,118704762,LJI308,6.414054870605469,5.283023357391357
ACH-000212,CAL-120,CAL120_BREAST,BREAST,216239,Sorafenib,3.188822031021118,2.5161948204040527
ACH-000212,CAL-120,CAL120_BREAST,BREAST,11364421,BI-2536,0.7166560292243958,-0.3447379171848297
ACH-000212,CAL-120,CAL120_BREAST,BREAST,46926973,LGK974,6.985951900482178,4.319631576538086
ACH-000212,CAL-120,CAL120_BREAST,BREAST,60838,Irinotecan,3.583782911300659,2.8212203979492188
ACH-000212,CAL-120,CAL120_BREAST,BREAST,5310940,Oxaliplatin,5.53289794921875,4.339203834533691
ACH-000212,CAL-120,CAL120_BREAST,BREAST,117072552,GSK591,6.058577060699463,4.5980305671691895
ACH-000212,CAL-120,CAL120_BREAST,BREAST,51000408,VE821,6.931301116943359,4.191009521484375
ACH-000212,CAL-120,CAL120_BREAST,BREAST,25124816,GSK1904529A,6.289494037628174,4.450690269470215
ACH-000212,CAL-120,CAL120_BREAST,BREAST,5494449,Tozasertib,3.3046131134033203,3.2065985202789307
ACH-000212,CAL-120,CAL120_BREAST,BREAST,59472121,VE-822,6.543968200683594,3.5819554328918457
ACH-000212,CAL-120,CAL120_BREAST,BREAST,72200024,WZ4003,6.4480791091918945,4.1121439933776855
ACH-000212,CAL-120,CAL120_BREAST,BREAST,42623951,CZC24832,7.394954204559326,5.417498588562012
ACH-000212,CAL-120,CAL120_BREAST,BREAST,49847690,AZD5582,5.19157600402832,2.1630771160125732
ACH-000212,CAL-120,CAL120_BREAST,BREAST,53469448,GSK2606414,6.26627779006958,3.8674023151397705
ACH-000212,CAL-120,CAL120_BREAST,BREAST,78243717,PFI3,6.365821838378906,5.608423709869385
ACH-000212,CAL-120,CAL120_BREAST,BREAST,24753719,PCI-34051,6.960360050201416,4.676511764526367
ACH-000212,CAL-120,CAL120_BREAST,BREAST,57519544,Wnt-C59,6.569860935211182,4.541296005249023
ACH-000212,CAL-120,CAL120_BREAST,BREAST,46943432,I-BET-762,4.885625839233398,3.580225706100464
ACH-000212,CAL-120,CAL120_BREAST,BREAST,9936746,OTX015,6.735785961151123,2.82947039604187
ACH-000212,CAL-120,CAL120_BREAST,BREAST,71268957,GSK343,5.002347946166992,2.866236686706543
ACH-000212,CAL-120,CAL120_BREAST,BREAST,60167849,ML323,5.356204032897949,4.7186279296875
ACH-000212,CAL-120,CAL120_BREAST,BREAST,59473233,Entospletinib,5.263853073120117,3.771838903427124
ACH-000212,CAL-120,CAL120_BREAST,BREAST,44462758,PRT062607,5.07566499710083,3.5570826530456543
ACH-000212,CAL-120,CAL120_BREAST,BREAST,44631912,Ribociclib,6.873746871948242,3.9564366340637207
ACH-000212,CAL-120,CAL120_BREAST,BREAST,71299339,AGI-6780,6.1123151779174805,4.53123140335083
ACH-000212,CAL-120,CAL120_BREAST,BREAST,1018,Picolinici-acid,6.679635047912598,5.503000259399414
ACH-000212,CAL-120,CAL120_BREAST,BREAST,51371303,PF-4708671,5.974173069000244,3.619584321975708
ACH-000212,CAL-120,CAL120_BREAST,BREAST,52918385,PRIMA-1MET,4.245614051818848,4.896078586578369
ACH-000212,CAL-120,CAL120_BREAST,BREAST,11609586,Serdemetan,5.395917892456055,3.9552552700042725
ACH-000212,CAL-120,CAL120_BREAST,BREAST,44137675,AZD6482,4.762193202972412,3.9985084533691406
ACH-000212,CAL-120,CAL120_BREAST,BREAST,42642645,Foretinib,0.758109986782074,1.136435866355896
ACH-000212,CAL-120,CAL120_BREAST,BREAST,46907787,JQ1,6.989916801452637,2.725034236907959
ACH-000212,CAL-120,CAL120_BREAST,BREAST,71271629,PFI-1,6.136868000030518,4.068169116973877
ACH-000212,CAL-120,CAL120_BREAST,BREAST,56962337,SGC0946,2.1751060485839844,2.0320236682891846
ACH-000212,CAL-120,CAL120_BREAST,BREAST,176870,Erlotinib,4.841506004333496,3.33315110206604
ACH-000212,CAL-120,CAL120_BREAST,BREAST,9931953,Rucaparib,4.701966762542725,4.026623725891113
ACH-000212,CAL-120,CAL120_BREAST,BREAST,24958200,Niraparib,6.861036777496338,4.4589409828186035
ACH-000212,CAL-120,CAL120_BREAST,BREAST,24856436,MK-1775,1.3555279970169067,0.8291003704071045
ACH-000212,CAL-120,CAL120_BREAST,BREAST,46926350,Dinaciclib,-2.0890328884124756,-2.2230238914489746
ACH-000212,CAL-120,CAL120_BREAST,BREAST,60750,Gemcitabine,1.87014901638031,-0.38962385058403015
ACH-000212,CAL-120,CAL120_BREAST,BREAST,387447,Bortezomib,-5.460317134857178,-4.763838291168213
ACH-000212,CAL-120,CAL120_BREAST,BREAST,16095342,GSK269962A,4.625744819641113,2.998569965362549
ACH-000212,CAL-120,CAL120_BREAST,BREAST,2733526,Tamoxifen,4.994850158691406,3.9923207759857178
ACH-000212,CAL-120,CAL120_BREAST,BREAST,104741,Fulvestrant,4.972700119018555,3.084404945373535
ACH-000212,CAL-120,CAL120_BREAST,BREAST,56962336,EPZ004777,7.3015031814575195,5.418891429901123
ACH-000212,CAL-120,CAL120_BREAST,BREAST,44632017,YK-4-279,4.109477996826172,2.6566102504730225
ACH-000212,CAL-120,CAL120_BREAST,BREAST,9813758,BMS-345541,4.125,3.6571786403656006
ACH-000212,CAL-120,CAL120_BREAST,BREAST,25099184,AZ960,2.674933910369873,2.3741376399993896
ACH-000212,CAL-120,CAL120_BREAST,BREAST,51039095,AZD4547,2.399674892425537,3.225689649581909
ACH-000212,CAL-120,CAL120_BREAST,BREAST,24821094,Ibrutinib,6.88889217376709,4.739552021026611
ACH-000212,CAL-120,CAL120_BREAST,BREAST,70983932,GSK2830371,7.504214763641357,5.702322006225586
ACH-000212,CAL-120,CAL120_BREAST,BREAST,46236925,Sabutoclax,0.34126999974250793,-0.0854308009147644
ACH-000212,CAL-120,CAL120_BREAST,BREAST,11655119,LY2109761,6.786275863647461,5.229498386383057
ACH-000212,CAL-120,CAL120_BREAST,BREAST,35397514,OF-1,6.842566013336182,4.160394191741943
ACH-000212,CAL-120,CAL120_BREAST,BREAST,2802462,MN-64,6.841142177581787,4.906822681427002
ACH-000212,CAL-120,CAL120_BREAST,BREAST,73555129,KRAS (G12C) Inhibitor-12,5.19651985168457,4.747675895690918
ACH-000212,CAL-120,CAL120_BREAST,BREAST,462382,MG-132,-1.594504952430725,-1.3054533004760742
ACH-000212,CAL-120,CAL120_BREAST,BREAST,11707110,Trametinib,1.986227035522461,-0.002010166645050049
ACH-000212,CAL-120,CAL120_BREAST,BREAST,44462760,Dabrafenib,6.0302228927612305,4.581793308258057
ACH-000212,CAL-120,CAL120_BREAST,BREAST,5394,Temozolomide,9.578903198242188,6.834014892578125
ACH-000212,CAL-120,CAL120_BREAST,BREAST,5460769,Bleomycin (50 uM),7.244863033294678,3.7068071365356445
ACH-000212,CAL-120,CAL120_BREAST,BREAST,49846579,Venotoclax,4.806119918823242,2.6313672065734863
ACH-000212,CAL-120,CAL120_BREAST,BREAST,11228183,ABT737,0.11098899692296982,2.121259927749634
ACH-000212,CAL-120,CAL120_BREAST,BREAST,46843057,Afuresertib,2.6645309925079346,3.3443050384521484
ACH-000212,CAL-120,CAL120_BREAST,BREAST,56645356,AGI-5198,6.292986869812012,4.84220027923584
ACH-000212,CAL-120,CAL120_BREAST,BREAST,78209992,AZD3759,4.865132808685303,2.7137115001678467
ACH-000212,CAL-120,CAL120_BREAST,BREAST,54761306,AZD6738,3.010590076446533,2.4717249870300293
ACH-000212,CAL-120,CAL120_BREAST,BREAST,52913813,AZD8186,4.92598819732666,3.609084129333496
ACH-000212,CAL-120,CAL120_BREAST,BREAST,71496458,Osimertinib,4.574513912200928,2.1310083866119385
ACH-000212,CAL-120,CAL120_BREAST,BREAST,9933475,Cediranib,2.5967769622802734,2.428083658218384
ACH-000212,CAL-120,CAL120_BREAST,BREAST,24788740,Ipatasertib,4.574777126312256,4.105430603027344
ACH-000212,CAL-120,CAL120_BREAST,BREAST,56941241,GDC0810,6.258518218994141,5.250683784484863
ACH-000212,CAL-120,CAL120_BREAST,BREAST,70676303,GNE-317,-0.5129650235176086,0.7276058197021484
ACH-000212,CAL-120,CAL120_BREAST,BREAST,68107965,GSK2578215A,7.196735858917236,5.15336275100708
ACH-000212,CAL-120,CAL120_BREAST,BREAST,91668541,I-BRD9,5.880836009979248,4.5686516761779785
ACH-000212,CAL-120,CAL120_BREAST,BREAST,10385095,Telomerase Inhibitor IX,0.3811039924621582,0.7957838773727417
ACH-000212,CAL-120,CAL120_BREAST,BREAST,227681,MIRA-1,6.7523908615112305,5.74813175201416
ACH-000212,CAL-120,CAL120_BREAST,BREAST,9825149,NVP-ADW742,4.5622878074646,3.347428798675537
ACH-000212,CAL-120,CAL120_BREAST,BREAST,46931953,P22077,4.079994201660156,4.690528392791748
ACH-000212,CAL-120,CAL120_BREAST,BREAST,68289010,Savolitinib,2.6660470962524414,2.5577635765075684
ACH-000212,CAL-120,CAL120_BREAST,BREAST,992586,UMI-77,2.8778610229492188,2.832395553588867
ACH-000212,CAL-120,CAL120_BREAST,BREAST,2984337,WIKI4,5.015480041503906,3.548089027404785
ACH-000212,CAL-120,CAL120_BREAST,BREAST,11178236,Sepantronium bromide,-6.772923946380615,-4.265243053436279
ACH-000212,CAL-120,CAL120_BREAST,BREAST,71297207,WEHI-539,0.843084990978241,3.6001880168914795
ACH-000212,CAL-120,CAL120_BREAST,BREAST,104842,SN-38,-0.8264229893684387,-2.885267496109009
ACH-000212,CAL-120,CAL120_BREAST,BREAST,25126798,Ruxolitinib,7.472344875335693,5.0637688636779785
ACH-000212,CAL-120,CAL120_BREAST,BREAST,11640390,Linsitinib,6.564705848693848,4.023181438446045
ACH-000212,CAL-120,CAL120_BREAST,BREAST,41867,Epirubicin,-0.5804579854011536,-0.651229977607727
ACH-000212,CAL-120,CAL120_BREAST,BREAST,2907,Cyclophosphamide,7.421794891357422,5.46065616607666
ACH-000212,CAL-120,CAL120_BREAST,BREAST,24360,Camptothecin,-0.39764800667762756,-1.896831750869751
ACH-000212,CAL-120,CAL120_BREAST,BREAST,6710780,Vinblastine,-1.682204008102417,-2.4221253395080566
ACH-000212,CAL-120,CAL120_BREAST,BREAST,84691,Cisplatin,6.374401092529297,3.464176654815674
ACH-000212,CAL-120,CAL120_BREAST,BREAST,6253,Cytarabine,2.7613539695739746,2.2472503185272217
ACH-000212,CAL-120,CAL120_BREAST,BREAST,148124,Docetaxel,-2.942965030670166,-3.921332359313965
ACH-000212,CAL-120,CAL120_BREAST,BREAST,126941,Methotrexate,0.10230299830436707,0.35270071029663086
ACH-000212,CAL-120,CAL120_BREAST,BREAST,123631,Gefitinib,5.555367946624756,3.5319299697875977
ACH-000212,CAL-120,CAL120_BREAST,BREAST,24978538,Navitoclax,0.02609499916434288,1.8909579515457153
ACH-000212,CAL-120,CAL120_BREAST,BREAST,5311,Vorinostat,2.3872110843658447,1.8557261228561401
ACH-000212,CAL-120,CAL120_BREAST,BREAST,644241,Nilotinib,3.189570903778076,3.6674277782440186
ACH-000212,CAL-120,CAL120_BREAST,BREAST,44182295,Refametinib,4.26425313949585,2.232142925262451
ACH-000212,CAL-120,CAL120_BREAST,BREAST,6918289,Temsirolimus,1.4533469676971436,1.2365005016326904
ACH-000212,CAL-120,CAL120_BREAST,BREAST,23725625,Olaparib,7.035727024078369,4.448821067810059
ACH-000212,CAL-120,CAL120_BREAST,BREAST,11960529,Veliparib,7.235779762268066,5.511253833770752
ACH-000212,CAL-120,CAL120_BREAST,BREAST,5328940,Bosutinib,5.52315616607666,2.7036519050598145
ACH-000212,CAL-120,CAL120_BREAST,BREAST,216326,Lenalidomide,7.39274787902832,5.55977725982666
ACH-000212,CAL-120,CAL120_BREAST,BREAST,6450551,Axitinib,5.539316177368164,3.29970383644104
ACH-000212,CAL-120,CAL120_BREAST,BREAST,11152667,AZD7762,2.073446035385132,0.4458603262901306
ACH-000212,CAL-120,CAL120_BREAST,BREAST,9943465,GW441756,4.915028095245361,3.4305062294006348
ACH-000349,HCC1500,HCC1500_BREAST,BREAST,126565,Lestaurtinib,1.598181962966919,1.0649532079696655
ACH-000349,HCC1500,HCC1500_BREAST,BREAST,176158,SB216763,5.343966960906982,4.8929009437561035
ACH-000349,HCC1500,HCC1500_BREAST,BREAST,6505803,Tanespimycin,-0.09210199862718582,0.9553606510162354
ACH-000349,HCC1500,HCC1500_BREAST,BREAST,5311497,Vinorelbine,-1.68477201461792,-1.7993732690811157
ACH-000349,HCC1500,HCC1500_BREAST,BREAST,11667893,Motesanib,5.459043979644775,5.164648532867432
ACH-000349,HCC1500,HCC1500_BREAST,BREAST,5278396,KU-55933,5.368943214416504,4.936638832092285
ACH-000349,HCC1500,HCC1500_BREAST,BREAST,10184653,Afatinib,1.2320270538330078,2.301748275756836
ACH-000349,HCC1500,HCC1500_BREAST,BREAST,24776445,Vismodegib,4.162649154663086,4.552058219909668
ACH-000349,HCC1500,HCC1500_BREAST,BREAST,24180719,PLX-4720,5.359713077545166,4.475523471832275
ACH-000349,HCC1500,HCC1500_BREAST,BREAST,11327430,NU7441,2.9080541133880615,3.3251984119415283
ACH-000349,HCC1500,HCC1500_BREAST,BREAST,16720766,Pevonedistat,2.1827690601348877,1.812588095664978
ACH-000349,HCC1500,HCC1500_BREAST,BREAST,11488320,Sapitinib,5.423272132873535,4.616244792938232
ACH-000349,HCC1500,HCC1500_BREAST,BREAST,156422,Doramapimod,3.9478540420532227,4.69041109085083
ACH-000349,HCC1500,HCC1500_BREAST,BREAST,11624601,JNK Inhibitor VIII,4.96452522277832,4.812582015991211
ACH-000349,HCC1500,HCC1500_BREAST,BREAST,51042438,Uprosertib,4.819736003875732,3.387810468673706
ACH-000349,HCC1500,HCC1500_BREAST,BREAST,24737642,LCL161,5.399488925933838,4.6779465675354
ACH-000349,HCC1500,HCC1500_BREAST,BREAST,10384072,Wee1 Inhibitor,2.182492971420288,2.021427869796753
ACH-000349,HCC1500,HCC1500_BREAST,BREAST,11433190,Nutlin-3a (-),2.4545810222625732,4.679450035095215
ACH-000349,HCC1500,HCC1500_BREAST,BREAST,208908,Lapatinib,4.555203914642334,3.959800958633423
ACH-000349,HCC1500,HCC1500_BREAST,BREAST,1401,PD173074,4.135166168212891,3.692274808883667
ACH-000349,HCC1500,HCC1500_BREAST,BREAST,9914412,ZM447439,3.4152801036834717,2.5515379905700684
ACH-000349,HCC1500,HCC1500_BREAST,BREAST,24771867,Alisertib,4.887628078460693,2.9591939449310303
ACH-000349,HCC1500,HCC1500_BREAST,BREAST,56649450,Alpelisib,5.069138050079346,3.9201223850250244
ACH-000349,HCC1500,HCC1500_BREAST,BREAST,46930998,MK-2206,5.356451988220215,3.069230794906616
ACH-000349,HCC1500,HCC1500_BREAST,BREAST,5330286,Palbociclib,4.655206203460693,3.872838258743286
ACH-000349,HCC1500,HCC1500_BREAST,BREAST,51001932,Taselisib,4.151806831359863,2.931074619293213
ACH-000349,HCC1500,HCC1500_BREAST,BREAST,57345410,EPZ5676,5.308961868286133,5.189511775970459
ACH-000349,HCC1500,HCC1500_BREAST,BREAST,11977753,Dactolisib,0.14478999376296997,-0.2909621596336365
ACH-000349,HCC1500,HCC1500_BREAST,BREAST,17755052,Pictilisib,3.4371941089630127,2.1630380153656006
ACH-000349,HCC1500,HCC1500_BREAST,BREAST,25262965,AZD8055,0.07944600284099579,1.3602710962295532
ACH-000349,HCC1500,HCC1500_BREAST,BREAST,9826528,PD0325901,3.6833269596099854,2.0710954666137695
ACH-000349,HCC1500,HCC1500_BREAST,BREAST,24866313,SCH772984,2.859950065612793,3.120511770248413
ACH-000349,HCC1500,HCC1500_BREAST,BREAST,10127622,Selumetinib,4.478740215301514,3.9769246578216553
ACH-000349,HCC1500,HCC1500_BREAST,BREAST,2155128,IWP-2,2.932215929031372,2.461960554122925
ACH-000349,HCC1500,HCC1500_BREAST,BREAST,3899,Leflunomide,5.641674995422363,4.817983150482178
ACH-000349,HCC1500,HCC1500_BREAST,BREAST,2314623,CCT007093,4.909204959869385,4.920077323913574
ACH-000349,HCC1500,HCC1500_BREAST,BREAST,11404337,Obatoclax Mesylate,1.272726058959961,1.2881394624710083
ACH-000349,HCC1500,HCC1500_BREAST,BREAST,9938202,EHT-1864,4.209134101867676,3.150036334991455
ACH-000349,HCC1500,HCC1500_BREAST,BREAST,46883536,Avagacestat,5.049116134643555,4.493744373321533
ACH-000349,HCC1500,HCC1500_BREAST,BREAST,3385,5-Fluorouracil,5.2291131019592285,4.413087844848633
ACH-000349,HCC1500,HCC1500_BREAST,BREAST,11634725,VX-11e,3.3671910762786865,3.4002699851989746
ACH-000349,HCC1500,HCC1500_BREAST,BREAST,3062316,Dasatinib,3.001981019973755,3.283541202545166
ACH-000349,HCC1500,HCC1500_BREAST,BREAST,36314,Paclitaxel,-0.40265899896621704,-1.8274003267288208
ACH-000349,HCC1500,HCC1500_BREAST,BREAST,4261,Entinostat,0.5201560258865356,1.636712908744812
ACH-000349,HCC1500,HCC1500_BREAST,BREAST,11626560,Crizotinib,4.708967208862305,2.5954294204711914
ACH-000349,HCC1500,HCC1500_BREAST,BREAST,118704762,LJI308,5.052999019622803,4.791459083557129
ACH-000349,HCC1500,HCC1500_BREAST,BREAST,216239,Sorafenib,1.9070229530334473,2.106788396835327
ACH-000349,HCC1500,HCC1500_BREAST,BREAST,11364421,BI-2536,1.3948780298233032,0.29820719361305237
ACH-000349,HCC1500,HCC1500_BREAST,BREAST,46926973,LGK974,3.615027904510498,3.7304201126098633
ACH-000349,HCC1500,HCC1500_BREAST,BREAST,60838,Irinotecan,4.140882968902588,2.6304075717926025
ACH-000349,HCC1500,HCC1500_BREAST,BREAST,5310940,Oxaliplatin,4.7146711349487305,3.634848117828369
ACH-000349,HCC1500,HCC1500_BREAST,BREAST,117072552,GSK591,4.107318878173828,4.275508403778076
ACH-000349,HCC1500,HCC1500_BREAST,BREAST,51000408,VE821,5.369375228881836,3.882997989654541
ACH-000349,HCC1500,HCC1500_BREAST,BREAST,25124816,GSK1904529A,5.305467128753662,3.948115110397339
ACH-000349,HCC1500,HCC1500_BREAST,BREAST,5494449,Tozasertib,3.9006381034851074,2.624847173690796
ACH-000349,HCC1500,HCC1500_BREAST,BREAST,59472121,VE-822,4.800739765167236,3.1006019115448
ACH-000349,HCC1500,HCC1500_BREAST,BREAST,72200024,WZ4003,2.3147470951080322,4.076287746429443
ACH-000349,HCC1500,HCC1500_BREAST,BREAST,42623951,CZC24832,4.799092769622803,4.990755558013916
ACH-000349,HCC1500,HCC1500_BREAST,BREAST,49847690,AZD5582,0.7512239813804626,2.041779041290283
ACH-000349,HCC1500,HCC1500_BREAST,BREAST,53469448,GSK2606414,4.099579811096191,3.7483386993408203
ACH-000349,HCC1500,HCC1500_BREAST,BREAST,78243717,PFI3,5.483765125274658,5.108123779296875
ACH-000349,HCC1500,HCC1500_BREAST,BREAST,24753719,PCI-34051,4.5420098304748535,4.092504024505615
ACH-000349,HCC1500,HCC1500_BREAST,BREAST,57519544,Wnt-C59,3.6140120029449463,3.960273265838623
ACH-000349,HCC1500,HCC1500_BREAST,BREAST,46943432,I-BET-762,4.680026054382324,3.3037774562835693
ACH-000349,HCC1500,HCC1500_BREAST,BREAST,9936746,OTX015,3.9977641105651855,2.716744899749756
ACH-000349,HCC1500,HCC1500_BREAST,BREAST,71268957,GSK343,2.723278045654297,2.586205005645752
ACH-000349,HCC1500,HCC1500_BREAST,BREAST,60167849,ML323,4.492311954498291,4.092924118041992
ACH-000349,HCC1500,HCC1500_BREAST,BREAST,59473233,Entospletinib,4.815999984741211,3.9453580379486084
ACH-000349,HCC1500,HCC1500_BREAST,BREAST,44462758,PRT062607,1.915969967842102,3.356088876724243
ACH-000349,HCC1500,HCC1500_BREAST,BREAST,44631912,Ribociclib,3.977202892303467,3.6956429481506348
ACH-000349,HCC1500,HCC1500_BREAST,BREAST,71299339,AGI-6780,3.9492430686950684,3.939852237701416
ACH-000349,HCC1500,HCC1500_BREAST,BREAST,1018,Picolinici-acid,5.270102024078369,5.036774158477783
ACH-000349,HCC1500,HCC1500_BREAST,BREAST,51371303,PF-4708671,3.10093092918396,3.209277391433716
ACH-000349,HCC1500,HCC1500_BREAST,BREAST,52918385,PRIMA-1MET,4.8845930099487305,4.570700168609619
ACH-000349,HCC1500,HCC1500_BREAST,BREAST,11609586,Serdemetan,4.848939895629883,3.657123327255249
ACH-000349,HCC1500,HCC1500_BREAST,BREAST,46907787,JQ1,2.8267600536346436,2.542844295501709
ACH-000349,HCC1500,HCC1500_BREAST,BREAST,71271629,PFI-1,4.566798210144043,3.854886531829834
ACH-000349,HCC1500,HCC1500_BREAST,BREAST,56962337,SGC0946,2.339500904083252,1.9481704235076904
ACH-000349,HCC1500,HCC1500_BREAST,BREAST,176870,Erlotinib,3.207058906555176,3.2520620822906494
ACH-000349,HCC1500,HCC1500_BREAST,BREAST,9931953,Rucaparib,4.11144495010376,3.575944185256958
ACH-000349,HCC1500,HCC1500_BREAST,BREAST,24958200,Niraparib,5.324771881103516,3.905163288116455
ACH-000349,HCC1500,HCC1500_BREAST,BREAST,24856436,MK-1775,2.167659044265747,1.3846021890640259
ACH-000349,HCC1500,HCC1500_BREAST,BREAST,46926350,Dinaciclib,0.009402000345289707,-1.8584020137786865
ACH-000349,HCC1500,HCC1500_BREAST,BREAST,60750,Gemcitabine,3.028589963912964,1.1879122257232666
ACH-000349,HCC1500,HCC1500_BREAST,BREAST,387447,Bortezomib,-5.939577102661133,-4.432689666748047
ACH-000349,HCC1500,HCC1500_BREAST,BREAST,16095342,GSK269962A,2.5288190841674805,2.3172574043273926
ACH-000349,HCC1500,HCC1500_BREAST,BREAST,2733526,Tamoxifen,3.380384922027588,3.7626357078552246
ACH-000349,HCC1500,HCC1500_BREAST,BREAST,104741,Fulvestrant,2.8602070808410645,2.7052996158599854
ACH-000349,HCC1500,HCC1500_BREAST,BREAST,56962336,EPZ004777,5.651780128479004,4.8561296463012695
ACH-000349,HCC1500,HCC1500_BREAST,BREAST,44632017,YK-4-279,4.993688106536865,2.548388957977295
ACH-000349,HCC1500,HCC1500_BREAST,BREAST,9813758,BMS-345541,3.8047540187835693,3.0021119117736816
ACH-000349,HCC1500,HCC1500_BREAST,BREAST,25099184,AZ960,2.423609972000122,2.4537479877471924
ACH-000349,HCC1500,HCC1500_BREAST,BREAST,51039095,AZD4547,2.2715470790863037,2.67578125
ACH-000349,HCC1500,HCC1500_BREAST,BREAST,24821094,Ibrutinib,4.558831214904785,4.736584663391113
ACH-000349,HCC1500,HCC1500_BREAST,BREAST,70983932,GSK2830371,4.711544036865234,5.091566562652588
ACH-000349,HCC1500,HCC1500_BREAST,BREAST,46236925,Sabutoclax,-0.7177379727363586,0.37882500886917114
ACH-000349,HCC1500,HCC1500_BREAST,BREAST,11655119,LY2109761,5.4694671630859375,4.73763370513916
ACH-000349,HCC1500,HCC1500_BREAST,BREAST,35397514,OF-1,3.606208086013794,3.6409645080566406
ACH-000349,HCC1500,HCC1500_BREAST,BREAST,2802462,MN-64,5.280052185058594,4.456335544586182
ACH-000349,HCC1500,HCC1500_BREAST,BREAST,73555129,KRAS (G12C) Inhibitor-12,5.600447177886963,4.165884494781494
ACH-000349,HCC1500,HCC1500_BREAST,BREAST,462382,MG-132,-1.9188239574432373,-0.8894526958465576
ACH-000349,HCC1500,HCC1500_BREAST,BREAST,11707110,Trametinib,1.4256550073623657,1.136406421661377
ACH-000349,HCC1500,HCC1500_BREAST,BREAST,44462760,Dabrafenib,6.172429084777832,4.42758321762085
ACH-000349,HCC1500,HCC1500_BREAST,BREAST,5394,Temozolomide,6.267087936401367,6.29731559753418
ACH-000349,HCC1500,HCC1500_BREAST,BREAST,5460769,Bleomycin (50 uM),5.703837871551514,4.027523517608643
ACH-000349,HCC1500,HCC1500_BREAST,BREAST,49846579,Venotoclax,-3.578152894973755,1.3917064666748047
ACH-000349,HCC1500,HCC1500_BREAST,BREAST,11228183,ABT737,-2.838927984237671,0.40571027994155884
ACH-000349,HCC1500,HCC1500_BREAST,BREAST,46843057,Afuresertib,4.110413074493408,2.86350154876709
ACH-000349,HCC1500,HCC1500_BREAST,BREAST,56645356,AGI-5198,3.8419370651245117,4.36353874206543
ACH-000349,HCC1500,HCC1500_BREAST,BREAST,78209992,AZD3759,2.0809929370880127,2.604811906814575
ACH-000349,HCC1500,HCC1500_BREAST,BREAST,54761306,AZD6738,3.866060972213745,2.4346351623535156
ACH-000349,HCC1500,HCC1500_BREAST,BREAST,52913813,AZD8186,5.383181095123291,3.7914862632751465
ACH-000349,HCC1500,HCC1500_BREAST,BREAST,71496458,Osimertinib,2.5919229984283447,2.145963668823242
ACH-000349,HCC1500,HCC1500_BREAST,BREAST,9933475,Cediranib,2.066032886505127,2.363042116165161
ACH-000349,HCC1500,HCC1500_BREAST,BREAST,24788740,Ipatasertib,2.875087022781372,3.7790331840515137
ACH-000349,HCC1500,HCC1500_BREAST,BREAST,56941241,GDC0810,4.179326057434082,4.75026798248291
ACH-000349,HCC1500,HCC1500_BREAST,BREAST,70676303,GNE-317,3.1825170516967773,1.7735693454742432
ACH-000349,HCC1500,HCC1500_BREAST,BREAST,68107965,GSK2578215A,5.475841045379639,4.610533714294434
ACH-000349,HCC1500,HCC1500_BREAST,BREAST,91668541,I-BRD9,4.802581787109375,4.052348613739014
ACH-000349,HCC1500,HCC1500_BREAST,BREAST,10385095,Telomerase Inhibitor IX,1.2123719453811646,1.2198808193206787
ACH-000349,HCC1500,HCC1500_BREAST,BREAST,227681,MIRA-1,4.9887590408325195,5.142395973205566
ACH-000349,HCC1500,HCC1500_BREAST,BREAST,9825149,NVP-ADW742,1.9117289781570435,2.767204761505127
ACH-000349,HCC1500,HCC1500_BREAST,BREAST,46931953,P22077,3.433105945587158,3.9575233459472656
ACH-000349,HCC1500,HCC1500_BREAST,BREAST,68289010,Savolitinib,2.0956380367279053,2.343777656555176
ACH-000349,HCC1500,HCC1500_BREAST,BREAST,992586,UMI-77,3.1706109046936035,2.490755558013916
ACH-000349,HCC1500,HCC1500_BREAST,BREAST,2984337,WIKI4,4.859187126159668,3.579651117324829
ACH-000349,HCC1500,HCC1500_BREAST,BREAST,11178236,Sepantronium bromide,-0.7691929936408997,-1.6653673648834229
ACH-000349,HCC1500,HCC1500_BREAST,BREAST,71297207,WEHI-539,3.170351982116699,3.0529584884643555
ACH-000349,HCC1500,HCC1500_BREAST,BREAST,104842,SN-38,3.8329238891601562,-1.3993662595748901
ACH-000349,HCC1500,HCC1500_BREAST,BREAST,25126798,Ruxolitinib,5.251153945922852,4.385076999664307
ACH-000349,HCC1500,HCC1500_BREAST,BREAST,11640390,Linsitinib,5.862010955810547,3.525481939315796
ACH-000349,HCC1500,HCC1500_BREAST,BREAST,41867,Epirubicin,-0.5179870128631592,0.29290953278541565
ACH-000349,HCC1500,HCC1500_BREAST,BREAST,2907,Cyclophosphamide,4.280200004577637,4.872698783874512
ACH-000349,HCC1500,HCC1500_BREAST,BREAST,24360,Camptothecin,-0.46703600883483887,-1.3045731782913208
ACH-000349,HCC1500,HCC1500_BREAST,BREAST,6710780,Vinblastine,-3.4745500087738037,-2.4145572185516357
ACH-000349,HCC1500,HCC1500_BREAST,BREAST,84691,Cisplatin,4.577588081359863,3.0915896892547607
ACH-000349,HCC1500,HCC1500_BREAST,BREAST,6253,Cytarabine,3.7290449142456055,2.9137332439422607
ACH-000349,HCC1500,HCC1500_BREAST,BREAST,148124,Docetaxel,-2.2791950702667236,-3.6919615268707275
ACH-000349,HCC1500,HCC1500_BREAST,BREAST,126941,Methotrexate,2.156825065612793,1.445554256439209
ACH-000349,HCC1500,HCC1500_BREAST,BREAST,123631,Gefitinib,3.692702054977417,3.254164457321167
ACH-000349,HCC1500,HCC1500_BREAST,BREAST,24978538,Navitoclax,-1.9757699966430664,0.05469910055398941
ACH-000349,HCC1500,HCC1500_BREAST,BREAST,5311,Vorinostat,1.6112619638442993,1.2675038576126099
ACH-000349,HCC1500,HCC1500_BREAST,BREAST,644241,Nilotinib,2.380526065826416,3.427212715148926
ACH-000349,HCC1500,HCC1500_BREAST,BREAST,44182295,Refametinib,4.416714191436768,2.832475423812866
ACH-000349,HCC1500,HCC1500_BREAST,BREAST,6918289,Temsirolimus,0.8862789869308472,2.1388227939605713
ACH-000349,HCC1500,HCC1500_BREAST,BREAST,23725625,Olaparib,4.600588798522949,3.892279624938965
ACH-000349,HCC1500,HCC1500_BREAST,BREAST,11960529,Veliparib,4.1958208084106445,4.975534915924072
ACH-000349,HCC1500,HCC1500_BREAST,BREAST,5328940,Bosutinib,3.414947032928467,2.94803786277771
ACH-000349,HCC1500,HCC1500_BREAST,BREAST,216326,Lenalidomide,5.274603843688965,5.012679576873779
ACH-000349,HCC1500,HCC1500_BREAST,BREAST,6450551,Axitinib,3.285775899887085,2.6097798347473145
ACH-000349,HCC1500,HCC1500_BREAST,BREAST,11152667,AZD7762,3.5071980953216553,1.5071338415145874
ACH-000349,HCC1500,HCC1500_BREAST,BREAST,9943465,GW441756,2.7721610069274902,3.0557641983032227
ACH-000643,HDQ-P1,HDQP1_BREAST,BREAST,126565,Lestaurtinib,0.07042499631643295,0.7364355325698853
ACH-000643,HDQ-P1,HDQP1_BREAST,BREAST,176158,SB216763,4.809922218322754,5.348755836486816
ACH-000643,HDQ-P1,HDQP1_BREAST,BREAST,6505803,Tanespimycin,-1.0411969423294067,-0.12999001145362854
ACH-000643,HDQ-P1,HDQP1_BREAST,BREAST,5311497,Vinorelbine,-1.6763750314712524,-2.17519211769104
ACH-000643,HDQ-P1,HDQP1_BREAST,BREAST,11667893,Motesanib,5.8390679359436035,5.971348285675049
ACH-000643,HDQ-P1,HDQP1_BREAST,BREAST,5278396,KU-55933,5.021244049072266,5.5405049324035645
ACH-000643,HDQ-P1,HDQP1_BREAST,BREAST,10184653,Afatinib,0.4011879861354828,0.9454289674758911
ACH-000643,HDQ-P1,HDQP1_BREAST,BREAST,24776445,Vismodegib,5.024072170257568,5.376877307891846
ACH-000643,HDQ-P1,HDQP1_BREAST,BREAST,24180719,PLX-4720,3.222440004348755,4.812972068786621
ACH-000643,HDQ-P1,HDQP1_BREAST,BREAST,11327430,NU7441,3.38558292388916,3.330676794052124
ACH-000643,HDQ-P1,HDQP1_BREAST,BREAST,16720766,Pevonedistat,1.363204002380371,0.914751410484314
ACH-000643,HDQ-P1,HDQP1_BREAST,BREAST,11488320,Sapitinib,0.1484059989452362,2.006669044494629
ACH-000643,HDQ-P1,HDQP1_BREAST,BREAST,156422,Doramapimod,4.762972831726074,5.447309494018555
ACH-000643,HDQ-P1,HDQP1_BREAST,BREAST,11624601,JNK Inhibitor VIII,4.499960899353027,5.508118152618408
ACH-000643,HDQ-P1,HDQP1_BREAST,BREAST,51042438,Uprosertib,2.824795961380005,3.4773683547973633
ACH-000643,HDQ-P1,HDQP1_BREAST,BREAST,24737642,LCL161,5.419290065765381,5.099121570587158
ACH-000643,HDQ-P1,HDQP1_BREAST,BREAST,10384072,Wee1 Inhibitor,2.554658889770508,2.0840439796447754
ACH-000643,HDQ-P1,HDQP1_BREAST,BREAST,11433190,Nutlin-3a (-),6.00228214263916,5.1331658363342285
ACH-000643,HDQ-P1,HDQP1_BREAST,BREAST,208908,Lapatinib,1.0703959465026855,2.586292266845703
ACH-000643,HDQ-P1,HDQP1_BREAST,BREAST,1401,PD173074,4.419775009155273,3.925830841064453
ACH-000643,HDQ-P1,HDQP1_BREAST,BREAST,9914412,ZM447439,3.206942081451416,2.6240224838256836
ACH-000643,HDQ-P1,HDQP1_BREAST,BREAST,24771867,Alisertib,2.251983880996704,1.4877831935882568
ACH-000643,HDQ-P1,HDQP1_BREAST,BREAST,56649450,Alpelisib,2.8374550342559814,3.674426555633545
ACH-000643,HDQ-P1,HDQP1_BREAST,BREAST,46930998,MK-2206,3.384291887283325,3.2822611331939697
ACH-000643,HDQ-P1,HDQP1_BREAST,BREAST,5330286,Palbociclib,4.765120983123779,4.170798301696777
ACH-000643,HDQ-P1,HDQP1_BREAST,BREAST,51001932,Taselisib,-0.09710899740457535,1.4811838865280151
ACH-000643,HDQ-P1,HDQP1_BREAST,BREAST,57345410,EPZ5676,5.304861068725586,6.028675079345703
ACH-000643,HDQ-P1,HDQP1_BREAST,BREAST,11977753,Dactolisib,-2.3560678958892822,-1.3321411609649658
ACH-000643,HDQ-P1,HDQP1_BREAST,BREAST,17755052,Pictilisib,-1.0771549940109253,0.7800418138504028
ACH-000643,HDQ-P1,HDQP1_BREAST,BREAST,25262965,AZD8055,-0.21464000642299652,0.11404930055141449
ACH-000643,HDQ-P1,HDQP1_BREAST,BREAST,9826528,PD0325901,0.8725289702415466,1.9084715843200684
ACH-000643,HDQ-P1,HDQP1_BREAST,BREAST,24866313,SCH772984,2.3487930297851562,3.1617002487182617
ACH-000643,HDQ-P1,HDQP1_BREAST,BREAST,10127622,Selumetinib,2.2823870182037354,4.005087852478027
ACH-000643,HDQ-P1,HDQP1_BREAST,BREAST,9927531,BIBR-1532,5.152174949645996,5.326662540435791
ACH-000643,HDQ-P1,HDQP1_BREAST,BREAST,2155128,IWP-2,2.831118106842041,2.9192557334899902
ACH-000643,HDQ-P1,HDQP1_BREAST,BREAST,3899,Leflunomide,5.0224127769470215,5.45571231842041
ACH-000643,HDQ-P1,HDQP1_BREAST,BREAST,2314623,CCT007093,5.434210777282715,5.554848670959473
ACH-000643,HDQ-P1,HDQP1_BREAST,BREAST,11404337,Obatoclax Mesylate,0.6194660067558289,0.6062836647033691
ACH-000643,HDQ-P1,HDQP1_BREAST,BREAST,9938202,EHT-1864,4.084550857543945,3.681586742401123
ACH-000643,HDQ-P1,HDQP1_BREAST,BREAST,25227847,Pyridostatin,4.6408538818359375,3.734694719314575
ACH-000643,HDQ-P1,HDQP1_BREAST,BREAST,46883536,Avagacestat,4.513500213623047,5.136597633361816
ACH-000643,HDQ-P1,HDQP1_BREAST,BREAST,3385,5-Fluorouracil,5.296615123748779,4.841843128204346
ACH-000643,HDQ-P1,HDQP1_BREAST,BREAST,68947304,AMG-319,6.095989227294922,5.195431232452393
ACH-000643,HDQ-P1,HDQP1_BREAST,BREAST,11634725,VX-11e,1.0088260173797607,3.3335227966308594
ACH-000643,HDQ-P1,HDQP1_BREAST,BREAST,16224745,MK-8776,5.270856857299805,3.472990036010742
ACH-000643,HDQ-P1,HDQP1_BREAST,BREAST,3062316,Dasatinib,-2.7674050331115723,-0.20457851886749268
ACH-000643,HDQ-P1,HDQP1_BREAST,BREAST,36314,Paclitaxel,-1.8464100360870361,-2.2177462577819824
ACH-000643,HDQ-P1,HDQP1_BREAST,BREAST,4261,Entinostat,2.6123099327087402,2.5966179370880127
ACH-000643,HDQ-P1,HDQP1_BREAST,BREAST,11626560,Crizotinib,3.058685064315796,2.923238515853882
ACH-000643,HDQ-P1,HDQP1_BREAST,BREAST,118704762,LJI308,2.972012996673584,5.58089542388916
ACH-000643,HDQ-P1,HDQP1_BREAST,BREAST,216239,Sorafenib,2.9620590209960938,2.664618968963623
ACH-000643,HDQ-P1,HDQP1_BREAST,BREAST,11364421,BI-2536,1.8099910020828247,-0.531661868095398
ACH-000643,HDQ-P1,HDQP1_BREAST,BREAST,46926973,LGK974,5.263347148895264,4.637335300445557
ACH-000643,HDQ-P1,HDQP1_BREAST,BREAST,60838,Irinotecan,4.083391189575195,2.080568313598633
ACH-000643,HDQ-P1,HDQP1_BREAST,BREAST,5310940,Oxaliplatin,3.910051107406616,4.410212516784668
ACH-000643,HDQ-P1,HDQP1_BREAST,BREAST,117072552,GSK591,4.169086933135986,4.7658562660217285
ACH-000643,HDQ-P1,HDQP1_BREAST,BREAST,51000408,VE821,4.9977898597717285,4.328568935394287
ACH-000643,HDQ-P1,HDQP1_BREAST,BREAST,25124816,GSK1904529A,4.0343780517578125,4.656317710876465
ACH-000643,HDQ-P1,HDQP1_BREAST,BREAST,5494449,Tozasertib,4.179492950439453,2.453967571258545
ACH-000643,HDQ-P1,HDQP1_BREAST,BREAST,59472121,VE-822,5.080993175506592,3.562265157699585
ACH-000643,HDQ-P1,HDQP1_BREAST,BREAST,72200024,WZ4003,3.9751839637756348,4.4455342292785645
ACH-000643,HDQ-P1,HDQP1_BREAST,BREAST,42623951,CZC24832,4.998035907745361,5.664702415466309
ACH-000643,HDQ-P1,HDQP1_BREAST,BREAST,49847690,AZD5582,-1.0470319986343384,2.1916744709014893
ACH-000643,HDQ-P1,HDQP1_BREAST,BREAST,53469448,GSK2606414,3.649272918701172,3.903615951538086
ACH-000643,HDQ-P1,HDQP1_BREAST,BREAST,78243717,PFI3,5.768238067626953,5.808861255645752
ACH-000643,HDQ-P1,HDQP1_BREAST,BREAST,24753719,PCI-34051,4.913547992706299,5.035698890686035
ACH-000643,HDQ-P1,HDQP1_BREAST,BREAST,57519544,Wnt-C59,4.729917049407959,4.845571041107178
ACH-000643,HDQ-P1,HDQP1_BREAST,BREAST,46943432,I-BET-762,3.829111099243164,3.688767910003662
ACH-000643,HDQ-P1,HDQP1_BREAST,BREAST,9936746,OTX015,3.933626890182495,2.839231252670288
ACH-000643,HDQ-P1,HDQP1_BREAST,BREAST,71268957,GSK343,1.8670250177383423,2.9426522254943848
ACH-000643,HDQ-P1,HDQP1_BREAST,BREAST,60167849,ML323,5.184150218963623,5.012744903564453
ACH-000643,HDQ-P1,HDQP1_BREAST,BREAST,59473233,Entospletinib,4.34189510345459,3.7095882892608643
ACH-000643,HDQ-P1,HDQP1_BREAST,BREAST,44462758,PRT062607,3.1576220989227295,3.536900281906128
ACH-000643,HDQ-P1,HDQP1_BREAST,BREAST,44631912,Ribociclib,5.404644012451172,4.006017684936523
ACH-000643,HDQ-P1,HDQP1_BREAST,BREAST,71299339,AGI-6780,3.7059569358825684,4.813411712646484
ACH-000643,HDQ-P1,HDQP1_BREAST,BREAST,1018,Picolinici-acid,4.953987121582031,5.670450210571289
ACH-000643,HDQ-P1,HDQP1_BREAST,BREAST,51371303,PF-4708671,4.098727226257324,3.703082323074341
ACH-000643,HDQ-P1,HDQP1_BREAST,BREAST,52918385,PRIMA-1MET,3.1818790435791016,5.390181541442871
ACH-000643,HDQ-P1,HDQP1_BREAST,BREAST,11609586,Serdemetan,4.241755962371826,3.9875247478485107
ACH-000643,HDQ-P1,HDQP1_BREAST,BREAST,44137675,AZD6482,2.310636043548584,3.876105308532715
ACH-000643,HDQ-P1,HDQP1_BREAST,BREAST,42642645,Foretinib,0.3757230043411255,0.9443322420120239
ACH-000643,HDQ-P1,HDQP1_BREAST,BREAST,46907787,JQ1,2.7767109870910645,2.676445245742798
ACH-000643,HDQ-P1,HDQP1_BREAST,BREAST,71271629,PFI-1,5.03161096572876,4.383920669555664
ACH-000643,HDQ-P1,HDQP1_BREAST,BREAST,56962337,SGC0946,2.182178020477295,2.0667052268981934
ACH-000643,HDQ-P1,HDQP1_BREAST,BREAST,176870,Erlotinib,0.40425199270248413,2.1246142387390137
ACH-000643,HDQ-P1,HDQP1_BREAST,BREAST,9931953,Rucaparib,4.001564979553223,4.288470268249512
ACH-000643,HDQ-P1,HDQP1_BREAST,BREAST,24958200,Niraparib,5.231480121612549,4.658241271972656
ACH-000643,HDQ-P1,HDQP1_BREAST,BREAST,24856436,MK-1775,0.9313870072364807,0.6774041652679443
ACH-000643,HDQ-P1,HDQP1_BREAST,BREAST,46926350,Dinaciclib,-1.0016889572143555,-2.1308929920196533
ACH-000643,HDQ-P1,HDQP1_BREAST,BREAST,60750,Gemcitabine,1.773798942565918,-1.2383270263671875
ACH-000643,HDQ-P1,HDQP1_BREAST,BREAST,387447,Bortezomib,-5.554811000823975,-5.417903423309326
ACH-000643,HDQ-P1,HDQP1_BREAST,BREAST,16095342,GSK269962A,3.5158960819244385,2.664644956588745
ACH-000643,HDQ-P1,HDQP1_BREAST,BREAST,2733526,Tamoxifen,2.890566110610962,4.1545209884643555
ACH-000643,HDQ-P1,HDQP1_BREAST,BREAST,104741,Fulvestrant,3.77573299407959,3.160365581512451
ACH-000643,HDQ-P1,HDQP1_BREAST,BREAST,56962336,EPZ004777,4.35306978225708,5.649877548217773
ACH-000643,HDQ-P1,HDQP1_BREAST,BREAST,44632017,YK-4-279,2.820664882659912,1.9879133701324463
ACH-000643,HDQ-P1,HDQP1_BREAST,BREAST,9813758,BMS-345541,4.02020788192749,3.6464128494262695
ACH-000643,HDQ-P1,HDQP1_BREAST,BREAST,25099184,AZ960,2.1631081104278564,1.997261881828308
ACH-000643,HDQ-P1,HDQP1_BREAST,BREAST,51039095,AZD4547,3.0082828998565674,3.181537628173828
ACH-000643,HDQ-P1,HDQP1_BREAST,BREAST,24821094,Ibrutinib,2.4151248931884766,3.4241323471069336
ACH-000643,HDQ-P1,HDQP1_BREAST,BREAST,70983932,GSK2830371,5.925285816192627,5.994632720947266
ACH-000643,HDQ-P1,HDQP1_BREAST,BREAST,46236925,Sabutoclax,1.6473040580749512,0.25753530859947205
ACH-000643,HDQ-P1,HDQP1_BREAST,BREAST,11655119,LY2109761,5.765207767486572,5.365403652191162
ACH-000643,HDQ-P1,HDQP1_BREAST,BREAST,35397514,OF-1,3.8826630115509033,4.483607769012451
ACH-000643,HDQ-P1,HDQP1_BREAST,BREAST,2802462,MN-64,4.828703880310059,4.958142280578613
ACH-000643,HDQ-P1,HDQP1_BREAST,BREAST,73555129,KRAS (G12C) Inhibitor-12,5.697954177856445,5.023068428039551
ACH-000643,HDQ-P1,HDQP1_BREAST,BREAST,462382,MG-132,-1.1163610219955444,-1.0599805116653442
ACH-000643,HDQ-P1,HDQP1_BREAST,BREAST,11707110,Trametinib,-1.0622520446777344,0.8715914487838745
ACH-000643,HDQ-P1,HDQP1_BREAST,BREAST,44462760,Dabrafenib,4.148674011230469,5.067944049835205
ACH-000643,HDQ-P1,HDQP1_BREAST,BREAST,5394,Temozolomide,6.8287858963012695,7.054351806640625
ACH-000643,HDQ-P1,HDQP1_BREAST,BREAST,5460769,Bleomycin (50 uM),3.467993974685669,2.5745749473571777
ACH-000643,HDQ-P1,HDQP1_BREAST,BREAST,49846579,Venotoclax,3.34578800201416,2.6852824687957764
ACH-000643,HDQ-P1,HDQP1_BREAST,BREAST,11228183,ABT737,-0.4049069881439209,2.22976016998291
ACH-000643,HDQ-P1,HDQP1_BREAST,BREAST,46843057,Afuresertib,1.5065369606018066,2.861643075942993
ACH-000643,HDQ-P1,HDQP1_BREAST,BREAST,56645356,AGI-5198,5.46227502822876,4.995995998382568
ACH-000643,HDQ-P1,HDQP1_BREAST,BREAST,78209992,AZD3759,-0.4262950122356415,2.1009950637817383
ACH-000643,HDQ-P1,HDQP1_BREAST,BREAST,54761306,AZD6738,1.0395900011062622,2.0935463905334473
ACH-000643,HDQ-P1,HDQP1_BREAST,BREAST,52913813,AZD8186,1.3885010480880737,3.053340435028076
ACH-000643,HDQ-P1,HDQP1_BREAST,BREAST,71496458,Osimertinib,-1.2429389953613281,1.0957977771759033
ACH-000643,HDQ-P1,HDQP1_BREAST,BREAST,9933475,Cediranib,1.711351990699768,2.224740505218506
ACH-000643,HDQ-P1,HDQP1_BREAST,BREAST,24788740,Ipatasertib,2.6641969680786133,3.816664934158325
ACH-000643,HDQ-P1,HDQP1_BREAST,BREAST,56941241,GDC0810,5.366576194763184,5.393301010131836
ACH-000643,HDQ-P1,HDQP1_BREAST,BREAST,70676303,GNE-317,-1.0128849744796753,0.5746194124221802
ACH-000643,HDQ-P1,HDQP1_BREAST,BREAST,68107965,GSK2578215A,5.709881782531738,5.292684555053711
ACH-000643,HDQ-P1,HDQP1_BREAST,BREAST,91668541,I-BRD9,4.5824432373046875,4.9565229415893555
ACH-000643,HDQ-P1,HDQP1_BREAST,BREAST,10385095,Telomerase Inhibitor IX,0.2176470011472702,0.8477674722671509
ACH-000643,HDQ-P1,HDQP1_BREAST,BREAST,227681,MIRA-1,5.356606960296631,6.038881778717041
ACH-000643,HDQ-P1,HDQP1_BREAST,BREAST,9825149,NVP-ADW742,1.3949090242385864,3.319871664047241
ACH-000643,HDQ-P1,HDQP1_BREAST,BREAST,46931953,P22077,1.6043490171432495,4.986142158508301
ACH-000643,HDQ-P1,HDQP1_BREAST,BREAST,68289010,Savolitinib,1.9120539426803589,2.66886043548584
ACH-000643,HDQ-P1,HDQP1_BREAST,BREAST,992586,UMI-77,2.916210889816284,2.9452004432678223
ACH-000643,HDQ-P1,HDQP1_BREAST,BREAST,2984337,WIKI4,1.9861739873886108,3.6605772972106934
ACH-000643,HDQ-P1,HDQP1_BREAST,BREAST,11178236,Sepantronium bromide,-3.4821770191192627,-4.689591884613037
ACH-000643,HDQ-P1,HDQP1_BREAST,BREAST,71297207,WEHI-539,-0.07608500123023987,3.6914191246032715
ACH-000643,HDQ-P1,HDQP1_BREAST,BREAST,104842,SN-38,-3.475253105163574,-4.465299606323242
ACH-000643,HDQ-P1,HDQP1_BREAST,BREAST,25126798,Ruxolitinib,5.7688398361206055,5.335474967956543
ACH-000643,HDQ-P1,HDQP1_BREAST,BREAST,11640390,Linsitinib,2.258049964904785,4.328805446624756
ACH-000643,HDQ-P1,HDQP1_BREAST,BREAST,41867,Epirubicin,-0.8269870281219482,-0.6053919792175293
ACH-000643,HDQ-P1,HDQP1_BREAST,BREAST,2907,Cyclophosphamide,4.699820041656494,5.678324222564697
ACH-000643,HDQ-P1,HDQP1_BREAST,BREAST,24360,Camptothecin,-1.3835790157318115,-2.509187936782837
ACH-000643,HDQ-P1,HDQP1_BREAST,BREAST,6710780,Vinblastine,-2.4333560466766357,-2.7328743934631348
ACH-000643,HDQ-P1,HDQP1_BREAST,BREAST,84691,Cisplatin,5.492401123046875,2.62866473197937
ACH-000643,HDQ-P1,HDQP1_BREAST,BREAST,6253,Cytarabine,2.6166720390319824,1.8140511512756348
ACH-000643,HDQ-P1,HDQP1_BREAST,BREAST,148124,Docetaxel,-3.1896369457244873,-4.241824626922607
ACH-000643,HDQ-P1,HDQP1_BREAST,BREAST,126941,Methotrexate,2.1961939334869385,0.7621570825576782
ACH-000643,HDQ-P1,HDQP1_BREAST,BREAST,123631,Gefitinib,0.8037390112876892,2.4320878982543945
ACH-000643,HDQ-P1,HDQP1_BREAST,BREAST,24978538,Navitoclax,0.04166800156235695,2.0233302116394043
ACH-000643,HDQ-P1,HDQP1_BREAST,BREAST,5311,Vorinostat,2.574120044708252,1.9158848524093628
ACH-000643,HDQ-P1,HDQP1_BREAST,BREAST,644241,Nilotinib,2.318324089050293,3.8524348735809326
ACH-000643,HDQ-P1,HDQP1_BREAST,BREAST,44182295,Refametinib,0.6690959930419922,2.442765951156616
ACH-000643,HDQ-P1,HDQP1_BREAST,BREAST,6918289,Temsirolimus,1.3616540431976318,1.2572107315063477
ACH-000643,HDQ-P1,HDQP1_BREAST,BREAST,23725625,Olaparib,4.296870231628418,4.728859901428223
ACH-000643,HDQ-P1,HDQP1_BREAST,BREAST,11960529,Veliparib,5.056013107299805,5.764330863952637
ACH-000643,HDQ-P1,HDQP1_BREAST,BREAST,5328940,Bosutinib,0.6893510222434998,2.5929503440856934
ACH-000643,HDQ-P1,HDQP1_BREAST,BREAST,216326,Lenalidomide,5.189280986785889,5.80843448638916
ACH-000643,HDQ-P1,HDQP1_BREAST,BREAST,6450551,Axitinib,3.929187059402466,3.281863212585449
ACH-000643,HDQ-P1,HDQP1_BREAST,BREAST,11152667,AZD7762,0.9760059714317322,0.519945502281189
ACH-000643,HDQ-P1,HDQP1_BREAST,BREAST,9943465,GW441756,3.737467050552368,3.488624334335327
ACH-000374,HCC1143,HCC1143_BREAST,BREAST,126565,Lestaurtinib,1.7584220170974731,1.2273041009902954
ACH-000374,HCC1143,HCC1143_BREAST,BREAST,176158,SB216763,6.554603099822998,5.289028644561768
ACH-000374,HCC1143,HCC1143_BREAST,BREAST,6505803,Tanespimycin,1.0307539701461792,0.1553991436958313
ACH-000374,HCC1143,HCC1143_BREAST,BREAST,5311497,Vinorelbine,-0.6974470019340515,-1.7262428998947144
ACH-000374,HCC1143,HCC1143_BREAST,BREAST,11667893,Motesanib,6.1944661140441895,5.923128128051758
ACH-000374,HCC1143,HCC1143_BREAST,BREAST,5278396,KU-55933,4.8918681144714355,5.440556049346924
ACH-000374,HCC1143,HCC1143_BREAST,BREAST,10184653,Afatinib,1.7757530212402344,1.2737457752227783
ACH-000374,HCC1143,HCC1143_BREAST,BREAST,24776445,Vismodegib,6.178112983703613,5.29360294342041
ACH-000374,HCC1143,HCC1143_BREAST,BREAST,24180719,PLX-4720,4.458377838134766,4.776088237762451
ACH-000374,HCC1143,HCC1143_BREAST,BREAST,11327430,NU7441,3.066884994506836,3.6133832931518555
ACH-000374,HCC1143,HCC1143_BREAST,BREAST,16720766,Pevonedistat,4.854928970336914,1.935762643814087
ACH-000374,HCC1143,HCC1143_BREAST,BREAST,11488320,Sapitinib,2.116508960723877,2.2759621143341064
ACH-000374,HCC1143,HCC1143_BREAST,BREAST,156422,Doramapimod,6.396522045135498,5.342111587524414
ACH-000374,HCC1143,HCC1143_BREAST,BREAST,11624601,JNK Inhibitor VIII,5.558825969696045,5.396997451782227
ACH-000374,HCC1143,HCC1143_BREAST,BREAST,51042438,Uprosertib,4.314612865447998,3.500535488128662
ACH-000374,HCC1143,HCC1143_BREAST,BREAST,24737642,LCL161,5.656304836273193,5.050040245056152
ACH-000374,HCC1143,HCC1143_BREAST,BREAST,10384072,Wee1 Inhibitor,1.6698139905929565,2.676032781600952
ACH-000374,HCC1143,HCC1143_BREAST,BREAST,11433190,Nutlin-3a (-),6.153201103210449,5.207090854644775
ACH-000374,HCC1143,HCC1143_BREAST,BREAST,208908,Lapatinib,2.022783041000366,3.0676441192626953
ACH-000374,HCC1143,HCC1143_BREAST,BREAST,1401,PD173074,4.793783187866211,4.120721817016602
ACH-000374,HCC1143,HCC1143_BREAST,BREAST,9914412,ZM447439,3.20888090133667,3.2479352951049805
ACH-000374,HCC1143,HCC1143_BREAST,BREAST,24771867,Alisertib,3.0521419048309326,2.7117114067077637
ACH-000374,HCC1143,HCC1143_BREAST,BREAST,56649450,Alpelisib,2.8297998905181885,3.8021669387817383
ACH-000374,HCC1143,HCC1143_BREAST,BREAST,46930998,MK-2206,3.573301076889038,3.386209011077881
ACH-000374,HCC1143,HCC1143_BREAST,BREAST,5330286,Palbociclib,4.764886856079102,4.523601055145264
ACH-000374,HCC1143,HCC1143_BREAST,BREAST,51001932,Taselisib,1.7369290590286255,1.8554296493530273
ACH-000374,HCC1143,HCC1143_BREAST,BREAST,57345410,EPZ5676,6.265913963317871,5.943175792694092
ACH-000374,HCC1143,HCC1143_BREAST,BREAST,11977753,Dactolisib,-2.6969621181488037,-1.05518639087677
ACH-000374,HCC1143,HCC1143_BREAST,BREAST,17755052,Pictilisib,0.8620550036430359,1.0092257261276245
ACH-000374,HCC1143,HCC1143_BREAST,BREAST,25262965,AZD8055,2.803973913192749,0.49588820338249207
ACH-000374,HCC1143,HCC1143_BREAST,BREAST,9826528,PD0325901,0.6152989864349365,1.4186562299728394
ACH-000374,HCC1143,HCC1143_BREAST,BREAST,24866313,SCH772984,2.415337085723877,2.8270888328552246
ACH-000374,HCC1143,HCC1143_BREAST,BREAST,10127622,Selumetinib,3.5162129402160645,3.7184271812438965
ACH-000374,HCC1143,HCC1143_BREAST,BREAST,9927531,BIBR-1532,5.300265789031982,5.2413330078125
ACH-000374,HCC1143,HCC1143_BREAST,BREAST,2155128,IWP-2,3.4294021129608154,3.0349884033203125
ACH-000374,HCC1143,HCC1143_BREAST,BREAST,3899,Leflunomide,5.14448881149292,5.3794965744018555
ACH-000374,HCC1143,HCC1143_BREAST,BREAST,2314623,CCT007093,5.863630771636963,5.423678398132324
ACH-000374,HCC1143,HCC1143_BREAST,BREAST,11404337,Obatoclax Mesylate,1.9964029788970947,0.8716603517532349
ACH-000374,HCC1143,HCC1143_BREAST,BREAST,9938202,EHT-1864,4.243588924407959,3.771132230758667
ACH-000374,HCC1143,HCC1143_BREAST,BREAST,25227847,Pyridostatin,3.2549190521240234,4.0309553146362305
ACH-000374,HCC1143,HCC1143_BREAST,BREAST,46883536,Avagacestat,4.846343994140625,5.029294490814209
ACH-000374,HCC1143,HCC1143_BREAST,BREAST,3385,5-Fluorouracil,5.09780216217041,4.999131679534912
ACH-000374,HCC1143,HCC1143_BREAST,BREAST,68947304,AMG-319,4.839416980743408,5.187831401824951
ACH-000374,HCC1143,HCC1143_BREAST,BREAST,11634725,VX-11e,4.069663047790527,3.284898281097412
ACH-000374,HCC1143,HCC1143_BREAST,BREAST,16224745,MK-8776,3.385580062866211,3.8305253982543945
ACH-000374,HCC1143,HCC1143_BREAST,BREAST,3062316,Dasatinib,0.8488690257072449,-0.021473512053489685
ACH-000374,HCC1143,HCC1143_BREAST,BREAST,36314,Paclitaxel,-2.668376922607422,-1.8187354803085327
ACH-000374,HCC1143,HCC1143_BREAST,BREAST,4261,Entinostat,1.5901930332183838,2.790877103805542
ACH-000374,HCC1143,HCC1143_BREAST,BREAST,11626560,Crizotinib,2.819796085357666,3.281282663345337
ACH-000374,HCC1143,HCC1143_BREAST,BREAST,118704762,LJI308,5.070771217346191,5.464909553527832
ACH-000374,HCC1143,HCC1143_BREAST,BREAST,216239,Sorafenib,4.505019187927246,2.8978800773620605
ACH-000374,HCC1143,HCC1143_BREAST,BREAST,11364421,BI-2536,-0.5365930199623108,0.018552690744400024
ACH-000374,HCC1143,HCC1143_BREAST,BREAST,46926973,LGK974,4.389297008514404,4.524036884307861
ACH-000374,HCC1143,HCC1143_BREAST,BREAST,60838,Irinotecan,3.6444458961486816,3.0599052906036377
ACH-000374,HCC1143,HCC1143_BREAST,BREAST,5310940,Oxaliplatin,5.886765956878662,4.7649126052856445
ACH-000374,HCC1143,HCC1143_BREAST,BREAST,117072552,GSK591,5.778090000152588,4.744051456451416
ACH-000374,HCC1143,HCC1143_BREAST,BREAST,51000408,VE821,2.004322052001953,4.647960662841797
ACH-000374,HCC1143,HCC1143_BREAST,BREAST,25124816,GSK1904529A,5.419356822967529,4.573248386383057
ACH-000374,HCC1143,HCC1143_BREAST,BREAST,5494449,Tozasertib,3.2080531120300293,3.5414774417877197
ACH-000374,HCC1143,HCC1143_BREAST,BREAST,59472121,VE-822,-0.015149000100791454,3.9579036235809326
ACH-000374,HCC1143,HCC1143_BREAST,BREAST,72200024,WZ4003,5.406354904174805,4.423582553863525
ACH-000374,HCC1143,HCC1143_BREAST,BREAST,42623951,CZC24832,6.074069976806641,5.555570602416992
ACH-000374,HCC1143,HCC1143_BREAST,BREAST,49847690,AZD5582,1.765028953552246,2.4915661811828613
ACH-000374,HCC1143,HCC1143_BREAST,BREAST,53469448,GSK2606414,5.303850173950195,4.1488261222839355
ACH-000374,HCC1143,HCC1143_BREAST,BREAST,78243717,PFI3,6.159986972808838,5.6877760887146
ACH-000374,HCC1143,HCC1143_BREAST,BREAST,24753719,PCI-34051,5.361452102661133,5.042585372924805
ACH-000374,HCC1143,HCC1143_BREAST,BREAST,57519544,Wnt-C59,5.640891075134277,4.733903884887695
ACH-000374,HCC1143,HCC1143_BREAST,BREAST,46943432,I-BET-762,5.445630073547363,3.8716766834259033
ACH-000374,HCC1143,HCC1143_BREAST,BREAST,9936746,OTX015,5.994653224945068,3.0712709426879883
ACH-000374,HCC1143,HCC1143_BREAST,BREAST,71268957,GSK343,3.8475821018218994,3.1849184036254883
ACH-000374,HCC1143,HCC1143_BREAST,BREAST,60167849,ML323,5.8194169998168945,4.888942241668701
ACH-000374,HCC1143,HCC1143_BREAST,BREAST,59473233,Entospletinib,4.084362983703613,3.879929304122925
ACH-000374,HCC1143,HCC1143_BREAST,BREAST,44462758,PRT062607,3.286475896835327,3.6760690212249756
ACH-000374,HCC1143,HCC1143_BREAST,BREAST,44631912,Ribociclib,3.669589042663574,4.300376892089844
ACH-000374,HCC1143,HCC1143_BREAST,BREAST,71299339,AGI-6780,5.785984039306641,4.7114410400390625
ACH-000374,HCC1143,HCC1143_BREAST,BREAST,1018,Picolinici-acid,5.786701202392578,5.574748992919922
ACH-000374,HCC1143,HCC1143_BREAST,BREAST,51371303,PF-4708671,4.414073944091797,3.831271171569824
ACH-000374,HCC1143,HCC1143_BREAST,BREAST,52918385,PRIMA-1MET,5.271335124969482,5.3207831382751465
ACH-000374,HCC1143,HCC1143_BREAST,BREAST,11609586,Serdemetan,4.523340225219727,4.333614349365234
ACH-000374,HCC1143,HCC1143_BREAST,BREAST,44137675,AZD6482,4.140221118927002,4.120650768280029
ACH-000374,HCC1143,HCC1143_BREAST,BREAST,42642645,Foretinib,1.2912989854812622,1.3359330892562866
ACH-000374,HCC1143,HCC1143_BREAST,BREAST,46907787,JQ1,3.122831106185913,2.992389678955078
ACH-000374,HCC1143,HCC1143_BREAST,BREAST,71271629,PFI-1,4.343780040740967,4.2671284675598145
ACH-000374,HCC1143,HCC1143_BREAST,BREAST,56962337,SGC0946,2.9538168907165527,2.182363986968994
ACH-000374,HCC1143,HCC1143_BREAST,BREAST,176870,Erlotinib,2.064846992492676,2.4176406860351562
ACH-000374,HCC1143,HCC1143_BREAST,BREAST,9931953,Rucaparib,5.070127964019775,4.409442901611328
ACH-000374,HCC1143,HCC1143_BREAST,BREAST,24958200,Niraparib,5.770459175109863,4.922767639160156
ACH-000374,HCC1143,HCC1143_BREAST,BREAST,24856436,MK-1775,0.7319380044937134,1.1595401763916016
ACH-000374,HCC1143,HCC1143_BREAST,BREAST,46926350,Dinaciclib,-2.47971510887146,-2.272536277770996
ACH-000374,HCC1143,HCC1143_BREAST,BREAST,60750,Gemcitabine,3.097886085510254,0.03472384810447693
ACH-000374,HCC1143,HCC1143_BREAST,BREAST,387447,Bortezomib,-4.18555212020874,-4.910404205322266
ACH-000374,HCC1143,HCC1143_BREAST,BREAST,16095342,GSK269962A,4.882518768310547,3.117112159729004
ACH-000374,HCC1143,HCC1143_BREAST,BREAST,2733526,Tamoxifen,3.5186970233917236,4.1262030601501465
ACH-000374,HCC1143,HCC1143_BREAST,BREAST,104741,Fulvestrant,3.4502038955688477,3.339892625808716
ACH-000374,HCC1143,HCC1143_BREAST,BREAST,56962336,EPZ004777,5.632608890533447,5.555044174194336
ACH-000374,HCC1143,HCC1143_BREAST,BREAST,44632017,YK-4-279,2.9211859703063965,2.8011553287506104
ACH-000374,HCC1143,HCC1143_BREAST,BREAST,9813758,BMS-345541,5.157350063323975,3.94160532951355
ACH-000374,HCC1143,HCC1143_BREAST,BREAST,25099184,AZ960,4.129851818084717,2.7216107845306396
ACH-000374,HCC1143,HCC1143_BREAST,BREAST,51039095,AZD4547,3.8596560955047607,3.520129919052124
ACH-000374,HCC1143,HCC1143_BREAST,BREAST,24821094,Ibrutinib,3.8282790184020996,3.6413867473602295
ACH-000374,HCC1143,HCC1143_BREAST,BREAST,70983932,GSK2830371,6.179452896118164,5.92926549911499
ACH-000374,HCC1143,HCC1143_BREAST,BREAST,46236925,Sabutoclax,1.2356070280075073,0.6098978519439697
ACH-000374,HCC1143,HCC1143_BREAST,BREAST,11655119,LY2109761,5.6785688400268555,5.294963359832764
ACH-000374,HCC1143,HCC1143_BREAST,BREAST,35397514,OF-1,5.077031135559082,4.339986801147461
ACH-000374,HCC1143,HCC1143_BREAST,BREAST,2802462,MN-64,5.073838233947754,4.858590126037598
ACH-000374,HCC1143,HCC1143_BREAST,BREAST,73555129,KRAS (G12C) Inhibitor-12,4.28109884262085,5.078813076019287
ACH-000374,HCC1143,HCC1143_BREAST,BREAST,462382,MG-132,-0.7921079993247986,-1.095447301864624
ACH-000374,HCC1143,HCC1143_BREAST,BREAST,11707110,Trametinib,-0.27061301469802856,0.25344493985176086
ACH-000374,HCC1143,HCC1143_BREAST,BREAST,44462760,Dabrafenib,5.7332539558410645,5.059769153594971
ACH-000374,HCC1143,HCC1143_BREAST,BREAST,5394,Temozolomide,7.783472061157227,6.99507999420166
ACH-000374,HCC1143,HCC1143_BREAST,BREAST,5460769,Bleomycin (50 uM),5.267491817474365,3.6769356727600098
ACH-000374,HCC1143,HCC1143_BREAST,BREAST,49846579,Venotoclax,4.1565470695495605,2.8757145404815674
ACH-000374,HCC1143,HCC1143_BREAST,BREAST,11228183,ABT737,1.4049659967422485,2.2962779998779297
ACH-000374,HCC1143,HCC1143_BREAST,BREAST,46843057,Afuresertib,3.0682690143585205,3.026165008544922
ACH-000374,HCC1143,HCC1143_BREAST,BREAST,56645356,AGI-5198,4.664682865142822,4.905666351318359
ACH-000374,HCC1143,HCC1143_BREAST,BREAST,78209992,AZD3759,1.8611869812011719,2.213115692138672
ACH-000374,HCC1143,HCC1143_BREAST,BREAST,54761306,AZD6738,0.8025680184364319,2.6356101036071777
ACH-000374,HCC1143,HCC1143_BREAST,BREAST,52913813,AZD8186,2.0878970623016357,3.212275505065918
ACH-000374,HCC1143,HCC1143_BREAST,BREAST,71496458,Osimertinib,1.0473899841308594,1.3755854368209839
ACH-000374,HCC1143,HCC1143_BREAST,BREAST,9933475,Cediranib,3.346803903579712,2.351862668991089
ACH-000374,HCC1143,HCC1143_BREAST,BREAST,24788740,Ipatasertib,2.995490074157715,3.8612921237945557
ACH-000374,HCC1143,HCC1143_BREAST,BREAST,56941241,GDC0810,5.499920845031738,5.291315078735352
ACH-000374,HCC1143,HCC1143_BREAST,BREAST,70676303,GNE-317,0.01208100002259016,0.790940523147583
ACH-000374,HCC1143,HCC1143_BREAST,BREAST,68107965,GSK2578215A,5.028995037078857,5.188337802886963
ACH-000374,HCC1143,HCC1143_BREAST,BREAST,91668541,I-BRD9,6.220574855804443,4.876376152038574
ACH-000374,HCC1143,HCC1143_BREAST,BREAST,10385095,Telomerase Inhibitor IX,1.3398159742355347,1.3161652088165283
ACH-000374,HCC1143,HCC1143_BREAST,BREAST,227681,MIRA-1,6.647677898406982,5.994491100311279
ACH-000374,HCC1143,HCC1143_BREAST,BREAST,9825149,NVP-ADW742,1.5144679546356201,3.452988386154175
ACH-000374,HCC1143,HCC1143_BREAST,BREAST,46931953,P22077,4.277972221374512,4.963510513305664
ACH-000374,HCC1143,HCC1143_BREAST,BREAST,68289010,Savolitinib,2.6732800006866455,2.9153029918670654
ACH-000374,HCC1143,HCC1143_BREAST,BREAST,992586,UMI-77,2.535151958465576,3.186224937438965
ACH-000374,HCC1143,HCC1143_BREAST,BREAST,2984337,WIKI4,2.1474978923797607,3.6804182529449463
ACH-000374,HCC1143,HCC1143_BREAST,BREAST,11178236,Sepantronium bromide,-2.345889091491699,-4.23266077041626
ACH-000374,HCC1143,HCC1143_BREAST,BREAST,71297207,WEHI-539,1.3101040124893188,3.8094005584716797
ACH-000374,HCC1143,HCC1143_BREAST,BREAST,104842,SN-38,4.043893814086914,-2.878464460372925
ACH-000374,HCC1143,HCC1143_BREAST,BREAST,25126798,Ruxolitinib,6.050416946411133,5.266635417938232
ACH-000374,HCC1143,HCC1143_BREAST,BREAST,11640390,Linsitinib,3.3326311111450195,4.206977844238281
ACH-000374,HCC1143,HCC1143_BREAST,BREAST,41867,Epirubicin,1.4476109743118286,-0.07598954439163208
ACH-000374,HCC1143,HCC1143_BREAST,BREAST,2907,Cyclophosphamide,5.573121070861816,5.560962677001953
ACH-000374,HCC1143,HCC1143_BREAST,BREAST,24360,Camptothecin,0.6389139890670776,-1.5455116033554077
ACH-000374,HCC1143,HCC1143_BREAST,BREAST,6710780,Vinblastine,1.3483749628067017,-2.227625608444214
ACH-000374,HCC1143,HCC1143_BREAST,BREAST,84691,Cisplatin,5.757688045501709,3.761204957962036
ACH-000374,HCC1143,HCC1143_BREAST,BREAST,6253,Cytarabine,3.8003430366516113,2.8468515872955322
ACH-000374,HCC1143,HCC1143_BREAST,BREAST,148124,Docetaxel,-4.253738880157471,-3.196390390396118
ACH-000374,HCC1143,HCC1143_BREAST,BREAST,126941,Methotrexate,1.731503963470459,1.1417062282562256
ACH-000374,HCC1143,HCC1143_BREAST,BREAST,123631,Gefitinib,2.8350400924682617,2.6844260692596436
ACH-000374,HCC1143,HCC1143_BREAST,BREAST,24978538,Navitoclax,1.592952013015747,2.1190483570098877
ACH-000374,HCC1143,HCC1143_BREAST,BREAST,5311,Vorinostat,1.6436220407485962,2.0210981369018555
ACH-000374,HCC1143,HCC1143_BREAST,BREAST,644241,Nilotinib,4.040824890136719,4.061827182769775
ACH-000374,HCC1143,HCC1143_BREAST,BREAST,44182295,Refametinib,1.2632440328598022,2.199634075164795
ACH-000374,HCC1143,HCC1143_BREAST,BREAST,6918289,Temsirolimus,1.8873399496078491,1.5425630807876587
ACH-000374,HCC1143,HCC1143_BREAST,BREAST,23725625,Olaparib,5.310635089874268,4.8974289894104
ACH-000374,HCC1143,HCC1143_BREAST,BREAST,11960529,Veliparib,5.870394229888916,5.6559319496154785
ACH-000374,HCC1143,HCC1143_BREAST,BREAST,5328940,Bosutinib,2.709744930267334,2.8085319995880127
ACH-000374,HCC1143,HCC1143_BREAST,BREAST,216326,Lenalidomide,5.04321813583374,5.695512294769287
ACH-000374,HCC1143,HCC1143_BREAST,BREAST,6450551,Axitinib,3.4586191177368164,3.713027000427246
ACH-000374,HCC1143,HCC1143_BREAST,BREAST,11152667,AZD7762,-1.58774995803833,0.9155362844467163
ACH-000374,HCC1143,HCC1143_BREAST,BREAST,9943465,GW441756,4.524081230163574,3.675722360610962
ACH-000288,BT-549,BT549_BREAST,BREAST,126565,Lestaurtinib,-0.01973400078713894,-0.09443032741546631
ACH-000288,BT-549,BT549_BREAST,BREAST,176158,SB216763,5.749093055725098,5.053136825561523
ACH-000288,BT-549,BT549_BREAST,BREAST,6505803,Tanespimycin,0.3889549970626831,-0.5599352121353149
ACH-000288,BT-549,BT549_BREAST,BREAST,5311497,Vinorelbine,-1.9465630054473877,-3.058941125869751
ACH-000288,BT-549,BT549_BREAST,BREAST,11667893,Motesanib,6.426421165466309,5.513153553009033
ACH-000288,BT-549,BT549_BREAST,BREAST,5278396,KU-55933,3.9561009407043457,5.110249996185303
ACH-000288,BT-549,BT549_BREAST,BREAST,10184653,Afatinib,2.0393309593200684,1.943230152130127
ACH-000288,BT-549,BT549_BREAST,BREAST,24776445,Vismodegib,5.59192419052124,4.9461870193481445
ACH-000288,BT-549,BT549_BREAST,BREAST,24180719,PLX-4720,4.805634021759033,4.403929710388184
ACH-000288,BT-549,BT549_BREAST,BREAST,11327430,NU7441,1.5723799467086792,2.955554962158203
ACH-000288,BT-549,BT549_BREAST,BREAST,16720766,Pevonedistat,2.6490070819854736,0.13958847522735596
ACH-000288,BT-549,BT549_BREAST,BREAST,11488320,Sapitinib,5.700581073760986,3.9910507202148438
ACH-000288,BT-549,BT549_BREAST,BREAST,156422,Doramapimod,5.398890972137451,5.041117191314697
ACH-000288,BT-549,BT549_BREAST,BREAST,11624601,JNK Inhibitor VIII,5.473474025726318,5.102849960327148
ACH-000288,BT-549,BT549_BREAST,BREAST,51042438,Uprosertib,3.0595600605010986,3.3198559284210205
ACH-000288,BT-549,BT549_BREAST,BREAST,24737642,LCL161,4.527153968811035,4.8646392822265625
ACH-000288,BT-549,BT549_BREAST,BREAST,10384072,Wee1 Inhibitor,1.2364310026168823,1.7535094022750854
ACH-000288,BT-549,BT549_BREAST,BREAST,11433190,Nutlin-3a (-),6.168203830718994,4.428665637969971
ACH-000288,BT-549,BT549_BREAST,BREAST,208908,Lapatinib,3.193742036819458,3.347743511199951
ACH-000288,BT-549,BT549_BREAST,BREAST,1401,PD173074,2.3313910961151123,3.6690475940704346
ACH-000288,BT-549,BT549_BREAST,BREAST,9914412,ZM447439,2.9705169200897217,2.3952231407165527
ACH-000288,BT-549,BT549_BREAST,BREAST,24771867,Alisertib,2.4526970386505127,1.3596917390823364
ACH-000288,BT-549,BT549_BREAST,BREAST,56649450,Alpelisib,4.212800025939941,3.5679168701171875
ACH-000288,BT-549,BT549_BREAST,BREAST,46930998,MK-2206,2.2601120471954346,3.009718418121338
ACH-000288,BT-549,BT549_BREAST,BREAST,5330286,Palbociclib,4.837124824523926,3.5954065322875977
ACH-000288,BT-549,BT549_BREAST,BREAST,51001932,Taselisib,2.683799982070923,1.948416829109192
ACH-000288,BT-549,BT549_BREAST,BREAST,57345410,EPZ5676,6.773212909698486,5.5652174949646
ACH-000288,BT-549,BT549_BREAST,BREAST,11977753,Dactolisib,-2.224816083908081,-1.8810136318206787
ACH-000288,BT-549,BT549_BREAST,BREAST,17755052,Pictilisib,1.3510509729385376,0.7623138427734375
ACH-000288,BT-549,BT549_BREAST,BREAST,25262965,AZD8055,-0.6523280143737793,-0.47641339898109436
ACH-000288,BT-549,BT549_BREAST,BREAST,9826528,PD0325901,3.930912971496582,2.7683792114257812
ACH-000288,BT-549,BT549_BREAST,BREAST,24866313,SCH772984,3.7009971141815186,3.584929943084717
ACH-000288,BT-549,BT549_BREAST,BREAST,10127622,Selumetinib,6.223771095275879,4.145992755889893
ACH-000288,BT-549,BT549_BREAST,BREAST,9927531,BIBR-1532,6.472754955291748,4.958182334899902
ACH-000288,BT-549,BT549_BREAST,BREAST,2155128,IWP-2,3.7175369262695312,2.6992321014404297
ACH-000288,BT-549,BT549_BREAST,BREAST,3899,Leflunomide,5.743518829345703,5.022915363311768
ACH-000288,BT-549,BT549_BREAST,BREAST,2314623,CCT007093,6.2722859382629395,5.180263996124268
ACH-000288,BT-549,BT549_BREAST,BREAST,11404337,Obatoclax Mesylate,1.9524370431900024,0.09987839311361313
ACH-000288,BT-549,BT549_BREAST,BREAST,9938202,EHT-1864,4.626689910888672,3.5484089851379395
ACH-000288,BT-549,BT549_BREAST,BREAST,25227847,Pyridostatin,3.230942964553833,3.4004149436950684
ACH-000288,BT-549,BT549_BREAST,BREAST,46883536,Avagacestat,5.273674964904785,4.818042278289795
ACH-000288,BT-549,BT549_BREAST,BREAST,3385,5-Fluorouracil,4.980699062347412,4.355924606323242
ACH-000288,BT-549,BT549_BREAST,BREAST,68947304,AMG-319,5.261157989501953,4.737314701080322
ACH-000288,BT-549,BT549_BREAST,BREAST,11634725,VX-11e,3.9433939456939697,3.5006039142608643
ACH-000288,BT-549,BT549_BREAST,BREAST,16224745,MK-8776,2.592266082763672,2.9672560691833496
ACH-000288,BT-549,BT549_BREAST,BREAST,3062316,Dasatinib,0.7777029871940613,0.43841975927352905
ACH-000288,BT-549,BT549_BREAST,BREAST,36314,Paclitaxel,-4.2393012046813965,-3.108565330505371
ACH-000288,BT-549,BT549_BREAST,BREAST,4261,Entinostat,1.7388819456100464,2.256077527999878
ACH-000288,BT-549,BT549_BREAST,BREAST,11626560,Crizotinib,2.824220895767212,2.5602035522460938
ACH-000288,BT-549,BT549_BREAST,BREAST,118704762,LJI308,6.1070098876953125,5.081795692443848
ACH-000288,BT-549,BT549_BREAST,BREAST,216239,Sorafenib,2.8887810707092285,2.378020763397217
ACH-000288,BT-549,BT549_BREAST,BREAST,11364421,BI-2536,-1.2227180004119873,-1.7061214447021484
ACH-000288,BT-549,BT549_BREAST,BREAST,46926973,LGK974,5.886981964111328,4.2642388343811035
ACH-000288,BT-549,BT549_BREAST,BREAST,60838,Irinotecan,3.290839910507202,1.8763024806976318
ACH-000288,BT-549,BT549_BREAST,BREAST,5310940,Oxaliplatin,6.667966842651367,3.791133403778076
ACH-000288,BT-549,BT549_BREAST,BREAST,117072552,GSK591,5.299651145935059,4.37778377532959
ACH-000288,BT-549,BT549_BREAST,BREAST,51000408,VE821,4.733790874481201,3.7717955112457275
ACH-000288,BT-549,BT549_BREAST,BREAST,25124816,GSK1904529A,4.277735233306885,4.317811012268066
ACH-000288,BT-549,BT549_BREAST,BREAST,5494449,Tozasertib,2.951730966567993,1.9240117073059082
ACH-000288,BT-549,BT549_BREAST,BREAST,59472121,VE-822,2.5998098850250244,3.049927234649658
ACH-000288,BT-549,BT549_BREAST,BREAST,72200024,WZ4003,5.229643821716309,3.9937336444854736
ACH-000288,BT-549,BT549_BREAST,BREAST,42623951,CZC24832,4.723296165466309,5.182194232940674
ACH-000288,BT-549,BT549_BREAST,BREAST,49847690,AZD5582,0.5349969863891602,1.9170509576797485
ACH-000288,BT-549,BT549_BREAST,BREAST,53469448,GSK2606414,5.46028995513916,3.66871976852417
ACH-000288,BT-549,BT549_BREAST,BREAST,78243717,PFI3,6.33355188369751,5.358403205871582
ACH-000288,BT-549,BT549_BREAST,BREAST,24753719,PCI-34051,6.185510158538818,4.471688747406006
ACH-000288,BT-549,BT549_BREAST,BREAST,57519544,Wnt-C59,5.754241943359375,4.414203643798828
ACH-000288,BT-549,BT549_BREAST,BREAST,46943432,I-BET-762,2.0094380378723145,3.2115654945373535
ACH-000288,BT-549,BT549_BREAST,BREAST,9936746,OTX015,2.6961729526519775,2.5024211406707764
ACH-000288,BT-549,BT549_BREAST,BREAST,71268957,GSK343,3.5078420639038086,2.717921257019043
ACH-000288,BT-549,BT549_BREAST,BREAST,60167849,ML323,5.068704128265381,4.614832878112793
ACH-000288,BT-549,BT549_BREAST,BREAST,59473233,Entospletinib,3.815284013748169,3.476731538772583
ACH-000288,BT-549,BT549_BREAST,BREAST,44462758,PRT062607,4.888122081756592,3.155304193496704
ACH-000288,BT-549,BT549_BREAST,BREAST,44631912,Ribociclib,4.421224117279053,3.6194002628326416
ACH-000288,BT-549,BT549_BREAST,BREAST,71299339,AGI-6780,5.107748031616211,4.393831253051758
ACH-000288,BT-549,BT549_BREAST,BREAST,1018,Picolinici-acid,5.684061050415039,5.245438575744629
ACH-000288,BT-549,BT549_BREAST,BREAST,51371303,PF-4708671,4.2774739265441895,3.476078987121582
ACH-000288,BT-549,BT549_BREAST,BREAST,52918385,PRIMA-1MET,5.85203218460083,4.6410698890686035
ACH-000288,BT-549,BT549_BREAST,BREAST,11609586,Serdemetan,4.508389949798584,3.615963935852051
ACH-000288,BT-549,BT549_BREAST,BREAST,44137675,AZD6482,3.5171470642089844,3.567929744720459
ACH-000288,BT-549,BT549_BREAST,BREAST,42642645,Foretinib,2.3347299098968506,0.9494597911834717
ACH-000288,BT-549,BT549_BREAST,BREAST,46907787,JQ1,3.1178719997406006,2.3079001903533936
ACH-000288,BT-549,BT549_BREAST,BREAST,11455910,TW 37,1.997046947479248,1.5867421627044678
ACH-000288,BT-549,BT549_BREAST,BREAST,71271629,PFI-1,2.8777809143066406,3.991579055786133
ACH-000288,BT-549,BT549_BREAST,BREAST,56962337,SGC0946,2.22714900970459,1.9495346546173096
ACH-000288,BT-549,BT549_BREAST,BREAST,176870,Erlotinib,4.939527988433838,2.843982696533203
ACH-000288,BT-549,BT549_BREAST,BREAST,9931953,Rucaparib,5.535597801208496,3.974196195602417
ACH-000288,BT-549,BT549_BREAST,BREAST,24958200,Niraparib,5.101451873779297,4.12177848815918
ACH-000288,BT-549,BT549_BREAST,BREAST,24856436,MK-1775,0.45213600993156433,0.3368714153766632
ACH-000288,BT-549,BT549_BREAST,BREAST,46926350,Dinaciclib,-1.8438999652862549,-2.8033840656280518
ACH-000288,BT-549,BT549_BREAST,BREAST,60750,Gemcitabine,3.295814037322998,-2.0336365699768066
ACH-000288,BT-549,BT549_BREAST,BREAST,387447,Bortezomib,-4.990828037261963,-5.499621868133545
ACH-000288,BT-549,BT549_BREAST,BREAST,16095342,GSK269962A,1.014186978340149,2.465672016143799
ACH-000288,BT-549,BT549_BREAST,BREAST,2733526,Tamoxifen,3.943826913833618,3.8952465057373047
ACH-000288,BT-549,BT549_BREAST,BREAST,104741,Fulvestrant,3.4059040546417236,2.9548239707946777
ACH-000288,BT-549,BT549_BREAST,BREAST,56962336,EPZ004777,6.144412994384766,5.1643524169921875
ACH-000288,BT-549,BT549_BREAST,BREAST,44632017,YK-4-279,3.078368902206421,1.7470604181289673
ACH-000288,BT-549,BT549_BREAST,BREAST,6914657,Daporinad,2.7470719814300537,-3.421612024307251
ACH-000288,BT-549,BT549_BREAST,BREAST,9813758,BMS-345541,4.375546932220459,3.1531174182891846
ACH-000288,BT-549,BT549_BREAST,BREAST,25099184,AZ960,2.3452489376068115,1.7602128982543945
ACH-000288,BT-549,BT549_BREAST,BREAST,51039095,AZD4547,4.488108158111572,2.8502888679504395
ACH-000288,BT-549,BT549_BREAST,BREAST,24821094,Ibrutinib,5.560826778411865,4.372192859649658
ACH-000288,BT-549,BT549_BREAST,BREAST,70983932,GSK2830371,6.2284040451049805,5.40540075302124
ACH-000288,BT-549,BT549_BREAST,BREAST,46236925,Sabutoclax,0.015314999967813492,-0.507848858833313
ACH-000288,BT-549,BT549_BREAST,BREAST,11655119,LY2109761,5.874845027923584,5.022854804992676
ACH-000288,BT-549,BT549_BREAST,BREAST,35397514,OF-1,5.656405925750732,4.201863765716553
ACH-000288,BT-549,BT549_BREAST,BREAST,2802462,MN-64,4.427093029022217,4.727763652801514
ACH-000288,BT-549,BT549_BREAST,BREAST,73555129,KRAS (G12C) Inhibitor-12,5.080627918243408,4.518338203430176
ACH-000288,BT-549,BT549_BREAST,BREAST,462382,MG-132,-1.7658350467681885,-1.2675065994262695
ACH-000288,BT-549,BT549_BREAST,BREAST,11707110,Trametinib,2.4953019618988037,1.4872965812683105
ACH-000288,BT-549,BT549_BREAST,BREAST,44462760,Dabrafenib,5.619475841522217,4.455411911010742
ACH-000288,BT-549,BT549_BREAST,BREAST,5394,Temozolomide,8.457596778869629,6.585854530334473
ACH-000288,BT-549,BT549_BREAST,BREAST,5460769,Bleomycin (50 uM),5.585174083709717,2.462541341781616
ACH-000288,BT-549,BT549_BREAST,BREAST,49846579,Venotoclax,5.249051094055176,2.5894625186920166
ACH-000288,BT-549,BT549_BREAST,BREAST,11228183,ABT737,3.2368669509887695,2.474902391433716
ACH-000288,BT-549,BT549_BREAST,BREAST,46843057,Afuresertib,2.0354011058807373,2.7422714233398438
ACH-000288,BT-549,BT549_BREAST,BREAST,56645356,AGI-5198,5.477718830108643,4.719754695892334
ACH-000288,BT-549,BT549_BREAST,BREAST,78209992,AZD3759,3.756761074066162,2.520270586013794
ACH-000288,BT-549,BT549_BREAST,BREAST,54761306,AZD6738,1.4600909948349,1.913818597793579
ACH-000288,BT-549,BT549_BREAST,BREAST,52913813,AZD8186,3.1977880001068115,3.121697187423706
ACH-000288,BT-549,BT549_BREAST,BREAST,71496458,Osimertinib,2.3548529148101807,1.936657428741455
ACH-000288,BT-549,BT549_BREAST,BREAST,9933475,Cediranib,1.7683500051498413,2.2187910079956055
ACH-000288,BT-549,BT549_BREAST,BREAST,24788740,Ipatasertib,2.959665060043335,3.5845181941986084
ACH-000288,BT-549,BT549_BREAST,BREAST,56941241,GDC0810,5.820467948913574,5.036004543304443
ACH-000288,BT-549,BT549_BREAST,BREAST,70676303,GNE-317,0.6631860136985779,0.19220788776874542
ACH-000288,BT-549,BT549_BREAST,BREAST,68107965,GSK2578215A,4.546021938323975,4.978586196899414
ACH-000288,BT-549,BT549_BREAST,BREAST,91668541,I-BRD9,3.763201951980591,4.410264015197754
ACH-000288,BT-549,BT549_BREAST,BREAST,10385095,Telomerase Inhibitor IX,0.8458009958267212,0.3653181493282318
ACH-000288,BT-549,BT549_BREAST,BREAST,227681,MIRA-1,6.594322204589844,5.383359432220459
ACH-000288,BT-549,BT549_BREAST,BREAST,9825149,NVP-ADW742,2.8070719242095947,3.0440471172332764
ACH-000288,BT-549,BT549_BREAST,BREAST,46931953,P22077,5.106474876403809,4.4991068840026855
ACH-000288,BT-549,BT549_BREAST,BREAST,68289010,Savolitinib,3.940727949142456,2.435655355453491
ACH-000288,BT-549,BT549_BREAST,BREAST,992586,UMI-77,1.899278998374939,2.742124557495117
ACH-000288,BT-549,BT549_BREAST,BREAST,2984337,WIKI4,2.7168099880218506,3.563098192214966
ACH-000288,BT-549,BT549_BREAST,BREAST,11178236,Sepantronium bromide,-2.3006319999694824,-4.6641364097595215
ACH-000288,BT-549,BT549_BREAST,BREAST,71297207,WEHI-539,4.75547981262207,3.5346105098724365
ACH-000288,BT-549,BT549_BREAST,BREAST,104842,SN-38,-1.346817970275879,-4.614573001861572
ACH-000288,BT-549,BT549_BREAST,BREAST,25126798,Ruxolitinib,6.584831237792969,4.850521087646484
ACH-000288,BT-549,BT549_BREAST,BREAST,11640390,Linsitinib,5.3729248046875,4.036179542541504
ACH-000288,BT-549,BT549_BREAST,BREAST,41867,Epirubicin,-0.6701560020446777,-1.3986716270446777
ACH-000288,BT-549,BT549_BREAST,BREAST,2907,Cyclophosphamide,5.989914894104004,5.219583511352539
ACH-000288,BT-549,BT549_BREAST,BREAST,24360,Camptothecin,-0.8461179733276367,-2.828686237335205
ACH-000288,BT-549,BT549_BREAST,BREAST,6710780,Vinblastine,-2.182955026626587,-3.6714935302734375
ACH-000288,BT-549,BT549_BREAST,BREAST,84691,Cisplatin,5.729518890380859,2.464804172515869
ACH-000288,BT-549,BT549_BREAST,BREAST,6253,Cytarabine,2.8077800273895264,1.1123716831207275
ACH-000288,BT-549,BT549_BREAST,BREAST,148124,Docetaxel,-3.855597972869873,-4.900943756103516
ACH-000288,BT-549,BT549_BREAST,BREAST,126941,Methotrexate,0.08537399768829346,-0.037444353103637695
ACH-000288,BT-549,BT549_BREAST,BREAST,123631,Gefitinib,4.565935134887695,3.1501505374908447
ACH-000288,BT-549,BT549_BREAST,BREAST,24978538,Navitoclax,1.1138980388641357,2.4311585426330566
ACH-000288,BT-549,BT549_BREAST,BREAST,5311,Vorinostat,3.583751916885376,1.739090085029602
ACH-000288,BT-549,BT549_BREAST,BREAST,644241,Nilotinib,1.798264980316162,3.440835475921631
ACH-000288,BT-549,BT549_BREAST,BREAST,44182295,Refametinib,4.1852312088012695,3.1326851844787598
ACH-000288,BT-549,BT549_BREAST,BREAST,6918289,Temsirolimus,1.3621100187301636,0.4389210045337677
ACH-000288,BT-549,BT549_BREAST,BREAST,23725625,Olaparib,5.552937984466553,4.1778564453125
ACH-000288,BT-549,BT549_BREAST,BREAST,11960529,Veliparib,6.212371826171875,5.232293605804443
ACH-000288,BT-549,BT549_BREAST,BREAST,5328940,Bosutinib,3.5822389125823975,2.483975410461426
ACH-000288,BT-549,BT549_BREAST,BREAST,216326,Lenalidomide,6.20672607421875,5.294159412384033
ACH-000288,BT-549,BT549_BREAST,BREAST,6450551,Axitinib,2.622628927230835,2.8266751766204834
ACH-000288,BT-549,BT549_BREAST,BREAST,11152667,AZD7762,-1.260045051574707,-0.05630868673324585
ACH-000288,BT-549,BT549_BREAST,BREAST,9943465,GW441756,4.429173946380615,3.2702555656433105
ACH-000768,MDA-MB-231,MDAMB231_BREAST,BREAST,126565,Lestaurtinib,0.01220299955457449,1.5269553661346436
ACH-000768,MDA-MB-231,MDAMB231_BREAST,BREAST,176158,SB216763,5.255349159240723,5.873181343078613
ACH-000768,MDA-MB-231,MDAMB231_BREAST,BREAST,6505803,Tanespimycin,1.6567349433898926,0.8010637760162354
ACH-000768,MDA-MB-231,MDAMB231_BREAST,BREAST,5311497,Vinorelbine,-2.5012080669403076,-0.44288691878318787
ACH-000768,MDA-MB-231,MDAMB231_BREAST,BREAST,11667893,Motesanib,5.599158763885498,6.3417439460754395
ACH-000768,MDA-MB-231,MDAMB231_BREAST,BREAST,5278396,KU-55933,4.694427013397217,5.919236183166504
ACH-000768,MDA-MB-231,MDAMB231_BREAST,BREAST,10184653,Afatinib,1.7056900262832642,3.0757458209991455
ACH-000768,MDA-MB-231,MDAMB231_BREAST,BREAST,24776445,Vismodegib,5.35788106918335,5.74591064453125
ACH-000768,MDA-MB-231,MDAMB231_BREAST,BREAST,24180719,PLX-4720,5.918821811676025,5.076172351837158
ACH-000768,MDA-MB-231,MDAMB231_BREAST,BREAST,11327430,NU7441,2.1932380199432373,4.421489715576172
ACH-000768,MDA-MB-231,MDAMB231_BREAST,BREAST,16720766,Pevonedistat,0.7867990136146545,2.7769153118133545
ACH-000768,MDA-MB-231,MDAMB231_BREAST,BREAST,11488320,Sapitinib,4.295175075531006,5.10479736328125
ACH-000768,MDA-MB-231,MDAMB231_BREAST,BREAST,156422,Doramapimod,4.175222873687744,5.7979655265808105
ACH-000768,MDA-MB-231,MDAMB231_BREAST,BREAST,11624601,JNK Inhibitor VIII,4.800384044647217,5.892991542816162
ACH-000768,MDA-MB-231,MDAMB231_BREAST,BREAST,51042438,Uprosertib,3.416105031967163,4.539840221405029
ACH-000768,MDA-MB-231,MDAMB231_BREAST,BREAST,24737642,LCL161,4.849727153778076,5.649354934692383
ACH-000768,MDA-MB-231,MDAMB231_BREAST,BREAST,10384072,Wee1 Inhibitor,0.9125019907951355,3.45288348197937
ACH-000768,MDA-MB-231,MDAMB231_BREAST,BREAST,11433190,Nutlin-3a (-),5.673556804656982,5.450935363769531
ACH-000768,MDA-MB-231,MDAMB231_BREAST,BREAST,208908,Lapatinib,2.651658058166504,5.0535759925842285
ACH-000768,MDA-MB-231,MDAMB231_BREAST,BREAST,1401,PD173074,3.3411190509796143,4.528286933898926
ACH-000768,MDA-MB-231,MDAMB231_BREAST,BREAST,9914412,ZM447439,3.266968011856079,4.111586093902588
ACH-000768,MDA-MB-231,MDAMB231_BREAST,BREAST,24771867,Alisertib,1.5887819528579712,3.722175359725952
ACH-000768,MDA-MB-231,MDAMB231_BREAST,BREAST,56649450,Alpelisib,4.405813217163086,4.92924690246582
ACH-000768,MDA-MB-231,MDAMB231_BREAST,BREAST,46930998,MK-2206,3.812530040740967,4.3464179039001465
ACH-000768,MDA-MB-231,MDAMB231_BREAST,BREAST,5330286,Palbociclib,2.956181049346924,4.822604656219482
ACH-000768,MDA-MB-231,MDAMB231_BREAST,BREAST,51001932,Taselisib,3.057492971420288,3.5112931728363037
ACH-000768,MDA-MB-231,MDAMB231_BREAST,BREAST,57345410,EPZ5676,5.468855857849121,6.382457733154297
ACH-000768,MDA-MB-231,MDAMB231_BREAST,BREAST,11977753,Dactolisib,-2.0333731174468994,-0.4908396899700165
ACH-000768,MDA-MB-231,MDAMB231_BREAST,BREAST,17755052,Pictilisib,2.0369861125946045,2.126771926879883
ACH-000768,MDA-MB-231,MDAMB231_BREAST,BREAST,25262965,AZD8055,-0.7140200138092041,1.0812093019485474
ACH-000768,MDA-MB-231,MDAMB231_BREAST,BREAST,9826528,PD0325901,-0.06860300153493881,0.6277992725372314
ACH-000768,MDA-MB-231,MDAMB231_BREAST,BREAST,24866313,SCH772984,0.9690430164337158,2.4179773330688477
ACH-000768,MDA-MB-231,MDAMB231_BREAST,BREAST,10127622,Selumetinib,2.8370120525360107,3.2705729007720947
ACH-000768,MDA-MB-231,MDAMB231_BREAST,BREAST,9927531,BIBR-1532,5.4073710441589355,5.804068565368652
ACH-000768,MDA-MB-231,MDAMB231_BREAST,BREAST,2155128,IWP-2,3.2001640796661377,3.595153331756592
ACH-000768,MDA-MB-231,MDAMB231_BREAST,BREAST,3899,Leflunomide,5.1224589347839355,5.723797798156738
ACH-000768,MDA-MB-231,MDAMB231_BREAST,BREAST,2314623,CCT007093,4.852046012878418,5.938477993011475
ACH-000768,MDA-MB-231,MDAMB231_BREAST,BREAST,11404337,Obatoclax Mesylate,0.44387298822402954,1.3318943977355957
ACH-000768,MDA-MB-231,MDAMB231_BREAST,BREAST,9938202,EHT-1864,4.878420829772949,4.198052883148193
ACH-000768,MDA-MB-231,MDAMB231_BREAST,BREAST,25227847,Pyridostatin,3.0859479904174805,4.568239212036133
ACH-000768,MDA-MB-231,MDAMB231_BREAST,BREAST,46883536,Avagacestat,4.672763824462891,5.576986312866211
ACH-000768,MDA-MB-231,MDAMB231_BREAST,BREAST,3385,5-Fluorouracil,4.374680042266846,5.705560207366943
ACH-000768,MDA-MB-231,MDAMB231_BREAST,BREAST,68947304,AMG-319,5.204676151275635,5.547606468200684
ACH-000768,MDA-MB-231,MDAMB231_BREAST,BREAST,11634725,VX-11e,1.8952759504318237,3.3709685802459717
ACH-000768,MDA-MB-231,MDAMB231_BREAST,BREAST,16224745,MK-8776,3.9502310752868652,4.2090559005737305
ACH-000768,MDA-MB-231,MDAMB231_BREAST,BREAST,3062316,Dasatinib,0.11045999825000763,1.1499691009521484
ACH-000768,MDA-MB-231,MDAMB231_BREAST,BREAST,36314,Paclitaxel,-2.4209859371185303,-0.6462310552597046
ACH-000768,MDA-MB-231,MDAMB231_BREAST,BREAST,4261,Entinostat,1.7264540195465088,3.3310720920562744
ACH-000768,MDA-MB-231,MDAMB231_BREAST,BREAST,11626560,Crizotinib,2.4980599880218506,3.99418044090271
ACH-000768,MDA-MB-231,MDAMB231_BREAST,BREAST,118704762,LJI308,4.855754852294922,5.844491958618164
ACH-000768,MDA-MB-231,MDAMB231_BREAST,BREAST,216239,Sorafenib,1.9880690574645996,3.339444875717163
ACH-000768,MDA-MB-231,MDAMB231_BREAST,BREAST,11364421,BI-2536,-1.0240859985351562,1.5738754272460938
ACH-000768,MDA-MB-231,MDAMB231_BREAST,BREAST,46926973,LGK974,4.810679912567139,5.105971336364746
ACH-000768,MDA-MB-231,MDAMB231_BREAST,BREAST,60838,Irinotecan,2.8932759761810303,4.629356861114502
ACH-000768,MDA-MB-231,MDAMB231_BREAST,BREAST,5310940,Oxaliplatin,3.5136120319366455,5.30989408493042
ACH-000768,MDA-MB-231,MDAMB231_BREAST,BREAST,117072552,GSK591,3.364029884338379,5.206132411956787
ACH-000768,MDA-MB-231,MDAMB231_BREAST,BREAST,51000408,VE821,3.541604995727539,4.8883795738220215
ACH-000768,MDA-MB-231,MDAMB231_BREAST,BREAST,25124816,GSK1904529A,4.497038841247559,5.176973342895508
ACH-000768,MDA-MB-231,MDAMB231_BREAST,BREAST,5494449,Tozasertib,2.911060094833374,4.532378196716309
ACH-000768,MDA-MB-231,MDAMB231_BREAST,BREAST,59472121,VE-822,0.9419599771499634,4.4640631675720215
ACH-000768,MDA-MB-231,MDAMB231_BREAST,BREAST,72200024,WZ4003,4.377861022949219,4.715852737426758
ACH-000768,MDA-MB-231,MDAMB231_BREAST,BREAST,42623951,CZC24832,5.534146785736084,5.965343952178955
ACH-000768,MDA-MB-231,MDAMB231_BREAST,BREAST,49847690,AZD5582,3.3645710945129395,3.110517740249634
ACH-000768,MDA-MB-231,MDAMB231_BREAST,BREAST,53469448,GSK2606414,4.31369686126709,4.545722961425781
ACH-000768,MDA-MB-231,MDAMB231_BREAST,BREAST,78243717,PFI3,5.543041229248047,6.135733604431152
ACH-000768,MDA-MB-231,MDAMB231_BREAST,BREAST,24753719,PCI-34051,4.929687976837158,5.362557888031006
ACH-000768,MDA-MB-231,MDAMB231_BREAST,BREAST,57519544,Wnt-C59,4.789787769317627,5.1906352043151855
ACH-000768,MDA-MB-231,MDAMB231_BREAST,BREAST,46943432,I-BET-762,2.1230099201202393,4.272614002227783
ACH-000768,MDA-MB-231,MDAMB231_BREAST,BREAST,9936746,OTX015,2.693089008331299,3.5620152950286865
ACH-000768,MDA-MB-231,MDAMB231_BREAST,BREAST,71268957,GSK343,3.2726099491119385,3.682616949081421
ACH-000768,MDA-MB-231,MDAMB231_BREAST,BREAST,60167849,ML323,5.9060869216918945,5.380893230438232
ACH-000768,MDA-MB-231,MDAMB231_BREAST,BREAST,59473233,Entospletinib,3.0629100799560547,4.339263439178467
ACH-000768,MDA-MB-231,MDAMB231_BREAST,BREAST,44462758,PRT062607,4.012944221496582,4.2390875816345215
ACH-000768,MDA-MB-231,MDAMB231_BREAST,BREAST,44631912,Ribociclib,3.647581100463867,4.654073238372803
ACH-000768,MDA-MB-231,MDAMB231_BREAST,BREAST,71299339,AGI-6780,5.532032012939453,5.2285637855529785
ACH-000768,MDA-MB-231,MDAMB231_BREAST,BREAST,1018,Picolinici-acid,5.560227870941162,6.069323539733887
ACH-000768,MDA-MB-231,MDAMB231_BREAST,BREAST,51371303,PF-4708671,5.529856204986572,4.364200592041016
ACH-000768,MDA-MB-231,MDAMB231_BREAST,BREAST,52918385,PRIMA-1MET,2.9388298988342285,5.496747970581055
ACH-000768,MDA-MB-231,MDAMB231_BREAST,BREAST,11609586,Serdemetan,3.9824609756469727,4.661240100860596
ACH-000768,MDA-MB-231,MDAMB231_BREAST,BREAST,44137675,AZD6482,3.520782947540283,4.673827171325684
ACH-000768,MDA-MB-231,MDAMB231_BREAST,BREAST,42642645,Foretinib,1.625939965248108,1.7722883224487305
ACH-000768,MDA-MB-231,MDAMB231_BREAST,BREAST,46907787,JQ1,0.9635639786720276,3.5557568073272705
ACH-000768,MDA-MB-231,MDAMB231_BREAST,BREAST,11455910,TW 37,1.412511944770813,2.622729539871216
ACH-000768,MDA-MB-231,MDAMB231_BREAST,BREAST,71271629,PFI-1,2.9581639766693115,4.58890962600708
ACH-000768,MDA-MB-231,MDAMB231_BREAST,BREAST,56962337,SGC0946,1.3212339878082275,2.686150550842285
ACH-000768,MDA-MB-231,MDAMB231_BREAST,BREAST,176870,Erlotinib,3.588326930999756,4.193649768829346
ACH-000768,MDA-MB-231,MDAMB231_BREAST,BREAST,9931953,Rucaparib,3.5446319580078125,4.757545471191406
ACH-000768,MDA-MB-231,MDAMB231_BREAST,BREAST,24958200,Niraparib,3.060637950897217,5.261768341064453
ACH-000768,MDA-MB-231,MDAMB231_BREAST,BREAST,24856436,MK-1775,0.9644269943237305,1.783011555671692
ACH-000768,MDA-MB-231,MDAMB231_BREAST,BREAST,46926350,Dinaciclib,-3.3519179821014404,-1.2281749248504639
ACH-000768,MDA-MB-231,MDAMB231_BREAST,BREAST,60750,Gemcitabine,0.35853099822998047,1.5589300394058228
ACH-000768,MDA-MB-231,MDAMB231_BREAST,BREAST,387447,Bortezomib,-5.769359111785889,-3.898447036743164
ACH-000768,MDA-MB-231,MDAMB231_BREAST,BREAST,16095342,GSK269962A,3.4018380641937256,4.032944679260254
ACH-000768,MDA-MB-231,MDAMB231_BREAST,BREAST,2733526,Tamoxifen,4.3848347663879395,4.574463367462158
ACH-000768,MDA-MB-231,MDAMB231_BREAST,BREAST,104741,Fulvestrant,3.1244890689849854,3.937505006790161
ACH-000768,MDA-MB-231,MDAMB231_BREAST,BREAST,56962336,EPZ004777,5.210930824279785,6.007920742034912
ACH-000768,MDA-MB-231,MDAMB231_BREAST,BREAST,44632017,YK-4-279,3.10207200050354,4.122363567352295
ACH-000768,MDA-MB-231,MDAMB231_BREAST,BREAST,6914657,Daporinad,-4.47432279586792,-2.259411096572876
ACH-000768,MDA-MB-231,MDAMB231_BREAST,BREAST,9813758,BMS-345541,2.705251932144165,4.5259809494018555
ACH-000768,MDA-MB-231,MDAMB231_BREAST,BREAST,25099184,AZ960,2.1607789993286133,3.5769002437591553
ACH-000768,MDA-MB-231,MDAMB231_BREAST,BREAST,51039095,AZD4547,2.424710988998413,4.136604309082031
ACH-000768,MDA-MB-231,MDAMB231_BREAST,BREAST,24821094,Ibrutinib,4.231413841247559,5.667821884155273
ACH-000768,MDA-MB-231,MDAMB231_BREAST,BREAST,70983932,GSK2830371,5.475389003753662,6.29298734664917
ACH-000768,MDA-MB-231,MDAMB231_BREAST,BREAST,46236925,Sabutoclax,1.68196702003479,1.0004944801330566
ACH-000768,MDA-MB-231,MDAMB231_BREAST,BREAST,11655119,LY2109761,5.065934181213379,5.7866597175598145
ACH-000768,MDA-MB-231,MDAMB231_BREAST,BREAST,35397514,OF-1,4.42133092880249,4.916967868804932
ACH-000768,MDA-MB-231,MDAMB231_BREAST,BREAST,2802462,MN-64,4.940688133239746,5.489069938659668
ACH-000768,MDA-MB-231,MDAMB231_BREAST,BREAST,73555129,KRAS (G12C) Inhibitor-12,4.132579803466797,5.557221412658691
ACH-000768,MDA-MB-231,MDAMB231_BREAST,BREAST,462382,MG-132,-1.6747970581054688,-0.9418290853500366
ACH-000768,MDA-MB-231,MDAMB231_BREAST,BREAST,11707110,Trametinib,-1.2998260259628296,-0.5216085910797119
ACH-000768,MDA-MB-231,MDAMB231_BREAST,BREAST,44462760,Dabrafenib,4.569980144500732,5.209613800048828
ACH-000768,MDA-MB-231,MDAMB231_BREAST,BREAST,5394,Temozolomide,6.367395877838135,7.335284233093262
ACH-000768,MDA-MB-231,MDAMB231_BREAST,BREAST,5460769,Bleomycin (50 uM),4.93779182434082,5.236868858337402
ACH-000768,MDA-MB-231,MDAMB231_BREAST,BREAST,49846579,Venotoclax,3.7662100791931152,3.459716796875
ACH-000768,MDA-MB-231,MDAMB231_BREAST,BREAST,11228183,ABT737,1.5962189435958862,2.968979597091675
ACH-000768,MDA-MB-231,MDAMB231_BREAST,BREAST,46843057,Afuresertib,3.5604848861694336,4.046469688415527
ACH-000768,MDA-MB-231,MDAMB231_BREAST,BREAST,56645356,AGI-5198,4.471401214599609,5.398655414581299
ACH-000768,MDA-MB-231,MDAMB231_BREAST,BREAST,78209992,AZD3759,2.8982698917388916,3.4205398559570312
ACH-000768,MDA-MB-231,MDAMB231_BREAST,BREAST,54761306,AZD6738,2.9281930923461914,3.471517562866211
ACH-000768,MDA-MB-231,MDAMB231_BREAST,BREAST,52913813,AZD8186,4.603305816650391,4.121582508087158
ACH-000768,MDA-MB-231,MDAMB231_BREAST,BREAST,71496458,Osimertinib,2.421273946762085,2.8028109073638916
ACH-000768,MDA-MB-231,MDAMB231_BREAST,BREAST,9933475,Cediranib,2.494899034500122,3.0821545124053955
ACH-000768,MDA-MB-231,MDAMB231_BREAST,BREAST,24788740,Ipatasertib,4.86768102645874,4.800220966339111
ACH-000768,MDA-MB-231,MDAMB231_BREAST,BREAST,56941241,GDC0810,4.528785228729248,5.822851657867432
ACH-000768,MDA-MB-231,MDAMB231_BREAST,BREAST,70676303,GNE-317,0.07693299651145935,1.5293567180633545
ACH-000768,MDA-MB-231,MDAMB231_BREAST,BREAST,68107965,GSK2578215A,5.003070831298828,5.723145008087158
ACH-000768,MDA-MB-231,MDAMB231_BREAST,BREAST,91668541,I-BRD9,3.3328630924224854,5.208877086639404
ACH-000768,MDA-MB-231,MDAMB231_BREAST,BREAST,10385095,Telomerase Inhibitor IX,-0.4574680030345917,1.7321820259094238
ACH-000768,MDA-MB-231,MDAMB231_BREAST,BREAST,227681,MIRA-1,5.425662994384766,6.342563629150391
ACH-000768,MDA-MB-231,MDAMB231_BREAST,BREAST,9825149,NVP-ADW742,2.8012149333953857,4.037454128265381
ACH-000768,MDA-MB-231,MDAMB231_BREAST,BREAST,46931953,P22077,5.584640026092529,5.461925983428955
ACH-000768,MDA-MB-231,MDAMB231_BREAST,BREAST,68289010,Savolitinib,2.8327279090881348,3.4188921451568604
ACH-000768,MDA-MB-231,MDAMB231_BREAST,BREAST,992586,UMI-77,2.2019240856170654,3.584885597229004
ACH-000768,MDA-MB-231,MDAMB231_BREAST,BREAST,2984337,WIKI4,4.141297817230225,4.143823623657227
ACH-000768,MDA-MB-231,MDAMB231_BREAST,BREAST,11178236,Sepantronium bromide,-5.696993827819824,-4.7063307762146
ACH-000768,MDA-MB-231,MDAMB231_BREAST,BREAST,71297207,WEHI-539,3.4474740028381348,4.336081504821777
ACH-000768,MDA-MB-231,MDAMB231_BREAST,BREAST,104842,SN-38,-3.531574010848999,0.7240755558013916
ACH-000768,MDA-MB-231,MDAMB231_BREAST,BREAST,25126798,Ruxolitinib,4.718471050262451,5.737684726715088
ACH-000768,MDA-MB-231,MDAMB231_BREAST,BREAST,11640390,Linsitinib,5.310708999633789,4.678904056549072
ACH-000768,MDA-MB-231,MDAMB231_BREAST,BREAST,41867,Epirubicin,-1.8095049858093262,0.5815235376358032
ACH-000768,MDA-MB-231,MDAMB231_BREAST,BREAST,2907,Cyclophosphamide,5.5871992111206055,6.0322980880737305
ACH-000768,MDA-MB-231,MDAMB231_BREAST,BREAST,24360,Camptothecin,-2.117000102996826,-0.4998305141925812
ACH-000768,MDA-MB-231,MDAMB231_BREAST,BREAST,6710780,Vinblastine,-3.7249810695648193,-1.3268057107925415
ACH-000768,MDA-MB-231,MDAMB231_BREAST,BREAST,84691,Cisplatin,3.764612913131714,5.060792922973633
ACH-000768,MDA-MB-231,MDAMB231_BREAST,BREAST,6253,Cytarabine,1.0706559419631958,3.618967056274414
ACH-000768,MDA-MB-231,MDAMB231_BREAST,BREAST,148124,Docetaxel,-4.31856107711792,-2.8146190643310547
ACH-000768,MDA-MB-231,MDAMB231_BREAST,BREAST,126941,Methotrexate,3.296574115753174,1.3341445922851562
ACH-000768,MDA-MB-231,MDAMB231_BREAST,BREAST,123631,Gefitinib,3.8442258834838867,4.348493576049805
ACH-000768,MDA-MB-231,MDAMB231_BREAST,BREAST,24978538,Navitoclax,0.9128000140190125,2.818664073944092
ACH-000768,MDA-MB-231,MDAMB231_BREAST,BREAST,5311,Vorinostat,0.931859016418457,2.450913667678833
ACH-000768,MDA-MB-231,MDAMB231_BREAST,BREAST,644241,Nilotinib,2.2198410034179688,4.290679931640625
ACH-000768,MDA-MB-231,MDAMB231_BREAST,BREAST,44182295,Refametinib,0.6746789813041687,1.7763233184814453
ACH-000768,MDA-MB-231,MDAMB231_BREAST,BREAST,6918289,Temsirolimus,0.7997249960899353,2.17057466506958
ACH-000768,MDA-MB-231,MDAMB231_BREAST,BREAST,23725625,Olaparib,4.391324996948242,5.280503273010254
ACH-000768,MDA-MB-231,MDAMB231_BREAST,BREAST,11960529,Veliparib,5.2657318115234375,6.062147617340088
ACH-000768,MDA-MB-231,MDAMB231_BREAST,BREAST,5328940,Bosutinib,2.464137077331543,3.4181723594665527
ACH-000768,MDA-MB-231,MDAMB231_BREAST,BREAST,216326,Lenalidomide,5.596263885498047,6.147782325744629
ACH-000768,MDA-MB-231,MDAMB231_BREAST,BREAST,6450551,Axitinib,3.308335065841675,4.3212504386901855
ACH-000768,MDA-MB-231,MDAMB231_BREAST,BREAST,11152667,AZD7762,0.3895229995250702,1.4070242643356323
ACH-000768,MDA-MB-231,MDAMB231_BREAST,BREAST,9943465,GW441756,3.987989902496338,4.1941022872924805
ACH-000352,HCC1428,HCC1428_BREAST,BREAST,126565,Lestaurtinib,1.813938021659851,1.2334789037704468
ACH-000352,HCC1428,HCC1428_BREAST,BREAST,176158,SB216763,6.930055141448975,5.204367637634277
ACH-000352,HCC1428,HCC1428_BREAST,BREAST,6505803,Tanespimycin,1.51249098777771,0.5460289716720581
ACH-000352,HCC1428,HCC1428_BREAST,BREAST,5311497,Vinorelbine,-0.29161199927330017,-2.3918960094451904
ACH-000352,HCC1428,HCC1428_BREAST,BREAST,11667893,Motesanib,6.946500778198242,5.651979446411133
ACH-000352,HCC1428,HCC1428_BREAST,BREAST,5278396,KU-55933,6.180796146392822,5.2743611335754395
ACH-000352,HCC1428,HCC1428_BREAST,BREAST,10184653,Afatinib,2.4867970943450928,1.9699366092681885
ACH-000352,HCC1428,HCC1428_BREAST,BREAST,24776445,Vismodegib,6.714180946350098,5.065126419067383
ACH-000352,HCC1428,HCC1428_BREAST,BREAST,24180719,PLX-4720,6.1426801681518555,4.9060258865356445
ACH-000352,HCC1428,HCC1428_BREAST,BREAST,11327430,NU7441,3.1165850162506104,3.372117042541504
ACH-000352,HCC1428,HCC1428_BREAST,BREAST,16720766,Pevonedistat,2.6178290843963623,1.6778782606124878
ACH-000352,HCC1428,HCC1428_BREAST,BREAST,11488320,Sapitinib,6.062396049499512,4.25049352645874
ACH-000352,HCC1428,HCC1428_BREAST,BREAST,156422,Doramapimod,4.912445068359375,5.104124069213867
ACH-000352,HCC1428,HCC1428_BREAST,BREAST,11624601,JNK Inhibitor VIII,6.977244853973389,5.196908950805664
ACH-000352,HCC1428,HCC1428_BREAST,BREAST,51042438,Uprosertib,5.861192226409912,3.0146331787109375
ACH-000352,HCC1428,HCC1428_BREAST,BREAST,24737642,LCL161,6.536977767944336,5.008710861206055
ACH-000352,HCC1428,HCC1428_BREAST,BREAST,10384072,Wee1 Inhibitor,2.489763021469116,2.2223076820373535
ACH-000352,HCC1428,HCC1428_BREAST,BREAST,11433190,Nutlin-3a (-),7.618017196655273,5.221667766571045
ACH-000352,HCC1428,HCC1428_BREAST,BREAST,208908,Lapatinib,3.6928179264068604,3.6266167163848877
ACH-000352,HCC1428,HCC1428_BREAST,BREAST,1401,PD173074,5.4578070640563965,3.9541420936584473
ACH-000352,HCC1428,HCC1428_BREAST,BREAST,9914412,ZM447439,5.456757068634033,2.7570438385009766
ACH-000352,HCC1428,HCC1428_BREAST,BREAST,24771867,Alisertib,4.085096836090088,2.6373043060302734
ACH-000352,HCC1428,HCC1428_BREAST,BREAST,56649450,Alpelisib,7.527218818664551,3.611206531524658
ACH-000352,HCC1428,HCC1428_BREAST,BREAST,46930998,MK-2206,5.872304916381836,2.846059560775757
ACH-000352,HCC1428,HCC1428_BREAST,BREAST,5330286,Palbociclib,5.436229228973389,4.157667636871338
ACH-000352,HCC1428,HCC1428_BREAST,BREAST,51001932,Taselisib,6.362009048461914,1.9834507703781128
ACH-000352,HCC1428,HCC1428_BREAST,BREAST,57345410,EPZ5676,5.8372321128845215,5.706357002258301
ACH-000352,HCC1428,HCC1428_BREAST,BREAST,11977753,Dactolisib,0.8203150033950806,-0.6231304407119751
ACH-000352,HCC1428,HCC1428_BREAST,BREAST,17755052,Pictilisib,6.620240211486816,1.3050320148468018
ACH-000352,HCC1428,HCC1428_BREAST,BREAST,25262965,AZD8055,3.267116069793701,0.8423153162002563
ACH-000352,HCC1428,HCC1428_BREAST,BREAST,9826528,PD0325901,4.420502185821533,2.3370063304901123
ACH-000352,HCC1428,HCC1428_BREAST,BREAST,24866313,SCH772984,5.307168960571289,3.269070863723755
ACH-000352,HCC1428,HCC1428_BREAST,BREAST,10127622,Selumetinib,5.429098129272461,4.123648643493652
ACH-000352,HCC1428,HCC1428_BREAST,BREAST,9927531,BIBR-1532,6.321732997894287,5.09131383895874
ACH-000352,HCC1428,HCC1428_BREAST,BREAST,2155128,IWP-2,3.4832470417022705,2.7563674449920654
ACH-000352,HCC1428,HCC1428_BREAST,BREAST,3899,Leflunomide,6.227838039398193,5.217667102813721
ACH-000352,HCC1428,HCC1428_BREAST,BREAST,2314623,CCT007093,5.501728057861328,5.295557498931885
ACH-000352,HCC1428,HCC1428_BREAST,BREAST,11404337,Obatoclax Mesylate,-0.09168100357055664,1.0772897005081177
ACH-000352,HCC1428,HCC1428_BREAST,BREAST,9938202,EHT-1864,3.873420000076294,3.526869773864746
ACH-000352,HCC1428,HCC1428_BREAST,BREAST,25227847,Pyridostatin,5.432109832763672,3.6133689880371094
ACH-000352,HCC1428,HCC1428_BREAST,BREAST,46883536,Avagacestat,6.1105170249938965,4.892429351806641
ACH-000352,HCC1428,HCC1428_BREAST,BREAST,3385,5-Fluorouracil,8.116666793823242,4.826897144317627
ACH-000352,HCC1428,HCC1428_BREAST,BREAST,68947304,AMG-319,6.367863178253174,5.091572284698486
ACH-000352,HCC1428,HCC1428_BREAST,BREAST,11634725,VX-11e,5.130974769592285,3.3449833393096924
ACH-000352,HCC1428,HCC1428_BREAST,BREAST,16224745,MK-8776,5.312342166900635,3.294349431991577
ACH-000352,HCC1428,HCC1428_BREAST,BREAST,3062316,Dasatinib,4.380433082580566,2.777790069580078
ACH-000352,HCC1428,HCC1428_BREAST,BREAST,36314,Paclitaxel,0.6705499887466431,-2.380708932876587
ACH-000352,HCC1428,HCC1428_BREAST,BREAST,4261,Entinostat,0.9584609866142273,2.1559367179870605
ACH-000352,HCC1428,HCC1428_BREAST,BREAST,11626560,Crizotinib,3.683716058731079,2.8024380207061768
ACH-000352,HCC1428,HCC1428_BREAST,BREAST,118704762,LJI308,6.9999189376831055,5.242031097412109
ACH-000352,HCC1428,HCC1428_BREAST,BREAST,216239,Sorafenib,2.9648830890655518,2.5230469703674316
ACH-000352,HCC1428,HCC1428_BREAST,BREAST,11364421,BI-2536,1.2823200225830078,-0.04578757286071777
ACH-000352,HCC1428,HCC1428_BREAST,BREAST,46926973,LGK974,4.4118428230285645,4.180675506591797
ACH-000352,HCC1428,HCC1428_BREAST,BREAST,60838,Irinotecan,5.74202299118042,3.2619893550872803
ACH-000352,HCC1428,HCC1428_BREAST,BREAST,5310940,Oxaliplatin,7.156517028808594,4.2239089012146
ACH-000352,HCC1428,HCC1428_BREAST,BREAST,117072552,GSK591,6.837303161621094,4.598907470703125
ACH-000352,HCC1428,HCC1428_BREAST,BREAST,51000408,VE821,6.919435977935791,4.29345178604126
ACH-000352,HCC1428,HCC1428_BREAST,BREAST,25124816,GSK1904529A,5.1616902351379395,4.302774906158447
ACH-000352,HCC1428,HCC1428_BREAST,BREAST,5494449,Tozasertib,5.2695770263671875,2.8753960132598877
ACH-000352,HCC1428,HCC1428_BREAST,BREAST,59472121,VE-822,5.717929840087891,3.412397861480713
ACH-000352,HCC1428,HCC1428_BREAST,BREAST,72200024,WZ4003,5.807652950286865,4.310946941375732
ACH-000352,HCC1428,HCC1428_BREAST,BREAST,42623951,CZC24832,6.693577766418457,5.368475914001465
ACH-000352,HCC1428,HCC1428_BREAST,BREAST,49847690,AZD5582,5.117080211639404,2.2342236042022705
ACH-000352,HCC1428,HCC1428_BREAST,BREAST,53469448,GSK2606414,5.48047399520874,4.0456743240356445
ACH-000352,HCC1428,HCC1428_BREAST,BREAST,78243717,PFI3,5.881552219390869,5.486198425292969
ACH-000352,HCC1428,HCC1428_BREAST,BREAST,24753719,PCI-34051,5.264859199523926,4.655661106109619
ACH-000352,HCC1428,HCC1428_BREAST,BREAST,57519544,Wnt-C59,5.247684955596924,4.376105785369873
ACH-000352,HCC1428,HCC1428_BREAST,BREAST,46943432,I-BET-762,4.372676849365234,3.424520969390869
ACH-000352,HCC1428,HCC1428_BREAST,BREAST,9936746,OTX015,2.5815210342407227,2.6631622314453125
ACH-000352,HCC1428,HCC1428_BREAST,BREAST,71268957,GSK343,4.016708850860596,2.8890154361724854
ACH-000352,HCC1428,HCC1428_BREAST,BREAST,60167849,ML323,4.62199592590332,4.557720184326172
ACH-000352,HCC1428,HCC1428_BREAST,BREAST,59473233,Entospletinib,5.593462944030762,4.003320693969727
ACH-000352,HCC1428,HCC1428_BREAST,BREAST,44462758,PRT062607,6.799383163452148,3.418041944503784
ACH-000352,HCC1428,HCC1428_BREAST,BREAST,44631912,Ribociclib,5.5730299949646,4.0174880027771
ACH-000352,HCC1428,HCC1428_BREAST,BREAST,71299339,AGI-6780,4.83429479598999,4.358082294464111
ACH-000352,HCC1428,HCC1428_BREAST,BREAST,1018,Picolinici-acid,5.854229927062988,5.384978771209717
ACH-000352,HCC1428,HCC1428_BREAST,BREAST,51371303,PF-4708671,4.746410846710205,3.597085952758789
ACH-000352,HCC1428,HCC1428_BREAST,BREAST,52918385,PRIMA-1MET,5.618214130401611,5.0504608154296875
ACH-000352,HCC1428,HCC1428_BREAST,BREAST,11609586,Serdemetan,5.889987945556641,4.048940181732178
ACH-000352,HCC1428,HCC1428_BREAST,BREAST,44137675,AZD6482,6.957664966583252,3.992246389389038
ACH-000352,HCC1428,HCC1428_BREAST,BREAST,42642645,Foretinib,2.1088309288024902,1.4416371583938599
ACH-000352,HCC1428,HCC1428_BREAST,BREAST,46907787,JQ1,1.31051504611969,2.5037434101104736
ACH-000352,HCC1428,HCC1428_BREAST,BREAST,71271629,PFI-1,6.174040794372559,4.084530353546143
ACH-000352,HCC1428,HCC1428_BREAST,BREAST,56962337,SGC0946,3.8611409664154053,2.1014134883880615
ACH-000352,HCC1428,HCC1428_BREAST,BREAST,176870,Erlotinib,5.093337059020996,3.0254368782043457
ACH-000352,HCC1428,HCC1428_BREAST,BREAST,9931953,Rucaparib,5.531055927276611,4.1217451095581055
ACH-000352,HCC1428,HCC1428_BREAST,BREAST,24958200,Niraparib,5.857034206390381,4.641092777252197
ACH-000352,HCC1428,HCC1428_BREAST,BREAST,24856436,MK-1775,2.464553117752075,1.1174026727676392
ACH-000352,HCC1428,HCC1428_BREAST,BREAST,46926350,Dinaciclib,1.2275680303573608,-2.406041145324707
ACH-000352,HCC1428,HCC1428_BREAST,BREAST,60750,Gemcitabine,7.383368968963623,1.1025923490524292
ACH-000352,HCC1428,HCC1428_BREAST,BREAST,387447,Bortezomib,-3.0616190433502197,-4.799559593200684
ACH-000352,HCC1428,HCC1428_BREAST,BREAST,16095342,GSK269962A,5.26958703994751,2.5299625396728516
ACH-000352,HCC1428,HCC1428_BREAST,BREAST,2733526,Tamoxifen,5.515247821807861,3.988818645477295
ACH-000352,HCC1428,HCC1428_BREAST,BREAST,104741,Fulvestrant,3.2337000370025635,3.0101420879364014
ACH-000352,HCC1428,HCC1428_BREAST,BREAST,56962336,EPZ004777,6.551389217376709,5.3106465339660645
ACH-000352,HCC1428,HCC1428_BREAST,BREAST,44632017,YK-4-279,5.9585700035095215,2.565014600753784
ACH-000352,HCC1428,HCC1428_BREAST,BREAST,9813758,BMS-345541,5.4852681159973145,3.2991394996643066
ACH-000352,HCC1428,HCC1428_BREAST,BREAST,25099184,AZ960,5.1657609939575195,2.435925245285034
ACH-000352,HCC1428,HCC1428_BREAST,BREAST,51039095,AZD4547,3.886073112487793,3.051527500152588
ACH-000352,HCC1428,HCC1428_BREAST,BREAST,24821094,Ibrutinib,6.7855448722839355,4.607573509216309
ACH-000352,HCC1428,HCC1428_BREAST,BREAST,70983932,GSK2830371,7.000234127044678,5.59850549697876
ACH-000352,HCC1428,HCC1428_BREAST,BREAST,46236925,Sabutoclax,-0.14292800426483154,0.5443997383117676
ACH-000352,HCC1428,HCC1428_BREAST,BREAST,11655119,LY2109761,6.891905784606934,5.161840915679932
ACH-000352,HCC1428,HCC1428_BREAST,BREAST,35397514,OF-1,5.017512798309326,4.100729465484619
ACH-000352,HCC1428,HCC1428_BREAST,BREAST,2802462,MN-64,6.775369167327881,4.812481880187988
ACH-000352,HCC1428,HCC1428_BREAST,BREAST,73555129,KRAS (G12C) Inhibitor-12,7.695457935333252,4.692732334136963
ACH-000352,HCC1428,HCC1428_BREAST,BREAST,462382,MG-132,1.1853229999542236,-0.9045783281326294
ACH-000352,HCC1428,HCC1428_BREAST,BREAST,11707110,Trametinib,3.926922082901001,1.2758334875106812
ACH-000352,HCC1428,HCC1428_BREAST,BREAST,44462760,Dabrafenib,7.791210174560547,5.04066276550293
ACH-000352,HCC1428,HCC1428_BREAST,BREAST,5394,Temozolomide,9.046346664428711,6.821775913238525
ACH-000352,HCC1428,HCC1428_BREAST,BREAST,5460769,Bleomycin (50 uM),7.883297920227051,4.1065263748168945
ACH-000352,HCC1428,HCC1428_BREAST,BREAST,49846579,Venotoclax,4.752021789550781,2.5596437454223633
ACH-000352,HCC1428,HCC1428_BREAST,BREAST,11228183,ABT737,1.6646289825439453,2.129603624343872
ACH-000352,HCC1428,HCC1428_BREAST,BREAST,46843057,Afuresertib,6.5210161209106445,2.501218557357788
ACH-000352,HCC1428,HCC1428_BREAST,BREAST,56645356,AGI-5198,6.523558139801025,4.766319274902344
ACH-000352,HCC1428,HCC1428_BREAST,BREAST,78209992,AZD3759,5.0737738609313965,2.5147030353546143
ACH-000352,HCC1428,HCC1428_BREAST,BREAST,54761306,AZD6738,5.852978229522705,2.463282823562622
ACH-000352,HCC1428,HCC1428_BREAST,BREAST,52913813,AZD8186,6.892947196960449,3.402965784072876
ACH-000352,HCC1428,HCC1428_BREAST,BREAST,71496458,Osimertinib,4.39284610748291,1.930497407913208
ACH-000352,HCC1428,HCC1428_BREAST,BREAST,9933475,Cediranib,3.3729140758514404,2.3637888431549072
ACH-000352,HCC1428,HCC1428_BREAST,BREAST,24788740,Ipatasertib,6.810573101043701,3.553598403930664
ACH-000352,HCC1428,HCC1428_BREAST,BREAST,56941241,GDC0810,5.978933811187744,5.155938625335693
ACH-000352,HCC1428,HCC1428_BREAST,BREAST,70676303,GNE-317,3.706176996231079,1.2008079290390015
ACH-000352,HCC1428,HCC1428_BREAST,BREAST,68107965,GSK2578215A,7.008242130279541,5.025801658630371
ACH-000352,HCC1428,HCC1428_BREAST,BREAST,91668541,I-BRD9,5.33982515335083,4.496991157531738
ACH-000352,HCC1428,HCC1428_BREAST,BREAST,10385095,Telomerase Inhibitor IX,2.247136116027832,1.2436703443527222
ACH-000352,HCC1428,HCC1428_BREAST,BREAST,227681,MIRA-1,7.021289825439453,5.719152450561523
ACH-000352,HCC1428,HCC1428_BREAST,BREAST,9825149,NVP-ADW742,2.885807991027832,2.8593451976776123
ACH-000352,HCC1428,HCC1428_BREAST,BREAST,46931953,P22077,3.517648935317993,4.529358863830566
ACH-000352,HCC1428,HCC1428_BREAST,BREAST,68289010,Savolitinib,3.1903560161590576,2.6150269508361816
ACH-000352,HCC1428,HCC1428_BREAST,BREAST,992586,UMI-77,4.9856767654418945,2.7720985412597656
ACH-000352,HCC1428,HCC1428_BREAST,BREAST,2984337,WIKI4,5.641208171844482,3.802201986312866
ACH-000352,HCC1428,HCC1428_BREAST,BREAST,11178236,Sepantronium bromide,-4.65418004989624,-3.2190194129943848
ACH-000352,HCC1428,HCC1428_BREAST,BREAST,71297207,WEHI-539,5.049927234649658,3.5780446529388428
ACH-000352,HCC1428,HCC1428_BREAST,BREAST,104842,SN-38,4.849082946777344,-1.474428415298462
ACH-000352,HCC1428,HCC1428_BREAST,BREAST,25126798,Ruxolitinib,5.551342964172363,4.990147590637207
ACH-000352,HCC1428,HCC1428_BREAST,BREAST,11640390,Linsitinib,6.208152770996094,3.8814735412597656
ACH-000352,HCC1428,HCC1428_BREAST,BREAST,41867,Epirubicin,2.934619903564453,0.2871868908405304
ACH-000352,HCC1428,HCC1428_BREAST,BREAST,2907,Cyclophosphamide,6.949728965759277,5.3534064292907715
ACH-000352,HCC1428,HCC1428_BREAST,BREAST,24360,Camptothecin,1.5738060474395752,-1.1533244848251343
ACH-000352,HCC1428,HCC1428_BREAST,BREAST,6710780,Vinblastine,-0.7683230042457581,-2.9664316177368164
ACH-000352,HCC1428,HCC1428_BREAST,BREAST,84691,Cisplatin,7.368433952331543,3.634577989578247
ACH-000352,HCC1428,HCC1428_BREAST,BREAST,6253,Cytarabine,4.882335186004639,2.9268758296966553
ACH-000352,HCC1428,HCC1428_BREAST,BREAST,148124,Docetaxel,-1.9479659795761108,-4.214457035064697
ACH-000352,HCC1428,HCC1428_BREAST,BREAST,126941,Methotrexate,-0.6258059740066528,1.3844633102416992
ACH-000352,HCC1428,HCC1428_BREAST,BREAST,123631,Gefitinib,4.298543930053711,3.099869728088379
ACH-000352,HCC1428,HCC1428_BREAST,BREAST,24978538,Navitoclax,1.1621049642562866,1.8850135803222656
ACH-000352,HCC1428,HCC1428_BREAST,BREAST,5311,Vorinostat,0.19814899563789368,1.7436721324920654
ACH-000352,HCC1428,HCC1428_BREAST,BREAST,644241,Nilotinib,1.904270052909851,3.750913381576538
ACH-000352,HCC1428,HCC1428_BREAST,BREAST,44182295,Refametinib,6.116662979125977,2.835796594619751
ACH-000352,HCC1428,HCC1428_BREAST,BREAST,6918289,Temsirolimus,4.55293083190918,1.691314697265625
ACH-000352,HCC1428,HCC1428_BREAST,BREAST,23725625,Olaparib,5.878530979156494,4.526033878326416
ACH-000352,HCC1428,HCC1428_BREAST,BREAST,11960529,Veliparib,6.397864818572998,5.424398422241211
ACH-000352,HCC1428,HCC1428_BREAST,BREAST,5328940,Bosutinib,3.825510025024414,2.9448938369750977
ACH-000352,HCC1428,HCC1428_BREAST,BREAST,216326,Lenalidomide,6.784914970397949,5.415808200836182
ACH-000352,HCC1428,HCC1428_BREAST,BREAST,6450551,Axitinib,4.186394214630127,3.1256957054138184
ACH-000352,HCC1428,HCC1428_BREAST,BREAST,11152667,AZD7762,2.8486859798431396,1.23007333278656
ACH-000352,HCC1428,HCC1428_BREAST,BREAST,9943465,GW441756,3.9217588901519775,3.3750030994415283
ACH-000783,CAMA-1,CAMA1_BREAST,BREAST,126565,Lestaurtinib,3.0434410572052,0.5587080717086792
ACH-000783,CAMA-1,CAMA1_BREAST,BREAST,176158,SB216763,5.8854241371154785,4.78177547454834
ACH-000783,CAMA-1,CAMA1_BREAST,BREAST,6505803,Tanespimycin,1.234706997871399,0.1830356866121292
ACH-000783,CAMA-1,CAMA1_BREAST,BREAST,5311497,Vinorelbine,-3.48470401763916,-3.059356927871704
ACH-000783,CAMA-1,CAMA1_BREAST,BREAST,11667893,Motesanib,5.510828018188477,5.126606464385986
ACH-000783,CAMA-1,CAMA1_BREAST,BREAST,5278396,KU-55933,4.377954006195068,4.8314900398254395
ACH-000783,CAMA-1,CAMA1_BREAST,BREAST,10184653,Afatinib,3.2123630046844482,1.8084628582000732
ACH-000783,CAMA-1,CAMA1_BREAST,BREAST,24776445,Vismodegib,3.6065750122070312,4.569486141204834
ACH-000783,CAMA-1,CAMA1_BREAST,BREAST,24180719,PLX-4720,4.5838541984558105,4.518954753875732
ACH-000783,CAMA-1,CAMA1_BREAST,BREAST,11327430,NU7441,1.7860829830169678,2.8291406631469727
ACH-000783,CAMA-1,CAMA1_BREAST,BREAST,16720766,Pevonedistat,4.358389854431152,0.7206755876541138
ACH-000783,CAMA-1,CAMA1_BREAST,BREAST,11488320,Sapitinib,4.393702983856201,4.021905899047852
ACH-000783,CAMA-1,CAMA1_BREAST,BREAST,156422,Doramapimod,4.306653022766113,4.694558620452881
ACH-000783,CAMA-1,CAMA1_BREAST,BREAST,11624601,JNK Inhibitor VIII,4.730963230133057,4.799355983734131
ACH-000783,CAMA-1,CAMA1_BREAST,BREAST,51042438,Uprosertib,0.4552370011806488,2.571275472640991
ACH-000783,CAMA-1,CAMA1_BREAST,BREAST,24737642,LCL161,3.869971990585327,4.59517765045166
ACH-000783,CAMA-1,CAMA1_BREAST,BREAST,10384072,Wee1 Inhibitor,2.406503915786743,1.570786714553833
ACH-000783,CAMA-1,CAMA1_BREAST,BREAST,11433190,Nutlin-3a (-),4.835103988647461,4.556182384490967
ACH-000783,CAMA-1,CAMA1_BREAST,BREAST,208908,Lapatinib,4.035816192626953,3.1772778034210205
ACH-000783,CAMA-1,CAMA1_BREAST,BREAST,1401,PD173074,4.3074140548706055,3.5061538219451904
ACH-000783,CAMA-1,CAMA1_BREAST,BREAST,9914412,ZM447439,3.8873860836029053,2.0435993671417236
ACH-000783,CAMA-1,CAMA1_BREAST,BREAST,24771867,Alisertib,3.7136759757995605,1.9351400136947632
ACH-000783,CAMA-1,CAMA1_BREAST,BREAST,56649450,Alpelisib,4.311050891876221,3.061068534851074
ACH-000783,CAMA-1,CAMA1_BREAST,BREAST,46930998,MK-2206,1.1800470352172852,2.34718656539917
ACH-000783,CAMA-1,CAMA1_BREAST,BREAST,5330286,Palbociclib,3.4168529510498047,3.4713733196258545
ACH-000783,CAMA-1,CAMA1_BREAST,BREAST,51001932,Taselisib,2.295293092727661,1.7961370944976807
ACH-000783,CAMA-1,CAMA1_BREAST,BREAST,57345410,EPZ5676,4.793615818023682,5.187994480133057
ACH-000783,CAMA-1,CAMA1_BREAST,BREAST,11977753,Dactolisib,-2.6273539066314697,-0.8150795698165894
ACH-000783,CAMA-1,CAMA1_BREAST,BREAST,17755052,Pictilisib,0.47067099809646606,1.2372462749481201
ACH-000783,CAMA-1,CAMA1_BREAST,BREAST,25262965,AZD8055,-1.0092439651489258,0.564714789390564
ACH-000783,CAMA-1,CAMA1_BREAST,BREAST,9826528,PD0325901,3.1629629135131836,2.3675780296325684
ACH-000783,CAMA-1,CAMA1_BREAST,BREAST,24866313,SCH772984,3.6857500076293945,3.1549296379089355
ACH-000783,CAMA-1,CAMA1_BREAST,BREAST,10127622,Selumetinib,4.379342079162598,3.980663776397705
ACH-000783,CAMA-1,CAMA1_BREAST,BREAST,9927531,BIBR-1532,4.138142108917236,4.613916397094727
ACH-000783,CAMA-1,CAMA1_BREAST,BREAST,2155128,IWP-2,1.643815040588379,2.4266326427459717
ACH-000783,CAMA-1,CAMA1_BREAST,BREAST,3899,Leflunomide,4.807365894317627,4.823462009429932
ACH-000783,CAMA-1,CAMA1_BREAST,BREAST,2314623,CCT007093,3.6512770652770996,4.897444725036621
ACH-000783,CAMA-1,CAMA1_BREAST,BREAST,11404337,Obatoclax Mesylate,0.91566401720047,0.8367692232131958
ACH-000783,CAMA-1,CAMA1_BREAST,BREAST,9938202,EHT-1864,3.686743974685669,3.1833057403564453
ACH-000783,CAMA-1,CAMA1_BREAST,BREAST,25227847,Pyridostatin,3.4577078819274902,3.0592398643493652
ACH-000783,CAMA-1,CAMA1_BREAST,BREAST,46883536,Avagacestat,5.09956693649292,4.436285495758057
ACH-000783,CAMA-1,CAMA1_BREAST,BREAST,3385,5-Fluorouracil,4.991762161254883,3.9791553020477295
ACH-000783,CAMA-1,CAMA1_BREAST,BREAST,68947304,AMG-319,4.490179061889648,4.640607833862305
ACH-000783,CAMA-1,CAMA1_BREAST,BREAST,11634725,VX-11e,3.185218095779419,3.1598258018493652
ACH-000783,CAMA-1,CAMA1_BREAST,BREAST,16224745,MK-8776,4.065929889678955,2.6395792961120605
ACH-000783,CAMA-1,CAMA1_BREAST,BREAST,3062316,Dasatinib,3.5480730533599854,2.97977352142334
ACH-000783,CAMA-1,CAMA1_BREAST,BREAST,36314,Paclitaxel,-3.639427900314331,-2.9903085231781006
ACH-000783,CAMA-1,CAMA1_BREAST,BREAST,4261,Entinostat,1.9788780212402344,1.525112271308899
ACH-000783,CAMA-1,CAMA1_BREAST,BREAST,11626560,Crizotinib,3.373321056365967,2.1530468463897705
ACH-000783,CAMA-1,CAMA1_BREAST,BREAST,118704762,LJI308,5.5030012130737305,4.823139667510986
ACH-000783,CAMA-1,CAMA1_BREAST,BREAST,216239,Sorafenib,1.8992760181427002,2.0816619396209717
ACH-000783,CAMA-1,CAMA1_BREAST,BREAST,11364421,BI-2536,2.5331759452819824,-1.5074611902236938
ACH-000783,CAMA-1,CAMA1_BREAST,BREAST,46926973,LGK974,3.3668010234832764,3.671976327896118
ACH-000783,CAMA-1,CAMA1_BREAST,BREAST,60838,Irinotecan,3.8229169845581055,2.036679744720459
ACH-000783,CAMA-1,CAMA1_BREAST,BREAST,5310940,Oxaliplatin,5.1003570556640625,3.153726577758789
ACH-000783,CAMA-1,CAMA1_BREAST,BREAST,117072552,GSK591,5.272642135620117,4.1137590408325195
ACH-000783,CAMA-1,CAMA1_BREAST,BREAST,51000408,VE821,4.976012229919434,3.5519134998321533
ACH-000783,CAMA-1,CAMA1_BREAST,BREAST,25124816,GSK1904529A,4.0919318199157715,3.785994052886963
ACH-000783,CAMA-1,CAMA1_BREAST,BREAST,5494449,Tozasertib,3.856935977935791,1.3513720035552979
ACH-000783,CAMA-1,CAMA1_BREAST,BREAST,59472121,VE-822,3.4933109283447266,2.6983909606933594
ACH-000783,CAMA-1,CAMA1_BREAST,BREAST,72200024,WZ4003,5.362275123596191,3.9414334297180176
ACH-000783,CAMA-1,CAMA1_BREAST,BREAST,42623951,CZC24832,4.418463230133057,4.962504863739014
ACH-000783,CAMA-1,CAMA1_BREAST,BREAST,49847690,AZD5582,0.7461779713630676,1.8509796857833862
ACH-000783,CAMA-1,CAMA1_BREAST,BREAST,53469448,GSK2606414,3.4675679206848145,3.592679023742676
ACH-000783,CAMA-1,CAMA1_BREAST,BREAST,78243717,PFI3,4.59624719619751,5.078841209411621
ACH-000783,CAMA-1,CAMA1_BREAST,BREAST,24753719,PCI-34051,4.3725690841674805,4.012589931488037
ACH-000783,CAMA-1,CAMA1_BREAST,BREAST,57519544,Wnt-C59,3.0301809310913086,3.8554253578186035
ACH-000783,CAMA-1,CAMA1_BREAST,BREAST,46943432,I-BET-762,3.868422031402588,2.9141485691070557
ACH-000783,CAMA-1,CAMA1_BREAST,BREAST,9936746,OTX015,3.539613962173462,2.3164467811584473
ACH-000783,CAMA-1,CAMA1_BREAST,BREAST,71268957,GSK343,2.1063709259033203,2.4701972007751465
ACH-000783,CAMA-1,CAMA1_BREAST,BREAST,60167849,ML323,3.989159107208252,4.067317008972168
ACH-000783,CAMA-1,CAMA1_BREAST,BREAST,59473233,Entospletinib,3.5884430408477783,3.7028210163116455
ACH-000783,CAMA-1,CAMA1_BREAST,BREAST,44462758,PRT062607,4.978723049163818,2.97723388671875
ACH-000783,CAMA-1,CAMA1_BREAST,BREAST,44631912,Ribociclib,3.884100914001465,3.437821865081787
ACH-000783,CAMA-1,CAMA1_BREAST,BREAST,71299339,AGI-6780,3.4522950649261475,3.828158140182495
ACH-000783,CAMA-1,CAMA1_BREAST,BREAST,1018,Picolinici-acid,4.40303897857666,4.9554619789123535
ACH-000783,CAMA-1,CAMA1_BREAST,BREAST,51371303,PF-4708671,3.1794850826263428,3.1743974685668945
ACH-000783,CAMA-1,CAMA1_BREAST,BREAST,52918385,PRIMA-1MET,2.818840980529785,4.448627948760986
ACH-000783,CAMA-1,CAMA1_BREAST,BREAST,11609586,Serdemetan,4.325446128845215,3.4703991413116455
ACH-000783,CAMA-1,CAMA1_BREAST,BREAST,44137675,AZD6482,2.008436918258667,3.539829969406128
ACH-000783,CAMA-1,CAMA1_BREAST,BREAST,42642645,Foretinib,1.9863029718399048,1.2013592720031738
ACH-000783,CAMA-1,CAMA1_BREAST,BREAST,46907787,JQ1,2.808298110961914,2.07698130607605
ACH-000783,CAMA-1,CAMA1_BREAST,BREAST,11455910,TW 37,-0.23083600401878357,1.3384652137756348
ACH-000783,CAMA-1,CAMA1_BREAST,BREAST,71271629,PFI-1,5.180133819580078,3.7397408485412598
ACH-000783,CAMA-1,CAMA1_BREAST,BREAST,56962337,SGC0946,1.8740979433059692,1.8476206064224243
ACH-000783,CAMA-1,CAMA1_BREAST,BREAST,176870,Erlotinib,4.065659046173096,2.7979440689086914
ACH-000783,CAMA-1,CAMA1_BREAST,BREAST,9931953,Rucaparib,3.2585580348968506,3.591045618057251
ACH-000783,CAMA-1,CAMA1_BREAST,BREAST,24958200,Niraparib,4.829300880432129,3.860091209411621
ACH-000783,CAMA-1,CAMA1_BREAST,BREAST,24856436,MK-1775,2.335326910018921,0.7362451553344727
ACH-000783,CAMA-1,CAMA1_BREAST,BREAST,46926350,Dinaciclib,-1.81045401096344,-2.405031204223633
ACH-000783,CAMA-1,CAMA1_BREAST,BREAST,60750,Gemcitabine,2.510895013809204,-0.9744554758071899
ACH-000783,CAMA-1,CAMA1_BREAST,BREAST,387447,Bortezomib,-5.576600074768066,-5.152619361877441
ACH-000783,CAMA-1,CAMA1_BREAST,BREAST,16095342,GSK269962A,2.5600180625915527,1.9235495328903198
ACH-000783,CAMA-1,CAMA1_BREAST,BREAST,2733526,Tamoxifen,2.636583089828491,3.5486040115356445
ACH-000783,CAMA-1,CAMA1_BREAST,BREAST,104741,Fulvestrant,1.2000420093536377,2.6444122791290283
ACH-000783,CAMA-1,CAMA1_BREAST,BREAST,56962336,EPZ004777,4.325239181518555,4.844236373901367
ACH-000783,CAMA-1,CAMA1_BREAST,BREAST,44632017,YK-4-279,2.182400941848755,1.7401790618896484
ACH-000783,CAMA-1,CAMA1_BREAST,BREAST,6914657,Daporinad,-3.350959062576294,-2.9939098358154297
ACH-000783,CAMA-1,CAMA1_BREAST,BREAST,9813758,BMS-345541,4.4505181312561035,2.6246562004089355
ACH-000783,CAMA-1,CAMA1_BREAST,BREAST,25099184,AZ960,4.669187068939209,1.8289783000946045
ACH-000783,CAMA-1,CAMA1_BREAST,BREAST,51039095,AZD4547,3.5195229053497314,2.5083234310150146
ACH-000783,CAMA-1,CAMA1_BREAST,BREAST,24821094,Ibrutinib,5.426667213439941,4.193811416625977
ACH-000783,CAMA-1,CAMA1_BREAST,BREAST,70983932,GSK2830371,5.426835060119629,5.047365188598633
ACH-000783,CAMA-1,CAMA1_BREAST,BREAST,46236925,Sabutoclax,-0.4173380136489868,0.008616805076599121
ACH-000783,CAMA-1,CAMA1_BREAST,BREAST,11655119,LY2109761,5.410656929016113,4.7099151611328125
ACH-000783,CAMA-1,CAMA1_BREAST,BREAST,35397514,OF-1,3.176203966140747,3.67596697807312
ACH-000783,CAMA-1,CAMA1_BREAST,BREAST,2802462,MN-64,5.441901206970215,4.3855390548706055
ACH-000783,CAMA-1,CAMA1_BREAST,BREAST,73555129,KRAS (G12C) Inhibitor-12,5.314538955688477,3.866856336593628
ACH-000783,CAMA-1,CAMA1_BREAST,BREAST,462382,MG-132,-1.2687679529190063,-0.9739241600036621
ACH-000783,CAMA-1,CAMA1_BREAST,BREAST,11707110,Trametinib,2.327883005142212,1.377200961112976
ACH-000783,CAMA-1,CAMA1_BREAST,BREAST,44462760,Dabrafenib,4.345420837402344,4.5684709548950195
ACH-000783,CAMA-1,CAMA1_BREAST,BREAST,5394,Temozolomide,6.432158946990967,6.398191928863525
ACH-000783,CAMA-1,CAMA1_BREAST,BREAST,5460769,Bleomycin (50 uM),5.32698392868042,3.1885740756988525
ACH-000783,CAMA-1,CAMA1_BREAST,BREAST,49846579,Venotoclax,2.3457860946655273,1.7806670665740967
ACH-000783,CAMA-1,CAMA1_BREAST,BREAST,11228183,ABT737,2.669703960418701,1.360149621963501
ACH-000783,CAMA-1,CAMA1_BREAST,BREAST,46843057,Afuresertib,-1.0492249727249146,2.179291248321533
ACH-000783,CAMA-1,CAMA1_BREAST,BREAST,56645356,AGI-5198,3.6898488998413086,4.377041339874268
ACH-000783,CAMA-1,CAMA1_BREAST,BREAST,78209992,AZD3759,2.788374900817871,2.339623212814331
ACH-000783,CAMA-1,CAMA1_BREAST,BREAST,54761306,AZD6738,2.1478500366210938,1.9530370235443115
ACH-000783,CAMA-1,CAMA1_BREAST,BREAST,52913813,AZD8186,0.4913559854030609,3.2700178623199463
ACH-000783,CAMA-1,CAMA1_BREAST,BREAST,71496458,Osimertinib,1.6816660165786743,1.8055031299591064
ACH-000783,CAMA-1,CAMA1_BREAST,BREAST,9933475,Cediranib,1.8056210279464722,2.174898386001587
ACH-000783,CAMA-1,CAMA1_BREAST,BREAST,24788740,Ipatasertib,0.08848600089550018,3.0126237869262695
ACH-000783,CAMA-1,CAMA1_BREAST,BREAST,56941241,GDC0810,2.7214739322662354,4.730227470397949
ACH-000783,CAMA-1,CAMA1_BREAST,BREAST,70676303,GNE-317,-0.7204390168190002,1.0460151433944702
ACH-000783,CAMA-1,CAMA1_BREAST,BREAST,68107965,GSK2578215A,3.8423309326171875,4.615220546722412
ACH-000783,CAMA-1,CAMA1_BREAST,BREAST,91668541,I-BRD9,3.5466129779815674,3.909971237182617
ACH-000783,CAMA-1,CAMA1_BREAST,BREAST,10385095,Telomerase Inhibitor IX,-0.1386920064687729,0.7859014272689819
ACH-000783,CAMA-1,CAMA1_BREAST,BREAST,227681,MIRA-1,5.336227893829346,5.148777484893799
ACH-000783,CAMA-1,CAMA1_BREAST,BREAST,9825149,NVP-ADW742,3.959855079650879,2.440230131149292
ACH-000783,CAMA-1,CAMA1_BREAST,BREAST,46931953,P22077,5.164851188659668,3.8079347610473633
ACH-000783,CAMA-1,CAMA1_BREAST,BREAST,68289010,Savolitinib,3.1392929553985596,2.2472636699676514
ACH-000783,CAMA-1,CAMA1_BREAST,BREAST,992586,UMI-77,1.9170479774475098,2.4741106033325195
ACH-000783,CAMA-1,CAMA1_BREAST,BREAST,2984337,WIKI4,3.7779510021209717,3.5491960048675537
ACH-000783,CAMA-1,CAMA1_BREAST,BREAST,11178236,Sepantronium bromide,-5.771474838256836,-1.927314043045044
ACH-000783,CAMA-1,CAMA1_BREAST,BREAST,71297207,WEHI-539,3.6914589405059814,3.0798609256744385
ACH-000783,CAMA-1,CAMA1_BREAST,BREAST,104842,SN-38,3.5887720584869385,-3.9874491691589355
ACH-000783,CAMA-1,CAMA1_BREAST,BREAST,25126798,Ruxolitinib,4.442602157592773,4.354135036468506
ACH-000783,CAMA-1,CAMA1_BREAST,BREAST,11640390,Linsitinib,4.745847225189209,3.328503131866455
ACH-000783,CAMA-1,CAMA1_BREAST,BREAST,41867,Epirubicin,-1.0232839584350586,-0.24801930785179138
ACH-000783,CAMA-1,CAMA1_BREAST,BREAST,2907,Cyclophosphamide,4.773076057434082,4.877574443817139
ACH-000783,CAMA-1,CAMA1_BREAST,BREAST,24360,Camptothecin,-0.46904999017715454,-1.9425454139709473
ACH-000783,CAMA-1,CAMA1_BREAST,BREAST,6710780,Vinblastine,-2.049185037612915,-3.554426670074463
ACH-000783,CAMA-1,CAMA1_BREAST,BREAST,84691,Cisplatin,3.99650502204895,2.505991220474243
ACH-000783,CAMA-1,CAMA1_BREAST,BREAST,6253,Cytarabine,2.2949941158294678,1.982684850692749
ACH-000783,CAMA-1,CAMA1_BREAST,BREAST,148124,Docetaxel,-5.156128883361816,-4.664019584655762
ACH-000783,CAMA-1,CAMA1_BREAST,BREAST,126941,Methotrexate,1.245906949043274,1.2336206436157227
ACH-000783,CAMA-1,CAMA1_BREAST,BREAST,123631,Gefitinib,3.539915084838867,2.842088222503662
ACH-000783,CAMA-1,CAMA1_BREAST,BREAST,24978538,Navitoclax,1.2746100425720215,1.0752816200256348
ACH-000783,CAMA-1,CAMA1_BREAST,BREAST,5311,Vorinostat,0.8189780116081238,1.3307902812957764
ACH-000783,CAMA-1,CAMA1_BREAST,BREAST,644241,Nilotinib,2.4475419521331787,3.321572780609131
ACH-000783,CAMA-1,CAMA1_BREAST,BREAST,44182295,Refametinib,3.1195600032806396,2.868279218673706
ACH-000783,CAMA-1,CAMA1_BREAST,BREAST,6918289,Temsirolimus,0.2569980025291443,1.4350602626800537
ACH-000783,CAMA-1,CAMA1_BREAST,BREAST,23725625,Olaparib,4.145928859710693,3.8460042476654053
ACH-000783,CAMA-1,CAMA1_BREAST,BREAST,11960529,Veliparib,4.73543119430542,4.979562759399414
ACH-000783,CAMA-1,CAMA1_BREAST,BREAST,5328940,Bosutinib,3.900463104248047,2.7161054611206055
ACH-000783,CAMA-1,CAMA1_BREAST,BREAST,216326,Lenalidomide,4.917963981628418,4.958733558654785
ACH-000783,CAMA-1,CAMA1_BREAST,BREAST,6450551,Axitinib,3.5863161087036133,2.3748996257781982
ACH-000783,CAMA-1,CAMA1_BREAST,BREAST,11152667,AZD7762,2.529623031616211,0.917829155921936
ACH-000783,CAMA-1,CAMA1_BREAST,BREAST,9943465,GW441756,3.225714921951294,2.978829860687256
ACH-000568,UACC-812,UACC812_BREAST,BREAST,126565,Lestaurtinib,4.505558013916016,1.3125245571136475
ACH-000568,UACC-812,UACC812_BREAST,BREAST,6505803,Tanespimycin,2.6754579544067383,0.7672635316848755
ACH-000568,UACC-812,UACC812_BREAST,BREAST,5311497,Vinorelbine,-1.7096459865570068,-1.5612672567367554
ACH-000568,UACC-812,UACC812_BREAST,BREAST,11667893,Motesanib,6.296679973602295,5.340993404388428
ACH-000568,UACC-812,UACC812_BREAST,BREAST,10184653,Afatinib,1.0222769975662231,2.1040916442871094
ACH-000568,UACC-812,UACC812_BREAST,BREAST,24776445,Vismodegib,5.1543450355529785,4.776669979095459
ACH-000568,UACC-812,UACC812_BREAST,BREAST,24180719,PLX-4720,4.295138835906982,4.533685207366943
ACH-000568,UACC-812,UACC812_BREAST,BREAST,11327430,NU7441,5.270977973937988,3.348848342895508
ACH-000568,UACC-812,UACC812_BREAST,BREAST,16720766,Pevonedistat,2.8958609104156494,1.547581434249878
ACH-000568,UACC-812,UACC812_BREAST,BREAST,11488320,Sapitinib,1.2930519580841064,3.968251943588257
ACH-000568,UACC-812,UACC812_BREAST,BREAST,10384072,Wee1 Inhibitor,1.8077419996261597,2.263880491256714
ACH-000568,UACC-812,UACC812_BREAST,BREAST,11433190,Nutlin-3a (-),3.1526639461517334,4.863478660583496
ACH-000568,UACC-812,UACC812_BREAST,BREAST,208908,Lapatinib,1.018218994140625,3.550278902053833
ACH-000568,UACC-812,UACC812_BREAST,BREAST,1401,PD173074,4.230237007141113,3.8164048194885254
ACH-000568,UACC-812,UACC812_BREAST,BREAST,9914412,ZM447439,4.829957962036133,2.7131402492523193
ACH-000568,UACC-812,UACC812_BREAST,BREAST,56649450,Alpelisib,2.5329089164733887,3.7706100940704346
ACH-000568,UACC-812,UACC812_BREAST,BREAST,46930998,MK-2206,1.806947946548462,3.1348986625671387
ACH-000568,UACC-812,UACC812_BREAST,BREAST,5330286,Palbociclib,3.8815879821777344,4.015543460845947
ACH-000568,UACC-812,UACC812_BREAST,BREAST,51001932,Taselisib,1.0463659763336182,2.3602123260498047
ACH-000568,UACC-812,UACC812_BREAST,BREAST,57345410,EPZ5676,6.543221950531006,5.36106538772583
ACH-000568,UACC-812,UACC812_BREAST,BREAST,11977753,Dactolisib,-0.46375200152397156,-0.29542770981788635
ACH-000568,UACC-812,UACC812_BREAST,BREAST,17755052,Pictilisib,0.2596859931945801,1.7137494087219238
ACH-000568,UACC-812,UACC812_BREAST,BREAST,25262965,AZD8055,-0.5576639771461487,1.042924404144287
ACH-000568,UACC-812,UACC812_BREAST,BREAST,9826528,PD0325901,4.309751987457275,2.938905715942383
ACH-000568,UACC-812,UACC812_BREAST,BREAST,24866313,SCH772984,5.811657905578613,3.7529001235961914
ACH-000568,UACC-812,UACC812_BREAST,BREAST,10127622,Selumetinib,4.648603916168213,4.209212779998779
ACH-000568,UACC-812,UACC812_BREAST,BREAST,9927531,BIBR-1532,5.833734035491943,4.774898529052734
ACH-000568,UACC-812,UACC812_BREAST,BREAST,2314623,CCT007093,5.430025100708008,5.036752700805664
ACH-000568,UACC-812,UACC812_BREAST,BREAST,9938202,EHT-1864,2.757327079772949,3.373321533203125
ACH-000568,UACC-812,UACC812_BREAST,BREAST,25227847,Pyridostatin,5.036732196807861,3.5001420974731445
ACH-000568,UACC-812,UACC812_BREAST,BREAST,46883536,Avagacestat,6.71413516998291,4.611917972564697
ACH-000568,UACC-812,UACC812_BREAST,BREAST,3385,5-Fluorouracil,3.4742660522460938,4.466965198516846
ACH-000568,UACC-812,UACC812_BREAST,BREAST,68947304,AMG-319,6.183359146118164,4.885309219360352
ACH-000568,UACC-812,UACC812_BREAST,BREAST,11634725,VX-11e,4.860358238220215,3.6288504600524902
ACH-000568,UACC-812,UACC812_BREAST,BREAST,16224745,MK-8776,5.562954902648926,3.1614482402801514
ACH-000568,UACC-812,UACC812_BREAST,BREAST,3062316,Dasatinib,2.4018750190734863,3.1330902576446533
ACH-000568,UACC-812,UACC812_BREAST,BREAST,36314,Paclitaxel,-3.348612070083618,-1.650191307067871
ACH-000568,UACC-812,UACC812_BREAST,BREAST,11626560,Crizotinib,4.67448091506958,2.8961918354034424
ACH-000568,UACC-812,UACC812_BREAST,BREAST,118704762,LJI308,6.282427787780762,4.983510494232178
ACH-000568,UACC-812,UACC812_BREAST,BREAST,216239,Sorafenib,2.107243061065674,2.502528667449951
ACH-000568,UACC-812,UACC812_BREAST,BREAST,11364421,BI-2536,4.243806838989258,0.123261958360672
ACH-000568,UACC-812,UACC812_BREAST,BREAST,46926973,LGK974,4.180055141448975,3.9772727489471436
ACH-000568,UACC-812,UACC812_BREAST,BREAST,60838,Irinotecan,2.8989648818969727,2.569573163986206
ACH-000568,UACC-812,UACC812_BREAST,BREAST,5310940,Oxaliplatin,4.296255111694336,3.7416462898254395
ACH-000568,UACC-812,UACC812_BREAST,BREAST,117072552,GSK591,6.221170902252197,4.360830307006836
ACH-000568,UACC-812,UACC812_BREAST,BREAST,51000408,VE821,6.288759231567383,3.9411706924438477
ACH-000568,UACC-812,UACC812_BREAST,BREAST,25124816,GSK1904529A,5.484927177429199,4.085606098175049
ACH-000568,UACC-812,UACC812_BREAST,BREAST,44631912,Ribociclib,1.9971020221710205,3.846486806869507
ACH-000568,UACC-812,UACC812_BREAST,BREAST,11609586,Serdemetan,4.264445781707764,3.7634456157684326
ACH-000568,UACC-812,UACC812_BREAST,BREAST,42642645,Foretinib,2.2102301120758057,1.684583067893982
ACH-000568,UACC-812,UACC812_BREAST,BREAST,46907787,JQ1,6.286251068115234,2.7801785469055176
ACH-000568,UACC-812,UACC812_BREAST,BREAST,11455910,TW 37,2.764132022857666,1.8251991271972656
ACH-000568,UACC-812,UACC812_BREAST,BREAST,71271629,PFI-1,5.361082077026367,4.06601619720459
ACH-000568,UACC-812,UACC812_BREAST,BREAST,56962337,SGC0946,2.426175117492676,2.174185276031494
ACH-000568,UACC-812,UACC812_BREAST,BREAST,176870,Erlotinib,5.607128143310547,2.989185094833374
ACH-000568,UACC-812,UACC812_BREAST,BREAST,9931953,Rucaparib,4.4287109375,3.870277166366577
ACH-000568,UACC-812,UACC812_BREAST,BREAST,24856436,MK-1775,2.8408210277557373,1.4096602201461792
ACH-000568,UACC-812,UACC812_BREAST,BREAST,60750,Gemcitabine,2.2410030364990234,-0.13581141829490662
ACH-000568,UACC-812,UACC812_BREAST,BREAST,387447,Bortezomib,-4.524712085723877,-4.453701972961426
ACH-000568,UACC-812,UACC812_BREAST,BREAST,2733526,Tamoxifen,3.9377920627593994,3.9094183444976807
ACH-000568,UACC-812,UACC812_BREAST,BREAST,104741,Fulvestrant,3.1085429191589355,2.9446756839752197
ACH-000568,UACC-812,UACC812_BREAST,BREAST,56962336,EPZ004777,6.283158779144287,5.0358076095581055
ACH-000568,UACC-812,UACC812_BREAST,BREAST,44632017,YK-4-279,4.504892826080322,2.5501742362976074
ACH-000568,UACC-812,UACC812_BREAST,BREAST,6914657,Daporinad,-0.1495479941368103,-1.1669275760650635
ACH-000568,UACC-812,UACC812_BREAST,BREAST,51039095,AZD4547,5.160375118255615,2.944951057434082
ACH-000568,UACC-812,UACC812_BREAST,BREAST,70983932,GSK2830371,6.203492164611816,5.249668121337891
ACH-000568,UACC-812,UACC812_BREAST,BREAST,462382,MG-132,-1.2015409469604492,-0.7721434831619263
ACH-000568,UACC-812,UACC812_BREAST,BREAST,11707110,Trametinib,3.236443042755127,2.039870262145996
ACH-000568,UACC-812,UACC812_BREAST,BREAST,44462760,Dabrafenib,5.629003047943115,4.690237522125244
ACH-000568,UACC-812,UACC812_BREAST,BREAST,5394,Temozolomide,7.85454797744751,6.491678714752197
ACH-000568,UACC-812,UACC812_BREAST,BREAST,5460769,Bleomycin (50 uM),5.4132819175720215,3.757148027420044
ACH-000568,UACC-812,UACC812_BREAST,BREAST,49846579,Venotoclax,4.721814155578613,2.2112855911254883
ACH-000568,UACC-812,UACC812_BREAST,BREAST,11228183,ABT737,4.408901214599609,1.7173997163772583
ACH-000568,UACC-812,UACC812_BREAST,BREAST,46843057,Afuresertib,2.09130597114563,2.820535182952881
ACH-000568,UACC-812,UACC812_BREAST,BREAST,56645356,AGI-5198,4.6685991287231445,4.509571552276611
ACH-000568,UACC-812,UACC812_BREAST,BREAST,78209992,AZD3759,3.979940891265869,2.535956621170044
ACH-000568,UACC-812,UACC812_BREAST,BREAST,54761306,AZD6738,3.355015993118286,2.5250604152679443
ACH-000568,UACC-812,UACC812_BREAST,BREAST,52913813,AZD8186,2.18403697013855,3.590031623840332
ACH-000568,UACC-812,UACC812_BREAST,BREAST,71496458,Osimertinib,-0.06069200113415718,2.061206817626953
ACH-000568,UACC-812,UACC812_BREAST,BREAST,9933475,Cediranib,2.1467580795288086,2.486835479736328
ACH-000568,UACC-812,UACC812_BREAST,BREAST,24788740,Ipatasertib,3.327420949935913,3.717832565307617
ACH-000568,UACC-812,UACC812_BREAST,BREAST,56941241,GDC0810,5.605370044708252,4.913209438323975
ACH-000568,UACC-812,UACC812_BREAST,BREAST,70676303,GNE-317,0.4528830051422119,1.459830641746521
ACH-000568,UACC-812,UACC812_BREAST,BREAST,68107965,GSK2578215A,6.581700801849365,4.779223442077637
ACH-000568,UACC-812,UACC812_BREAST,BREAST,91668541,I-BRD9,5.630752086639404,4.378015041351318
ACH-000568,UACC-812,UACC812_BREAST,BREAST,10385095,Telomerase Inhibitor IX,2.0852420330047607,1.2809677124023438
ACH-000568,UACC-812,UACC812_BREAST,BREAST,227681,MIRA-1,5.510697841644287,5.37043571472168
ACH-000568,UACC-812,UACC812_BREAST,BREAST,9825149,NVP-ADW742,3.9962708950042725,3.0253758430480957
ACH-000568,UACC-812,UACC812_BREAST,BREAST,46931953,P22077,4.427617073059082,4.262953758239746
ACH-000568,UACC-812,UACC812_BREAST,BREAST,68289010,Savolitinib,4.415623188018799,2.6241838932037354
ACH-000568,UACC-812,UACC812_BREAST,BREAST,992586,UMI-77,2.5430350303649902,2.6668601036071777
ACH-000568,UACC-812,UACC812_BREAST,BREAST,2984337,WIKI4,4.0867180824279785,3.673247814178467
ACH-000568,UACC-812,UACC812_BREAST,BREAST,11178236,Sepantronium bromide,-4.602056980133057,-1.2902814149856567
ACH-000568,UACC-812,UACC812_BREAST,BREAST,71297207,WEHI-539,6.211487770080566,3.404200553894043
ACH-000568,UACC-812,UACC812_BREAST,BREAST,104842,SN-38,3.5512070655822754,-3.425096273422241
ACH-000568,UACC-812,UACC812_BREAST,BREAST,11640390,Linsitinib,6.508893966674805,3.850599765777588
ACH-000568,UACC-812,UACC812_BREAST,BREAST,41867,Epirubicin,-0.2957890033721924,0.15124455094337463
ACH-000568,UACC-812,UACC812_BREAST,BREAST,2907,Cyclophosphamide,5.646067142486572,5.04086971282959
ACH-000568,UACC-812,UACC812_BREAST,BREAST,24360,Camptothecin,-2.130239963531494,-1.7280538082122803
ACH-000568,UACC-812,UACC812_BREAST,BREAST,6710780,Vinblastine,-1.4632220268249512,-1.8337262868881226
ACH-000568,UACC-812,UACC812_BREAST,BREAST,84691,Cisplatin,3.518721103668213,3.0485379695892334
ACH-000568,UACC-812,UACC812_BREAST,BREAST,6253,Cytarabine,4.884192943572998,2.593473434448242
ACH-000568,UACC-812,UACC812_BREAST,BREAST,148124,Docetaxel,-3.2334508895874023,-3.3290138244628906
ACH-000568,UACC-812,UACC812_BREAST,BREAST,123631,Gefitinib,3.7431740760803223,3.01078200340271
ACH-000568,UACC-812,UACC812_BREAST,BREAST,24978538,Navitoclax,1.9573010206222534,1.5443326234817505
ACH-000568,UACC-812,UACC812_BREAST,BREAST,5311,Vorinostat,1.6083290576934814,1.8398947715759277
ACH-000568,UACC-812,UACC812_BREAST,BREAST,644241,Nilotinib,5.578955173492432,3.689964771270752
ACH-000568,UACC-812,UACC812_BREAST,BREAST,44182295,Refametinib,4.347139835357666,3.419548511505127
ACH-000568,UACC-812,UACC812_BREAST,BREAST,6918289,Temsirolimus,-0.40918201208114624,1.9479857683181763
ACH-000568,UACC-812,UACC812_BREAST,BREAST,23725625,Olaparib,4.932301044464111,4.0768842697143555
ACH-000568,UACC-812,UACC812_BREAST,BREAST,11960529,Veliparib,4.452159881591797,5.163889408111572
ACH-000568,UACC-812,UACC812_BREAST,BREAST,5328940,Bosutinib,4.068323135375977,3.0481653213500977
ACH-000568,UACC-812,UACC812_BREAST,BREAST,216326,Lenalidomide,6.291418075561523,5.152766704559326
ACH-000568,UACC-812,UACC812_BREAST,BREAST,6450551,Axitinib,3.6141319274902344,2.9436347484588623
ACH-000568,UACC-812,UACC812_BREAST,BREAST,11152667,AZD7762,3.3873291015625,1.4400273561477661
ACH-000818,BT-483,BT483_BREAST,BREAST,126565,Lestaurtinib,1.623337984085083,1.1548404693603516
ACH-000818,BT-483,BT483_BREAST,BREAST,176158,SB216763,8.937849044799805,5.09733772277832
ACH-000818,BT-483,BT483_BREAST,BREAST,6505803,Tanespimycin,2.3156468868255615,0.5380845069885254
ACH-000818,BT-483,BT483_BREAST,BREAST,5311497,Vinorelbine,2.784703016281128,-1.6023119688034058
ACH-000818,BT-483,BT483_BREAST,BREAST,11667893,Motesanib,8.252326011657715,5.510900497436523
ACH-000818,BT-483,BT483_BREAST,BREAST,5278396,KU-55933,7.433145999908447,5.211935997009277
ACH-000818,BT-483,BT483_BREAST,BREAST,10184653,Afatinib,4.920464992523193,2.1510939598083496
ACH-000818,BT-483,BT483_BREAST,BREAST,24776445,Vismodegib,7.973076820373535,4.817101955413818
ACH-000818,BT-483,BT483_BREAST,BREAST,24180719,PLX-4720,7.736857891082764,4.776577949523926
ACH-000818,BT-483,BT483_BREAST,BREAST,11327430,NU7441,5.048917770385742,3.3608193397521973
ACH-000818,BT-483,BT483_BREAST,BREAST,16720766,Pevonedistat,8.303387641906738,1.4510451555252075
ACH-000818,BT-483,BT483_BREAST,BREAST,11488320,Sapitinib,5.894678115844727,4.4636945724487305
ACH-000818,BT-483,BT483_BREAST,BREAST,156422,Doramapimod,3.3734939098358154,4.911500453948975
ACH-000818,BT-483,BT483_BREAST,BREAST,51042438,Uprosertib,3.8378190994262695,3.250803232192993
ACH-000818,BT-483,BT483_BREAST,BREAST,10384072,Wee1 Inhibitor,3.4191648960113525,2.0453107357025146
ACH-000818,BT-483,BT483_BREAST,BREAST,11433190,Nutlin-3a (-),6.792111873626709,4.969339370727539
ACH-000818,BT-483,BT483_BREAST,BREAST,208908,Lapatinib,5.070576190948486,3.827972888946533
ACH-000818,BT-483,BT483_BREAST,BREAST,1401,PD173074,7.156982898712158,3.8266139030456543
ACH-000818,BT-483,BT483_BREAST,BREAST,9914412,ZM447439,5.468392848968506,2.5890138149261475
ACH-000818,BT-483,BT483_BREAST,BREAST,24771867,Alisertib,5.677465915679932,2.5937585830688477
ACH-000818,BT-483,BT483_BREAST,BREAST,56649450,Alpelisib,3.83528208732605,3.802717685699463
ACH-000818,BT-483,BT483_BREAST,BREAST,46930998,MK-2206,5.574368953704834,3.020268678665161
ACH-000818,BT-483,BT483_BREAST,BREAST,5330286,Palbociclib,8.593655586242676,4.066800117492676
ACH-000818,BT-483,BT483_BREAST,BREAST,51001932,Taselisib,3.3261210918426514,2.4887101650238037
ACH-000818,BT-483,BT483_BREAST,BREAST,57345410,EPZ5676,8.332159042358398,5.538632392883301
ACH-000818,BT-483,BT483_BREAST,BREAST,11977753,Dactolisib,1.3176920413970947,-0.3777402937412262
ACH-000818,BT-483,BT483_BREAST,BREAST,17755052,Pictilisib,3.854841947555542,1.7349565029144287
ACH-000818,BT-483,BT483_BREAST,BREAST,25262965,AZD8055,0.7473509907722473,1.1154825687408447
ACH-000818,BT-483,BT483_BREAST,BREAST,9826528,PD0325901,6.501832008361816,1.7776992321014404
ACH-000818,BT-483,BT483_BREAST,BREAST,24866313,SCH772984,6.8036088943481445,2.873831033706665
ACH-000818,BT-483,BT483_BREAST,BREAST,10127622,Selumetinib,6.821088790893555,3.7571520805358887
ACH-000818,BT-483,BT483_BREAST,BREAST,9927531,BIBR-1532,7.3781561851501465,4.829261779785156
ACH-000818,BT-483,BT483_BREAST,BREAST,25227847,Pyridostatin,5.82515811920166,3.435176372528076
ACH-000818,BT-483,BT483_BREAST,BREAST,46883536,Avagacestat,8.024555206298828,4.740929126739502
ACH-000818,BT-483,BT483_BREAST,BREAST,3385,5-Fluorouracil,8.572084426879883,4.589052677154541
ACH-000818,BT-483,BT483_BREAST,BREAST,68947304,AMG-319,7.36642599105835,5.0513529777526855
ACH-000818,BT-483,BT483_BREAST,BREAST,11634725,VX-11e,7.598597049713135,3.2440412044525146
ACH-000818,BT-483,BT483_BREAST,BREAST,16224745,MK-8776,7.3181071281433105,3.051823854446411
ACH-000818,BT-483,BT483_BREAST,BREAST,3062316,Dasatinib,6.663364887237549,3.235292911529541
ACH-000818,BT-483,BT483_BREAST,BREAST,36314,Paclitaxel,1.9016649723052979,-1.6043133735656738
ACH-000818,BT-483,BT483_BREAST,BREAST,4261,Entinostat,6.534665107727051,1.890275001525879
ACH-000818,BT-483,BT483_BREAST,BREAST,11626560,Crizotinib,5.781803131103516,2.677075147628784
ACH-000818,BT-483,BT483_BREAST,BREAST,118704762,LJI308,8.191079139709473,5.031278610229492
ACH-000818,BT-483,BT483_BREAST,BREAST,216239,Sorafenib,4.471245765686035,2.2795331478118896
ACH-000818,BT-483,BT483_BREAST,BREAST,11364421,BI-2536,3.0519731044769287,0.1126420795917511
ACH-000818,BT-483,BT483_BREAST,BREAST,46926973,LGK974,6.480441093444824,3.8979122638702393
ACH-000818,BT-483,BT483_BREAST,BREAST,60838,Irinotecan,7.038210868835449,2.352724313735962
ACH-000818,BT-483,BT483_BREAST,BREAST,5310940,Oxaliplatin,7.726398944854736,3.7939293384552
ACH-000818,BT-483,BT483_BREAST,BREAST,117072552,GSK591,7.8215718269348145,4.506194114685059
ACH-000818,BT-483,BT483_BREAST,BREAST,51000408,VE821,8.173747062683105,4.03831148147583
ACH-000818,BT-483,BT483_BREAST,BREAST,25124816,GSK1904529A,5.601688861846924,4.08674955368042
ACH-000818,BT-483,BT483_BREAST,BREAST,5494449,Tozasertib,7.029768943786621,2.5604031085968018
ACH-000818,BT-483,BT483_BREAST,BREAST,44631912,Ribociclib,5.989881992340088,3.8588619232177734
ACH-000818,BT-483,BT483_BREAST,BREAST,51371303,PF-4708671,6.538067817687988,3.386591911315918
ACH-000818,BT-483,BT483_BREAST,BREAST,11609586,Serdemetan,5.241975784301758,3.8035902976989746
ACH-000818,BT-483,BT483_BREAST,BREAST,44137675,AZD6482,5.6171770095825195,3.99552059173584
ACH-000818,BT-483,BT483_BREAST,BREAST,42642645,Foretinib,8.046469688415527,1.4725435972213745
ACH-000818,BT-483,BT483_BREAST,BREAST,46907787,JQ1,3.020576000213623,2.601027250289917
ACH-000818,BT-483,BT483_BREAST,BREAST,11455910,TW 37,5.614799976348877,1.6339081525802612
ACH-000818,BT-483,BT483_BREAST,BREAST,176870,Erlotinib,6.196019172668457,3.168499708175659
ACH-000818,BT-483,BT483_BREAST,BREAST,9931953,Rucaparib,7.027822017669678,3.7877655029296875
ACH-000818,BT-483,BT483_BREAST,BREAST,24856436,MK-1775,4.596429824829102,1.2629666328430176
ACH-000818,BT-483,BT483_BREAST,BREAST,60750,Gemcitabine,7.735116004943848,-0.1114031970500946
ACH-000818,BT-483,BT483_BREAST,BREAST,387447,Bortezomib,-1.9953199625015259,-4.527289390563965
ACH-000818,BT-483,BT483_BREAST,BREAST,16095342,GSK269962A,4.6903910636901855,2.3544790744781494
ACH-000818,BT-483,BT483_BREAST,BREAST,2733526,Tamoxifen,6.941226005554199,3.872828245162964
ACH-000818,BT-483,BT483_BREAST,BREAST,104741,Fulvestrant,5.278905868530273,2.8602936267852783
ACH-000818,BT-483,BT483_BREAST,BREAST,56962336,EPZ004777,7.4546332359313965,5.106876373291016
ACH-000818,BT-483,BT483_BREAST,BREAST,44632017,YK-4-279,8.787433624267578,2.3634116649627686
ACH-000818,BT-483,BT483_BREAST,BREAST,6914657,Daporinad,3.3043909072875977,-1.5663622617721558
ACH-000818,BT-483,BT483_BREAST,BREAST,51039095,AZD4547,4.872170925140381,2.811431884765625
ACH-000818,BT-483,BT483_BREAST,BREAST,70983932,GSK2830371,7.561567783355713,5.4216766357421875
ACH-000818,BT-483,BT483_BREAST,BREAST,462382,MG-132,1.9109300374984741,-0.9335814714431763
ACH-000818,BT-483,BT483_BREAST,BREAST,11707110,Trametinib,6.7462968826293945,0.7723795175552368
ACH-000818,BT-483,BT483_BREAST,BREAST,44462760,Dabrafenib,7.300187110900879,4.8265204429626465
ACH-000818,BT-483,BT483_BREAST,BREAST,5394,Temozolomide,9.667798042297363,6.638813018798828
ACH-000818,BT-483,BT483_BREAST,BREAST,5460769,Bleomycin (50 uM),6.487298965454102,3.747676372528076
ACH-000818,BT-483,BT483_BREAST,BREAST,49846579,Venotoclax,7.423649787902832,1.5806357860565186
ACH-000818,BT-483,BT483_BREAST,BREAST,11228183,ABT737,4.784886837005615,0.5866349935531616
ACH-000818,BT-483,BT483_BREAST,BREAST,46843057,Afuresertib,5.68294095993042,2.7222976684570312
ACH-000818,BT-483,BT483_BREAST,BREAST,56645356,AGI-5198,7.4291911125183105,4.587711334228516
ACH-000818,BT-483,BT483_BREAST,BREAST,78209992,AZD3759,5.216343879699707,2.5737123489379883
ACH-000818,BT-483,BT483_BREAST,BREAST,54761306,AZD6738,7.091536998748779,2.396721601486206
ACH-000818,BT-483,BT483_BREAST,BREAST,52913813,AZD8186,7.202539920806885,3.6924357414245605
ACH-000818,BT-483,BT483_BREAST,BREAST,71496458,Osimertinib,5.08211088180542,2.051281690597534
ACH-000818,BT-483,BT483_BREAST,BREAST,9933475,Cediranib,5.400172233581543,2.416532039642334
ACH-000818,BT-483,BT483_BREAST,BREAST,24788740,Ipatasertib,6.325394153594971,3.714874505996704
ACH-000818,BT-483,BT483_BREAST,BREAST,56941241,GDC0810,7.6090497970581055,4.979803562164307
ACH-000818,BT-483,BT483_BREAST,BREAST,70676303,GNE-317,2.3045969009399414,1.4302059412002563
ACH-000818,BT-483,BT483_BREAST,BREAST,68107965,GSK2578215A,7.361460208892822,4.809245586395264
ACH-000818,BT-483,BT483_BREAST,BREAST,91668541,I-BRD9,6.507516860961914,4.358070373535156
ACH-000818,BT-483,BT483_BREAST,BREAST,10385095,Telomerase Inhibitor IX,3.18457293510437,1.0670908689498901
ACH-000818,BT-483,BT483_BREAST,BREAST,227681,MIRA-1,7.593268871307373,5.556370258331299
ACH-000818,BT-483,BT483_BREAST,BREAST,9825149,NVP-ADW742,8.199658393859863,2.8412768840789795
ACH-000818,BT-483,BT483_BREAST,BREAST,46931953,P22077,8.114884376525879,4.195343971252441
ACH-000818,BT-483,BT483_BREAST,BREAST,68289010,Savolitinib,4.8564348220825195,2.4473419189453125
ACH-000818,BT-483,BT483_BREAST,BREAST,992586,UMI-77,6.427794933319092,2.6130378246307373
ACH-000818,BT-483,BT483_BREAST,BREAST,2984337,WIKI4,5.152279853820801,3.6928696632385254
ACH-000818,BT-483,BT483_BREAST,BREAST,11178236,Sepantronium bromide,-6.719141960144043,-1.5228747129440308
ACH-000818,BT-483,BT483_BREAST,BREAST,71297207,WEHI-539,6.476151943206787,3.281917095184326
ACH-000818,BT-483,BT483_BREAST,BREAST,104842,SN-38,5.665964126586914,-3.618591547012329
ACH-000818,BT-483,BT483_BREAST,BREAST,11640390,Linsitinib,7.567893028259277,3.6900811195373535
ACH-000818,BT-483,BT483_BREAST,BREAST,41867,Epirubicin,4.965765953063965,0.1756359040737152
ACH-000818,BT-483,BT483_BREAST,BREAST,2907,Cyclophosphamide,8.191065788269043,5.114654064178467
ACH-000818,BT-483,BT483_BREAST,BREAST,24360,Camptothecin,2.1754860877990723,-1.6299540996551514
ACH-000818,BT-483,BT483_BREAST,BREAST,6710780,Vinblastine,2.720482110977173,-2.122065305709839
ACH-000818,BT-483,BT483_BREAST,BREAST,84691,Cisplatin,7.40195894241333,2.997089147567749
ACH-000818,BT-483,BT483_BREAST,BREAST,6253,Cytarabine,5.9818902015686035,2.5580203533172607
ACH-000818,BT-483,BT483_BREAST,BREAST,148124,Docetaxel,-0.5536540150642395,-3.368994951248169
ACH-000818,BT-483,BT483_BREAST,BREAST,123631,Gefitinib,6.467382907867432,3.1582088470458984
ACH-000818,BT-483,BT483_BREAST,BREAST,24978538,Navitoclax,3.7026009559631348,0.274396151304245
ACH-000818,BT-483,BT483_BREAST,BREAST,5311,Vorinostat,3.0983030796051025,1.4695920944213867
ACH-000818,BT-483,BT483_BREAST,BREAST,644241,Nilotinib,4.103268146514893,3.6640753746032715
ACH-000818,BT-483,BT483_BREAST,BREAST,44182295,Refametinib,6.385824203491211,2.470484972000122
ACH-000818,BT-483,BT483_BREAST,BREAST,6918289,Temsirolimus,1.9007680416107178,1.9841842651367188
ACH-000818,BT-483,BT483_BREAST,BREAST,23725625,Olaparib,7.461503028869629,4.099396705627441
ACH-000818,BT-483,BT483_BREAST,BREAST,11960529,Veliparib,6.157495021820068,5.233577251434326
ACH-000818,BT-483,BT483_BREAST,BREAST,5328940,Bosutinib,6.007524013519287,3.006946325302124
ACH-000818,BT-483,BT483_BREAST,BREAST,216326,Lenalidomide,7.543682098388672,5.308556079864502
ACH-000818,BT-483,BT483_BREAST,BREAST,6450551,Axitinib,6.01982307434082,2.772587776184082
ACH-000818,BT-483,BT483_BREAST,BREAST,11152667,AZD7762,2.366239070892334,1.3916124105453491
ACH-000573,MDA-MB-436,MDAMB436_BREAST,BREAST,126565,Lestaurtinib,1.6559979915618896,-0.00790145993232727
ACH-000573,MDA-MB-436,MDAMB436_BREAST,BREAST,176158,SB216763,6.526601791381836,4.856276035308838
ACH-000573,MDA-MB-436,MDAMB436_BREAST,BREAST,6505803,Tanespimycin,1.4322619438171387,-1.0269323587417603
ACH-000573,MDA-MB-436,MDAMB436_BREAST,BREAST,5311497,Vinorelbine,-1.6340630054473877,-3.7377612590789795
ACH-000573,MDA-MB-436,MDAMB436_BREAST,BREAST,11667893,Motesanib,6.346463203430176,5.360904693603516
ACH-000573,MDA-MB-436,MDAMB436_BREAST,BREAST,5278396,KU-55933,5.285930156707764,4.954568862915039
ACH-000573,MDA-MB-436,MDAMB436_BREAST,BREAST,10184653,Afatinib,4.350083827972412,1.6347181797027588
ACH-000573,MDA-MB-436,MDAMB436_BREAST,BREAST,24776445,Vismodegib,4.976541996002197,4.76377534866333
ACH-000573,MDA-MB-436,MDAMB436_BREAST,BREAST,24180719,PLX-4720,6.3023200035095215,3.9224891662597656
ACH-000573,MDA-MB-436,MDAMB436_BREAST,BREAST,11327430,NU7441,3.8159101009368896,2.5457494258880615
ACH-000573,MDA-MB-436,MDAMB436_BREAST,BREAST,16720766,Pevonedistat,3.413327932357788,0.003202199935913086
ACH-000573,MDA-MB-436,MDAMB436_BREAST,BREAST,11488320,Sapitinib,5.068497180938721,3.810094118118286
ACH-000573,MDA-MB-436,MDAMB436_BREAST,BREAST,156422,Doramapimod,6.343258857727051,4.83565092086792
ACH-000573,MDA-MB-436,MDAMB436_BREAST,BREAST,11624601,JNK Inhibitor VIII,6.346463203430176,4.911241054534912
ACH-000573,MDA-MB-436,MDAMB436_BREAST,BREAST,51042438,Uprosertib,4.114461898803711,2.638885736465454
ACH-000573,MDA-MB-436,MDAMB436_BREAST,BREAST,24737642,LCL161,5.549746036529541,4.655969619750977
ACH-000573,MDA-MB-436,MDAMB436_BREAST,BREAST,10384072,Wee1 Inhibitor,2.1125380992889404,1.301108956336975
ACH-000573,MDA-MB-436,MDAMB436_BREAST,BREAST,11433190,Nutlin-3a (-),6.9094929695129395,4.103777885437012
ACH-000573,MDA-MB-436,MDAMB436_BREAST,BREAST,208908,Lapatinib,4.758232116699219,2.8585333824157715
ACH-000573,MDA-MB-436,MDAMB436_BREAST,BREAST,1401,PD173074,5.618030071258545,3.3959848880767822
ACH-000573,MDA-MB-436,MDAMB436_BREAST,BREAST,9914412,ZM447439,6.2983479499816895,1.9839271306991577
ACH-000573,MDA-MB-436,MDAMB436_BREAST,BREAST,24771867,Alisertib,4.414096832275391,1.3275854587554932
ACH-000573,MDA-MB-436,MDAMB436_BREAST,BREAST,56649450,Alpelisib,4.789745807647705,3.0729901790618896
ACH-000573,MDA-MB-436,MDAMB436_BREAST,BREAST,46930998,MK-2206,4.704935073852539,2.4165706634521484
ACH-000573,MDA-MB-436,MDAMB436_BREAST,BREAST,5330286,Palbociclib,4.9585418701171875,2.9974417686462402
ACH-000573,MDA-MB-436,MDAMB436_BREAST,BREAST,51001932,Taselisib,2.9582738876342773,1.4608474969863892
ACH-000573,MDA-MB-436,MDAMB436_BREAST,BREAST,57345410,EPZ5676,6.406614780426025,5.388035774230957
ACH-000573,MDA-MB-436,MDAMB436_BREAST,BREAST,11977753,Dactolisib,0.8938890099525452,-2.0846197605133057
ACH-000573,MDA-MB-436,MDAMB436_BREAST,BREAST,17755052,Pictilisib,1.958277940750122,0.5445536971092224
ACH-000573,MDA-MB-436,MDAMB436_BREAST,BREAST,25262965,AZD8055,0.5777289867401123,-0.5347678661346436
ACH-000573,MDA-MB-436,MDAMB436_BREAST,BREAST,9826528,PD0325901,3.2275640964508057,-0.22959306836128235
ACH-000573,MDA-MB-436,MDAMB436_BREAST,BREAST,24866313,SCH772984,3.8655550479888916,1.3414227962493896
ACH-000573,MDA-MB-436,MDAMB436_BREAST,BREAST,10127622,Selumetinib,5.092536926269531,2.456878900527954
ACH-000573,MDA-MB-436,MDAMB436_BREAST,BREAST,9927531,BIBR-1532,5.482260227203369,4.785462856292725
ACH-000573,MDA-MB-436,MDAMB436_BREAST,BREAST,2155128,IWP-2,3.7373170852661133,2.4588217735290527
ACH-000573,MDA-MB-436,MDAMB436_BREAST,BREAST,3899,Leflunomide,5.238113880157471,4.929952621459961
ACH-000573,MDA-MB-436,MDAMB436_BREAST,BREAST,2314623,CCT007093,6.344266891479492,5.016075134277344
ACH-000573,MDA-MB-436,MDAMB436_BREAST,BREAST,11404337,Obatoclax Mesylate,0.8915219902992249,0.07627216726541519
ACH-000573,MDA-MB-436,MDAMB436_BREAST,BREAST,9938202,EHT-1864,3.7498209476470947,3.454576253890991
ACH-000573,MDA-MB-436,MDAMB436_BREAST,BREAST,25227847,Pyridostatin,2.7118020057678223,3.1250805854797363
ACH-000573,MDA-MB-436,MDAMB436_BREAST,BREAST,46883536,Avagacestat,4.761923789978027,4.56595516204834
ACH-000573,MDA-MB-436,MDAMB436_BREAST,BREAST,3385,5-Fluorouracil,5.028934955596924,3.7812001705169678
ACH-000573,MDA-MB-436,MDAMB436_BREAST,BREAST,68947304,AMG-319,5.615405082702637,4.527225971221924
ACH-000573,MDA-MB-436,MDAMB436_BREAST,BREAST,11634725,VX-11e,4.050940990447998,1.9014023542404175
ACH-000573,MDA-MB-436,MDAMB436_BREAST,BREAST,16224745,MK-8776,3.7993569374084473,2.5556159019470215
ACH-000573,MDA-MB-436,MDAMB436_BREAST,BREAST,3062316,Dasatinib,4.509415149688721,1.1837280988693237
ACH-000573,MDA-MB-436,MDAMB436_BREAST,BREAST,36314,Paclitaxel,-2.1140289306640625,-3.710212469100952
ACH-000573,MDA-MB-436,MDAMB436_BREAST,BREAST,4261,Entinostat,4.17064905166626,1.8395854234695435
ACH-000573,MDA-MB-436,MDAMB436_BREAST,BREAST,11626560,Crizotinib,5.86354398727417,1.9658477306365967
ACH-000573,MDA-MB-436,MDAMB436_BREAST,BREAST,118704762,LJI308,6.006768226623535,4.848474979400635
ACH-000573,MDA-MB-436,MDAMB436_BREAST,BREAST,216239,Sorafenib,2.7182700634002686,2.0774641036987305
ACH-000573,MDA-MB-436,MDAMB436_BREAST,BREAST,11364421,BI-2536,3.1863560676574707,-1.996384859085083
ACH-000573,MDA-MB-436,MDAMB436_BREAST,BREAST,46926973,LGK974,3.301215887069702,4.0824689865112305
ACH-000573,MDA-MB-436,MDAMB436_BREAST,BREAST,60838,Irinotecan,4.134665012359619,1.4716523885726929
ACH-000573,MDA-MB-436,MDAMB436_BREAST,BREAST,5310940,Oxaliplatin,4.606257915496826,3.186253547668457
ACH-000573,MDA-MB-436,MDAMB436_BREAST,BREAST,117072552,GSK591,5.127799987792969,4.151796817779541
ACH-000573,MDA-MB-436,MDAMB436_BREAST,BREAST,51000408,VE821,6.081002235412598,3.3776779174804688
ACH-000573,MDA-MB-436,MDAMB436_BREAST,BREAST,25124816,GSK1904529A,5.219778060913086,4.124436378479004
ACH-000573,MDA-MB-436,MDAMB436_BREAST,BREAST,5494449,Tozasertib,4.252994060516357,1.1655193567276
ACH-000573,MDA-MB-436,MDAMB436_BREAST,BREAST,59472121,VE-822,5.620697975158691,2.601077079772949
ACH-000573,MDA-MB-436,MDAMB436_BREAST,BREAST,72200024,WZ4003,6.245611190795898,3.725278615951538
ACH-000573,MDA-MB-436,MDAMB436_BREAST,BREAST,42623951,CZC24832,5.840048789978027,5.035960674285889
ACH-000573,MDA-MB-436,MDAMB436_BREAST,BREAST,49847690,AZD5582,5.248202800750732,1.5625007152557373
ACH-000573,MDA-MB-436,MDAMB436_BREAST,BREAST,53469448,GSK2606414,4.490839958190918,3.432936429977417
ACH-000573,MDA-MB-436,MDAMB436_BREAST,BREAST,78243717,PFI3,6.231022834777832,5.1789326667785645
ACH-000573,MDA-MB-436,MDAMB436_BREAST,BREAST,24753719,PCI-34051,5.919319152832031,4.271294593811035
ACH-000573,MDA-MB-436,MDAMB436_BREAST,BREAST,57519544,Wnt-C59,5.329465866088867,4.208186626434326
ACH-000573,MDA-MB-436,MDAMB436_BREAST,BREAST,46943432,I-BET-762,5.274415969848633,2.567063331604004
ACH-000573,MDA-MB-436,MDAMB436_BREAST,BREAST,9936746,OTX015,4.682246208190918,1.8581336736679077
ACH-000573,MDA-MB-436,MDAMB436_BREAST,BREAST,71268957,GSK343,3.8338510990142822,2.392367124557495
ACH-000573,MDA-MB-436,MDAMB436_BREAST,BREAST,60167849,ML323,5.133695125579834,4.408136367797852
ACH-000573,MDA-MB-436,MDAMB436_BREAST,BREAST,59473233,Entospletinib,5.634912967681885,3.1604673862457275
ACH-000573,MDA-MB-436,MDAMB436_BREAST,BREAST,44462758,PRT062607,6.180141925811768,2.592067003250122
ACH-000573,MDA-MB-436,MDAMB436_BREAST,BREAST,44631912,Ribociclib,4.89590311050415,3.2668237686157227
ACH-000573,MDA-MB-436,MDAMB436_BREAST,BREAST,71299339,AGI-6780,4.432901859283447,4.199877738952637
ACH-000573,MDA-MB-436,MDAMB436_BREAST,BREAST,1018,Picolinici-acid,5.663518905639648,5.050563812255859
ACH-000573,MDA-MB-436,MDAMB436_BREAST,BREAST,51371303,PF-4708671,4.535918235778809,3.341562032699585
ACH-000573,MDA-MB-436,MDAMB436_BREAST,BREAST,52918385,PRIMA-1MET,5.593932151794434,4.413912296295166
ACH-000573,MDA-MB-436,MDAMB436_BREAST,BREAST,11609586,Serdemetan,5.4108428955078125,3.27750825881958
ACH-000573,MDA-MB-436,MDAMB436_BREAST,BREAST,44137675,AZD6482,2.731563091278076,2.998528242111206
ACH-000573,MDA-MB-436,MDAMB436_BREAST,BREAST,42642645,Foretinib,3.9369399547576904,0.6521790027618408
ACH-000573,MDA-MB-436,MDAMB436_BREAST,BREAST,46907787,JQ1,4.323488235473633,1.747033953666687
ACH-000573,MDA-MB-436,MDAMB436_BREAST,BREAST,11455910,TW 37,1.631564974784851,1.1519230604171753
ACH-000573,MDA-MB-436,MDAMB436_BREAST,BREAST,71271629,PFI-1,4.909010887145996,3.7761614322662354
ACH-000573,MDA-MB-436,MDAMB436_BREAST,BREAST,56962337,SGC0946,2.0915369987487793,1.7537038326263428
ACH-000573,MDA-MB-436,MDAMB436_BREAST,BREAST,176870,Erlotinib,4.473785877227783,2.538832426071167
ACH-000573,MDA-MB-436,MDAMB436_BREAST,BREAST,9931953,Rucaparib,4.334752082824707,3.8418021202087402
ACH-000573,MDA-MB-436,MDAMB436_BREAST,BREAST,24958200,Niraparib,5.935154914855957,3.8215577602386475
ACH-000573,MDA-MB-436,MDAMB436_BREAST,BREAST,24856436,MK-1775,2.1490330696105957,0.304970920085907
ACH-000573,MDA-MB-436,MDAMB436_BREAST,BREAST,46926350,Dinaciclib,-0.22990800440311432,-3.154017686843872
ACH-000573,MDA-MB-436,MDAMB436_BREAST,BREAST,60750,Gemcitabine,0.5674290060997009,-2.5059690475463867
ACH-000573,MDA-MB-436,MDAMB436_BREAST,BREAST,387447,Bortezomib,-5.738061904907227,-6.0297627449035645
ACH-000573,MDA-MB-436,MDAMB436_BREAST,BREAST,16095342,GSK269962A,6.142438888549805,2.1309006214141846
ACH-000573,MDA-MB-436,MDAMB436_BREAST,BREAST,2733526,Tamoxifen,3.9702160358428955,3.7151033878326416
ACH-000573,MDA-MB-436,MDAMB436_BREAST,BREAST,104741,Fulvestrant,3.3144919872283936,2.676889181137085
ACH-000573,MDA-MB-436,MDAMB436_BREAST,BREAST,56962336,EPZ004777,6.239163875579834,4.994654655456543
ACH-000573,MDA-MB-436,MDAMB436_BREAST,BREAST,44632017,YK-4-279,4.602418899536133,1.1698486804962158
ACH-000573,MDA-MB-436,MDAMB436_BREAST,BREAST,6914657,Daporinad,2.027656078338623,-2.67881441116333
ACH-000573,MDA-MB-436,MDAMB436_BREAST,BREAST,9813758,BMS-345541,3.8259799480438232,2.6996572017669678
ACH-000573,MDA-MB-436,MDAMB436_BREAST,BREAST,25099184,AZ960,4.87673807144165,1.418498158454895
ACH-000573,MDA-MB-436,MDAMB436_BREAST,BREAST,51039095,AZD4547,4.824565887451172,2.539675235748291
ACH-000573,MDA-MB-436,MDAMB436_BREAST,BREAST,24821094,Ibrutinib,5.070372104644775,4.26073694229126
ACH-000573,MDA-MB-436,MDAMB436_BREAST,BREAST,70983932,GSK2830371,6.346463203430176,5.258274555206299
ACH-000573,MDA-MB-436,MDAMB436_BREAST,BREAST,46236925,Sabutoclax,-0.08111300319433212,-0.387008935213089
ACH-000573,MDA-MB-436,MDAMB436_BREAST,BREAST,11655119,LY2109761,5.831930160522461,4.847011566162109
ACH-000573,MDA-MB-436,MDAMB436_BREAST,BREAST,35397514,OF-1,2.9642159938812256,4.080725193023682
ACH-000573,MDA-MB-436,MDAMB436_BREAST,BREAST,2802462,MN-64,4.82869291305542,4.547786235809326
ACH-000573,MDA-MB-436,MDAMB436_BREAST,BREAST,73555129,KRAS (G12C) Inhibitor-12,6.201723098754883,4.203271865844727
ACH-000573,MDA-MB-436,MDAMB436_BREAST,BREAST,462382,MG-132,-1.5783090591430664,-1.3013547658920288
ACH-000573,MDA-MB-436,MDAMB436_BREAST,BREAST,11707110,Trametinib,1.9317959547042847,-1.508926272392273
ACH-000573,MDA-MB-436,MDAMB436_BREAST,BREAST,44462760,Dabrafenib,5.2771382331848145,3.8634836673736572
ACH-000573,MDA-MB-436,MDAMB436_BREAST,BREAST,5394,Temozolomide,6.793710231781006,6.557810306549072
ACH-000573,MDA-MB-436,MDAMB436_BREAST,BREAST,5460769,Bleomycin (50 uM),5.164350986480713,1.8685749769210815
ACH-000573,MDA-MB-436,MDAMB436_BREAST,BREAST,49846579,Venotoclax,4.4496331214904785,2.355482578277588
ACH-000573,MDA-MB-436,MDAMB436_BREAST,BREAST,11228183,ABT737,3.9503960609436035,2.277991533279419
ACH-000573,MDA-MB-436,MDAMB436_BREAST,BREAST,46843057,Afuresertib,3.181752920150757,2.149956464767456
ACH-000573,MDA-MB-436,MDAMB436_BREAST,BREAST,56645356,AGI-5198,4.555891036987305,4.557091236114502
ACH-000573,MDA-MB-436,MDAMB436_BREAST,BREAST,78209992,AZD3759,2.6640570163726807,2.2087924480438232
ACH-000573,MDA-MB-436,MDAMB436_BREAST,BREAST,54761306,AZD6738,3.5553090572357178,1.443043828010559
ACH-000573,MDA-MB-436,MDAMB436_BREAST,BREAST,52913813,AZD8186,3.401729106903076,2.6777169704437256
ACH-000573,MDA-MB-436,MDAMB436_BREAST,BREAST,71496458,Osimertinib,2.5463860034942627,1.703244686126709
ACH-000573,MDA-MB-436,MDAMB436_BREAST,BREAST,9933475,Cediranib,4.353446006774902,1.912719964981079
ACH-000573,MDA-MB-436,MDAMB436_BREAST,BREAST,24788740,Ipatasertib,4.907405853271484,3.1001336574554443
ACH-000573,MDA-MB-436,MDAMB436_BREAST,BREAST,56941241,GDC0810,5.505537033081055,4.885880947113037
ACH-000573,MDA-MB-436,MDAMB436_BREAST,BREAST,70676303,GNE-317,2.0776309967041016,0.18492113053798676
ACH-000573,MDA-MB-436,MDAMB436_BREAST,BREAST,68107965,GSK2578215A,4.886315822601318,4.818734645843506
ACH-000573,MDA-MB-436,MDAMB436_BREAST,BREAST,91668541,I-BRD9,4.859076023101807,4.176908016204834
ACH-000573,MDA-MB-436,MDAMB436_BREAST,BREAST,10385095,Telomerase Inhibitor IX,0.274058997631073,0.3106549084186554
ACH-000573,MDA-MB-436,MDAMB436_BREAST,BREAST,227681,MIRA-1,6.725093841552734,5.2693939208984375
ACH-000573,MDA-MB-436,MDAMB436_BREAST,BREAST,9825149,NVP-ADW742,5.317318916320801,2.3977553844451904
ACH-000573,MDA-MB-436,MDAMB436_BREAST,BREAST,46931953,P22077,6.088271141052246,4.2483415603637695
ACH-000573,MDA-MB-436,MDAMB436_BREAST,BREAST,68289010,Savolitinib,3.7636539936065674,2.1691863536834717
ACH-000573,MDA-MB-436,MDAMB436_BREAST,BREAST,992586,UMI-77,3.2396531105041504,2.5349533557891846
ACH-000573,MDA-MB-436,MDAMB436_BREAST,BREAST,2984337,WIKI4,4.109510898590088,3.455501079559326
ACH-000573,MDA-MB-436,MDAMB436_BREAST,BREAST,11178236,Sepantronium bromide,-5.652328014373779,-4.506761074066162
ACH-000573,MDA-MB-436,MDAMB436_BREAST,BREAST,71297207,WEHI-539,5.1234917640686035,3.455845355987549
ACH-000573,MDA-MB-436,MDAMB436_BREAST,BREAST,104842,SN-38,3.918142080307007,-5.23767614364624
ACH-000573,MDA-MB-436,MDAMB436_BREAST,BREAST,25126798,Ruxolitinib,6.029983997344971,4.638688087463379
ACH-000573,MDA-MB-436,MDAMB436_BREAST,BREAST,11640390,Linsitinib,4.509500980377197,3.810553550720215
ACH-000573,MDA-MB-436,MDAMB436_BREAST,BREAST,41867,Epirubicin,0.5683169960975647,-1.390583872795105
ACH-000573,MDA-MB-436,MDAMB436_BREAST,BREAST,2907,Cyclophosphamide,6.002630233764648,5.038189888000488
ACH-000573,MDA-MB-436,MDAMB436_BREAST,BREAST,24360,Camptothecin,-1.25580894947052,-3.1884374618530273
ACH-000573,MDA-MB-436,MDAMB436_BREAST,BREAST,6710780,Vinblastine,-1.5536739826202393,-4.235360622406006
ACH-000573,MDA-MB-436,MDAMB436_BREAST,BREAST,84691,Cisplatin,3.9471371173858643,1.9298100471496582
ACH-000573,MDA-MB-436,MDAMB436_BREAST,BREAST,6253,Cytarabine,4.516106128692627,0.8694987297058105
ACH-000573,MDA-MB-436,MDAMB436_BREAST,BREAST,148124,Docetaxel,-3.1929779052734375,-5.362922191619873
ACH-000573,MDA-MB-436,MDAMB436_BREAST,BREAST,126941,Methotrexate,2.1185901165008545,0.2519122064113617
ACH-000573,MDA-MB-436,MDAMB436_BREAST,BREAST,123631,Gefitinib,4.671850204467773,2.7994165420532227
ACH-000573,MDA-MB-436,MDAMB436_BREAST,BREAST,24978538,Navitoclax,3.274221897125244,2.2770938873291016
ACH-000573,MDA-MB-436,MDAMB436_BREAST,BREAST,5311,Vorinostat,3.0751500129699707,1.4523597955703735
ACH-000573,MDA-MB-436,MDAMB436_BREAST,BREAST,644241,Nilotinib,3.763382911682129,2.9730136394500732
ACH-000573,MDA-MB-436,MDAMB436_BREAST,BREAST,44182295,Refametinib,3.771343946456909,0.8712863922119141
ACH-000573,MDA-MB-436,MDAMB436_BREAST,BREAST,6918289,Temsirolimus,2.092432975769043,0.5834962129592896
ACH-000573,MDA-MB-436,MDAMB436_BREAST,BREAST,23725625,Olaparib,5.29564905166626,3.9764668941497803
ACH-000573,MDA-MB-436,MDAMB436_BREAST,BREAST,11960529,Veliparib,5.732545852661133,5.131014347076416
ACH-000573,MDA-MB-436,MDAMB436_BREAST,BREAST,5328940,Bosutinib,4.3066020011901855,2.2407257556915283
ACH-000573,MDA-MB-436,MDAMB436_BREAST,BREAST,216326,Lenalidomide,6.20105504989624,5.11229944229126
ACH-000573,MDA-MB-436,MDAMB436_BREAST,BREAST,6450551,Axitinib,3.808871030807495,2.500162363052368
ACH-000573,MDA-MB-436,MDAMB436_BREAST,BREAST,11152667,AZD7762,2.3345720767974854,0.05805550515651703
ACH-000573,MDA-MB-436,MDAMB436_BREAST,BREAST,9943465,GW441756,4.486180782318115,2.9694042205810547
ACH-000859,HCC1954,HCC1954_BREAST,BREAST,126565,Lestaurtinib,3.6840450763702393,1.1019154787063599
ACH-000859,HCC1954,HCC1954_BREAST,BREAST,176158,SB216763,5.258968830108643,5.281418323516846
ACH-000859,HCC1954,HCC1954_BREAST,BREAST,6505803,Tanespimycin,-0.25682100653648376,-0.11583968997001648
ACH-000859,HCC1954,HCC1954_BREAST,BREAST,5311497,Vinorelbine,-4.086238861083984,-2.7594921588897705
ACH-000859,HCC1954,HCC1954_BREAST,BREAST,11667893,Motesanib,5.378024101257324,5.875792503356934
ACH-000859,HCC1954,HCC1954_BREAST,BREAST,5278396,KU-55933,4.416576862335205,5.448188304901123
ACH-000859,HCC1954,HCC1954_BREAST,BREAST,10184653,Afatinib,1.89888596534729,1.0862882137298584
ACH-000859,HCC1954,HCC1954_BREAST,BREAST,24776445,Vismodegib,5.215881824493408,5.278509616851807
ACH-000859,HCC1954,HCC1954_BREAST,BREAST,24180719,PLX-4720,3.8311219215393066,5.004361629486084
ACH-000859,HCC1954,HCC1954_BREAST,BREAST,11327430,NU7441,3.498518943786621,3.320115566253662
ACH-000859,HCC1954,HCC1954_BREAST,BREAST,16720766,Pevonedistat,-2.107844114303589,1.4085495471954346
ACH-000859,HCC1954,HCC1954_BREAST,BREAST,11488320,Sapitinib,2.528649091720581,2.0772531032562256
ACH-000859,HCC1954,HCC1954_BREAST,BREAST,156422,Doramapimod,4.741975784301758,5.314849853515625
ACH-000859,HCC1954,HCC1954_BREAST,BREAST,11624601,JNK Inhibitor VIII,4.411794185638428,5.418384552001953
ACH-000859,HCC1954,HCC1954_BREAST,BREAST,51042438,Uprosertib,2.3016610145568848,2.8982155323028564
ACH-000859,HCC1954,HCC1954_BREAST,BREAST,24737642,LCL161,5.341010093688965,5.095015048980713
ACH-000859,HCC1954,HCC1954_BREAST,BREAST,10384072,Wee1 Inhibitor,2.6465909481048584,2.2111401557922363
ACH-000859,HCC1954,HCC1954_BREAST,BREAST,11433190,Nutlin-3a (-),5.166697025299072,5.397683143615723
ACH-000859,HCC1954,HCC1954_BREAST,BREAST,208908,Lapatinib,1.747663974761963,2.4095468521118164
ACH-000859,HCC1954,HCC1954_BREAST,BREAST,1401,PD173074,4.704165935516357,4.007365703582764
ACH-000859,HCC1954,HCC1954_BREAST,BREAST,9914412,ZM447439,2.6306118965148926,2.7312073707580566
ACH-000859,HCC1954,HCC1954_BREAST,BREAST,24771867,Alisertib,4.216129779815674,2.284994602203369
ACH-000859,HCC1954,HCC1954_BREAST,BREAST,56649450,Alpelisib,1.4794329404830933,3.2265214920043945
ACH-000859,HCC1954,HCC1954_BREAST,BREAST,46930998,MK-2206,2.1973628997802734,2.8633759021759033
ACH-000859,HCC1954,HCC1954_BREAST,BREAST,5330286,Palbociclib,5.067825794219971,4.285515308380127
ACH-000859,HCC1954,HCC1954_BREAST,BREAST,51001932,Taselisib,-1.2664849758148193,1.3415950536727905
ACH-000859,HCC1954,HCC1954_BREAST,BREAST,57345410,EPZ5676,5.858053207397461,5.900225639343262
ACH-000859,HCC1954,HCC1954_BREAST,BREAST,11977753,Dactolisib,-0.5461810231208801,-1.1827303171157837
ACH-000859,HCC1954,HCC1954_BREAST,BREAST,17755052,Pictilisib,0.8209360241889954,0.918881893157959
ACH-000859,HCC1954,HCC1954_BREAST,BREAST,25262965,AZD8055,-0.27025800943374634,0.3040330708026886
ACH-000859,HCC1954,HCC1954_BREAST,BREAST,9826528,PD0325901,2.1477110385894775,1.4430391788482666
ACH-000859,HCC1954,HCC1954_BREAST,BREAST,24866313,SCH772984,3.267911911010742,2.5247297286987305
ACH-000859,HCC1954,HCC1954_BREAST,BREAST,10127622,Selumetinib,3.4468729496002197,3.5676090717315674
ACH-000859,HCC1954,HCC1954_BREAST,BREAST,9927531,BIBR-1532,4.803462982177734,5.267368316650391
ACH-000859,HCC1954,HCC1954_BREAST,BREAST,2155128,IWP-2,3.0667810440063477,2.922966718673706
ACH-000859,HCC1954,HCC1954_BREAST,BREAST,3899,Leflunomide,5.012314796447754,5.392911434173584
ACH-000859,HCC1954,HCC1954_BREAST,BREAST,2314623,CCT007093,4.739377021789551,5.460199356079102
ACH-000859,HCC1954,HCC1954_BREAST,BREAST,11404337,Obatoclax Mesylate,2.2361860275268555,0.8584797382354736
ACH-000859,HCC1954,HCC1954_BREAST,BREAST,9938202,EHT-1864,2.5530829429626465,3.685004234313965
ACH-000859,HCC1954,HCC1954_BREAST,BREAST,25227847,Pyridostatin,4.294006824493408,3.7001285552978516
ACH-000859,HCC1954,HCC1954_BREAST,BREAST,46883536,Avagacestat,4.035765171051025,5.058801174163818
ACH-000859,HCC1954,HCC1954_BREAST,BREAST,3385,5-Fluorouracil,5.370843887329102,4.98779821395874
ACH-000859,HCC1954,HCC1954_BREAST,BREAST,68947304,AMG-319,5.189259052276611,5.258716583251953
ACH-000859,HCC1954,HCC1954_BREAST,BREAST,11634725,VX-11e,2.5171959400177,2.9726099967956543
ACH-000859,HCC1954,HCC1954_BREAST,BREAST,16224745,MK-8776,4.602899074554443,3.538973093032837
ACH-000859,HCC1954,HCC1954_BREAST,BREAST,3062316,Dasatinib,3.1393799781799316,1.5390992164611816
ACH-000859,HCC1954,HCC1954_BREAST,BREAST,36314,Paclitaxel,-3.1713008880615234,-2.7389965057373047
ACH-000859,HCC1954,HCC1954_BREAST,BREAST,4261,Entinostat,1.9941339492797852,2.461948871612549
ACH-000859,HCC1954,HCC1954_BREAST,BREAST,11626560,Crizotinib,3.6251049041748047,2.8517041206359863
ACH-000859,HCC1954,HCC1954_BREAST,BREAST,118704762,LJI308,5.30076789855957,5.497338771820068
ACH-000859,HCC1954,HCC1954_BREAST,BREAST,216239,Sorafenib,2.393831968307495,2.701441526412964
ACH-000859,HCC1954,HCC1954_BREAST,BREAST,11364421,BI-2536,2.621335983276367,-0.5594972372055054
ACH-000859,HCC1954,HCC1954_BREAST,BREAST,46926973,LGK974,2.6567940711975098,4.460914611816406
ACH-000859,HCC1954,HCC1954_BREAST,BREAST,60838,Irinotecan,5.382176876068115,2.908512592315674
ACH-000859,HCC1954,HCC1954_BREAST,BREAST,5310940,Oxaliplatin,5.782364845275879,4.421552658081055
ACH-000859,HCC1954,HCC1954_BREAST,BREAST,117072552,GSK591,4.069106101989746,4.742641448974609
ACH-000859,HCC1954,HCC1954_BREAST,BREAST,51000408,VE821,5.019182205200195,4.481718063354492
ACH-000859,HCC1954,HCC1954_BREAST,BREAST,25124816,GSK1904529A,4.265308856964111,4.5233964920043945
ACH-000859,HCC1954,HCC1954_BREAST,BREAST,5494449,Tozasertib,4.158295154571533,2.786097764968872
ACH-000859,HCC1954,HCC1954_BREAST,BREAST,59472121,VE-822,4.2190260887146,3.588313341140747
ACH-000859,HCC1954,HCC1954_BREAST,BREAST,72200024,WZ4003,5.378024101257324,4.512608528137207
ACH-000859,HCC1954,HCC1954_BREAST,BREAST,42623951,CZC24832,5.378024101257324,5.55784797668457
ACH-000859,HCC1954,HCC1954_BREAST,BREAST,49847690,AZD5582,-1.0505280494689941,2.3300042152404785
ACH-000859,HCC1954,HCC1954_BREAST,BREAST,53469448,GSK2606414,2.084613084793091,4.062804222106934
ACH-000859,HCC1954,HCC1954_BREAST,BREAST,78243717,PFI3,5.3777570724487305,5.683167457580566
ACH-000859,HCC1954,HCC1954_BREAST,BREAST,24753719,PCI-34051,5.133999824523926,5.0166802406311035
ACH-000859,HCC1954,HCC1954_BREAST,BREAST,57519544,Wnt-C59,1.9069310426712036,4.681855201721191
ACH-000859,HCC1954,HCC1954_BREAST,BREAST,46943432,I-BET-762,3.9983839988708496,3.58154559135437
ACH-000859,HCC1954,HCC1954_BREAST,BREAST,9936746,OTX015,5.377641201019287,2.7342634201049805
ACH-000859,HCC1954,HCC1954_BREAST,BREAST,71268957,GSK343,3.019465923309326,3.0115723609924316
ACH-000859,HCC1954,HCC1954_BREAST,BREAST,60167849,ML323,2.7128400802612305,4.858785629272461
ACH-000859,HCC1954,HCC1954_BREAST,BREAST,59473233,Entospletinib,3.141458034515381,3.8884098529815674
ACH-000859,HCC1954,HCC1954_BREAST,BREAST,44462758,PRT062607,5.095727920532227,3.4325363636016846
ACH-000859,HCC1954,HCC1954_BREAST,BREAST,44631912,Ribociclib,4.414033889770508,4.092231750488281
ACH-000859,HCC1954,HCC1954_BREAST,BREAST,71299339,AGI-6780,4.509517192840576,4.657467842102051
ACH-000859,HCC1954,HCC1954_BREAST,BREAST,1018,Picolinici-acid,5.2703962326049805,5.615642547607422
ACH-000859,HCC1954,HCC1954_BREAST,BREAST,51371303,PF-4708671,3.1031858921051025,3.750415086746216
ACH-000859,HCC1954,HCC1954_BREAST,BREAST,52918385,PRIMA-1MET,6.472646236419678,5.376694679260254
ACH-000859,HCC1954,HCC1954_BREAST,BREAST,11609586,Serdemetan,3.9964599609375,4.104499340057373
ACH-000859,HCC1954,HCC1954_BREAST,BREAST,44137675,AZD6482,2.7816710472106934,3.909970998764038
ACH-000859,HCC1954,HCC1954_BREAST,BREAST,42642645,Foretinib,1.8568929433822632,1.2314181327819824
ACH-000859,HCC1954,HCC1954_BREAST,BREAST,46907787,JQ1,5.266425132751465,2.59350323677063
ACH-000859,HCC1954,HCC1954_BREAST,BREAST,71271629,PFI-1,5.3294677734375,4.28581428527832
ACH-000859,HCC1954,HCC1954_BREAST,BREAST,56962337,SGC0946,2.01003098487854,2.0823729038238525
ACH-000859,HCC1954,HCC1954_BREAST,BREAST,176870,Erlotinib,2.4915060997009277,2.318638563156128
ACH-000859,HCC1954,HCC1954_BREAST,BREAST,9931953,Rucaparib,3.803934097290039,4.365045547485352
ACH-000859,HCC1954,HCC1954_BREAST,BREAST,24958200,Niraparib,5.33991813659668,4.871835708618164
ACH-000859,HCC1954,HCC1954_BREAST,BREAST,24856436,MK-1775,1.6181939840316772,0.9510036706924438
ACH-000859,HCC1954,HCC1954_BREAST,BREAST,46926350,Dinaciclib,-4.381490230560303,-2.565725564956665
ACH-000859,HCC1954,HCC1954_BREAST,BREAST,60750,Gemcitabine,5.1287431716918945,-0.17637896537780762
ACH-000859,HCC1954,HCC1954_BREAST,BREAST,387447,Bortezomib,-5.4902567863464355,-5.173397064208984
ACH-000859,HCC1954,HCC1954_BREAST,BREAST,16095342,GSK269962A,2.7790019512176514,2.5734786987304688
ACH-000859,HCC1954,HCC1954_BREAST,BREAST,2733526,Tamoxifen,3.4369659423828125,4.083582878112793
ACH-000859,HCC1954,HCC1954_BREAST,BREAST,104741,Fulvestrant,2.8266139030456543,3.17145037651062
ACH-000859,HCC1954,HCC1954_BREAST,BREAST,56962336,EPZ004777,5.256388187408447,5.572301387786865
ACH-000859,HCC1954,HCC1954_BREAST,BREAST,44632017,YK-4-279,2.434217929840088,2.2036077976226807
ACH-000859,HCC1954,HCC1954_BREAST,BREAST,9813758,BMS-345541,2.9126410484313965,3.4949662685394287
ACH-000859,HCC1954,HCC1954_BREAST,BREAST,25099184,AZ960,3.43245005607605,2.316006660461426
ACH-000859,HCC1954,HCC1954_BREAST,BREAST,51039095,AZD4547,2.3163580894470215,3.212723731994629
ACH-000859,HCC1954,HCC1954_BREAST,BREAST,24821094,Ibrutinib,2.0922091007232666,3.1459264755249023
ACH-000859,HCC1954,HCC1954_BREAST,BREAST,70983932,GSK2830371,5.000442028045654,5.960067272186279
ACH-000859,HCC1954,HCC1954_BREAST,BREAST,46236925,Sabutoclax,-1.5680830478668213,0.4672640562057495
ACH-000859,HCC1954,HCC1954_BREAST,BREAST,11655119,LY2109761,5.363584995269775,5.309668064117432
ACH-000859,HCC1954,HCC1954_BREAST,BREAST,35397514,OF-1,0.8665379881858826,4.364864349365234
ACH-000859,HCC1954,HCC1954_BREAST,BREAST,2802462,MN-64,3.53985595703125,4.906067848205566
ACH-000859,HCC1954,HCC1954_BREAST,BREAST,73555129,KRAS (G12C) Inhibitor-12,3.3527979850769043,4.993849754333496
ACH-000859,HCC1954,HCC1954_BREAST,BREAST,462382,MG-132,-1.1306910514831543,-0.973296046257019
ACH-000859,HCC1954,HCC1954_BREAST,BREAST,11707110,Trametinib,0.9527209997177124,0.29820412397384644
ACH-000859,HCC1954,HCC1954_BREAST,BREAST,44462760,Dabrafenib,6.083803176879883,5.253612995147705
ACH-000859,HCC1954,HCC1954_BREAST,BREAST,5394,Temozolomide,7.209159851074219,6.988794803619385
ACH-000859,HCC1954,HCC1954_BREAST,BREAST,5460769,Bleomycin (50 uM),4.401014804840088,3.501255512237549
ACH-000859,HCC1954,HCC1954_BREAST,BREAST,49846579,Venotoclax,2.020591974258423,2.883087158203125
ACH-000859,HCC1954,HCC1954_BREAST,BREAST,11228183,ABT737,2.077354907989502,2.4774954319000244
ACH-000859,HCC1954,HCC1954_BREAST,BREAST,46843057,Afuresertib,1.6284229755401611,2.4232404232025146
ACH-000859,HCC1954,HCC1954_BREAST,BREAST,56645356,AGI-5198,3.830933094024658,4.949527263641357
ACH-000859,HCC1954,HCC1954_BREAST,BREAST,78209992,AZD3759,2.011441946029663,2.1396896839141846
ACH-000859,HCC1954,HCC1954_BREAST,BREAST,54761306,AZD6738,2.6147680282592773,2.2876391410827637
ACH-000859,HCC1954,HCC1954_BREAST,BREAST,52913813,AZD8186,3.1786839962005615,3.037435531616211
ACH-000859,HCC1954,HCC1954_BREAST,BREAST,71496458,Osimertinib,1.1387859582901,1.325927734375
ACH-000859,HCC1954,HCC1954_BREAST,BREAST,9933475,Cediranib,2.882021903991699,2.2559869289398193
ACH-000859,HCC1954,HCC1954_BREAST,BREAST,24788740,Ipatasertib,2.404068946838379,3.4037375450134277
ACH-000859,HCC1954,HCC1954_BREAST,BREAST,56941241,GDC0810,4.896474838256836,5.308704853057861
ACH-000859,HCC1954,HCC1954_BREAST,BREAST,70676303,GNE-317,0.11146900057792664,0.8060441017150879
ACH-000859,HCC1954,HCC1954_BREAST,BREAST,68107965,GSK2578215A,5.051619052886963,5.1968607902526855
ACH-000859,HCC1954,HCC1954_BREAST,BREAST,91668541,I-BRD9,5.697171211242676,4.8642683029174805
ACH-000859,HCC1954,HCC1954_BREAST,BREAST,10385095,Telomerase Inhibitor IX,2.4046690464019775,1.090273141860962
ACH-000859,HCC1954,HCC1954_BREAST,BREAST,227681,MIRA-1,5.532419204711914,6.02271842956543
ACH-000859,HCC1954,HCC1954_BREAST,BREAST,9825149,NVP-ADW742,3.5054900646209717,2.97591233253479
ACH-000859,HCC1954,HCC1954_BREAST,BREAST,46931953,P22077,4.829117774963379,4.894620895385742
ACH-000859,HCC1954,HCC1954_BREAST,BREAST,68289010,Savolitinib,1.6902769804000854,2.7391488552093506
ACH-000859,HCC1954,HCC1954_BREAST,BREAST,992586,UMI-77,3.8421719074249268,2.990804672241211
ACH-000859,HCC1954,HCC1954_BREAST,BREAST,2984337,WIKI4,2.946808099746704,3.823780059814453
ACH-000859,HCC1954,HCC1954_BREAST,BREAST,11178236,Sepantronium bromide,-3.9276750087738037,-4.239067554473877
ACH-000859,HCC1954,HCC1954_BREAST,BREAST,71297207,WEHI-539,2.62203311920166,3.80135440826416
ACH-000859,HCC1954,HCC1954_BREAST,BREAST,104842,SN-38,3.4192559719085693,-2.969029664993286
ACH-000859,HCC1954,HCC1954_BREAST,BREAST,25126798,Ruxolitinib,4.831155776977539,5.261425018310547
ACH-000859,HCC1954,HCC1954_BREAST,BREAST,11640390,Linsitinib,4.5545549392700195,4.1202192306518555
ACH-000859,HCC1954,HCC1954_BREAST,BREAST,41867,Epirubicin,1.088716983795166,-0.10257026553153992
ACH-000859,HCC1954,HCC1954_BREAST,BREAST,2907,Cyclophosphamide,5.217039108276367,5.588367462158203
ACH-000859,HCC1954,HCC1954_BREAST,BREAST,24360,Camptothecin,0.31988799571990967,-1.6523209810256958
ACH-000859,HCC1954,HCC1954_BREAST,BREAST,6710780,Vinblastine,-3.0546319484710693,-3.1714730262756348
ACH-000859,HCC1954,HCC1954_BREAST,BREAST,84691,Cisplatin,5.090242862701416,3.294724225997925
ACH-000859,HCC1954,HCC1954_BREAST,BREAST,6253,Cytarabine,4.078851222991943,2.616661310195923
ACH-000859,HCC1954,HCC1954_BREAST,BREAST,148124,Docetaxel,-4.051586151123047,-4.448691368103027
ACH-000859,HCC1954,HCC1954_BREAST,BREAST,126941,Methotrexate,-2.1609299182891846,1.2611323595046997
ACH-000859,HCC1954,HCC1954_BREAST,BREAST,123631,Gefitinib,3.4800119400024414,2.4650022983551025
ACH-000859,HCC1954,HCC1954_BREAST,BREAST,24978538,Navitoclax,3.6546130180358887,2.2828125953674316
ACH-000859,HCC1954,HCC1954_BREAST,BREAST,5311,Vorinostat,3.0871169567108154,1.9257173538208008
ACH-000859,HCC1954,HCC1954_BREAST,BREAST,644241,Nilotinib,3.0836470127105713,3.938825845718384
ACH-000859,HCC1954,HCC1954_BREAST,BREAST,44182295,Refametinib,2.6813480854034424,2.0093719959259033
ACH-000859,HCC1954,HCC1954_BREAST,BREAST,6918289,Temsirolimus,1.7877119779586792,1.5313432216644287
ACH-000859,HCC1954,HCC1954_BREAST,BREAST,23725625,Olaparib,4.018723964691162,4.896872043609619
ACH-000859,HCC1954,HCC1954_BREAST,BREAST,11960529,Veliparib,5.004288196563721,5.664015769958496
ACH-000859,HCC1954,HCC1954_BREAST,BREAST,5328940,Bosutinib,3.7616100311279297,2.934218645095825
ACH-000859,HCC1954,HCC1954_BREAST,BREAST,216326,Lenalidomide,5.363509178161621,5.697210788726807
ACH-000859,HCC1954,HCC1954_BREAST,BREAST,6450551,Axitinib,3.3417019844055176,3.3526229858398438
ACH-000859,HCC1954,HCC1954_BREAST,BREAST,11152667,AZD7762,-0.4065380096435547,0.8869228363037109
ACH-000859,HCC1954,HCC1954_BREAST,BREAST,9943465,GW441756,3.1509931087493896,3.5092456340789795
ACH-000857,CAL-85-1,CAL851_BREAST,BREAST,126565,Lestaurtinib,1.0690070390701294,1.6207128763198853
ACH-000857,CAL-85-1,CAL851_BREAST,BREAST,176158,SB216763,5.349575996398926,5.596714019775391
ACH-000857,CAL-85-1,CAL851_BREAST,BREAST,6505803,Tanespimycin,-0.7827469706535339,0.6824444532394409
ACH-000857,CAL-85-1,CAL851_BREAST,BREAST,5311497,Vinorelbine,-0.2315090000629425,-0.8134074211120605
ACH-000857,CAL-85-1,CAL851_BREAST,BREAST,11667893,Motesanib,5.81312894821167,6.203326225280762
ACH-000857,CAL-85-1,CAL851_BREAST,BREAST,5278396,KU-55933,4.550067901611328,5.771117210388184
ACH-000857,CAL-85-1,CAL851_BREAST,BREAST,10184653,Afatinib,2.5057990550994873,1.8258401155471802
ACH-000857,CAL-85-1,CAL851_BREAST,BREAST,24776445,Vismodegib,4.568213939666748,5.605257034301758
ACH-000857,CAL-85-1,CAL851_BREAST,BREAST,24180719,PLX-4720,4.777935981750488,5.049126148223877
ACH-000857,CAL-85-1,CAL851_BREAST,BREAST,11327430,NU7441,2.5200600624084473,3.9958457946777344
ACH-000857,CAL-85-1,CAL851_BREAST,BREAST,16720766,Pevonedistat,1.4980870485305786,2.418193817138672
ACH-000857,CAL-85-1,CAL851_BREAST,BREAST,11488320,Sapitinib,2.784071922302246,2.7642600536346436
ACH-000857,CAL-85-1,CAL851_BREAST,BREAST,156422,Doramapimod,5.81312894821167,5.662323951721191
ACH-000857,CAL-85-1,CAL851_BREAST,BREAST,11624601,JNK Inhibitor VIII,5.173616886138916,5.698888778686523
ACH-000857,CAL-85-1,CAL851_BREAST,BREAST,51042438,Uprosertib,4.646921157836914,3.9668548107147217
ACH-000857,CAL-85-1,CAL851_BREAST,BREAST,24737642,LCL161,4.762851238250732,5.357809543609619
ACH-000857,CAL-85-1,CAL851_BREAST,BREAST,10384072,Wee1 Inhibitor,2.4118399620056152,3.223583936691284
ACH-000857,CAL-85-1,CAL851_BREAST,BREAST,11433190,Nutlin-3a (-),5.990819931030273,5.8178558349609375
ACH-000857,CAL-85-1,CAL851_BREAST,BREAST,208908,Lapatinib,3.0182199478149414,3.3052921295166016
ACH-000857,CAL-85-1,CAL851_BREAST,BREAST,1401,PD173074,5.18266487121582,4.419904708862305
ACH-000857,CAL-85-1,CAL851_BREAST,BREAST,9914412,ZM447439,3.137042999267578,3.626774787902832
ACH-000857,CAL-85-1,CAL851_BREAST,BREAST,24771867,Alisertib,4.051393985748291,3.1281282901763916
ACH-000857,CAL-85-1,CAL851_BREAST,BREAST,56649450,Alpelisib,3.116063117980957,4.199000835418701
ACH-000857,CAL-85-1,CAL851_BREAST,BREAST,46930998,MK-2206,4.387535095214844,3.8789169788360596
ACH-000857,CAL-85-1,CAL851_BREAST,BREAST,5330286,Palbociclib,3.7193989753723145,4.941185474395752
ACH-000857,CAL-85-1,CAL851_BREAST,BREAST,51001932,Taselisib,0.9364079833030701,2.2570765018463135
ACH-000857,CAL-85-1,CAL851_BREAST,BREAST,57345410,EPZ5676,6.09798002243042,6.21803617477417
ACH-000857,CAL-85-1,CAL851_BREAST,BREAST,11977753,Dactolisib,-1.7310760021209717,-0.35466817021369934
ACH-000857,CAL-85-1,CAL851_BREAST,BREAST,17755052,Pictilisib,1.1933859586715698,1.5834075212478638
ACH-000857,CAL-85-1,CAL851_BREAST,BREAST,25262965,AZD8055,-0.28740400075912476,1.0286400318145752
ACH-000857,CAL-85-1,CAL851_BREAST,BREAST,9826528,PD0325901,-0.1632169932126999,1.619951844215393
ACH-000857,CAL-85-1,CAL851_BREAST,BREAST,24866313,SCH772984,1.8283640146255493,2.8504762649536133
ACH-000857,CAL-85-1,CAL851_BREAST,BREAST,10127622,Selumetinib,2.9113290309906006,3.83565616607666
ACH-000857,CAL-85-1,CAL851_BREAST,BREAST,9927531,BIBR-1532,5.558765888214111,5.564089298248291
ACH-000857,CAL-85-1,CAL851_BREAST,BREAST,2155128,IWP-2,3.4632670879364014,3.4461023807525635
ACH-000857,CAL-85-1,CAL851_BREAST,BREAST,3899,Leflunomide,4.571979999542236,5.673788547515869
ACH-000857,CAL-85-1,CAL851_BREAST,BREAST,2314623,CCT007093,5.80937385559082,5.737734794616699
ACH-000857,CAL-85-1,CAL851_BREAST,BREAST,11404337,Obatoclax Mesylate,0.9135370254516602,1.4042792320251465
ACH-000857,CAL-85-1,CAL851_BREAST,BREAST,9938202,EHT-1864,3.1915149688720703,4.049592971801758
ACH-000857,CAL-85-1,CAL851_BREAST,BREAST,25227847,Pyridostatin,4.807977199554443,4.313921928405762
ACH-000857,CAL-85-1,CAL851_BREAST,BREAST,46883536,Avagacestat,4.095168113708496,5.35446834564209
ACH-000857,CAL-85-1,CAL851_BREAST,BREAST,3385,5-Fluorouracil,5.059340953826904,5.692477703094482
ACH-000857,CAL-85-1,CAL851_BREAST,BREAST,68947304,AMG-319,5.772005081176758,5.527415752410889
ACH-000857,CAL-85-1,CAL851_BREAST,BREAST,11634725,VX-11e,2.989772081375122,3.4822707176208496
ACH-000857,CAL-85-1,CAL851_BREAST,BREAST,16224745,MK-8776,5.072278022766113,4.202894687652588
ACH-000857,CAL-85-1,CAL851_BREAST,BREAST,3062316,Dasatinib,0.8854359984397888,1.3164076805114746
ACH-000857,CAL-85-1,CAL851_BREAST,BREAST,36314,Paclitaxel,-3.5606300830841064,-0.9116106033325195
ACH-000857,CAL-85-1,CAL851_BREAST,BREAST,4261,Entinostat,2.0261380672454834,3.3572351932525635
ACH-000857,CAL-85-1,CAL851_BREAST,BREAST,11626560,Crizotinib,2.248914957046509,3.7229971885681152
ACH-000857,CAL-85-1,CAL851_BREAST,BREAST,118704762,LJI308,5.690033912658691,5.783687591552734
ACH-000857,CAL-85-1,CAL851_BREAST,BREAST,216239,Sorafenib,3.120100975036621,3.290794610977173
ACH-000857,CAL-85-1,CAL851_BREAST,BREAST,11364421,BI-2536,-0.10366299748420715,1.2135413885116577
ACH-000857,CAL-85-1,CAL851_BREAST,BREAST,46926973,LGK974,3.7018659114837646,4.9256272315979
ACH-000857,CAL-85-1,CAL851_BREAST,BREAST,60838,Irinotecan,4.22649621963501,4.115384101867676
ACH-000857,CAL-85-1,CAL851_BREAST,BREAST,5310940,Oxaliplatin,4.511125087738037,5.273911476135254
ACH-000857,CAL-85-1,CAL851_BREAST,BREAST,117072552,GSK591,5.242821216583252,5.067788600921631
ACH-000857,CAL-85-1,CAL851_BREAST,BREAST,51000408,VE821,5.392602920532227,4.985278129577637
ACH-000857,CAL-85-1,CAL851_BREAST,BREAST,25124816,GSK1904529A,5.8370208740234375,4.934117317199707
ACH-000857,CAL-85-1,CAL851_BREAST,BREAST,5494449,Tozasertib,5.207472801208496,4.127793312072754
ACH-000857,CAL-85-1,CAL851_BREAST,BREAST,59472121,VE-822,2.6954009532928467,4.343305587768555
ACH-000857,CAL-85-1,CAL851_BREAST,BREAST,72200024,WZ4003,2.4581809043884277,4.740920543670654
ACH-000857,CAL-85-1,CAL851_BREAST,BREAST,42623951,CZC24832,4.888401031494141,5.859618663787842
ACH-000857,CAL-85-1,CAL851_BREAST,BREAST,49847690,AZD5582,-1.9645800590515137,3.061372756958008
ACH-000857,CAL-85-1,CAL851_BREAST,BREAST,53469448,GSK2606414,4.053053855895996,4.4186296463012695
ACH-000857,CAL-85-1,CAL851_BREAST,BREAST,78243717,PFI3,4.018314838409424,6.004715919494629
ACH-000857,CAL-85-1,CAL851_BREAST,BREAST,24753719,PCI-34051,3.4965999126434326,5.408112525939941
ACH-000857,CAL-85-1,CAL851_BREAST,BREAST,57519544,Wnt-C59,5.382885932922363,5.113901615142822
ACH-000857,CAL-85-1,CAL851_BREAST,BREAST,46943432,I-BET-762,2.0966620445251465,4.2824249267578125
ACH-000857,CAL-85-1,CAL851_BREAST,BREAST,9936746,OTX015,0.7564190030097961,3.5669896602630615
ACH-000857,CAL-85-1,CAL851_BREAST,BREAST,71268957,GSK343,3.4399659633636475,3.5383317470550537
ACH-000857,CAL-85-1,CAL851_BREAST,BREAST,60167849,ML323,4.803861141204834,5.25346040725708
ACH-000857,CAL-85-1,CAL851_BREAST,BREAST,59473233,Entospletinib,3.1631178855895996,4.156427383422852
ACH-000857,CAL-85-1,CAL851_BREAST,BREAST,44462758,PRT062607,2.108159065246582,4.085659980773926
ACH-000857,CAL-85-1,CAL851_BREAST,BREAST,44631912,Ribociclib,5.338436126708984,4.598765850067139
ACH-000857,CAL-85-1,CAL851_BREAST,BREAST,71299339,AGI-6780,4.005250930786133,5.096401214599609
ACH-000857,CAL-85-1,CAL851_BREAST,BREAST,1018,Picolinici-acid,5.791357040405273,5.889372825622559
ACH-000857,CAL-85-1,CAL851_BREAST,BREAST,51371303,PF-4708671,3.5955491065979004,4.1651835441589355
ACH-000857,CAL-85-1,CAL851_BREAST,BREAST,52918385,PRIMA-1MET,4.436178207397461,5.881346225738525
ACH-000857,CAL-85-1,CAL851_BREAST,BREAST,11609586,Serdemetan,3.9316599369049072,4.599910736083984
ACH-000857,CAL-85-1,CAL851_BREAST,BREAST,44137675,AZD6482,4.178459167480469,4.4154253005981445
ACH-000857,CAL-85-1,CAL851_BREAST,BREAST,42642645,Foretinib,1.2918950319290161,1.7387375831604004
ACH-000857,CAL-85-1,CAL851_BREAST,BREAST,46907787,JQ1,2.2373979091644287,3.4976089000701904
ACH-000857,CAL-85-1,CAL851_BREAST,BREAST,11455910,TW 37,1.2862869501113892,2.4323158264160156
ACH-000857,CAL-85-1,CAL851_BREAST,BREAST,71271629,PFI-1,3.794853925704956,4.676942348480225
ACH-000857,CAL-85-1,CAL851_BREAST,BREAST,56962337,SGC0946,1.9299639463424683,2.5638794898986816
ACH-000857,CAL-85-1,CAL851_BREAST,BREAST,176870,Erlotinib,4.086184024810791,2.7276127338409424
ACH-000857,CAL-85-1,CAL851_BREAST,BREAST,9931953,Rucaparib,3.2211520671844482,4.77088737487793
ACH-000857,CAL-85-1,CAL851_BREAST,BREAST,24958200,Niraparib,5.448372840881348,5.351402282714844
ACH-000857,CAL-85-1,CAL851_BREAST,BREAST,24856436,MK-1775,1.41074800491333,1.6705565452575684
ACH-000857,CAL-85-1,CAL851_BREAST,BREAST,46926350,Dinaciclib,-3.1623899936676025,-1.2221049070358276
ACH-000857,CAL-85-1,CAL851_BREAST,BREAST,60750,Gemcitabine,1.4819719791412354,1.2126611471176147
ACH-000857,CAL-85-1,CAL851_BREAST,BREAST,387447,Bortezomib,-5.658172130584717,-4.411274433135986
ACH-000857,CAL-85-1,CAL851_BREAST,BREAST,16095342,GSK269962A,3.5873029232025146,3.48300838470459
ACH-000857,CAL-85-1,CAL851_BREAST,BREAST,2733526,Tamoxifen,4.030632972717285,4.465821743011475
ACH-000857,CAL-85-1,CAL851_BREAST,BREAST,104741,Fulvestrant,3.5931999683380127,3.6683831214904785
ACH-000857,CAL-85-1,CAL851_BREAST,BREAST,56962336,EPZ004777,6.165719985961914,5.8750200271606445
ACH-000857,CAL-85-1,CAL851_BREAST,BREAST,44632017,YK-4-279,3.9110910892486572,3.537177562713623
ACH-000857,CAL-85-1,CAL851_BREAST,BREAST,6914657,Daporinad,-4.5470871925354,-1.312772274017334
ACH-000857,CAL-85-1,CAL851_BREAST,BREAST,9813758,BMS-345541,4.62460994720459,4.317378520965576
ACH-000857,CAL-85-1,CAL851_BREAST,BREAST,25099184,AZ960,2.6721088886260986,3.22417950630188
ACH-000857,CAL-85-1,CAL851_BREAST,BREAST,51039095,AZD4547,4.407063007354736,3.8336148262023926
ACH-000857,CAL-85-1,CAL851_BREAST,BREAST,24821094,Ibrutinib,3.072371006011963,4.076291084289551
ACH-000857,CAL-85-1,CAL851_BREAST,BREAST,70983932,GSK2830371,5.81312894821167,6.214908599853516
ACH-000857,CAL-85-1,CAL851_BREAST,BREAST,46236925,Sabutoclax,-0.13221900165081024,1.1729029417037964
ACH-000857,CAL-85-1,CAL851_BREAST,BREAST,11655119,LY2109761,5.375288009643555,5.601836204528809
ACH-000857,CAL-85-1,CAL851_BREAST,BREAST,35397514,OF-1,4.79462194442749,4.780559062957764
ACH-000857,CAL-85-1,CAL851_BREAST,BREAST,2802462,MN-64,4.293982982635498,5.204502582550049
ACH-000857,CAL-85-1,CAL851_BREAST,BREAST,73555129,KRAS (G12C) Inhibitor-12,3.439445972442627,5.458956241607666
ACH-000857,CAL-85-1,CAL851_BREAST,BREAST,462382,MG-132,-1.494318962097168,-0.7041102647781372
ACH-000857,CAL-85-1,CAL851_BREAST,BREAST,11707110,Trametinib,-0.555633008480072,0.3561941385269165
ACH-000857,CAL-85-1,CAL851_BREAST,BREAST,44462760,Dabrafenib,5.350348949432373,5.514235496520996
ACH-000857,CAL-85-1,CAL851_BREAST,BREAST,5394,Temozolomide,6.812148094177246,7.2944016456604
ACH-000857,CAL-85-1,CAL851_BREAST,BREAST,5460769,Bleomycin (50 uM),4.929634094238281,4.416964054107666
ACH-000857,CAL-85-1,CAL851_BREAST,BREAST,49846579,Venotoclax,3.700942039489746,3.3290181159973145
ACH-000857,CAL-85-1,CAL851_BREAST,BREAST,11228183,ABT737,3.8560268878936768,2.854124069213867
ACH-000857,CAL-85-1,CAL851_BREAST,BREAST,46843057,Afuresertib,2.8887760639190674,3.459174156188965
ACH-000857,CAL-85-1,CAL851_BREAST,BREAST,56645356,AGI-5198,5.721445083618164,5.2259063720703125
ACH-000857,CAL-85-1,CAL851_BREAST,BREAST,78209992,AZD3759,3.583832025527954,2.543635606765747
ACH-000857,CAL-85-1,CAL851_BREAST,BREAST,54761306,AZD6738,2.0252199172973633,3.026728630065918
ACH-000857,CAL-85-1,CAL851_BREAST,BREAST,52913813,AZD8186,3.819772958755493,3.5816285610198975
ACH-000857,CAL-85-1,CAL851_BREAST,BREAST,71496458,Osimertinib,3.4415719509124756,1.959909439086914
ACH-000857,CAL-85-1,CAL851_BREAST,BREAST,9933475,Cediranib,2.2717878818511963,2.718900203704834
ACH-000857,CAL-85-1,CAL851_BREAST,BREAST,24788740,Ipatasertib,3.4335780143737793,4.286667346954346
ACH-000857,CAL-85-1,CAL851_BREAST,BREAST,56941241,GDC0810,4.4849162101745605,5.61865234375
ACH-000857,CAL-85-1,CAL851_BREAST,BREAST,70676303,GNE-317,0.2544260025024414,1.4087823629379272
ACH-000857,CAL-85-1,CAL851_BREAST,BREAST,68107965,GSK2578215A,5.6968607902526855,5.508972644805908
ACH-000857,CAL-85-1,CAL851_BREAST,BREAST,91668541,I-BRD9,5.605279922485352,5.280182361602783
ACH-000857,CAL-85-1,CAL851_BREAST,BREAST,10385095,Telomerase Inhibitor IX,0.4444679915904999,1.83766770362854
ACH-000857,CAL-85-1,CAL851_BREAST,BREAST,227681,MIRA-1,5.3210649490356445,6.329848289489746
ACH-000857,CAL-85-1,CAL851_BREAST,BREAST,9825149,NVP-ADW742,2.855238914489746,3.798067808151245
ACH-000857,CAL-85-1,CAL851_BREAST,BREAST,46931953,P22077,5.206188201904297,5.373735427856445
ACH-000857,CAL-85-1,CAL851_BREAST,BREAST,68289010,Savolitinib,3.0390260219573975,3.2776567935943604
ACH-000857,CAL-85-1,CAL851_BREAST,BREAST,992586,UMI-77,1.9805339574813843,3.495968818664551
ACH-000857,CAL-85-1,CAL851_BREAST,BREAST,2984337,WIKI4,4.49314022064209,4.044741630554199
ACH-000857,CAL-85-1,CAL851_BREAST,BREAST,11178236,Sepantronium bromide,-3.573232889175415,-4.525659561157227
ACH-000857,CAL-85-1,CAL851_BREAST,BREAST,71297207,WEHI-539,3.70422101020813,4.192309856414795
ACH-000857,CAL-85-1,CAL851_BREAST,BREAST,104842,SN-38,3.415055990219116,-1.5643439292907715
ACH-000857,CAL-85-1,CAL851_BREAST,BREAST,25126798,Ruxolitinib,5.408188819885254,5.619679927825928
ACH-000857,CAL-85-1,CAL851_BREAST,BREAST,11640390,Linsitinib,3.5896100997924805,4.666249752044678
ACH-000857,CAL-85-1,CAL851_BREAST,BREAST,41867,Epirubicin,0.6657350063323975,0.6337780952453613
ACH-000857,CAL-85-1,CAL851_BREAST,BREAST,2907,Cyclophosphamide,5.50557279586792,5.882147789001465
ACH-000857,CAL-85-1,CAL851_BREAST,BREAST,24360,Camptothecin,-1.1531790494918823,-0.8632177114486694
ACH-000857,CAL-85-1,CAL851_BREAST,BREAST,6710780,Vinblastine,-1.90248703956604,-1.307794451713562
ACH-000857,CAL-85-1,CAL851_BREAST,BREAST,84691,Cisplatin,4.587561130523682,4.544032573699951
ACH-000857,CAL-85-1,CAL851_BREAST,BREAST,6253,Cytarabine,2.9106431007385254,3.474947690963745
ACH-000857,CAL-85-1,CAL851_BREAST,BREAST,148124,Docetaxel,-4.198726177215576,-2.6913697719573975
ACH-000857,CAL-85-1,CAL851_BREAST,BREAST,126941,Methotrexate,2.163810968399048,1.5827144384384155
ACH-000857,CAL-85-1,CAL851_BREAST,BREAST,123631,Gefitinib,3.8331170082092285,2.9458374977111816
ACH-000857,CAL-85-1,CAL851_BREAST,BREAST,24978538,Navitoclax,2.1396069526672363,2.745079755783081
ACH-000857,CAL-85-1,CAL851_BREAST,BREAST,5311,Vorinostat,2.1847569942474365,2.481294631958008
ACH-000857,CAL-85-1,CAL851_BREAST,BREAST,644241,Nilotinib,3.2050869464874268,4.41702938079834
ACH-000857,CAL-85-1,CAL851_BREAST,BREAST,44182295,Refametinib,0.5108320116996765,2.3564441204071045
ACH-000857,CAL-85-1,CAL851_BREAST,BREAST,6918289,Temsirolimus,-0.7018529772758484,2.0258662700653076
ACH-000857,CAL-85-1,CAL851_BREAST,BREAST,23725625,Olaparib,4.616855144500732,5.25403356552124
ACH-000857,CAL-85-1,CAL851_BREAST,BREAST,11960529,Veliparib,5.06316614151001,5.95378303527832
ACH-000857,CAL-85-1,CAL851_BREAST,BREAST,5328940,Bosutinib,1.9718739986419678,3.227900266647339
ACH-000857,CAL-85-1,CAL851_BREAST,BREAST,216326,Lenalidomide,5.627532958984375,5.9938859939575195
ACH-000857,CAL-85-1,CAL851_BREAST,BREAST,6450551,Axitinib,3.9801230430603027,4.169706344604492
ACH-000857,CAL-85-1,CAL851_BREAST,BREAST,11152667,AZD7762,0.05539799854159355,1.4909782409667969
ACH-000857,CAL-85-1,CAL851_BREAST,BREAST,9943465,GW441756,3.64764404296875,3.9420626163482666
ACH-000248,AU565,AU565_BREAST,BREAST,126565,Lestaurtinib,0.43739399313926697,0.4430820345878601
ACH-000248,AU565,AU565_BREAST,BREAST,176158,SB216763,4.380849838256836,4.897577285766602
ACH-000248,AU565,AU565_BREAST,BREAST,6505803,Tanespimycin,-0.18691499531269073,-0.8132578134536743
ACH-000248,AU565,AU565_BREAST,BREAST,5311497,Vinorelbine,-5.073177814483643,-3.564460039138794
ACH-000248,AU565,AU565_BREAST,BREAST,11667893,Motesanib,5.361802101135254,5.422654151916504
ACH-000248,AU565,AU565_BREAST,BREAST,5278396,KU-55933,3.815704107284546,4.978026390075684
ACH-000248,AU565,AU565_BREAST,BREAST,10184653,Afatinib,-1.533974051475525,0.43514353036880493
ACH-000248,AU565,AU565_BREAST,BREAST,24776445,Vismodegib,4.653626918792725,4.864711284637451
ACH-000248,AU565,AU565_BREAST,BREAST,24180719,PLX-4720,4.730618000030518,4.553721904754639
ACH-000248,AU565,AU565_BREAST,BREAST,11327430,NU7441,1.8769630193710327,2.4415552616119385
ACH-000248,AU565,AU565_BREAST,BREAST,16720766,Pevonedistat,2.443640947341919,0.3802485764026642
ACH-000248,AU565,AU565_BREAST,BREAST,11488320,Sapitinib,0.4526360034942627,1.0532491207122803
ACH-000248,AU565,AU565_BREAST,BREAST,156422,Doramapimod,4.106212139129639,4.933569431304932
ACH-000248,AU565,AU565_BREAST,BREAST,11624601,JNK Inhibitor VIII,4.88385009765625,5.028408527374268
ACH-000248,AU565,AU565_BREAST,BREAST,51042438,Uprosertib,1.7290740013122559,1.7277263402938843
ACH-000248,AU565,AU565_BREAST,BREAST,24737642,LCL161,4.2480950355529785,4.720963001251221
ACH-000248,AU565,AU565_BREAST,BREAST,10384072,Wee1 Inhibitor,2.062623977661133,1.5042496919631958
ACH-000248,AU565,AU565_BREAST,BREAST,11433190,Nutlin-3a (-),4.41654109954834,4.651004314422607
ACH-000248,AU565,AU565_BREAST,BREAST,208908,Lapatinib,-0.8665440082550049,1.4318231344223022
ACH-000248,AU565,AU565_BREAST,BREAST,1401,PD173074,3.6358819007873535,3.516540765762329
ACH-000248,AU565,AU565_BREAST,BREAST,9914412,ZM447439,2.320211887359619,1.9198582172393799
ACH-000248,AU565,AU565_BREAST,BREAST,24771867,Alisertib,2.659303903579712,1.266614556312561
ACH-000248,AU565,AU565_BREAST,BREAST,56649450,Alpelisib,2.14005708694458,2.0434787273406982
ACH-000248,AU565,AU565_BREAST,BREAST,46930998,MK-2206,1.7044860124588013,1.7713712453842163
ACH-000248,AU565,AU565_BREAST,BREAST,5330286,Palbociclib,3.2083559036254883,3.3777506351470947
ACH-000248,AU565,AU565_BREAST,BREAST,51001932,Taselisib,1.6762809753417969,0.07809659093618393
ACH-000248,AU565,AU565_BREAST,BREAST,57345410,EPZ5676,4.90111780166626,5.493691444396973
ACH-000248,AU565,AU565_BREAST,BREAST,11977753,Dactolisib,-1.6482460498809814,-1.7892804145812988
ACH-000248,AU565,AU565_BREAST,BREAST,17755052,Pictilisib,0.19994300603866577,0.010337784886360168
ACH-000248,AU565,AU565_BREAST,BREAST,25262965,AZD8055,-0.6184530258178711,-0.42135176062583923
ACH-000248,AU565,AU565_BREAST,BREAST,9826528,PD0325901,3.535306930541992,2.112166166305542
ACH-000248,AU565,AU565_BREAST,BREAST,24866313,SCH772984,2.8381779193878174,2.615023612976074
ACH-000248,AU565,AU565_BREAST,BREAST,10127622,Selumetinib,4.988624095916748,3.6583616733551025
ACH-000248,AU565,AU565_BREAST,BREAST,9927531,BIBR-1532,5.225494861602783,4.871312618255615
ACH-000248,AU565,AU565_BREAST,BREAST,2155128,IWP-2,2.0850579738616943,2.610933780670166
ACH-000248,AU565,AU565_BREAST,BREAST,3899,Leflunomide,5.213376998901367,5.051992893218994
ACH-000248,AU565,AU565_BREAST,BREAST,2314623,CCT007093,2.3791770935058594,5.13029146194458
ACH-000248,AU565,AU565_BREAST,BREAST,11404337,Obatoclax Mesylate,0.7282220125198364,0.3851996064186096
ACH-000248,AU565,AU565_BREAST,BREAST,9938202,EHT-1864,3.6967170238494873,3.46928334236145
ACH-000248,AU565,AU565_BREAST,BREAST,25227847,Pyridostatin,4.65153694152832,3.197899103164673
ACH-000248,AU565,AU565_BREAST,BREAST,46883536,Avagacestat,4.926509857177734,4.616662979125977
ACH-000248,AU565,AU565_BREAST,BREAST,3385,5-Fluorouracil,2.7979769706726074,3.9727413654327393
ACH-000248,AU565,AU565_BREAST,BREAST,68947304,AMG-319,3.797960042953491,4.76539421081543
ACH-000248,AU565,AU565_BREAST,BREAST,11634725,VX-11e,3.3652589321136475,2.688903570175171
ACH-000248,AU565,AU565_BREAST,BREAST,16224745,MK-8776,2.055795907974243,2.874234676361084
ACH-000248,AU565,AU565_BREAST,BREAST,3062316,Dasatinib,3.0621180534362793,1.1773602962493896
ACH-000248,AU565,AU565_BREAST,BREAST,36314,Paclitaxel,-4.935798168182373,-3.4861271381378174
ACH-000248,AU565,AU565_BREAST,BREAST,4261,Entinostat,0.3997189998626709,1.9033863544464111
ACH-000248,AU565,AU565_BREAST,BREAST,11626560,Crizotinib,3.053697109222412,2.1262331008911133
ACH-000248,AU565,AU565_BREAST,BREAST,118704762,LJI308,4.87859582901001,5.035707950592041
ACH-000248,AU565,AU565_BREAST,BREAST,216239,Sorafenib,3.0794670581817627,2.335059642791748
ACH-000248,AU565,AU565_BREAST,BREAST,46926973,LGK974,3.5895349979400635,4.059669017791748
ACH-000248,AU565,AU565_BREAST,BREAST,60838,Irinotecan,2.423628091812134,2.0435068607330322
ACH-000248,AU565,AU565_BREAST,BREAST,5310940,Oxaliplatin,5.046978950500488,3.545532464981079
ACH-000248,AU565,AU565_BREAST,BREAST,117072552,GSK591,2.1515629291534424,4.2837300300598145
ACH-000248,AU565,AU565_BREAST,BREAST,51000408,VE821,3.1522810459136963,3.7641618251800537
ACH-000248,AU565,AU565_BREAST,BREAST,25124816,GSK1904529A,2.58424711227417,4.07575798034668
ACH-000248,AU565,AU565_BREAST,BREAST,5494449,Tozasertib,4.322451114654541,1.4402878284454346
ACH-000248,AU565,AU565_BREAST,BREAST,59472121,VE-822,2.999994993209839,2.754798173904419
ACH-000248,AU565,AU565_BREAST,BREAST,72200024,WZ4003,3.2027950286865234,4.0247368812561035
ACH-000248,AU565,AU565_BREAST,BREAST,42623951,CZC24832,5.276340007781982,5.147423267364502
ACH-000248,AU565,AU565_BREAST,BREAST,49847690,AZD5582,1.7441179752349854,1.7984191179275513
ACH-000248,AU565,AU565_BREAST,BREAST,53469448,GSK2606414,3.1828689575195312,3.6236014366149902
ACH-000248,AU565,AU565_BREAST,BREAST,78243717,PFI3,5.363296031951904,5.32725715637207
ACH-000248,AU565,AU565_BREAST,BREAST,24753719,PCI-34051,3.737514019012451,4.47543478012085
ACH-000248,AU565,AU565_BREAST,BREAST,57519544,Wnt-C59,4.083617210388184,4.208847999572754
ACH-000248,AU565,AU565_BREAST,BREAST,46943432,I-BET-762,5.354675769805908,2.6850497722625732
ACH-000248,AU565,AU565_BREAST,BREAST,9936746,OTX015,5.364747047424316,1.973144292831421
ACH-000248,AU565,AU565_BREAST,BREAST,71268957,GSK343,3.056173086166382,2.5723776817321777
ACH-000248,AU565,AU565_BREAST,BREAST,60167849,ML323,4.9963297843933105,4.437674045562744
ACH-000248,AU565,AU565_BREAST,BREAST,59473233,Entospletinib,3.6458590030670166,3.2628743648529053
ACH-000248,AU565,AU565_BREAST,BREAST,44462758,PRT062607,4.379475116729736,2.6035001277923584
ACH-000248,AU565,AU565_BREAST,BREAST,44631912,Ribociclib,3.4957220554351807,3.500230550765991
ACH-000248,AU565,AU565_BREAST,BREAST,71299339,AGI-6780,3.108144998550415,4.192691802978516
ACH-000248,AU565,AU565_BREAST,BREAST,1018,Picolinici-acid,5.142951011657715,5.188218116760254
ACH-000248,AU565,AU565_BREAST,BREAST,51371303,PF-4708671,4.666131019592285,3.392206907272339
ACH-000248,AU565,AU565_BREAST,BREAST,52918385,PRIMA-1MET,3.0234830379486084,4.670067310333252
ACH-000248,AU565,AU565_BREAST,BREAST,11609586,Serdemetan,2.786616086959839,3.611013174057007
ACH-000248,AU565,AU565_BREAST,BREAST,44137675,AZD6482,3.333627939224243,3.082671642303467
ACH-000248,AU565,AU565_BREAST,BREAST,42642645,Foretinib,1.0758719444274902,0.6990289688110352
ACH-000248,AU565,AU565_BREAST,BREAST,46907787,JQ1,4.0747151374816895,1.774340271949768
ACH-000248,AU565,AU565_BREAST,BREAST,71271629,PFI-1,4.456587791442871,3.7964131832122803
ACH-000248,AU565,AU565_BREAST,BREAST,56962337,SGC0946,1.2988170385360718,1.8423048257827759
ACH-000248,AU565,AU565_BREAST,BREAST,176870,Erlotinib,1.948580026626587,1.7643438577651978
ACH-000248,AU565,AU565_BREAST,BREAST,9931953,Rucaparib,4.154425144195557,3.987868309020996
ACH-000248,AU565,AU565_BREAST,BREAST,24958200,Niraparib,4.559703826904297,4.32293701171875
ACH-000248,AU565,AU565_BREAST,BREAST,24856436,MK-1775,1.6396100521087646,0.26976478099823
ACH-000248,AU565,AU565_BREAST,BREAST,46926350,Dinaciclib,-3.2035579681396484,-2.8941681385040283
ACH-000248,AU565,AU565_BREAST,BREAST,60750,Gemcitabine,-2.7337639331817627,-1.211582899093628
ACH-000248,AU565,AU565_BREAST,BREAST,387447,Bortezomib,-5.396154880523682,-5.582458972930908
ACH-000248,AU565,AU565_BREAST,BREAST,16095342,GSK269962A,3.6314499378204346,1.8606804609298706
ACH-000248,AU565,AU565_BREAST,BREAST,2733526,Tamoxifen,2.9075589179992676,3.62399959564209
ACH-000248,AU565,AU565_BREAST,BREAST,104741,Fulvestrant,2.297481060028076,2.8683743476867676
ACH-000248,AU565,AU565_BREAST,BREAST,56962336,EPZ004777,4.9658660888671875,5.149046421051025
ACH-000248,AU565,AU565_BREAST,BREAST,44632017,YK-4-279,2.912597894668579,1.318787932395935
ACH-000248,AU565,AU565_BREAST,BREAST,9813758,BMS-345541,2.2512199878692627,2.6830053329467773
ACH-000248,AU565,AU565_BREAST,BREAST,25099184,AZ960,1.6550719738006592,1.5608855485916138
ACH-000248,AU565,AU565_BREAST,BREAST,51039095,AZD4547,3.147118091583252,2.6148269176483154
ACH-000248,AU565,AU565_BREAST,BREAST,24821094,Ibrutinib,-0.5417410135269165,1.9787850379943848
ACH-000248,AU565,AU565_BREAST,BREAST,70983932,GSK2830371,5.364747047424316,5.4090704917907715
ACH-000248,AU565,AU565_BREAST,BREAST,46236925,Sabutoclax,0.8925650119781494,-0.13774213194847107
ACH-000248,AU565,AU565_BREAST,BREAST,11655119,LY2109761,4.79672908782959,4.935962200164795
ACH-000248,AU565,AU565_BREAST,BREAST,35397514,OF-1,3.805691957473755,4.055420875549316
ACH-000248,AU565,AU565_BREAST,BREAST,2802462,MN-64,2.007538080215454,4.565073490142822
ACH-000248,AU565,AU565_BREAST,BREAST,73555129,KRAS (G12C) Inhibitor-12,3.1486809253692627,4.393003940582275
ACH-000248,AU565,AU565_BREAST,BREAST,462382,MG-132,-1.376420021057129,-1.1580394506454468
ACH-000248,AU565,AU565_BREAST,BREAST,11707110,Trametinib,3.351414918899536,1.033087134361267
ACH-000248,AU565,AU565_BREAST,BREAST,44462760,Dabrafenib,4.480309963226318,4.7402215003967285
ACH-000248,AU565,AU565_BREAST,BREAST,5394,Temozolomide,7.155078887939453,6.588959693908691
ACH-000248,AU565,AU565_BREAST,BREAST,5460769,Bleomycin (50 uM),4.963997840881348,2.3553755283355713
ACH-000248,AU565,AU565_BREAST,BREAST,49846579,Venotoclax,3.1760010719299316,2.566974639892578
ACH-000248,AU565,AU565_BREAST,BREAST,11228183,ABT737,2.6614179611206055,2.396575450897217
ACH-000248,AU565,AU565_BREAST,BREAST,46843057,Afuresertib,1.3521239757537842,1.4330580234527588
ACH-000248,AU565,AU565_BREAST,BREAST,56645356,AGI-5198,4.403131008148193,4.622711658477783
ACH-000248,AU565,AU565_BREAST,BREAST,78209992,AZD3759,1.9408270120620728,1.7884351015090942
ACH-000248,AU565,AU565_BREAST,BREAST,54761306,AZD6738,2.9643800258636475,1.6668825149536133
ACH-000248,AU565,AU565_BREAST,BREAST,52913813,AZD8186,1.8952189683914185,2.1915502548217773
ACH-000248,AU565,AU565_BREAST,BREAST,71496458,Osimertinib,-1.017217993736267,0.7792907953262329
ACH-000248,AU565,AU565_BREAST,BREAST,9933475,Cediranib,1.8263380527496338,1.8406809568405151
ACH-000248,AU565,AU565_BREAST,BREAST,24788740,Ipatasertib,2.399005889892578,2.223365545272827
ACH-000248,AU565,AU565_BREAST,BREAST,56941241,GDC0810,3.9810729026794434,4.941250801086426
ACH-000248,AU565,AU565_BREAST,BREAST,70676303,GNE-317,-0.16952699422836304,0.04801806062459946
ACH-000248,AU565,AU565_BREAST,BREAST,68107965,GSK2578215A,3.9095139503479004,4.839904308319092
ACH-000248,AU565,AU565_BREAST,BREAST,91668541,I-BRD9,3.6720759868621826,4.232257843017578
ACH-000248,AU565,AU565_BREAST,BREAST,10385095,Telomerase Inhibitor IX,1.483981966972351,0.5809745788574219
ACH-000248,AU565,AU565_BREAST,BREAST,227681,MIRA-1,4.74198579788208,5.443359851837158
ACH-000248,AU565,AU565_BREAST,BREAST,9825149,NVP-ADW742,2.195854902267456,2.323016881942749
ACH-000248,AU565,AU565_BREAST,BREAST,46931953,P22077,4.560861110687256,4.304610252380371
ACH-000248,AU565,AU565_BREAST,BREAST,68289010,Savolitinib,2.6843130588531494,2.374192476272583
ACH-000248,AU565,AU565_BREAST,BREAST,992586,UMI-77,2.8353750705718994,2.807511806488037
ACH-000248,AU565,AU565_BREAST,BREAST,2984337,WIKI4,3.335397958755493,3.5178375244140625
ACH-000248,AU565,AU565_BREAST,BREAST,11178236,Sepantronium bromide,-3.3029909133911133,-3.462059497833252
ACH-000248,AU565,AU565_BREAST,BREAST,71297207,WEHI-539,2.839409112930298,3.433924436569214
ACH-000248,AU565,AU565_BREAST,BREAST,104842,SN-38,-3.640089988708496,-3.921017646789551
ACH-000248,AU565,AU565_BREAST,BREAST,25126798,Ruxolitinib,4.550693035125732,4.757782459259033
ACH-000248,AU565,AU565_BREAST,BREAST,11640390,Linsitinib,2.559448003768921,3.56502628326416
ACH-000248,AU565,AU565_BREAST,BREAST,41867,Epirubicin,-1.4174439907073975,-0.7272433042526245
ACH-000248,AU565,AU565_BREAST,BREAST,2907,Cyclophosphamide,4.9974870681762695,5.188240051269531
ACH-000248,AU565,AU565_BREAST,BREAST,24360,Camptothecin,-2.8346750736236572,-2.2099435329437256
ACH-000248,AU565,AU565_BREAST,BREAST,6710780,Vinblastine,-2.720184087753296,-3.782519817352295
ACH-000248,AU565,AU565_BREAST,BREAST,84691,Cisplatin,2.9296460151672363,2.4294421672821045
ACH-000248,AU565,AU565_BREAST,BREAST,6253,Cytarabine,1.746399998664856,1.760593295097351
ACH-000248,AU565,AU565_BREAST,BREAST,148124,Docetaxel,-5.785867214202881,-4.796011924743652
ACH-000248,AU565,AU565_BREAST,BREAST,126941,Methotrexate,-2.4708540439605713,0.820454478263855
ACH-000248,AU565,AU565_BREAST,BREAST,123631,Gefitinib,1.1403019428253174,1.9930689334869385
ACH-000248,AU565,AU565_BREAST,BREAST,24978538,Navitoclax,1.9058870077133179,2.35532283782959
ACH-000248,AU565,AU565_BREAST,BREAST,5311,Vorinostat,0.6083120107650757,1.5709515810012817
ACH-000248,AU565,AU565_BREAST,BREAST,644241,Nilotinib,1.803812026977539,3.3226664066314697
ACH-000248,AU565,AU565_BREAST,BREAST,44182295,Refametinib,3.895735025405884,2.3432955741882324
ACH-000248,AU565,AU565_BREAST,BREAST,6918289,Temsirolimus,0.8043079972267151,0.6290266513824463
ACH-000248,AU565,AU565_BREAST,BREAST,23725625,Olaparib,4.46023416519165,4.390600204467773
ACH-000248,AU565,AU565_BREAST,BREAST,11960529,Veliparib,5.360538005828857,5.25398063659668
ACH-000248,AU565,AU565_BREAST,BREAST,5328940,Bosutinib,3.2006049156188965,2.3971805572509766
ACH-000248,AU565,AU565_BREAST,BREAST,216326,Lenalidomide,4.97028112411499,5.216974258422852
ACH-000248,AU565,AU565_BREAST,BREAST,6450551,Axitinib,3.2746191024780273,2.647738456726074
ACH-000248,AU565,AU565_BREAST,BREAST,11152667,AZD7762,0.33006200194358826,0.28769007325172424
ACH-000248,AU565,AU565_BREAST,BREAST,9943465,GW441756,2.109144926071167,3.120682716369629
ACH-000755,HCC2218,HCC2218_BREAST,BREAST,126565,Lestaurtinib,1.7660670280456543,0.677675724029541
ACH-000755,HCC2218,HCC2218_BREAST,BREAST,176158,SB216763,5.202513217926025,5.137087821960449
ACH-000755,HCC2218,HCC2218_BREAST,BREAST,6505803,Tanespimycin,-0.5999169945716858,0.14782239496707916
ACH-000755,HCC2218,HCC2218_BREAST,BREAST,5311497,Vinorelbine,-3.4527029991149902,-3.058443784713745
ACH-000755,HCC2218,HCC2218_BREAST,BREAST,11667893,Motesanib,5.1715569496154785,5.603313446044922
ACH-000755,HCC2218,HCC2218_BREAST,BREAST,5278396,KU-55933,4.9013447761535645,5.230990409851074
ACH-000755,HCC2218,HCC2218_BREAST,BREAST,300471,Elesclomol,-2.6408419609069824,-1.2399494647979736
ACH-000755,HCC2218,HCC2218_BREAST,BREAST,10184653,Afatinib,-3.5854949951171875,1.7336652278900146
ACH-000755,HCC2218,HCC2218_BREAST,BREAST,24776445,Vismodegib,3.976500988006592,4.962874889373779
ACH-000755,HCC2218,HCC2218_BREAST,BREAST,24180719,PLX-4720,3.9262828826904297,4.818595886230469
ACH-000755,HCC2218,HCC2218_BREAST,BREAST,10077147,BX795,2.3060779571533203,2.675975799560547
ACH-000755,HCC2218,HCC2218_BREAST,BREAST,11327430,NU7441,3.103346109390259,3.1378262042999268
ACH-000755,HCC2218,HCC2218_BREAST,BREAST,10459196,SL0101,3.739039897918701,4.81806755065918
ACH-000755,HCC2218,HCC2218_BREAST,BREAST,16720766,Pevonedistat,2.3257200717926025,0.8806588649749756
ACH-000755,HCC2218,HCC2218_BREAST,BREAST,11488320,Sapitinib,1.0476980209350586,3.6411492824554443
ACH-000755,HCC2218,HCC2218_BREAST,BREAST,156422,Doramapimod,3.7029170989990234,5.005916118621826
ACH-000755,HCC2218,HCC2218_BREAST,BREAST,11624601,JNK Inhibitor VIII,3.7094318866729736,5.1534104347229
ACH-000755,HCC2218,HCC2218_BREAST,BREAST,51042438,Uprosertib,2.905316114425659,2.713286876678467
ACH-000755,HCC2218,HCC2218_BREAST,BREAST,24737642,LCL161,5.060340881347656,4.928241729736328
ACH-000755,HCC2218,HCC2218_BREAST,BREAST,10384072,Wee1 Inhibitor,2.461719036102295,1.9231302738189697
ACH-000755,HCC2218,HCC2218_BREAST,BREAST,11433190,Nutlin-3a (-),5.003993988037109,4.980432033538818
ACH-000755,HCC2218,HCC2218_BREAST,BREAST,208908,Lapatinib,-0.9819890260696411,3.0453598499298096
ACH-000755,HCC2218,HCC2218_BREAST,BREAST,1401,PD173074,5.107680797576904,3.7602784633636475
ACH-000755,HCC2218,HCC2218_BREAST,BREAST,9914412,ZM447439,3.956813097000122,2.390253782272339
ACH-000755,HCC2218,HCC2218_BREAST,BREAST,24771867,Alisertib,3.9452919960021973,2.082918643951416
ACH-000755,HCC2218,HCC2218_BREAST,BREAST,56649450,Alpelisib,3.31551194190979,3.144680976867676
ACH-000755,HCC2218,HCC2218_BREAST,BREAST,46930998,MK-2206,3.34694504737854,2.5790653228759766
ACH-000755,HCC2218,HCC2218_BREAST,BREAST,5330286,Palbociclib,2.032402992248535,3.907116174697876
ACH-000755,HCC2218,HCC2218_BREAST,BREAST,51001932,Taselisib,2.472860097885132,1.586804986000061
ACH-000755,HCC2218,HCC2218_BREAST,BREAST,57345410,EPZ5676,5.20045804977417,5.57935905456543
ACH-000755,HCC2218,HCC2218_BREAST,BREAST,11977753,Dactolisib,1.2456549406051636,-1.1258182525634766
ACH-000755,HCC2218,HCC2218_BREAST,BREAST,17755052,Pictilisib,2.1771910190582275,1.04899001121521
ACH-000755,HCC2218,HCC2218_BREAST,BREAST,25262965,AZD8055,0.857649028301239,0.39373236894607544
ACH-000755,HCC2218,HCC2218_BREAST,BREAST,9826528,PD0325901,3.690825939178467,2.8715527057647705
ACH-000755,HCC2218,HCC2218_BREAST,BREAST,24866313,SCH772984,2.4441781044006348,3.474308967590332
ACH-000755,HCC2218,HCC2218_BREAST,BREAST,10127622,Selumetinib,3.0941970348358154,4.231323719024658
ACH-000755,HCC2218,HCC2218_BREAST,BREAST,9927531,BIBR-1532,5.202157974243164,4.955226421356201
ACH-000755,HCC2218,HCC2218_BREAST,BREAST,2155128,IWP-2,2.6667709350585938,2.681210994720459
ACH-000755,HCC2218,HCC2218_BREAST,BREAST,3899,Leflunomide,5.699154853820801,5.1994171142578125
ACH-000755,HCC2218,HCC2218_BREAST,BREAST,2314623,CCT007093,4.15975284576416,5.231746196746826
ACH-000755,HCC2218,HCC2218_BREAST,BREAST,9938202,EHT-1864,2.2347159385681152,3.3423011302948
ACH-000755,HCC2218,HCC2218_BREAST,BREAST,25227847,Pyridostatin,4.554513931274414,3.3335442543029785
ACH-000755,HCC2218,HCC2218_BREAST,BREAST,46883536,Avagacestat,3.677733898162842,4.805635452270508
ACH-000755,HCC2218,HCC2218_BREAST,BREAST,3385,5-Fluorouracil,5.7794508934021,4.502079010009766
ACH-000755,HCC2218,HCC2218_BREAST,BREAST,68947304,AMG-319,4.795372009277344,5.009637832641602
ACH-000755,HCC2218,HCC2218_BREAST,BREAST,11634725,VX-11e,3.3497519493103027,3.467973470687866
ACH-000755,HCC2218,HCC2218_BREAST,BREAST,16224745,MK-8776,-1.5014749765396118,3.1030640602111816
ACH-000755,HCC2218,HCC2218_BREAST,BREAST,3062316,Dasatinib,2.900796890258789,2.767426013946533
ACH-000755,HCC2218,HCC2218_BREAST,BREAST,36314,Paclitaxel,-1.8393160104751587,-3.0176687240600586
ACH-000755,HCC2218,HCC2218_BREAST,BREAST,4261,Entinostat,1.4292830228805542,1.9966968297958374
ACH-000755,HCC2218,HCC2218_BREAST,BREAST,11626560,Crizotinib,4.526604175567627,2.6148524284362793
ACH-000755,HCC2218,HCC2218_BREAST,BREAST,216239,Sorafenib,0.8722230195999146,2.3876426219940186
ACH-000755,HCC2218,HCC2218_BREAST,BREAST,11364421,BI-2536,2.562217950820923,-1.3825167417526245
ACH-000755,HCC2218,HCC2218_BREAST,BREAST,46926973,LGK974,2.7736968994140625,3.947187900543213
ACH-000755,HCC2218,HCC2218_BREAST,BREAST,60838,Irinotecan,4.66816520690918,2.5521862506866455
ACH-000755,HCC2218,HCC2218_BREAST,BREAST,5310940,Oxaliplatin,4.444435119628906,3.744483470916748
ACH-000755,HCC2218,HCC2218_BREAST,BREAST,117072552,GSK591,3.586513042449951,4.459582805633545
ACH-000755,HCC2218,HCC2218_BREAST,BREAST,51000408,VE821,3.3161449432373047,4.016856670379639
ACH-000755,HCC2218,HCC2218_BREAST,BREAST,25124816,GSK1904529A,3.7291629314422607,4.095388889312744
ACH-000755,HCC2218,HCC2218_BREAST,BREAST,5494449,Tozasertib,3.4934499263763428,2.078293800354004
ACH-000755,HCC2218,HCC2218_BREAST,BREAST,59472121,VE-822,4.509318828582764,3.164257287979126
ACH-000755,HCC2218,HCC2218_BREAST,BREAST,72200024,WZ4003,5.198954105377197,4.187830924987793
ACH-000755,HCC2218,HCC2218_BREAST,BREAST,42623951,CZC24832,5.202946186065674,5.304995059967041
ACH-000755,HCC2218,HCC2218_BREAST,BREAST,49847690,AZD5582,2.5345571041107178,2.1277265548706055
ACH-000755,HCC2218,HCC2218_BREAST,BREAST,53469448,GSK2606414,2.8596529960632324,3.8381824493408203
ACH-000755,HCC2218,HCC2218_BREAST,BREAST,78243717,PFI3,5.112994194030762,5.440939903259277
ACH-000755,HCC2218,HCC2218_BREAST,BREAST,24753719,PCI-34051,4.084796905517578,4.4871344566345215
ACH-000755,HCC2218,HCC2218_BREAST,BREAST,57519544,Wnt-C59,2.5746939182281494,4.188568592071533
ACH-000755,HCC2218,HCC2218_BREAST,BREAST,46943432,I-BET-762,4.006505966186523,3.333286762237549
ACH-000755,HCC2218,HCC2218_BREAST,BREAST,9936746,OTX015,3.6706860065460205,2.636461019515991
ACH-000755,HCC2218,HCC2218_BREAST,BREAST,71268957,GSK343,2.6899240016937256,2.7564234733581543
ACH-000755,HCC2218,HCC2218_BREAST,BREAST,60167849,ML323,2.596935987472534,4.392599105834961
ACH-000755,HCC2218,HCC2218_BREAST,BREAST,59473233,Entospletinib,4.518884181976318,3.872734308242798
ACH-000755,HCC2218,HCC2218_BREAST,BREAST,44462758,PRT062607,4.7289299964904785,3.293577194213867
ACH-000755,HCC2218,HCC2218_BREAST,BREAST,44631912,Ribociclib,3.182919979095459,3.7772316932678223
ACH-000755,HCC2218,HCC2218_BREAST,BREAST,51371303,PF-4708671,2.232522964477539,3.397416591644287
ACH-000755,HCC2218,HCC2218_BREAST,BREAST,52918385,PRIMA-1MET,6.1382951736450195,4.921995162963867
ACH-000755,HCC2218,HCC2218_BREAST,BREAST,11609586,Serdemetan,3.0649139881134033,3.7801096439361572
ACH-000755,HCC2218,HCC2218_BREAST,BREAST,44137675,AZD6482,5.713438987731934,3.8087494373321533
ACH-000755,HCC2218,HCC2218_BREAST,BREAST,42642645,Foretinib,4.393056869506836,1.3032480478286743
ACH-000755,HCC2218,HCC2218_BREAST,BREAST,46907787,JQ1,3.095654010772705,2.4107580184936523
ACH-000755,HCC2218,HCC2218_BREAST,BREAST,71271629,PFI-1,4.628317832946777,3.94659161567688
ACH-000755,HCC2218,HCC2218_BREAST,BREAST,54685215,IOX2,2.139662027359009,2.2904841899871826
ACH-000755,HCC2218,HCC2218_BREAST,BREAST,9956119,CHIR-99021,4.746953010559082,5.177061080932617
ACH-000755,HCC2218,HCC2218_BREAST,BREAST,56962337,SGC0946,2.2072129249572754,1.967198133468628
ACH-000755,HCC2218,HCC2218_BREAST,BREAST,176870,Erlotinib,2.710566997528076,2.7758495807647705
ACH-000755,HCC2218,HCC2218_BREAST,BREAST,9931953,Rucaparib,4.325041770935059,3.902218818664551
ACH-000755,HCC2218,HCC2218_BREAST,BREAST,24958200,Niraparib,3.992372989654541,4.362059593200684
ACH-000755,HCC2218,HCC2218_BREAST,BREAST,24856436,MK-1775,2.9934210777282715,0.7785444259643555
ACH-000755,HCC2218,HCC2218_BREAST,BREAST,46926350,Dinaciclib,-4.579480171203613,-2.6070590019226074
ACH-000755,HCC2218,HCC2218_BREAST,BREAST,60750,Gemcitabine,4.162024021148682,-0.14844995737075806
ACH-000755,HCC2218,HCC2218_BREAST,BREAST,387447,Bortezomib,-3.7862050533294678,-5.077881336212158
ACH-000755,HCC2218,HCC2218_BREAST,BREAST,16095342,GSK269962A,1.8980159759521484,2.1620423793792725
ACH-000755,HCC2218,HCC2218_BREAST,BREAST,9858940,SB505124,4.6671857833862305,3.2794294357299805
ACH-000755,HCC2218,HCC2218_BREAST,BREAST,2733526,Tamoxifen,4.4489569664001465,3.7550973892211914
ACH-000755,HCC2218,HCC2218_BREAST,BREAST,104741,Fulvestrant,2.198836088180542,2.9165499210357666
ACH-000755,HCC2218,HCC2218_BREAST,BREAST,56962336,EPZ004777,4.851023197174072,5.2249579429626465
ACH-000755,HCC2218,HCC2218_BREAST,BREAST,44632017,YK-4-279,2.2768969535827637,2.0406177043914795
ACH-000755,HCC2218,HCC2218_BREAST,BREAST,637858,Piperlongumine,3.9574170112609863,2.213712453842163
ACH-000755,HCC2218,HCC2218_BREAST,BREAST,6914657,Daporinad,-1.6868970394134521,-3.053492546081543
ACH-000755,HCC2218,HCC2218_BREAST,BREAST,9813758,BMS-345541,1.7954410314559937,2.9555540084838867
ACH-000755,HCC2218,HCC2218_BREAST,BREAST,25099184,AZ960,2.9494309425354004,2.1103546619415283
ACH-000755,HCC2218,HCC2218_BREAST,BREAST,51039095,AZD4547,4.112147808074951,2.784717321395874
ACH-000755,HCC2218,HCC2218_BREAST,BREAST,24821094,Ibrutinib,-1.8504040241241455,4.098452091217041
ACH-000755,HCC2218,HCC2218_BREAST,BREAST,46236925,Sabutoclax,-0.02481199987232685,0.01772436499595642
ACH-000755,HCC2218,HCC2218_BREAST,BREAST,11655119,LY2109761,4.634788990020752,5.079267501831055
ACH-000755,HCC2218,HCC2218_BREAST,BREAST,35397514,OF-1,1.5404750108718872,3.8886749744415283
ACH-000755,HCC2218,HCC2218_BREAST,BREAST,2802462,MN-64,3.631817102432251,4.7137837409973145
ACH-000755,HCC2218,HCC2218_BREAST,BREAST,73555129,KRAS (G12C) Inhibitor-12,4.552792072296143,4.480256080627441
ACH-000755,HCC2218,HCC2218_BREAST,BREAST,462382,MG-132,-0.8949270248413086,-1.041042685508728
ACH-000755,HCC2218,HCC2218_BREAST,BREAST,11707110,Trametinib,1.5525649785995483,1.9132286310195923
ACH-000755,HCC2218,HCC2218_BREAST,BREAST,44462760,Dabrafenib,3.5669829845428467,4.8759589195251465
ACH-000755,HCC2218,HCC2218_BREAST,BREAST,5394,Temozolomide,4.933518886566162,6.710938453674316
ACH-000755,HCC2218,HCC2218_BREAST,BREAST,49846579,Venotoclax,3.6491880416870117,2.3353500366210938
ACH-000755,HCC2218,HCC2218_BREAST,BREAST,11228183,ABT737,3.408777952194214,1.9973541498184204
ACH-000755,HCC2218,HCC2218_BREAST,BREAST,46843057,Afuresertib,3.427527904510498,2.29474139213562
ACH-000755,HCC2218,HCC2218_BREAST,BREAST,56645356,AGI-5198,4.868038177490234,4.660109043121338
ACH-000755,HCC2218,HCC2218_BREAST,BREAST,78209992,AZD3759,2.5564188957214355,2.3811891078948975
ACH-000755,HCC2218,HCC2218_BREAST,BREAST,54761306,AZD6738,2.1569790840148926,2.2088701725006104
ACH-000755,HCC2218,HCC2218_BREAST,BREAST,52913813,AZD8186,3.6382369995117188,3.303938865661621
ACH-000755,HCC2218,HCC2218_BREAST,BREAST,71496458,Osimertinib,-2.0203518867492676,1.725538730621338
ACH-000755,HCC2218,HCC2218_BREAST,BREAST,9933475,Cediranib,5.202797889709473,2.2830560207366943
ACH-000755,HCC2218,HCC2218_BREAST,BREAST,24788740,Ipatasertib,3.63374400138855,3.1886754035949707
ACH-000755,HCC2218,HCC2218_BREAST,BREAST,56941241,GDC0810,5.1949992179870605,5.073042869567871
ACH-000755,HCC2218,HCC2218_BREAST,BREAST,68107965,GSK2578215A,4.360879898071289,4.919784069061279
ACH-000755,HCC2218,HCC2218_BREAST,BREAST,91668541,I-BRD9,5.200833797454834,4.343536376953125
ACH-000755,HCC2218,HCC2218_BREAST,BREAST,10385095,Telomerase Inhibitor IX,1.1648750305175781,0.8415108919143677
ACH-000755,HCC2218,HCC2218_BREAST,BREAST,227681,MIRA-1,5.078836917877197,5.672435283660889
ACH-000755,HCC2218,HCC2218_BREAST,BREAST,9825149,NVP-ADW742,5.202946186065674,2.7671682834625244
ACH-000755,HCC2218,HCC2218_BREAST,BREAST,46931953,P22077,5.112876892089844,4.31618595123291
ACH-000755,HCC2218,HCC2218_BREAST,BREAST,68289010,Savolitinib,2.8807590007781982,2.4924943447113037
ACH-000755,HCC2218,HCC2218_BREAST,BREAST,2984337,WIKI4,3.065113067626953,3.683767080307007
ACH-000755,HCC2218,HCC2218_BREAST,BREAST,11178236,Sepantronium bromide,-5.704770088195801,-2.5855443477630615
ACH-000755,HCC2218,HCC2218_BREAST,BREAST,71297207,WEHI-539,4.234786033630371,3.359027862548828
ACH-000755,HCC2218,HCC2218_BREAST,BREAST,104842,SN-38,-1.530135989189148,-2.947113513946533
ACH-000755,HCC2218,HCC2218_BREAST,BREAST,2375,Bicalutamide,3.7153890132904053,4.751669406890869
ACH-000755,HCC2218,HCC2218_BREAST,BREAST,25126798,Ruxolitinib,3.632796049118042,4.891828536987305
ACH-000755,HCC2218,HCC2218_BREAST,BREAST,11640390,Linsitinib,3.868807077407837,3.594627618789673
ACH-000755,HCC2218,HCC2218_BREAST,BREAST,41867,Epirubicin,0.1373399943113327,-0.34798842668533325
ACH-000755,HCC2218,HCC2218_BREAST,BREAST,2907,Cyclophosphamide,4.2089080810546875,5.268536567687988
ACH-000755,HCC2218,HCC2218_BREAST,BREAST,24360,Camptothecin,1.0613000392913818,-1.938462734222412
ACH-000755,HCC2218,HCC2218_BREAST,BREAST,84691,Cisplatin,4.380652904510498,2.9932053089141846
ACH-000755,HCC2218,HCC2218_BREAST,BREAST,148124,Docetaxel,-3.140968084335327,-4.550465106964111
ACH-000755,HCC2218,HCC2218_BREAST,BREAST,126941,Methotrexate,2.8935139179229736,1.0912383794784546
ACH-000755,HCC2218,HCC2218_BREAST,BREAST,444795,Tretinoin,3.4513449668884277,5.054944038391113
ACH-000755,HCC2218,HCC2218_BREAST,BREAST,123631,Gefitinib,3.288583993911743,2.817171096801758
ACH-000755,HCC2218,HCC2218_BREAST,BREAST,24978538,Navitoclax,4.098462104797363,1.8117473125457764
ACH-000755,HCC2218,HCC2218_BREAST,BREAST,5311,Vorinostat,1.707859992980957,1.5825259685516357
ACH-000755,HCC2218,HCC2218_BREAST,BREAST,644241,Nilotinib,5.35017204284668,3.6836678981781006
ACH-000755,HCC2218,HCC2218_BREAST,BREAST,44182295,Refametinib,4.427717208862305,3.1068577766418457
ACH-000755,HCC2218,HCC2218_BREAST,BREAST,6918289,Temsirolimus,2.8155109882354736,1.436859369277954
ACH-000755,HCC2218,HCC2218_BREAST,BREAST,23725625,Olaparib,4.2602667808532715,4.302215576171875
ACH-000755,HCC2218,HCC2218_BREAST,BREAST,11960529,Veliparib,5.202946186065674,5.378139495849609
ACH-000755,HCC2218,HCC2218_BREAST,BREAST,5328940,Bosutinib,1.2710870504379272,2.96561861038208
ACH-000755,HCC2218,HCC2218_BREAST,BREAST,216326,Lenalidomide,2.9504430294036865,5.400354862213135
ACH-000755,HCC2218,HCC2218_BREAST,BREAST,6450551,Axitinib,2.1137869358062744,2.8087215423583984
ACH-000755,HCC2218,HCC2218_BREAST,BREAST,11152667,AZD7762,1.750648021697998,0.8345017433166504
ACH-000755,HCC2218,HCC2218_BREAST,BREAST,9943465,GW441756,3.237236976623535,3.221919298171997
ACH-000223,HCC1937,HCC1937_BREAST,BREAST,126565,Lestaurtinib,1.1484129428863525,1.3160024881362915
ACH-000223,HCC1937,HCC1937_BREAST,BREAST,176158,SB216763,7.547348976135254,5.480597972869873
ACH-000223,HCC1937,HCC1937_BREAST,BREAST,6505803,Tanespimycin,-0.4013560116291046,0.35678255558013916
ACH-000223,HCC1937,HCC1937_BREAST,BREAST,5311497,Vinorelbine,-1.3011740446090698,-1.390067458152771
ACH-000223,HCC1937,HCC1937_BREAST,BREAST,11667893,Motesanib,6.370515823364258,6.08858585357666
ACH-000223,HCC1937,HCC1937_BREAST,BREAST,5278396,KU-55933,4.776916980743408,5.613946437835693
ACH-000223,HCC1937,HCC1937_BREAST,BREAST,10184653,Afatinib,2.3630499839782715,2.111992359161377
ACH-000223,HCC1937,HCC1937_BREAST,BREAST,24776445,Vismodegib,5.714396953582764,5.420790195465088
ACH-000223,HCC1937,HCC1937_BREAST,BREAST,24180719,PLX-4720,5.279740810394287,5.00596284866333
ACH-000223,HCC1937,HCC1937_BREAST,BREAST,11327430,NU7441,3.112607002258301,3.8439559936523438
ACH-000223,HCC1937,HCC1937_BREAST,BREAST,16720766,Pevonedistat,3.0865418910980225,1.7841029167175293
ACH-000223,HCC1937,HCC1937_BREAST,BREAST,11488320,Sapitinib,3.2519218921661377,3.560248851776123
ACH-000223,HCC1937,HCC1937_BREAST,BREAST,156422,Doramapimod,4.861729145050049,5.490583419799805
ACH-000223,HCC1937,HCC1937_BREAST,BREAST,11624601,JNK Inhibitor VIII,5.931992053985596,5.568694591522217
ACH-000223,HCC1937,HCC1937_BREAST,BREAST,51042438,Uprosertib,2.6040570735931396,3.778557062149048
ACH-000223,HCC1937,HCC1937_BREAST,BREAST,24737642,LCL161,5.7710747718811035,5.273336887359619
ACH-000223,HCC1937,HCC1937_BREAST,BREAST,10384072,Wee1 Inhibitor,3.0648739337921143,2.8687562942504883
ACH-000223,HCC1937,HCC1937_BREAST,BREAST,11433190,Nutlin-3a (-),5.903576850891113,5.57814884185791
ACH-000223,HCC1937,HCC1937_BREAST,BREAST,208908,Lapatinib,2.616753101348877,3.7201991081237793
ACH-000223,HCC1937,HCC1937_BREAST,BREAST,1401,PD173074,4.678555965423584,4.216116428375244
ACH-000223,HCC1937,HCC1937_BREAST,BREAST,9914412,ZM447439,2.8539769649505615,3.423635482788086
ACH-000223,HCC1937,HCC1937_BREAST,BREAST,24771867,Alisertib,3.2979280948638916,3.020761489868164
ACH-000223,HCC1937,HCC1937_BREAST,BREAST,56649450,Alpelisib,4.15703821182251,4.077058792114258
ACH-000223,HCC1937,HCC1937_BREAST,BREAST,46930998,MK-2206,2.7057700157165527,3.6402244567871094
ACH-000223,HCC1937,HCC1937_BREAST,BREAST,5330286,Palbociclib,5.801336765289307,4.682336807250977
ACH-000223,HCC1937,HCC1937_BREAST,BREAST,51001932,Taselisib,2.1991829872131348,2.2882943153381348
ACH-000223,HCC1937,HCC1937_BREAST,BREAST,57345410,EPZ5676,6.30790901184082,6.1292901039123535
ACH-000223,HCC1937,HCC1937_BREAST,BREAST,11977753,Dactolisib,0.4603410065174103,-0.9233690500259399
ACH-000223,HCC1937,HCC1937_BREAST,BREAST,17755052,Pictilisib,1.456199049949646,1.4071440696716309
ACH-000223,HCC1937,HCC1937_BREAST,BREAST,25262965,AZD8055,0.5252519845962524,0.6279923915863037
ACH-000223,HCC1937,HCC1937_BREAST,BREAST,9826528,PD0325901,2.545538902282715,2.3933846950531006
ACH-000223,HCC1937,HCC1937_BREAST,BREAST,24866313,SCH772984,3.69464111328125,3.630626678466797
ACH-000223,HCC1937,HCC1937_BREAST,BREAST,10127622,Selumetinib,4.150723934173584,4.340451240539551
ACH-000223,HCC1937,HCC1937_BREAST,BREAST,9927531,BIBR-1532,5.5494890213012695,5.411587715148926
ACH-000223,HCC1937,HCC1937_BREAST,BREAST,2155128,IWP-2,3.6147360801696777,3.1898512840270996
ACH-000223,HCC1937,HCC1937_BREAST,BREAST,3899,Leflunomide,5.855672836303711,5.501110076904297
ACH-000223,HCC1937,HCC1937_BREAST,BREAST,2314623,CCT007093,6.513343811035156,5.607244968414307
ACH-000223,HCC1937,HCC1937_BREAST,BREAST,11404337,Obatoclax Mesylate,1.8858120441436768,1.034592628479004
ACH-000223,HCC1937,HCC1937_BREAST,BREAST,9938202,EHT-1864,4.217635154724121,3.8229904174804688
ACH-000223,HCC1937,HCC1937_BREAST,BREAST,25227847,Pyridostatin,4.113553047180176,4.039646148681641
ACH-000223,HCC1937,HCC1937_BREAST,BREAST,46883536,Avagacestat,4.926246166229248,5.237242221832275
ACH-000223,HCC1937,HCC1937_BREAST,BREAST,3385,5-Fluorouracil,5.655269145965576,5.402854919433594
ACH-000223,HCC1937,HCC1937_BREAST,BREAST,68947304,AMG-319,5.744675159454346,5.374391555786133
ACH-000223,HCC1937,HCC1937_BREAST,BREAST,11634725,VX-11e,3.561271905899048,3.8358993530273438
ACH-000223,HCC1937,HCC1937_BREAST,BREAST,16224745,MK-8776,1.9669029712677002,3.9287023544311523
ACH-000223,HCC1937,HCC1937_BREAST,BREAST,3062316,Dasatinib,1.7138689756393433,1.4652552604675293
ACH-000223,HCC1937,HCC1937_BREAST,BREAST,36314,Paclitaxel,-0.7581949830055237,-1.4983941316604614
ACH-000223,HCC1937,HCC1937_BREAST,BREAST,4261,Entinostat,2.9579129219055176,2.92937970161438
ACH-000223,HCC1937,HCC1937_BREAST,BREAST,11626560,Crizotinib,3.775670051574707,3.4540517330169678
ACH-000223,HCC1937,HCC1937_BREAST,BREAST,118704762,LJI308,5.945486068725586,5.612119197845459
ACH-000223,HCC1937,HCC1937_BREAST,BREAST,216239,Sorafenib,4.0410051345825195,3.0334954261779785
ACH-000223,HCC1937,HCC1937_BREAST,BREAST,11364421,BI-2536,1.2481600046157837,0.3159848749637604
ACH-000223,HCC1937,HCC1937_BREAST,BREAST,46926973,LGK974,3.9002790451049805,4.6621413230896
ACH-000223,HCC1937,HCC1937_BREAST,BREAST,60838,Irinotecan,5.18861722946167,3.106520414352417
ACH-000223,HCC1937,HCC1937_BREAST,BREAST,5310940,Oxaliplatin,5.626051902770996,4.939268589019775
ACH-000223,HCC1937,HCC1937_BREAST,BREAST,117072552,GSK591,5.844733238220215,4.885337829589844
ACH-000223,HCC1937,HCC1937_BREAST,BREAST,51000408,VE821,4.623514175415039,4.751902103424072
ACH-000223,HCC1937,HCC1937_BREAST,BREAST,25124816,GSK1904529A,5.023506164550781,4.718780517578125
ACH-000223,HCC1937,HCC1937_BREAST,BREAST,5494449,Tozasertib,5.069130897521973,3.5564956665039062
ACH-000223,HCC1937,HCC1937_BREAST,BREAST,59472121,VE-822,4.030552864074707,4.104326248168945
ACH-000223,HCC1937,HCC1937_BREAST,BREAST,72200024,WZ4003,4.47084903717041,4.546957015991211
ACH-000223,HCC1937,HCC1937_BREAST,BREAST,42623951,CZC24832,4.567380905151367,5.7157182693481445
ACH-000223,HCC1937,HCC1937_BREAST,BREAST,49847690,AZD5582,2.2693660259246826,2.865494728088379
ACH-000223,HCC1937,HCC1937_BREAST,BREAST,53469448,GSK2606414,5.833165168762207,4.2557878494262695
ACH-000223,HCC1937,HCC1937_BREAST,BREAST,78243717,PFI3,5.854637145996094,5.872997760772705
ACH-000223,HCC1937,HCC1937_BREAST,BREAST,24753719,PCI-34051,6.07989501953125,5.15408182144165
ACH-000223,HCC1937,HCC1937_BREAST,BREAST,57519544,Wnt-C59,4.417908191680908,4.849145889282227
ACH-000223,HCC1937,HCC1937_BREAST,BREAST,46943432,I-BET-762,5.1132330894470215,4.072176456451416
ACH-000223,HCC1937,HCC1937_BREAST,BREAST,9936746,OTX015,4.365458965301514,3.3419432640075684
ACH-000223,HCC1937,HCC1937_BREAST,BREAST,71268957,GSK343,4.083247184753418,3.352893829345703
ACH-000223,HCC1937,HCC1937_BREAST,BREAST,60167849,ML323,4.6567487716674805,5.028735160827637
ACH-000223,HCC1937,HCC1937_BREAST,BREAST,59473233,Entospletinib,4.248511791229248,4.135633945465088
ACH-000223,HCC1937,HCC1937_BREAST,BREAST,44462758,PRT062607,4.70639181137085,3.8977770805358887
ACH-000223,HCC1937,HCC1937_BREAST,BREAST,44631912,Ribociclib,4.188234806060791,4.338823318481445
ACH-000223,HCC1937,HCC1937_BREAST,BREAST,71299339,AGI-6780,3.8438920974731445,4.839545249938965
ACH-000223,HCC1937,HCC1937_BREAST,BREAST,1018,Picolinici-acid,4.906206130981445,5.751935005187988
ACH-000223,HCC1937,HCC1937_BREAST,BREAST,51371303,PF-4708671,4.334041118621826,3.9421746730804443
ACH-000223,HCC1937,HCC1937_BREAST,BREAST,52918385,PRIMA-1MET,7.150506019592285,5.536219120025635
ACH-000223,HCC1937,HCC1937_BREAST,BREAST,11609586,Serdemetan,4.7156548500061035,4.358043670654297
ACH-000223,HCC1937,HCC1937_BREAST,BREAST,44137675,AZD6482,3.4896080493927,4.336236000061035
ACH-000223,HCC1937,HCC1937_BREAST,BREAST,42642645,Foretinib,1.7377480268478394,1.6473404169082642
ACH-000223,HCC1937,HCC1937_BREAST,BREAST,46907787,JQ1,3.5472989082336426,3.2141432762145996
ACH-000223,HCC1937,HCC1937_BREAST,BREAST,71271629,PFI-1,5.448551177978516,4.376823902130127
ACH-000223,HCC1937,HCC1937_BREAST,BREAST,56962337,SGC0946,1.6001180410385132,2.4106714725494385
ACH-000223,HCC1937,HCC1937_BREAST,BREAST,176870,Erlotinib,2.373613119125366,3.085374116897583
ACH-000223,HCC1937,HCC1937_BREAST,BREAST,9931953,Rucaparib,5.324657917022705,4.490692138671875
ACH-000223,HCC1937,HCC1937_BREAST,BREAST,24958200,Niraparib,6.3544921875,5.077234745025635
ACH-000223,HCC1937,HCC1937_BREAST,BREAST,24856436,MK-1775,2.1467220783233643,1.4013614654541016
ACH-000223,HCC1937,HCC1937_BREAST,BREAST,46926350,Dinaciclib,1.358389973640442,-1.9981553554534912
ACH-000223,HCC1937,HCC1937_BREAST,BREAST,60750,Gemcitabine,5.417407035827637,-0.004571020603179932
ACH-000223,HCC1937,HCC1937_BREAST,BREAST,387447,Bortezomib,-5.702136039733887,-4.765699863433838
ACH-000223,HCC1937,HCC1937_BREAST,BREAST,16095342,GSK269962A,3.9474050998687744,3.300008773803711
ACH-000223,HCC1937,HCC1937_BREAST,BREAST,2733526,Tamoxifen,4.124003887176514,4.231353759765625
ACH-000223,HCC1937,HCC1937_BREAST,BREAST,104741,Fulvestrant,4.2339677810668945,3.4746921062469482
ACH-000223,HCC1937,HCC1937_BREAST,BREAST,56962336,EPZ004777,6.110641002655029,5.690553665161133
ACH-000223,HCC1937,HCC1937_BREAST,BREAST,44632017,YK-4-279,5.8538007736206055,3.0877232551574707
ACH-000223,HCC1937,HCC1937_BREAST,BREAST,9813758,BMS-345541,4.078828811645508,4.02435302734375
ACH-000223,HCC1937,HCC1937_BREAST,BREAST,25099184,AZ960,4.571508884429932,2.946157217025757
ACH-000223,HCC1937,HCC1937_BREAST,BREAST,51039095,AZD4547,3.5836539268493652,3.655290365219116
ACH-000223,HCC1937,HCC1937_BREAST,BREAST,24821094,Ibrutinib,3.788499116897583,4.427683353424072
ACH-000223,HCC1937,HCC1937_BREAST,BREAST,70983932,GSK2830371,6.267548084259033,6.0544633865356445
ACH-000223,HCC1937,HCC1937_BREAST,BREAST,46236925,Sabutoclax,2.4750499725341797,0.7114725112915039
ACH-000223,HCC1937,HCC1937_BREAST,BREAST,11655119,LY2109761,4.857210159301758,5.447173595428467
ACH-000223,HCC1937,HCC1937_BREAST,BREAST,35397514,OF-1,4.379077911376953,4.485234260559082
ACH-000223,HCC1937,HCC1937_BREAST,BREAST,2802462,MN-64,4.805789947509766,5.067002296447754
ACH-000223,HCC1937,HCC1937_BREAST,BREAST,73555129,KRAS (G12C) Inhibitor-12,4.005296230316162,5.225503444671631
ACH-000223,HCC1937,HCC1937_BREAST,BREAST,462382,MG-132,-1.6463719606399536,-0.9561599493026733
ACH-000223,HCC1937,HCC1937_BREAST,BREAST,11707110,Trametinib,1.4179480075836182,1.151983618736267
ACH-000223,HCC1937,HCC1937_BREAST,BREAST,44462760,Dabrafenib,6.536768913269043,5.315643787384033
ACH-000223,HCC1937,HCC1937_BREAST,BREAST,5394,Temozolomide,8.27714729309082,7.2478928565979
ACH-000223,HCC1937,HCC1937_BREAST,BREAST,5460769,Bleomycin (50 uM),5.034706115722656,3.9445152282714844
ACH-000223,HCC1937,HCC1937_BREAST,BREAST,49846579,Venotoclax,3.1721699237823486,3.1634023189544678
ACH-000223,HCC1937,HCC1937_BREAST,BREAST,11228183,ABT737,1.8232120275497437,2.766767978668213
ACH-000223,HCC1937,HCC1937_BREAST,BREAST,46843057,Afuresertib,2.478173017501831,3.270484685897827
ACH-000223,HCC1937,HCC1937_BREAST,BREAST,56645356,AGI-5198,4.483305931091309,5.054768085479736
ACH-000223,HCC1937,HCC1937_BREAST,BREAST,78209992,AZD3759,2.8977890014648438,2.7107224464416504
ACH-000223,HCC1937,HCC1937_BREAST,BREAST,54761306,AZD6738,2.99263596534729,2.9244699478149414
ACH-000223,HCC1937,HCC1937_BREAST,BREAST,52913813,AZD8186,2.8358840942382812,3.5653388500213623
ACH-000223,HCC1937,HCC1937_BREAST,BREAST,71496458,Osimertinib,1.4063400030136108,2.1188037395477295
ACH-000223,HCC1937,HCC1937_BREAST,BREAST,9933475,Cediranib,1.998872995376587,2.6974971294403076
ACH-000223,HCC1937,HCC1937_BREAST,BREAST,24788740,Ipatasertib,3.0396480560302734,4.103560924530029
ACH-000223,HCC1937,HCC1937_BREAST,BREAST,56941241,GDC0810,5.020039081573486,5.445435047149658
ACH-000223,HCC1937,HCC1937_BREAST,BREAST,70676303,GNE-317,1.6931040287017822,1.1079437732696533
ACH-000223,HCC1937,HCC1937_BREAST,BREAST,68107965,GSK2578215A,6.719460964202881,5.343265056610107
ACH-000223,HCC1937,HCC1937_BREAST,BREAST,91668541,I-BRD9,5.742856979370117,5.024320602416992
ACH-000223,HCC1937,HCC1937_BREAST,BREAST,10385095,Telomerase Inhibitor IX,1.3503700494766235,1.3205430507659912
ACH-000223,HCC1937,HCC1937_BREAST,BREAST,227681,MIRA-1,6.517290115356445,6.137623310089111
ACH-000223,HCC1937,HCC1937_BREAST,BREAST,9825149,NVP-ADW742,4.127044200897217,3.6182501316070557
ACH-000223,HCC1937,HCC1937_BREAST,BREAST,46931953,P22077,3.03546404838562,5.117689609527588
ACH-000223,HCC1937,HCC1937_BREAST,BREAST,68289010,Savolitinib,2.4109089374542236,3.0174131393432617
ACH-000223,HCC1937,HCC1937_BREAST,BREAST,992586,UMI-77,2.707943916320801,3.1497256755828857
ACH-000223,HCC1937,HCC1937_BREAST,BREAST,2984337,WIKI4,3.1884379386901855,3.926311731338501
ACH-000223,HCC1937,HCC1937_BREAST,BREAST,11178236,Sepantronium bromide,-3.9523189067840576,-4.700241565704346
ACH-000223,HCC1937,HCC1937_BREAST,BREAST,71297207,WEHI-539,2.4874000549316406,3.971144437789917
ACH-000223,HCC1937,HCC1937_BREAST,BREAST,104842,SN-38,4.308215141296387,-3.1326000690460205
ACH-000223,HCC1937,HCC1937_BREAST,BREAST,25126798,Ruxolitinib,6.005454063415527,5.4392571449279785
ACH-000223,HCC1937,HCC1937_BREAST,BREAST,11640390,Linsitinib,5.689349174499512,4.315255165100098
ACH-000223,HCC1937,HCC1937_BREAST,BREAST,41867,Epirubicin,0.9988250136375427,0.07975348830223083
ACH-000223,HCC1937,HCC1937_BREAST,BREAST,2907,Cyclophosphamide,6.267046928405762,5.715623378753662
ACH-000223,HCC1937,HCC1937_BREAST,BREAST,24360,Camptothecin,0.13490499556064606,-1.4728505611419678
ACH-000223,HCC1937,HCC1937_BREAST,BREAST,6710780,Vinblastine,1.3282339572906494,-2.0235555171966553
ACH-000223,HCC1937,HCC1937_BREAST,BREAST,84691,Cisplatin,4.894278049468994,3.861821413040161
ACH-000223,HCC1937,HCC1937_BREAST,BREAST,6253,Cytarabine,5.063870906829834,2.899278402328491
ACH-000223,HCC1937,HCC1937_BREAST,BREAST,148124,Docetaxel,-2.694593906402588,-3.560166358947754
ACH-000223,HCC1937,HCC1937_BREAST,BREAST,126941,Methotrexate,-1.6606379747390747,1.292845606803894
ACH-000223,HCC1937,HCC1937_BREAST,BREAST,123631,Gefitinib,2.8793389797210693,3.310307025909424
ACH-000223,HCC1937,HCC1937_BREAST,BREAST,24978538,Navitoclax,1.5489239692687988,2.6367416381835938
ACH-000223,HCC1937,HCC1937_BREAST,BREAST,5311,Vorinostat,2.7850210666656494,2.2204456329345703
ACH-000223,HCC1937,HCC1937_BREAST,BREAST,644241,Nilotinib,3.545197010040283,4.227347373962402
ACH-000223,HCC1937,HCC1937_BREAST,BREAST,44182295,Refametinib,3.517035961151123,2.9287590980529785
ACH-000223,HCC1937,HCC1937_BREAST,BREAST,6918289,Temsirolimus,1.8318350315093994,1.6192375421524048
ACH-000223,HCC1937,HCC1937_BREAST,BREAST,23725625,Olaparib,5.937681198120117,5.023683547973633
ACH-000223,HCC1937,HCC1937_BREAST,BREAST,11960529,Veliparib,5.900023937225342,5.7921342849731445
ACH-000223,HCC1937,HCC1937_BREAST,BREAST,5328940,Bosutinib,3.1017119884490967,3.2668511867523193
ACH-000223,HCC1937,HCC1937_BREAST,BREAST,216326,Lenalidomide,6.154088020324707,5.850666046142578
ACH-000223,HCC1937,HCC1937_BREAST,BREAST,6450551,Axitinib,4.6291608810424805,3.8539879322052
ACH-000223,HCC1937,HCC1937_BREAST,BREAST,11152667,AZD7762,0.009107000194489956,1.2202839851379395
ACH-000223,HCC1937,HCC1937_BREAST,BREAST,9943465,GW441756,3.002793073654175,3.8043148517608643
ACH-000691,HCC2157,HCC2157_BREAST,BREAST,126565,Lestaurtinib,-1.9833229780197144,1.0278822183609009
ACH-000691,HCC2157,HCC2157_BREAST,BREAST,176158,SB216763,4.417582035064697,5.205252647399902
ACH-000691,HCC2157,HCC2157_BREAST,BREAST,6505803,Tanespimycin,-1.4839210510253906,0.38059574365615845
ACH-000691,HCC2157,HCC2157_BREAST,BREAST,5311497,Vinorelbine,-1.0288710594177246,-2.660914897918701
ACH-000691,HCC2157,HCC2157_BREAST,BREAST,11667893,Motesanib,4.222087860107422,5.556284427642822
ACH-000691,HCC2157,HCC2157_BREAST,BREAST,5278396,KU-55933,0.6994540095329285,5.240225791931152
ACH-000691,HCC2157,HCC2157_BREAST,BREAST,10184653,Afatinib,-0.31019899249076843,2.2265515327453613
ACH-000691,HCC2157,HCC2157_BREAST,BREAST,24776445,Vismodegib,4.846035003662109,5.047784328460693
ACH-000691,HCC2157,HCC2157_BREAST,BREAST,24180719,PLX-4720,4.125508785247803,4.990558624267578
ACH-000691,HCC2157,HCC2157_BREAST,BREAST,11327430,NU7441,0.31869199872016907,3.5535800457000732
ACH-000691,HCC2157,HCC2157_BREAST,BREAST,16720766,Pevonedistat,1.6823179721832275,1.3838179111480713
ACH-000691,HCC2157,HCC2157_BREAST,BREAST,11488320,Sapitinib,1.3952230215072632,4.777367115020752
ACH-000691,HCC2157,HCC2157_BREAST,BREAST,156422,Doramapimod,4.560876846313477,5.142858982086182
ACH-000691,HCC2157,HCC2157_BREAST,BREAST,11624601,JNK Inhibitor VIII,4.909679889678955,5.247326850891113
ACH-000691,HCC2157,HCC2157_BREAST,BREAST,51042438,Uprosertib,-0.11114999651908875,3.0755012035369873
ACH-000691,HCC2157,HCC2157_BREAST,BREAST,24737642,LCL161,4.856359958648682,5.0626349449157715
ACH-000691,HCC2157,HCC2157_BREAST,BREAST,10384072,Wee1 Inhibitor,1.3288049697875977,2.272862672805786
ACH-000691,HCC2157,HCC2157_BREAST,BREAST,11433190,Nutlin-3a (-),4.5284810066223145,5.232194900512695
ACH-000691,HCC2157,HCC2157_BREAST,BREAST,208908,Lapatinib,-0.1472110003232956,3.94905161857605
ACH-000691,HCC2157,HCC2157_BREAST,BREAST,1401,PD173074,4.217250823974609,4.064723968505859
ACH-000691,HCC2157,HCC2157_BREAST,BREAST,9914412,ZM447439,1.0734540224075317,2.8381848335266113
ACH-000691,HCC2157,HCC2157_BREAST,BREAST,24771867,Alisertib,-0.26454299688339233,2.341573476791382
ACH-000691,HCC2157,HCC2157_BREAST,BREAST,56649450,Alpelisib,3.342288017272949,3.759303331375122
ACH-000691,HCC2157,HCC2157_BREAST,BREAST,46930998,MK-2206,0.18776699900627136,2.872678756713867
ACH-000691,HCC2157,HCC2157_BREAST,BREAST,5330286,Palbociclib,4.46644401550293,4.172090530395508
ACH-000691,HCC2157,HCC2157_BREAST,BREAST,51001932,Taselisib,0.04363299906253815,2.167672872543335
ACH-000691,HCC2157,HCC2157_BREAST,BREAST,57345410,EPZ5676,4.664966106414795,5.634757041931152
ACH-000691,HCC2157,HCC2157_BREAST,BREAST,11977753,Dactolisib,-2.8977949619293213,-0.522887110710144
ACH-000691,HCC2157,HCC2157_BREAST,BREAST,17755052,Pictilisib,-1.1531879901885986,1.5082557201385498
ACH-000691,HCC2157,HCC2157_BREAST,BREAST,9826528,PD0325901,2.9694230556488037,2.2833139896392822
ACH-000691,HCC2157,HCC2157_BREAST,BREAST,24866313,SCH772984,4.336254119873047,3.149534225463867
ACH-000691,HCC2157,HCC2157_BREAST,BREAST,10127622,Selumetinib,4.468682765960693,4.107133865356445
ACH-000691,HCC2157,HCC2157_BREAST,BREAST,9927531,BIBR-1532,4.024559020996094,5.094821929931641
ACH-000691,HCC2157,HCC2157_BREAST,BREAST,2155128,IWP-2,2.580763101577759,2.991297483444214
ACH-000691,HCC2157,HCC2157_BREAST,BREAST,3899,Leflunomide,4.6470842361450195,5.2627716064453125
ACH-000691,HCC2157,HCC2157_BREAST,BREAST,2314623,CCT007093,4.793274879455566,5.336931228637695
ACH-000691,HCC2157,HCC2157_BREAST,BREAST,11404337,Obatoclax Mesylate,0.4624769985675812,1.1568609476089478
ACH-000691,HCC2157,HCC2157_BREAST,BREAST,9938202,EHT-1864,2.6279520988464355,3.689915418624878
ACH-000691,HCC2157,HCC2157_BREAST,BREAST,25227847,Pyridostatin,4.366775989532471,3.676149606704712
ACH-000691,HCC2157,HCC2157_BREAST,BREAST,46883536,Avagacestat,4.435368061065674,4.947994709014893
ACH-000691,HCC2157,HCC2157_BREAST,BREAST,3385,5-Fluorouracil,4.5917887687683105,4.707604885101318
ACH-000691,HCC2157,HCC2157_BREAST,BREAST,68947304,AMG-319,3.9090418815612793,5.064116954803467
ACH-000691,HCC2157,HCC2157_BREAST,BREAST,11634725,VX-11e,3.313002109527588,3.391284704208374
ACH-000691,HCC2157,HCC2157_BREAST,BREAST,16224745,MK-8776,3.927949905395508,3.387765407562256
ACH-000691,HCC2157,HCC2157_BREAST,BREAST,3062316,Dasatinib,1.5644550323486328,3.4456639289855957
ACH-000691,HCC2157,HCC2157_BREAST,BREAST,36314,Paclitaxel,-4.977450847625732,-2.580183744430542
ACH-000691,HCC2157,HCC2157_BREAST,BREAST,4261,Entinostat,-0.8030049800872803,2.149275779724121
ACH-000691,HCC2157,HCC2157_BREAST,BREAST,11626560,Crizotinib,2.7942769527435303,2.834697961807251
ACH-000691,HCC2157,HCC2157_BREAST,BREAST,118704762,LJI308,3.85168194770813,5.2452826499938965
ACH-000691,HCC2157,HCC2157_BREAST,BREAST,216239,Sorafenib,1.143699049949646,2.6512444019317627
ACH-000691,HCC2157,HCC2157_BREAST,BREAST,11364421,BI-2536,-3.7952709197998047,-0.6112421751022339
ACH-000691,HCC2157,HCC2157_BREAST,BREAST,46926973,LGK974,3.157789945602417,4.243691444396973
ACH-000691,HCC2157,HCC2157_BREAST,BREAST,60838,Irinotecan,2.818207025527954,3.1051676273345947
ACH-000691,HCC2157,HCC2157_BREAST,BREAST,5310940,Oxaliplatin,5.1325531005859375,4.033082008361816
ACH-000691,HCC2157,HCC2157_BREAST,BREAST,117072552,GSK591,4.400445938110352,4.640573978424072
ACH-000691,HCC2157,HCC2157_BREAST,BREAST,51000408,VE821,4.888428211212158,4.249846935272217
ACH-000691,HCC2157,HCC2157_BREAST,BREAST,25124816,GSK1904529A,5.157800197601318,4.37808895111084
ACH-000691,HCC2157,HCC2157_BREAST,BREAST,59472121,VE-822,2.113882064819336,3.48667573928833
ACH-000691,HCC2157,HCC2157_BREAST,BREAST,72200024,WZ4003,3.25586199760437,4.333440780639648
ACH-000691,HCC2157,HCC2157_BREAST,BREAST,42623951,CZC24832,3.5927910804748535,5.343749046325684
ACH-000691,HCC2157,HCC2157_BREAST,BREAST,49847690,AZD5582,1.6603740453720093,2.440957546234131
ACH-000691,HCC2157,HCC2157_BREAST,BREAST,53469448,GSK2606414,3.6267120838165283,4.141595840454102
ACH-000691,HCC2157,HCC2157_BREAST,BREAST,78243717,PFI3,4.716692924499512,5.486532211303711
ACH-000691,HCC2157,HCC2157_BREAST,BREAST,24753719,PCI-34051,4.608514785766602,4.612911224365234
ACH-000691,HCC2157,HCC2157_BREAST,BREAST,57519544,Wnt-C59,4.181184768676758,4.425491809844971
ACH-000691,HCC2157,HCC2157_BREAST,BREAST,46943432,I-BET-762,0.2225939929485321,3.5222554206848145
ACH-000691,HCC2157,HCC2157_BREAST,BREAST,9936746,OTX015,-0.8544780015945435,2.7196109294891357
ACH-000691,HCC2157,HCC2157_BREAST,BREAST,71268957,GSK343,1.908540964126587,3.0848302841186523
ACH-000691,HCC2157,HCC2157_BREAST,BREAST,60167849,ML323,4.2063188552856445,4.619118690490723
ACH-000691,HCC2157,HCC2157_BREAST,BREAST,59473233,Entospletinib,4.5426459312438965,4.2671990394592285
ACH-000691,HCC2157,HCC2157_BREAST,BREAST,44462758,PRT062607,3.012921094894409,3.5722262859344482
ACH-000691,HCC2157,HCC2157_BREAST,BREAST,71299339,AGI-6780,4.525260925292969,4.425665855407715
ACH-000691,HCC2157,HCC2157_BREAST,BREAST,1018,Picolinici-acid,4.909679889678955,5.387254238128662
ACH-000691,HCC2157,HCC2157_BREAST,BREAST,52918385,PRIMA-1MET,3.1389710903167725,4.884115219116211
ACH-000691,HCC2157,HCC2157_BREAST,BREAST,11609586,Serdemetan,3.812480926513672,4.0635552406311035
ACH-000691,HCC2157,HCC2157_BREAST,BREAST,42642645,Foretinib,1.918591022491455,1.4872803688049316
ACH-000691,HCC2157,HCC2157_BREAST,BREAST,46907787,JQ1,-2.2389140129089355,2.47452974319458
ACH-000691,HCC2157,HCC2157_BREAST,BREAST,71271629,PFI-1,1.5511130094528198,4.138489246368408
ACH-000691,HCC2157,HCC2157_BREAST,BREAST,56962337,SGC0946,1.8966039419174194,2.2896673679351807
ACH-000691,HCC2157,HCC2157_BREAST,BREAST,176870,Erlotinib,2.0954558849334717,3.4080820083618164
ACH-000691,HCC2157,HCC2157_BREAST,BREAST,9931953,Rucaparib,3.8212320804595947,4.126736640930176
ACH-000691,HCC2157,HCC2157_BREAST,BREAST,24958200,Niraparib,4.909679889678955,4.582217216491699
ACH-000691,HCC2157,HCC2157_BREAST,BREAST,24856436,MK-1775,1.4838980436325073,1.162125587463379
ACH-000691,HCC2157,HCC2157_BREAST,BREAST,46926350,Dinaciclib,-4.138981819152832,-2.300663709640503
ACH-000691,HCC2157,HCC2157_BREAST,BREAST,60750,Gemcitabine,3.766191005706787,0.3293798565864563
ACH-000691,HCC2157,HCC2157_BREAST,BREAST,387447,Bortezomib,-5.593465805053711,-4.721953392028809
ACH-000691,HCC2157,HCC2157_BREAST,BREAST,2733526,Tamoxifen,1.8179359436035156,4.043548107147217
ACH-000691,HCC2157,HCC2157_BREAST,BREAST,104741,Fulvestrant,1.6165900230407715,3.209702253341675
ACH-000691,HCC2157,HCC2157_BREAST,BREAST,56962336,EPZ004777,3.893850088119507,5.296271800994873
ACH-000691,HCC2157,HCC2157_BREAST,BREAST,44632017,YK-4-279,1.6655329465866089,2.5849032402038574
ACH-000691,HCC2157,HCC2157_BREAST,BREAST,9813758,BMS-345541,2.889955997467041,3.391510486602783
ACH-000691,HCC2157,HCC2157_BREAST,BREAST,25099184,AZ960,1.8575589656829834,2.4922544956207275
ACH-000691,HCC2157,HCC2157_BREAST,BREAST,51039095,AZD4547,3.303030014038086,3.230400800704956
ACH-000691,HCC2157,HCC2157_BREAST,BREAST,24821094,Ibrutinib,1.0967049598693848,4.898617744445801
ACH-000691,HCC2157,HCC2157_BREAST,BREAST,70983932,GSK2830371,3.7262840270996094,5.47688627243042
ACH-000691,HCC2157,HCC2157_BREAST,BREAST,46236925,Sabutoclax,0.3996950089931488,0.5309381484985352
ACH-000691,HCC2157,HCC2157_BREAST,BREAST,11655119,LY2109761,4.909679889678955,5.1574578285217285
ACH-000691,HCC2157,HCC2157_BREAST,BREAST,35397514,OF-1,4.27815580368042,4.206157684326172
ACH-000691,HCC2157,HCC2157_BREAST,BREAST,2802462,MN-64,4.11393404006958,4.899282455444336
ACH-000691,HCC2157,HCC2157_BREAST,BREAST,73555129,KRAS (G12C) Inhibitor-12,4.656933784484863,4.621488571166992
ACH-000691,HCC2157,HCC2157_BREAST,BREAST,462382,MG-132,-1.6220430135726929,-0.8308086395263672
ACH-000691,HCC2157,HCC2157_BREAST,BREAST,11707110,Trametinib,2.466409921646118,0.9345449209213257
ACH-000691,HCC2157,HCC2157_BREAST,BREAST,44462760,Dabrafenib,4.016809940338135,5.086573123931885
ACH-000691,HCC2157,HCC2157_BREAST,BREAST,5394,Temozolomide,6.392506122589111,6.715493679046631
ACH-000691,HCC2157,HCC2157_BREAST,BREAST,5460769,Bleomycin (50 uM),3.397207021713257,4.224367618560791
ACH-000691,HCC2157,HCC2157_BREAST,BREAST,49846579,Venotoclax,0.302717000246048,2.7590017318725586
ACH-000691,HCC2157,HCC2157_BREAST,BREAST,11228183,ABT737,-1.052327036857605,2.2255842685699463
ACH-000691,HCC2157,HCC2157_BREAST,BREAST,46843057,Afuresertib,-1.1496809720993042,2.634080410003662
ACH-000691,HCC2157,HCC2157_BREAST,BREAST,56645356,AGI-5198,3.1919000148773193,4.849574089050293
ACH-000691,HCC2157,HCC2157_BREAST,BREAST,78209992,AZD3759,1.8889460563659668,2.787944793701172
ACH-000691,HCC2157,HCC2157_BREAST,BREAST,54761306,AZD6738,2.5547640323638916,2.5550076961517334
ACH-000691,HCC2157,HCC2157_BREAST,BREAST,52913813,AZD8186,0.3557809889316559,3.6971001625061035
ACH-000691,HCC2157,HCC2157_BREAST,BREAST,71496458,Osimertinib,0.4729419946670532,2.2119996547698975
ACH-000691,HCC2157,HCC2157_BREAST,BREAST,9933475,Cediranib,2.0518789291381836,2.5453310012817383
ACH-000691,HCC2157,HCC2157_BREAST,BREAST,24788740,Ipatasertib,0.41586101055145264,3.681530237197876
ACH-000691,HCC2157,HCC2157_BREAST,BREAST,56941241,GDC0810,4.909679889678955,5.168338298797607
ACH-000691,HCC2157,HCC2157_BREAST,BREAST,70676303,GNE-317,-1.1729830503463745,1.3465204238891602
ACH-000691,HCC2157,HCC2157_BREAST,BREAST,68107965,GSK2578215A,3.132049083709717,5.062632083892822
ACH-000691,HCC2157,HCC2157_BREAST,BREAST,91668541,I-BRD9,2.3102428913116455,4.478106498718262
ACH-000691,HCC2157,HCC2157_BREAST,BREAST,10385095,Telomerase Inhibitor IX,0.48672598600387573,1.280177354812622
ACH-000691,HCC2157,HCC2157_BREAST,BREAST,227681,MIRA-1,3.774228096008301,5.565753936767578
ACH-000691,HCC2157,HCC2157_BREAST,BREAST,9825149,NVP-ADW742,1.735753059387207,2.9649181365966797
ACH-000691,HCC2157,HCC2157_BREAST,BREAST,46931953,P22077,2.2481400966644287,4.533987998962402
ACH-000691,HCC2157,HCC2157_BREAST,BREAST,68289010,Savolitinib,1.8697810173034668,2.8483221530914307
ACH-000691,HCC2157,HCC2157_BREAST,BREAST,992586,UMI-77,2.0248560905456543,2.9211480617523193
ACH-000691,HCC2157,HCC2157_BREAST,BREAST,2984337,WIKI4,1.780079960823059,4.0315937995910645
ACH-000691,HCC2157,HCC2157_BREAST,BREAST,11178236,Sepantronium bromide,-5.526803970336914,-3.106335163116455
ACH-000691,HCC2157,HCC2157_BREAST,BREAST,71297207,WEHI-539,1.3603490591049194,3.7753758430480957
ACH-000691,HCC2157,HCC2157_BREAST,BREAST,25126798,Ruxolitinib,4.517552852630615,4.95959997177124
ACH-000691,HCC2157,HCC2157_BREAST,BREAST,11640390,Linsitinib,3.869079113006592,3.918849229812622
ACH-000691,HCC2157,HCC2157_BREAST,BREAST,41867,Epirubicin,-1.0887930393218994,0.21039506793022156
ACH-000691,HCC2157,HCC2157_BREAST,BREAST,2907,Cyclophosphamide,4.909210205078125,5.338207721710205
ACH-000691,HCC2157,HCC2157_BREAST,BREAST,24360,Camptothecin,-2.6554489135742188,-1.3016867637634277
ACH-000691,HCC2157,HCC2157_BREAST,BREAST,6710780,Vinblastine,-4.123345851898193,-3.3933191299438477
ACH-000691,HCC2157,HCC2157_BREAST,BREAST,84691,Cisplatin,3.9306490421295166,3.5230283737182617
ACH-000691,HCC2157,HCC2157_BREAST,BREAST,6253,Cytarabine,3.3002419471740723,2.5186479091644287
ACH-000691,HCC2157,HCC2157_BREAST,BREAST,148124,Docetaxel,-5.6459479331970215,-4.484558582305908
ACH-000691,HCC2157,HCC2157_BREAST,BREAST,126941,Methotrexate,2.6041409969329834,1.3801205158233643
ACH-000691,HCC2157,HCC2157_BREAST,BREAST,123631,Gefitinib,0.800449013710022,3.446225643157959
ACH-000691,HCC2157,HCC2157_BREAST,BREAST,24978538,Navitoclax,0.03585699945688248,1.952895164489746
ACH-000691,HCC2157,HCC2157_BREAST,BREAST,5311,Vorinostat,-0.549439013004303,1.7801576852798462
ACH-000691,HCC2157,HCC2157_BREAST,BREAST,644241,Nilotinib,0.9142500162124634,3.9286704063415527
ACH-000691,HCC2157,HCC2157_BREAST,BREAST,44182295,Refametinib,4.622331142425537,2.782107353210449
ACH-000691,HCC2157,HCC2157_BREAST,BREAST,6918289,Temsirolimus,0.32054299116134644,1.6564602851867676
ACH-000691,HCC2157,HCC2157_BREAST,BREAST,23725625,Olaparib,4.669825077056885,4.561670780181885
ACH-000691,HCC2157,HCC2157_BREAST,BREAST,11960529,Veliparib,4.909532070159912,5.37054443359375
ACH-000691,HCC2157,HCC2157_BREAST,BREAST,5328940,Bosutinib,1.2167390584945679,3.200453042984009
ACH-000691,HCC2157,HCC2157_BREAST,BREAST,216326,Lenalidomide,3.7549829483032227,5.3849077224731445
ACH-000691,HCC2157,HCC2157_BREAST,BREAST,6450551,Axitinib,3.7183449268341064,3.2208356857299805
ACH-000691,HCC2157,HCC2157_BREAST,BREAST,11152667,AZD7762,1.0586539506912231,1.1972888708114624
ACH-000691,HCC2157,HCC2157_BREAST,BREAST,9943465,GW441756,1.9891849756240845,3.5889675617218018
ACH-000934,MDA-MB-361,MDAMB361_BREAST,BREAST,126565,Lestaurtinib,-1.0092869997024536,0.6527674198150635
ACH-000934,MDA-MB-361,MDAMB361_BREAST,BREAST,176158,SB216763,5.746503829956055,5.1161298751831055
ACH-000934,MDA-MB-361,MDAMB361_BREAST,BREAST,6505803,Tanespimycin,-3.1213290691375732,0.033788107335567474
ACH-000934,MDA-MB-361,MDAMB361_BREAST,BREAST,5311497,Vinorelbine,-5.647754192352295,-2.556122064590454
ACH-000934,MDA-MB-361,MDAMB361_BREAST,BREAST,11667893,Motesanib,5.391665935516357,5.590755939483643
ACH-000934,MDA-MB-361,MDAMB361_BREAST,BREAST,5278396,KU-55933,4.973936080932617,5.2217535972595215
ACH-000934,MDA-MB-361,MDAMB361_BREAST,BREAST,10184653,Afatinib,0.27289900183677673,1.9140820503234863
ACH-000934,MDA-MB-361,MDAMB361_BREAST,BREAST,24776445,Vismodegib,4.184304237365723,4.944756507873535
ACH-000934,MDA-MB-361,MDAMB361_BREAST,BREAST,24180719,PLX-4720,5.452847957611084,4.61501407623291
ACH-000934,MDA-MB-361,MDAMB361_BREAST,BREAST,11327430,NU7441,2.344214916229248,3.133969306945801
ACH-000934,MDA-MB-361,MDAMB361_BREAST,BREAST,16720766,Pevonedistat,0.9177680015563965,0.5932886600494385
ACH-000934,MDA-MB-361,MDAMB361_BREAST,BREAST,11488320,Sapitinib,1.638350009918213,3.9915122985839844
ACH-000934,MDA-MB-361,MDAMB361_BREAST,BREAST,156422,Doramapimod,4.106993198394775,5.037846088409424
ACH-000934,MDA-MB-361,MDAMB361_BREAST,BREAST,11624601,JNK Inhibitor VIII,5.298334121704102,5.156389236450195
ACH-000934,MDA-MB-361,MDAMB361_BREAST,BREAST,51042438,Uprosertib,-0.46822500228881836,3.100559711456299
ACH-000934,MDA-MB-361,MDAMB361_BREAST,BREAST,24737642,LCL161,4.341660976409912,4.883542060852051
ACH-000934,MDA-MB-361,MDAMB361_BREAST,BREAST,10384072,Wee1 Inhibitor,3.372905969619751,1.7580589056015015
ACH-000934,MDA-MB-361,MDAMB361_BREAST,BREAST,11433190,Nutlin-3a (-),5.5792741775512695,4.523711681365967
ACH-000934,MDA-MB-361,MDAMB361_BREAST,BREAST,208908,Lapatinib,2.6103169918060303,3.3246777057647705
ACH-000934,MDA-MB-361,MDAMB361_BREAST,BREAST,1401,PD173074,4.345073223114014,3.780319929122925
ACH-000934,MDA-MB-361,MDAMB361_BREAST,BREAST,9914412,ZM447439,3.264981985092163,2.273367166519165
ACH-000934,MDA-MB-361,MDAMB361_BREAST,BREAST,24771867,Alisertib,3.4900269508361816,1.5674047470092773
ACH-000934,MDA-MB-361,MDAMB361_BREAST,BREAST,56649450,Alpelisib,-0.03657500073313713,3.599278211593628
ACH-000934,MDA-MB-361,MDAMB361_BREAST,BREAST,46930998,MK-2206,0.7816219925880432,2.956695556640625
ACH-000934,MDA-MB-361,MDAMB361_BREAST,BREAST,5330286,Palbociclib,2.9366819858551025,3.6620805263519287
ACH-000934,MDA-MB-361,MDAMB361_BREAST,BREAST,51001932,Taselisib,-2.62791109085083,1.97787344455719
ACH-000934,MDA-MB-361,MDAMB361_BREAST,BREAST,57345410,EPZ5676,5.0566887855529785,5.67893648147583
ACH-000934,MDA-MB-361,MDAMB361_BREAST,BREAST,11977753,Dactolisib,-2.003570079803467,-0.852249264717102
ACH-000934,MDA-MB-361,MDAMB361_BREAST,BREAST,17755052,Pictilisib,-0.6708980202674866,1.2647998332977295
ACH-000934,MDA-MB-361,MDAMB361_BREAST,BREAST,25262965,AZD8055,-1.0802069902420044,0.43315595388412476
ACH-000934,MDA-MB-361,MDAMB361_BREAST,BREAST,9826528,PD0325901,3.202681064605713,1.5704203844070435
ACH-000934,MDA-MB-361,MDAMB361_BREAST,BREAST,24866313,SCH772984,4.059891223907471,2.5821821689605713
ACH-000934,MDA-MB-361,MDAMB361_BREAST,BREAST,10127622,Selumetinib,3.981489896774292,3.592546224594116
ACH-000934,MDA-MB-361,MDAMB361_BREAST,BREAST,9927531,BIBR-1532,4.3652801513671875,4.933586120605469
ACH-000934,MDA-MB-361,MDAMB361_BREAST,BREAST,2155128,IWP-2,2.086862087249756,2.739652633666992
ACH-000934,MDA-MB-361,MDAMB361_BREAST,BREAST,3899,Leflunomide,5.583946228027344,5.140566825866699
ACH-000934,MDA-MB-361,MDAMB361_BREAST,BREAST,2314623,CCT007093,5.231223106384277,5.246471405029297
ACH-000934,MDA-MB-361,MDAMB361_BREAST,BREAST,11404337,Obatoclax Mesylate,0.7740870118141174,0.7928000688552856
ACH-000934,MDA-MB-361,MDAMB361_BREAST,BREAST,9938202,EHT-1864,3.1521339416503906,3.4852256774902344
ACH-000934,MDA-MB-361,MDAMB361_BREAST,BREAST,25227847,Pyridostatin,4.22594690322876,3.388193368911743
ACH-000934,MDA-MB-361,MDAMB361_BREAST,BREAST,46883536,Avagacestat,4.361954212188721,4.799864768981934
ACH-000934,MDA-MB-361,MDAMB361_BREAST,BREAST,3385,5-Fluorouracil,6.175242900848389,4.031582355499268
ACH-000934,MDA-MB-361,MDAMB361_BREAST,BREAST,68947304,AMG-319,5.220404148101807,4.872786998748779
ACH-000934,MDA-MB-361,MDAMB361_BREAST,BREAST,11634725,VX-11e,4.335887908935547,2.999545097351074
ACH-000934,MDA-MB-361,MDAMB361_BREAST,BREAST,16224745,MK-8776,0.1590220034122467,2.920128583908081
ACH-000934,MDA-MB-361,MDAMB361_BREAST,BREAST,3062316,Dasatinib,2.124752998352051,2.8099021911621094
ACH-000934,MDA-MB-361,MDAMB361_BREAST,BREAST,36314,Paclitaxel,-1.8291430473327637,-2.49176025390625
ACH-000934,MDA-MB-361,MDAMB361_BREAST,BREAST,4261,Entinostat,-0.18639600276947021,2.1443943977355957
ACH-000934,MDA-MB-361,MDAMB361_BREAST,BREAST,11626560,Crizotinib,3.1038401126861572,2.4801409244537354
ACH-000934,MDA-MB-361,MDAMB361_BREAST,BREAST,118704762,LJI308,5.317191123962402,5.1491827964782715
ACH-000934,MDA-MB-361,MDAMB361_BREAST,BREAST,216239,Sorafenib,2.3402090072631836,2.35068678855896
ACH-000934,MDA-MB-361,MDAMB361_BREAST,BREAST,11364421,BI-2536,1.2403990030288696,-0.9334129095077515
ACH-000934,MDA-MB-361,MDAMB361_BREAST,BREAST,46926973,LGK974,3.892554998397827,4.058518886566162
ACH-000934,MDA-MB-361,MDAMB361_BREAST,BREAST,60838,Irinotecan,3.7954630851745605,1.768568515777588
ACH-000934,MDA-MB-361,MDAMB361_BREAST,BREAST,5310940,Oxaliplatin,4.04722785949707,3.1368634700775146
ACH-000934,MDA-MB-361,MDAMB361_BREAST,BREAST,117072552,GSK591,3.6769309043884277,4.45012092590332
ACH-000934,MDA-MB-361,MDAMB361_BREAST,BREAST,51000408,VE821,1.8338069915771484,3.690645217895508
ACH-000934,MDA-MB-361,MDAMB361_BREAST,BREAST,25124816,GSK1904529A,4.2920918464660645,4.181758880615234
ACH-000934,MDA-MB-361,MDAMB361_BREAST,BREAST,5494449,Tozasertib,3.83286190032959,1.6063286066055298
ACH-000934,MDA-MB-361,MDAMB361_BREAST,BREAST,59472121,VE-822,2.6904211044311523,3.0174708366394043
ACH-000934,MDA-MB-361,MDAMB361_BREAST,BREAST,72200024,WZ4003,4.362959861755371,4.125857353210449
ACH-000934,MDA-MB-361,MDAMB361_BREAST,BREAST,42623951,CZC24832,4.084680080413818,5.301361083984375
ACH-000934,MDA-MB-361,MDAMB361_BREAST,BREAST,49847690,AZD5582,3.626102924346924,2.1560070514678955
ACH-000934,MDA-MB-361,MDAMB361_BREAST,BREAST,53469448,GSK2606414,4.120633125305176,3.784954309463501
ACH-000934,MDA-MB-361,MDAMB361_BREAST,BREAST,78243717,PFI3,5.012457847595215,5.4604082107543945
ACH-000934,MDA-MB-361,MDAMB361_BREAST,BREAST,24753719,PCI-34051,4.448948860168457,4.391661167144775
ACH-000934,MDA-MB-361,MDAMB361_BREAST,BREAST,57519544,Wnt-C59,3.8994219303131104,4.307920455932617
ACH-000934,MDA-MB-361,MDAMB361_BREAST,BREAST,46943432,I-BET-762,2.5462939739227295,3.3008196353912354
ACH-000934,MDA-MB-361,MDAMB361_BREAST,BREAST,9936746,OTX015,2.1288371086120605,2.684753656387329
ACH-000934,MDA-MB-361,MDAMB361_BREAST,BREAST,71268957,GSK343,2.638154983520508,2.780388355255127
ACH-000934,MDA-MB-361,MDAMB361_BREAST,BREAST,60167849,ML323,3.865797996520996,4.506641864776611
ACH-000934,MDA-MB-361,MDAMB361_BREAST,BREAST,59473233,Entospletinib,4.489483833312988,3.826967239379883
ACH-000934,MDA-MB-361,MDAMB361_BREAST,BREAST,44462758,PRT062607,4.441948890686035,3.3156893253326416
ACH-000934,MDA-MB-361,MDAMB361_BREAST,BREAST,44631912,Ribociclib,3.956476926803589,3.7079193592071533
ACH-000934,MDA-MB-361,MDAMB361_BREAST,BREAST,71299339,AGI-6780,3.8763680458068848,4.244852066040039
ACH-000934,MDA-MB-361,MDAMB361_BREAST,BREAST,1018,Picolinici-acid,5.2597198486328125,5.3140082359313965
ACH-000934,MDA-MB-361,MDAMB361_BREAST,BREAST,51371303,PF-4708671,3.3946290016174316,3.494265556335449
ACH-000934,MDA-MB-361,MDAMB361_BREAST,BREAST,52918385,PRIMA-1MET,2.6246631145477295,4.820033550262451
ACH-000934,MDA-MB-361,MDAMB361_BREAST,BREAST,11609586,Serdemetan,4.649445056915283,3.6344456672668457
ACH-000934,MDA-MB-361,MDAMB361_BREAST,BREAST,44137675,AZD6482,2.573148012161255,3.7292070388793945
ACH-000934,MDA-MB-361,MDAMB361_BREAST,BREAST,42642645,Foretinib,1.4033269882202148,1.2682703733444214
ACH-000934,MDA-MB-361,MDAMB361_BREAST,BREAST,46907787,JQ1,0.9403600096702576,2.4644699096679688
ACH-000934,MDA-MB-361,MDAMB361_BREAST,BREAST,71271629,PFI-1,3.12426495552063,4.059546947479248
ACH-000934,MDA-MB-361,MDAMB361_BREAST,BREAST,56962337,SGC0946,1.631500005722046,2.037597417831421
ACH-000934,MDA-MB-361,MDAMB361_BREAST,BREAST,176870,Erlotinib,2.470763921737671,2.90824294090271
ACH-000934,MDA-MB-361,MDAMB361_BREAST,BREAST,9931953,Rucaparib,2.863071918487549,3.83370304107666
ACH-000934,MDA-MB-361,MDAMB361_BREAST,BREAST,24958200,Niraparib,4.653014183044434,3.6278603076934814
ACH-000934,MDA-MB-361,MDAMB361_BREAST,BREAST,24856436,MK-1775,1.2731870412826538,0.8984963893890381
ACH-000934,MDA-MB-361,MDAMB361_BREAST,BREAST,46926350,Dinaciclib,-3.420093059539795,-2.0211527347564697
ACH-000934,MDA-MB-361,MDAMB361_BREAST,BREAST,60750,Gemcitabine,2.6847739219665527,-1.4444533586502075
ACH-000934,MDA-MB-361,MDAMB361_BREAST,BREAST,387447,Bortezomib,-4.21504020690918,-5.172177314758301
ACH-000934,MDA-MB-361,MDAMB361_BREAST,BREAST,16095342,GSK269962A,3.093524932861328,2.251009225845337
ACH-000934,MDA-MB-361,MDAMB361_BREAST,BREAST,2733526,Tamoxifen,3.0623109340667725,3.9060094356536865
ACH-000934,MDA-MB-361,MDAMB361_BREAST,BREAST,104741,Fulvestrant,1.5897200107574463,2.9315168857574463
ACH-000934,MDA-MB-361,MDAMB361_BREAST,BREAST,56962336,EPZ004777,4.656524181365967,5.239546298980713
ACH-000934,MDA-MB-361,MDAMB361_BREAST,BREAST,44632017,YK-4-279,1.056933045387268,1.7903575897216797
ACH-000934,MDA-MB-361,MDAMB361_BREAST,BREAST,9813758,BMS-345541,4.991144180297852,3.0249016284942627
ACH-000934,MDA-MB-361,MDAMB361_BREAST,BREAST,25099184,AZ960,0.657397985458374,1.97019624710083
ACH-000934,MDA-MB-361,MDAMB361_BREAST,BREAST,51039095,AZD4547,2.792386054992676,2.813157796859741
ACH-000934,MDA-MB-361,MDAMB361_BREAST,BREAST,24821094,Ibrutinib,4.86399507522583,4.328000545501709
ACH-000934,MDA-MB-361,MDAMB361_BREAST,BREAST,70983932,GSK2830371,4.777919769287109,5.435460567474365
ACH-000934,MDA-MB-361,MDAMB361_BREAST,BREAST,46236925,Sabutoclax,0.12900599837303162,0.20663785934448242
ACH-000934,MDA-MB-361,MDAMB361_BREAST,BREAST,11655119,LY2109761,4.903378009796143,5.059199333190918
ACH-000934,MDA-MB-361,MDAMB361_BREAST,BREAST,35397514,OF-1,4.168540954589844,4.047330379486084
ACH-000934,MDA-MB-361,MDAMB361_BREAST,BREAST,2802462,MN-64,5.409536838531494,4.736938953399658
ACH-000934,MDA-MB-361,MDAMB361_BREAST,BREAST,73555129,KRAS (G12C) Inhibitor-12,4.405043125152588,4.228175163269043
ACH-000934,MDA-MB-361,MDAMB361_BREAST,BREAST,462382,MG-132,-0.40174299478530884,-0.9664580821990967
ACH-000934,MDA-MB-361,MDAMB361_BREAST,BREAST,11707110,Trametinib,2.159503936767578,0.38188546895980835
ACH-000934,MDA-MB-361,MDAMB361_BREAST,BREAST,44462760,Dabrafenib,5.731040954589844,4.6604084968566895
ACH-000934,MDA-MB-361,MDAMB361_BREAST,BREAST,5394,Temozolomide,6.418935775756836,6.8033623695373535
ACH-000934,MDA-MB-361,MDAMB361_BREAST,BREAST,5460769,Bleomycin (50 uM),5.161421775817871,2.9919073581695557
ACH-000934,MDA-MB-361,MDAMB361_BREAST,BREAST,49846579,Venotoclax,2.0628089904785156,2.235825300216675
ACH-000934,MDA-MB-361,MDAMB361_BREAST,BREAST,11228183,ABT737,2.671104907989502,1.9579640626907349
ACH-000934,MDA-MB-361,MDAMB361_BREAST,BREAST,46843057,Afuresertib,1.367756962776184,2.6112618446350098
ACH-000934,MDA-MB-361,MDAMB361_BREAST,BREAST,56645356,AGI-5198,5.2603440284729,4.720445156097412
ACH-000934,MDA-MB-361,MDAMB361_BREAST,BREAST,78209992,AZD3759,1.925225019454956,2.4908652305603027
ACH-000934,MDA-MB-361,MDAMB361_BREAST,BREAST,54761306,AZD6738,0.9178140163421631,2.047182321548462
ACH-000934,MDA-MB-361,MDAMB361_BREAST,BREAST,52913813,AZD8186,1.9541529417037964,3.4446041584014893
ACH-000934,MDA-MB-361,MDAMB361_BREAST,BREAST,71496458,Osimertinib,0.9699029922485352,1.9332212209701538
ACH-000934,MDA-MB-361,MDAMB361_BREAST,BREAST,9933475,Cediranib,3.2505030632019043,2.3673760890960693
ACH-000934,MDA-MB-361,MDAMB361_BREAST,BREAST,24788740,Ipatasertib,1.7271560430526733,3.573878526687622
ACH-000934,MDA-MB-361,MDAMB361_BREAST,BREAST,56941241,GDC0810,4.136569976806641,5.086557865142822
ACH-000934,MDA-MB-361,MDAMB361_BREAST,BREAST,70676303,GNE-317,-1.1025960445404053,1.0306590795516968
ACH-000934,MDA-MB-361,MDAMB361_BREAST,BREAST,68107965,GSK2578215A,5.144004821777344,4.973198890686035
ACH-000934,MDA-MB-361,MDAMB361_BREAST,BREAST,91668541,I-BRD9,4.084155082702637,4.36115026473999
ACH-000934,MDA-MB-361,MDAMB361_BREAST,BREAST,10385095,Telomerase Inhibitor IX,1.5416339635849,0.7539023160934448
ACH-000934,MDA-MB-361,MDAMB361_BREAST,BREAST,227681,MIRA-1,5.541874885559082,5.458535671234131
ACH-000934,MDA-MB-361,MDAMB361_BREAST,BREAST,9825149,NVP-ADW742,3.514738082885742,2.874455690383911
ACH-000934,MDA-MB-361,MDAMB361_BREAST,BREAST,46931953,P22077,2.637178897857666,4.264936447143555
ACH-000934,MDA-MB-361,MDAMB361_BREAST,BREAST,68289010,Savolitinib,1.7699170112609863,2.4827797412872314
ACH-000934,MDA-MB-361,MDAMB361_BREAST,BREAST,992586,UMI-77,3.9814720153808594,2.662836790084839
ACH-000934,MDA-MB-361,MDAMB361_BREAST,BREAST,2984337,WIKI4,4.375826835632324,3.754647970199585
ACH-000934,MDA-MB-361,MDAMB361_BREAST,BREAST,11178236,Sepantronium bromide,-1.454671025276184,-1.7302929162979126
ACH-000934,MDA-MB-361,MDAMB361_BREAST,BREAST,71297207,WEHI-539,4.66863489151001,3.464261054992676
ACH-000934,MDA-MB-361,MDAMB361_BREAST,BREAST,104842,SN-38,-3.889827013015747,-4.8348588943481445
ACH-000934,MDA-MB-361,MDAMB361_BREAST,BREAST,25126798,Ruxolitinib,4.465976238250732,4.7871222496032715
ACH-000934,MDA-MB-361,MDAMB361_BREAST,BREAST,11640390,Linsitinib,3.924207925796509,3.879481554031372
ACH-000934,MDA-MB-361,MDAMB361_BREAST,BREAST,41867,Epirubicin,1.499603033065796,-0.4882762134075165
ACH-000934,MDA-MB-361,MDAMB361_BREAST,BREAST,2907,Cyclophosphamide,5.025753974914551,5.257085800170898
ACH-000934,MDA-MB-361,MDAMB361_BREAST,BREAST,24360,Camptothecin,-0.9975559711456299,-2.43973445892334
ACH-000934,MDA-MB-361,MDAMB361_BREAST,BREAST,6710780,Vinblastine,-5.916018009185791,-2.9018778800964355
ACH-000934,MDA-MB-361,MDAMB361_BREAST,BREAST,84691,Cisplatin,4.351165771484375,2.311121940612793
ACH-000934,MDA-MB-361,MDAMB361_BREAST,BREAST,6253,Cytarabine,2.7826099395751953,1.6762619018554688
ACH-000934,MDA-MB-361,MDAMB361_BREAST,BREAST,148124,Docetaxel,-4.805365085601807,-4.179806232452393
ACH-000934,MDA-MB-361,MDAMB361_BREAST,BREAST,126941,Methotrexate,0.3844180107116699,1.1067696809768677
ACH-000934,MDA-MB-361,MDAMB361_BREAST,BREAST,123631,Gefitinib,3.048553943634033,2.9673707485198975
ACH-000934,MDA-MB-361,MDAMB361_BREAST,BREAST,24978538,Navitoclax,1.7284049987792969,1.797001838684082
ACH-000934,MDA-MB-361,MDAMB361_BREAST,BREAST,5311,Vorinostat,1.1482330560684204,1.7213761806488037
ACH-000934,MDA-MB-361,MDAMB361_BREAST,BREAST,644241,Nilotinib,4.358048915863037,3.560225248336792
ACH-000934,MDA-MB-361,MDAMB361_BREAST,BREAST,44182295,Refametinib,2.6972930431365967,2.167248249053955
ACH-000934,MDA-MB-361,MDAMB361_BREAST,BREAST,6918289,Temsirolimus,0.3997829854488373,1.5304747819900513
ACH-000934,MDA-MB-361,MDAMB361_BREAST,BREAST,23725625,Olaparib,4.355381011962891,3.893256664276123
ACH-000934,MDA-MB-361,MDAMB361_BREAST,BREAST,11960529,Veliparib,5.225738048553467,5.3412322998046875
ACH-000934,MDA-MB-361,MDAMB361_BREAST,BREAST,5328940,Bosutinib,1.2072499990463257,2.8935770988464355
ACH-000934,MDA-MB-361,MDAMB361_BREAST,BREAST,216326,Lenalidomide,4.620838165283203,5.368995666503906
ACH-000934,MDA-MB-361,MDAMB361_BREAST,BREAST,6450551,Axitinib,4.085229873657227,2.656628370285034
ACH-000934,MDA-MB-361,MDAMB361_BREAST,BREAST,11152667,AZD7762,-0.44769400358200073,0.9217075109481812
ACH-000934,MDA-MB-361,MDAMB361_BREAST,BREAST,9943465,GW441756,2.8715980052948,3.2848174571990967
ACH-000876,MDA-MB-415,MDAMB415_BREAST,BREAST,126565,Lestaurtinib,1.0047860145568848,0.4867866337299347
ACH-000876,MDA-MB-415,MDAMB415_BREAST,BREAST,176158,SB216763,5.3569560050964355,5.045899391174316
ACH-000876,MDA-MB-415,MDAMB415_BREAST,BREAST,6505803,Tanespimycin,-0.29417499899864197,-0.48463842272758484
ACH-000876,MDA-MB-415,MDAMB415_BREAST,BREAST,5311497,Vinorelbine,-2.957437038421631,-2.0224852561950684
ACH-000876,MDA-MB-415,MDAMB415_BREAST,BREAST,11667893,Motesanib,5.276645183563232,5.442056179046631
ACH-000876,MDA-MB-415,MDAMB415_BREAST,BREAST,5278396,KU-55933,3.3319358825683594,5.177818298339844
ACH-000876,MDA-MB-415,MDAMB415_BREAST,BREAST,10184653,Afatinib,2.242572069168091,2.0089969635009766
ACH-000876,MDA-MB-415,MDAMB415_BREAST,BREAST,24776445,Vismodegib,4.891256809234619,4.868872165679932
ACH-000876,MDA-MB-415,MDAMB415_BREAST,BREAST,24180719,PLX-4720,4.476002216339111,4.189053058624268
ACH-000876,MDA-MB-415,MDAMB415_BREAST,BREAST,11327430,NU7441,1.5011730194091797,2.8401098251342773
ACH-000876,MDA-MB-415,MDAMB415_BREAST,BREAST,16720766,Pevonedistat,3.4510390758514404,0.5484921932220459
ACH-000876,MDA-MB-415,MDAMB415_BREAST,BREAST,11488320,Sapitinib,3.9574289321899414,3.804208993911743
ACH-000876,MDA-MB-415,MDAMB415_BREAST,BREAST,156422,Doramapimod,4.137272834777832,4.93367338180542
ACH-000876,MDA-MB-415,MDAMB415_BREAST,BREAST,11624601,JNK Inhibitor VIII,5.126659870147705,5.051654815673828
ACH-000876,MDA-MB-415,MDAMB415_BREAST,BREAST,51042438,Uprosertib,0.08920899778604507,2.776998996734619
ACH-000876,MDA-MB-415,MDAMB415_BREAST,BREAST,24737642,LCL161,4.975734233856201,4.804642200469971
ACH-000876,MDA-MB-415,MDAMB415_BREAST,BREAST,10384072,Wee1 Inhibitor,3.436352014541626,1.824143886566162
ACH-000876,MDA-MB-415,MDAMB415_BREAST,BREAST,11433190,Nutlin-3a (-),4.468657970428467,3.966538190841675
ACH-000876,MDA-MB-415,MDAMB415_BREAST,BREAST,208908,Lapatinib,2.367682933807373,3.211963176727295
ACH-000876,MDA-MB-415,MDAMB415_BREAST,BREAST,1401,PD173074,3.9860610961914062,3.519453287124634
ACH-000876,MDA-MB-415,MDAMB415_BREAST,BREAST,9914412,ZM447439,3.8468379974365234,2.346898317337036
ACH-000876,MDA-MB-415,MDAMB415_BREAST,BREAST,24771867,Alisertib,3.007594108581543,1.8403116464614868
ACH-000876,MDA-MB-415,MDAMB415_BREAST,BREAST,56649450,Alpelisib,4.110933780670166,3.2516016960144043
ACH-000876,MDA-MB-415,MDAMB415_BREAST,BREAST,46930998,MK-2206,-0.24486100673675537,2.658517360687256
ACH-000876,MDA-MB-415,MDAMB415_BREAST,BREAST,5330286,Palbociclib,3.7567811012268066,3.2627296447753906
ACH-000876,MDA-MB-415,MDAMB415_BREAST,BREAST,51001932,Taselisib,1.414597988128662,1.8447225093841553
ACH-000876,MDA-MB-415,MDAMB415_BREAST,BREAST,57345410,EPZ5676,5.5409770011901855,5.498744010925293
ACH-000876,MDA-MB-415,MDAMB415_BREAST,BREAST,11977753,Dactolisib,-3.6012439727783203,-1.3296574354171753
ACH-000876,MDA-MB-415,MDAMB415_BREAST,BREAST,17755052,Pictilisib,-0.28887200355529785,1.116117238998413
ACH-000876,MDA-MB-415,MDAMB415_BREAST,BREAST,25262965,AZD8055,-1.1700249910354614,-0.013783231377601624
ACH-000876,MDA-MB-415,MDAMB415_BREAST,BREAST,9826528,PD0325901,2.2914810180664062,0.6295974850654602
ACH-000876,MDA-MB-415,MDAMB415_BREAST,BREAST,24866313,SCH772984,2.7797250747680664,1.853115439414978
ACH-000876,MDA-MB-415,MDAMB415_BREAST,BREAST,10127622,Selumetinib,3.4863879680633545,2.924086332321167
ACH-000876,MDA-MB-415,MDAMB415_BREAST,BREAST,9927531,BIBR-1532,3.3461830615997314,4.886800765991211
ACH-000876,MDA-MB-415,MDAMB415_BREAST,BREAST,2155128,IWP-2,2.0523040294647217,2.7192461490631104
ACH-000876,MDA-MB-415,MDAMB415_BREAST,BREAST,3899,Leflunomide,4.589343070983887,5.091301918029785
ACH-000876,MDA-MB-415,MDAMB415_BREAST,BREAST,2314623,CCT007093,3.1975948810577393,5.183280944824219
ACH-000876,MDA-MB-415,MDAMB415_BREAST,BREAST,11404337,Obatoclax Mesylate,0.6385409832000732,0.48415759205818176
ACH-000876,MDA-MB-415,MDAMB415_BREAST,BREAST,9938202,EHT-1864,2.8457319736480713,3.3973004817962646
ACH-000876,MDA-MB-415,MDAMB415_BREAST,BREAST,25227847,Pyridostatin,1.943876028060913,3.2931618690490723
ACH-000876,MDA-MB-415,MDAMB415_BREAST,BREAST,46883536,Avagacestat,4.499524116516113,4.696396827697754
ACH-000876,MDA-MB-415,MDAMB415_BREAST,BREAST,3385,5-Fluorouracil,5.3563408851623535,3.7492778301239014
ACH-000876,MDA-MB-415,MDAMB415_BREAST,BREAST,68947304,AMG-319,3.1192660331726074,4.807016372680664
ACH-000876,MDA-MB-415,MDAMB415_BREAST,BREAST,11634725,VX-11e,2.394212007522583,2.470834970474243
ACH-000876,MDA-MB-415,MDAMB415_BREAST,BREAST,16224745,MK-8776,4.33985710144043,2.7123515605926514
ACH-000876,MDA-MB-415,MDAMB415_BREAST,BREAST,3062316,Dasatinib,1.8375910520553589,2.48014497756958
ACH-000876,MDA-MB-415,MDAMB415_BREAST,BREAST,36314,Paclitaxel,-3.463808059692383,-2.076857328414917
ACH-000876,MDA-MB-415,MDAMB415_BREAST,BREAST,4261,Entinostat,3.0143320560455322,2.171762228012085
ACH-000876,MDA-MB-415,MDAMB415_BREAST,BREAST,11626560,Crizotinib,3.5843589305877686,2.343047618865967
ACH-000876,MDA-MB-415,MDAMB415_BREAST,BREAST,118704762,LJI308,5.041214942932129,4.9854655265808105
ACH-000876,MDA-MB-415,MDAMB415_BREAST,BREAST,216239,Sorafenib,2.4972660541534424,2.360107898712158
ACH-000876,MDA-MB-415,MDAMB415_BREAST,BREAST,11364421,BI-2536,2.4288270473480225,-0.7340319156646729
ACH-000876,MDA-MB-415,MDAMB415_BREAST,BREAST,46926973,LGK974,3.9239509105682373,4.067370414733887
ACH-000876,MDA-MB-415,MDAMB415_BREAST,BREAST,60838,Irinotecan,4.0459980964660645,1.740816354751587
ACH-000876,MDA-MB-415,MDAMB415_BREAST,BREAST,5310940,Oxaliplatin,4.126187801361084,3.2777059078216553
ACH-000876,MDA-MB-415,MDAMB415_BREAST,BREAST,117072552,GSK591,3.8319931030273438,4.369222164154053
ACH-000876,MDA-MB-415,MDAMB415_BREAST,BREAST,51000408,VE821,5.210977077484131,3.43583345413208
ACH-000876,MDA-MB-415,MDAMB415_BREAST,BREAST,25124816,GSK1904529A,3.9769248962402344,4.171226501464844
ACH-000876,MDA-MB-415,MDAMB415_BREAST,BREAST,5494449,Tozasertib,4.623404026031494,1.8098089694976807
ACH-000876,MDA-MB-415,MDAMB415_BREAST,BREAST,59472121,VE-822,4.578176975250244,2.7846179008483887
ACH-000876,MDA-MB-415,MDAMB415_BREAST,BREAST,72200024,WZ4003,3.2142889499664307,3.924806594848633
ACH-000876,MDA-MB-415,MDAMB415_BREAST,BREAST,42623951,CZC24832,5.21538782119751,5.200634479522705
ACH-000876,MDA-MB-415,MDAMB415_BREAST,BREAST,49847690,AZD5582,0.164465993642807,2.0245938301086426
ACH-000876,MDA-MB-415,MDAMB415_BREAST,BREAST,53469448,GSK2606414,4.676289081573486,3.555608034133911
ACH-000876,MDA-MB-415,MDAMB415_BREAST,BREAST,78243717,PFI3,5.083481788635254,5.363368034362793
ACH-000876,MDA-MB-415,MDAMB415_BREAST,BREAST,24753719,PCI-34051,5.1685309410095215,4.4365010261535645
ACH-000876,MDA-MB-415,MDAMB415_BREAST,BREAST,57519544,Wnt-C59,3.677973985671997,4.291345119476318
ACH-000876,MDA-MB-415,MDAMB415_BREAST,BREAST,46943432,I-BET-762,5.201358795166016,2.8681094646453857
ACH-000876,MDA-MB-415,MDAMB415_BREAST,BREAST,9936746,OTX015,3.9486958980560303,2.3735785484313965
ACH-000876,MDA-MB-415,MDAMB415_BREAST,BREAST,71268957,GSK343,2.9221620559692383,2.6187548637390137
ACH-000876,MDA-MB-415,MDAMB415_BREAST,BREAST,60167849,ML323,4.718225955963135,4.476522445678711
ACH-000876,MDA-MB-415,MDAMB415_BREAST,BREAST,59473233,Entospletinib,4.9806389808654785,3.4442949295043945
ACH-000876,MDA-MB-415,MDAMB415_BREAST,BREAST,44462758,PRT062607,2.8405890464782715,2.9158546924591064
ACH-000876,MDA-MB-415,MDAMB415_BREAST,BREAST,44631912,Ribociclib,3.0917088985443115,3.4342644214630127
ACH-000876,MDA-MB-415,MDAMB415_BREAST,BREAST,71299339,AGI-6780,4.4519171714782715,4.264700412750244
ACH-000876,MDA-MB-415,MDAMB415_BREAST,BREAST,1018,Picolinici-acid,5.083882808685303,5.23579740524292
ACH-000876,MDA-MB-415,MDAMB415_BREAST,BREAST,51371303,PF-4708671,3.9541149139404297,3.3821616172790527
ACH-000876,MDA-MB-415,MDAMB415_BREAST,BREAST,52918385,PRIMA-1MET,2.6741180419921875,4.648766994476318
ACH-000876,MDA-MB-415,MDAMB415_BREAST,BREAST,11609586,Serdemetan,4.303379058837891,3.4033939838409424
ACH-000876,MDA-MB-415,MDAMB415_BREAST,BREAST,44137675,AZD6482,0.07039199769496918,3.2745978832244873
ACH-000876,MDA-MB-415,MDAMB415_BREAST,BREAST,42642645,Foretinib,1.374008059501648,1.0459524393081665
ACH-000876,MDA-MB-415,MDAMB415_BREAST,BREAST,46907787,JQ1,3.246983051300049,2.2545788288116455
ACH-000876,MDA-MB-415,MDAMB415_BREAST,BREAST,11455910,TW 37,0.9321200251579285,1.6183364391326904
ACH-000876,MDA-MB-415,MDAMB415_BREAST,BREAST,71271629,PFI-1,4.499238967895508,3.9068896770477295
ACH-000876,MDA-MB-415,MDAMB415_BREAST,BREAST,56962337,SGC0946,1.7608850002288818,2.034045457839966
ACH-000876,MDA-MB-415,MDAMB415_BREAST,BREAST,176870,Erlotinib,3.2918879985809326,2.836475372314453
ACH-000876,MDA-MB-415,MDAMB415_BREAST,BREAST,9931953,Rucaparib,3.6375811100006104,3.8129656314849854
ACH-000876,MDA-MB-415,MDAMB415_BREAST,BREAST,24958200,Niraparib,4.740694046020508,3.8003878593444824
ACH-000876,MDA-MB-415,MDAMB415_BREAST,BREAST,24856436,MK-1775,3.02478289604187,0.827180027961731
ACH-000876,MDA-MB-415,MDAMB415_BREAST,BREAST,46926350,Dinaciclib,-2.6906630992889404,-1.9488344192504883
ACH-000876,MDA-MB-415,MDAMB415_BREAST,BREAST,60750,Gemcitabine,4.003604888916016,-2.098710298538208
ACH-000876,MDA-MB-415,MDAMB415_BREAST,BREAST,387447,Bortezomib,-3.8018500804901123,-4.80562686920166
ACH-000876,MDA-MB-415,MDAMB415_BREAST,BREAST,16095342,GSK269962A,2.579622983932495,2.3551406860351562
ACH-000876,MDA-MB-415,MDAMB415_BREAST,BREAST,2733526,Tamoxifen,2.8488869667053223,3.793903112411499
ACH-000876,MDA-MB-415,MDAMB415_BREAST,BREAST,104741,Fulvestrant,1.600208044052124,2.913437604904175
ACH-000876,MDA-MB-415,MDAMB415_BREAST,BREAST,56962336,EPZ004777,4.534503936767578,5.165745258331299
ACH-000876,MDA-MB-415,MDAMB415_BREAST,BREAST,44632017,YK-4-279,1.6105380058288574,1.8895024061203003
ACH-000876,MDA-MB-415,MDAMB415_BREAST,BREAST,6914657,Daporinad,-3.042958974838257,-1.3989967107772827
ACH-000876,MDA-MB-415,MDAMB415_BREAST,BREAST,9813758,BMS-345541,5.22103214263916,2.8714163303375244
ACH-000876,MDA-MB-415,MDAMB415_BREAST,BREAST,25099184,AZ960,3.5555500984191895,1.9384186267852783
ACH-000876,MDA-MB-415,MDAMB415_BREAST,BREAST,51039095,AZD4547,1.4891070127487183,2.707473039627075
ACH-000876,MDA-MB-415,MDAMB415_BREAST,BREAST,24821094,Ibrutinib,4.05539608001709,4.180840969085693
ACH-000876,MDA-MB-415,MDAMB415_BREAST,BREAST,70983932,GSK2830371,5.276645183563232,5.337100982666016
ACH-000876,MDA-MB-415,MDAMB415_BREAST,BREAST,46236925,Sabutoclax,-0.608398973941803,-0.028224706649780273
ACH-000876,MDA-MB-415,MDAMB415_BREAST,BREAST,11655119,LY2109761,4.896533966064453,4.995699405670166
ACH-000876,MDA-MB-415,MDAMB415_BREAST,BREAST,35397514,OF-1,3.534281015396118,4.04133415222168
ACH-000876,MDA-MB-415,MDAMB415_BREAST,BREAST,2802462,MN-64,4.687538146972656,4.689304351806641
ACH-000876,MDA-MB-415,MDAMB415_BREAST,BREAST,73555129,KRAS (G12C) Inhibitor-12,5.516073226928711,4.335991382598877
ACH-000876,MDA-MB-415,MDAMB415_BREAST,BREAST,462382,MG-132,-0.6750810146331787,-1.088164210319519
ACH-000876,MDA-MB-415,MDAMB415_BREAST,BREAST,11707110,Trametinib,1.128074049949646,-0.9008842706680298
ACH-000876,MDA-MB-415,MDAMB415_BREAST,BREAST,44462760,Dabrafenib,4.631453990936279,4.102476596832275
ACH-000876,MDA-MB-415,MDAMB415_BREAST,BREAST,5394,Temozolomide,5.87991189956665,6.531766891479492
ACH-000876,MDA-MB-415,MDAMB415_BREAST,BREAST,5460769,Bleomycin (50 uM),6.404869079589844,2.6696858406066895
ACH-000876,MDA-MB-415,MDAMB415_BREAST,BREAST,49846579,Venotoclax,1.7456899881362915,2.3841285705566406
ACH-000876,MDA-MB-415,MDAMB415_BREAST,BREAST,11228183,ABT737,0.4299579858779907,2.1793227195739746
ACH-000876,MDA-MB-415,MDAMB415_BREAST,BREAST,46843057,Afuresertib,-0.8573669791221619,2.381586790084839
ACH-000876,MDA-MB-415,MDAMB415_BREAST,BREAST,56645356,AGI-5198,3.989588975906372,4.693108558654785
ACH-000876,MDA-MB-415,MDAMB415_BREAST,BREAST,78209992,AZD3759,2.6290690898895264,2.4678897857666016
ACH-000876,MDA-MB-415,MDAMB415_BREAST,BREAST,54761306,AZD6738,2.4820120334625244,1.9896905422210693
ACH-000876,MDA-MB-415,MDAMB415_BREAST,BREAST,52913813,AZD8186,-1.6091500520706177,3.041313648223877
ACH-000876,MDA-MB-415,MDAMB415_BREAST,BREAST,71496458,Osimertinib,1.274351954460144,2.01539945602417
ACH-000876,MDA-MB-415,MDAMB415_BREAST,BREAST,9933475,Cediranib,1.6336909532546997,2.298158884048462
ACH-000876,MDA-MB-415,MDAMB415_BREAST,BREAST,24788740,Ipatasertib,-0.6899499893188477,3.232571840286255
ACH-000876,MDA-MB-415,MDAMB415_BREAST,BREAST,56941241,GDC0810,3.812407970428467,5.039586544036865
ACH-000876,MDA-MB-415,MDAMB415_BREAST,BREAST,70676303,GNE-317,-1.2092430591583252,0.6987602710723877
ACH-000876,MDA-MB-415,MDAMB415_BREAST,BREAST,68107965,GSK2578215A,4.455166816711426,4.933883190155029
ACH-000876,MDA-MB-415,MDAMB415_BREAST,BREAST,91668541,I-BRD9,3.1320550441741943,4.27215576171875
ACH-000876,MDA-MB-415,MDAMB415_BREAST,BREAST,10385095,Telomerase Inhibitor IX,0.886381983757019,0.5686901807785034
ACH-000876,MDA-MB-415,MDAMB415_BREAST,BREAST,227681,MIRA-1,4.101472854614258,5.327311038970947
ACH-000876,MDA-MB-415,MDAMB415_BREAST,BREAST,9825149,NVP-ADW742,3.0472300052642822,2.6483216285705566
ACH-000876,MDA-MB-415,MDAMB415_BREAST,BREAST,46931953,P22077,3.4098620414733887,4.350532531738281
ACH-000876,MDA-MB-415,MDAMB415_BREAST,BREAST,68289010,Savolitinib,2.97406005859375,2.447467088699341
ACH-000876,MDA-MB-415,MDAMB415_BREAST,BREAST,992586,UMI-77,1.8331249952316284,2.7016632556915283
ACH-000876,MDA-MB-415,MDAMB415_BREAST,BREAST,2984337,WIKI4,3.892707109451294,3.5319576263427734
ACH-000876,MDA-MB-415,MDAMB415_BREAST,BREAST,11178236,Sepantronium bromide,-3.42543888092041,-1.2980363368988037
ACH-000876,MDA-MB-415,MDAMB415_BREAST,BREAST,71297207,WEHI-539,1.9061310291290283,3.4212863445281982
ACH-000876,MDA-MB-415,MDAMB415_BREAST,BREAST,104842,SN-38,3.4200398921966553,-4.711851119995117
ACH-000876,MDA-MB-415,MDAMB415_BREAST,BREAST,25126798,Ruxolitinib,4.694275856018066,4.719300746917725
ACH-000876,MDA-MB-415,MDAMB415_BREAST,BREAST,11640390,Linsitinib,5.044007778167725,3.7993993759155273
ACH-000876,MDA-MB-415,MDAMB415_BREAST,BREAST,41867,Epirubicin,0.07607799768447876,-0.8157687187194824
ACH-000876,MDA-MB-415,MDAMB415_BREAST,BREAST,2907,Cyclophosphamide,4.562839031219482,5.203727722167969
ACH-000876,MDA-MB-415,MDAMB415_BREAST,BREAST,24360,Camptothecin,0.05020400136709213,-2.60986065864563
ACH-000876,MDA-MB-415,MDAMB415_BREAST,BREAST,6710780,Vinblastine,-3.872312068939209,-2.0971877574920654
ACH-000876,MDA-MB-415,MDAMB415_BREAST,BREAST,84691,Cisplatin,4.704719066619873,2.350477695465088
ACH-000876,MDA-MB-415,MDAMB415_BREAST,BREAST,6253,Cytarabine,2.5637500286102295,1.5073469877243042
ACH-000876,MDA-MB-415,MDAMB415_BREAST,BREAST,148124,Docetaxel,-4.35491418838501,-2.3979437351226807
ACH-000876,MDA-MB-415,MDAMB415_BREAST,BREAST,126941,Methotrexate,1.3340359926223755,0.7775759696960449
ACH-000876,MDA-MB-415,MDAMB415_BREAST,BREAST,123631,Gefitinib,2.769355058670044,2.96171498298645
ACH-000876,MDA-MB-415,MDAMB415_BREAST,BREAST,24978538,Navitoclax,0.0813629999756813,2.0036587715148926
ACH-000876,MDA-MB-415,MDAMB415_BREAST,BREAST,5311,Vorinostat,1.9229949712753296,1.7938799858093262
ACH-000876,MDA-MB-415,MDAMB415_BREAST,BREAST,644241,Nilotinib,2.8808538913726807,3.211637258529663
ACH-000876,MDA-MB-415,MDAMB415_BREAST,BREAST,44182295,Refametinib,2.808933973312378,1.3540096282958984
ACH-000876,MDA-MB-415,MDAMB415_BREAST,BREAST,23725625,Olaparib,4.116107940673828,3.9972927570343018
ACH-000876,MDA-MB-415,MDAMB415_BREAST,BREAST,11960529,Veliparib,4.843204021453857,5.271701335906982
ACH-000876,MDA-MB-415,MDAMB415_BREAST,BREAST,5328940,Bosutinib,3.0032739639282227,2.6615824699401855
ACH-000876,MDA-MB-415,MDAMB415_BREAST,BREAST,216326,Lenalidomide,5.242541790008545,5.273367404937744
ACH-000876,MDA-MB-415,MDAMB415_BREAST,BREAST,6450551,Axitinib,3.897775888442993,2.6371099948883057
ACH-000876,MDA-MB-415,MDAMB415_BREAST,BREAST,11152667,AZD7762,2.4030699729919434,0.7003388404846191
ACH-000876,MDA-MB-415,MDAMB415_BREAST,BREAST,9943465,GW441756,1.4722980260849,3.15354061126709
ACH-000725,HCC202,HCC202_BREAST,BREAST,11433190,Nutlin-3a (-),5.104237079620361,5.2323784828186035
ACH-000725,HCC202,HCC202_BREAST,BREAST,1401,PD173074,5.1218461990356445,3.9462382793426514
ACH-000725,HCC202,HCC202_BREAST,BREAST,46930998,MK-2206,1.584328055381775,3.148172616958618
ACH-000725,HCC202,HCC202_BREAST,BREAST,5330286,Palbociclib,4.8779120445251465,4.302796363830566
ACH-000725,HCC202,HCC202_BREAST,BREAST,17755052,Pictilisib,0.5826579928398132,1.5793790817260742
ACH-000725,HCC202,HCC202_BREAST,BREAST,3385,5-Fluorouracil,6.005674839019775,4.784433841705322
ACH-000725,HCC202,HCC202_BREAST,BREAST,462382,MG-132,-1.4251830577850342,-0.8139357566833496
ACH-000725,HCC202,HCC202_BREAST,BREAST,84691,Cisplatin,4.521675109863281,3.4497811794281006
ACH-000725,HCC202,HCC202_BREAST,BREAST,148124,Docetaxel,-2.041085958480835,-3.8849077224731445
ACH-000725,HCC202,HCC202_BREAST,BREAST,24978538,Navitoclax,1.850862979888916,1.9830002784729004
ACH-000725,HCC202,HCC202_BREAST,BREAST,5311,Vorinostat,1.004372000694275,1.8675960302352905
ACH-000725,HCC202,HCC202_BREAST,BREAST,6450551,Axitinib,2.67615008354187,3.1029751300811768
ACH-000725,HCC202,HCC202_BREAST,BREAST,11152667,AZD7762,-0.03951499983668327,1.3007102012634277
ACH-000856,CAL-51,CAL51_BREAST,BREAST,126565,Lestaurtinib,-0.09767399728298187,0.559861421585083
ACH-000856,CAL-51,CAL51_BREAST,BREAST,176158,SB216763,6.305552959442139,5.858919143676758
ACH-000856,CAL-51,CAL51_BREAST,BREAST,6505803,Tanespimycin,-2.1077229976654053,-0.043998852372169495
ACH-000856,CAL-51,CAL51_BREAST,BREAST,5311497,Vinorelbine,-4.522144794464111,-1.6252989768981934
ACH-000856,CAL-51,CAL51_BREAST,BREAST,11667893,Motesanib,5.65682315826416,6.463649749755859
ACH-000856,CAL-51,CAL51_BREAST,BREAST,5278396,KU-55933,5.431397914886475,5.896180629730225
ACH-000856,CAL-51,CAL51_BREAST,BREAST,10184653,Afatinib,2.4704010486602783,1.8418444395065308
ACH-000856,CAL-51,CAL51_BREAST,BREAST,24776445,Vismodegib,5.241203784942627,5.7393293380737305
ACH-000856,CAL-51,CAL51_BREAST,BREAST,24180719,PLX-4720,4.8837809562683105,5.022808074951172
ACH-000856,CAL-51,CAL51_BREAST,BREAST,11327430,NU7441,2.98327898979187,3.682403564453125
ACH-000856,CAL-51,CAL51_BREAST,BREAST,16720766,Pevonedistat,-0.7002339959144592,1.180098533630371
ACH-000856,CAL-51,CAL51_BREAST,BREAST,11488320,Sapitinib,4.063065052032471,3.62921142578125
ACH-000856,CAL-51,CAL51_BREAST,BREAST,156422,Doramapimod,6.1358160972595215,5.871151924133301
ACH-000856,CAL-51,CAL51_BREAST,BREAST,11624601,JNK Inhibitor VIII,5.450175762176514,5.972838401794434
ACH-000856,CAL-51,CAL51_BREAST,BREAST,51042438,Uprosertib,2.672313928604126,3.820979356765747
ACH-000856,CAL-51,CAL51_BREAST,BREAST,24737642,LCL161,3.794015884399414,5.647488594055176
ACH-000856,CAL-51,CAL51_BREAST,BREAST,10384072,Wee1 Inhibitor,0.7029179930686951,2.7189748287200928
ACH-000856,CAL-51,CAL51_BREAST,BREAST,11433190,Nutlin-3a (-),2.6722750663757324,4.8970112800598145
ACH-000856,CAL-51,CAL51_BREAST,BREAST,208908,Lapatinib,2.453123092651367,3.728034496307373
ACH-000856,CAL-51,CAL51_BREAST,BREAST,1401,PD173074,3.868290901184082,4.066276550292969
ACH-000856,CAL-51,CAL51_BREAST,BREAST,9914412,ZM447439,3.7884879112243652,3.316845178604126
ACH-000856,CAL-51,CAL51_BREAST,BREAST,24771867,Alisertib,2.2485430240631104,1.9728528261184692
ACH-000856,CAL-51,CAL51_BREAST,BREAST,56649450,Alpelisib,3.250185012817383,3.9603826999664307
ACH-000856,CAL-51,CAL51_BREAST,BREAST,46930998,MK-2206,2.6860411167144775,3.563112735748291
ACH-000856,CAL-51,CAL51_BREAST,BREAST,5330286,Palbociclib,2.849001884460449,4.1933088302612305
ACH-000856,CAL-51,CAL51_BREAST,BREAST,51001932,Taselisib,0.4431920051574707,1.722400426864624
ACH-000856,CAL-51,CAL51_BREAST,BREAST,57345410,EPZ5676,5.210097789764404,6.471470832824707
ACH-000856,CAL-51,CAL51_BREAST,BREAST,11977753,Dactolisib,-3.130500078201294,-1.2907161712646484
ACH-000856,CAL-51,CAL51_BREAST,BREAST,17755052,Pictilisib,0.9434660077095032,0.8331420421600342
ACH-000856,CAL-51,CAL51_BREAST,BREAST,25262965,AZD8055,0.8589919805526733,0.012089163064956665
ACH-000856,CAL-51,CAL51_BREAST,BREAST,9826528,PD0325901,1.8061150312423706,2.8366615772247314
ACH-000856,CAL-51,CAL51_BREAST,BREAST,24866313,SCH772984,2.7818050384521484,3.931617021560669
ACH-000856,CAL-51,CAL51_BREAST,BREAST,10127622,Selumetinib,4.204644203186035,4.520094394683838
ACH-000856,CAL-51,CAL51_BREAST,BREAST,9927531,BIBR-1532,4.636949062347412,5.827029705047607
ACH-000856,CAL-51,CAL51_BREAST,BREAST,2155128,IWP-2,3.348254919052124,3.4375956058502197
ACH-000856,CAL-51,CAL51_BREAST,BREAST,3899,Leflunomide,4.8169660568237305,5.713583946228027
ACH-000856,CAL-51,CAL51_BREAST,BREAST,2314623,CCT007093,5.349151134490967,6.0192766189575195
ACH-000856,CAL-51,CAL51_BREAST,BREAST,11404337,Obatoclax Mesylate,-0.21446600556373596,0.5314832925796509
ACH-000856,CAL-51,CAL51_BREAST,BREAST,9938202,EHT-1864,3.587280035018921,4.073426723480225
ACH-000856,CAL-51,CAL51_BREAST,BREAST,25227847,Pyridostatin,3.639836072921753,4.09919548034668
ACH-000856,CAL-51,CAL51_BREAST,BREAST,46883536,Avagacestat,4.817629814147949,5.562868118286133
ACH-000856,CAL-51,CAL51_BREAST,BREAST,3385,5-Fluorouracil,3.331156015396118,5.061738967895508
ACH-000856,CAL-51,CAL51_BREAST,BREAST,68947304,AMG-319,5.563844203948975,5.346820831298828
ACH-000856,CAL-51,CAL51_BREAST,BREAST,11634725,VX-11e,2.495939016342163,4.059998512268066
ACH-000856,CAL-51,CAL51_BREAST,BREAST,16224745,MK-8776,2.9792110919952393,3.807474136352539
ACH-000856,CAL-51,CAL51_BREAST,BREAST,3062316,Dasatinib,1.5372350215911865,-0.2727232575416565
ACH-000856,CAL-51,CAL51_BREAST,BREAST,36314,Paclitaxel,-1.4119460582733154,-1.7201483249664307
ACH-000856,CAL-51,CAL51_BREAST,BREAST,4261,Entinostat,1.9022959470748901,2.989582061767578
ACH-000856,CAL-51,CAL51_BREAST,BREAST,11626560,Crizotinib,2.8292360305786133,3.4241764545440674
ACH-000856,CAL-51,CAL51_BREAST,BREAST,118704762,LJI308,4.830403804779053,5.904518127441406
ACH-000856,CAL-51,CAL51_BREAST,BREAST,216239,Sorafenib,1.1741379499435425,3.1087613105773926
ACH-000856,CAL-51,CAL51_BREAST,BREAST,11364421,BI-2536,-3.491209030151367,-0.41641655564308167
ACH-000856,CAL-51,CAL51_BREAST,BREAST,46926973,LGK974,3.6373770236968994,4.958356857299805
ACH-000856,CAL-51,CAL51_BREAST,BREAST,60838,Irinotecan,1.6316360235214233,3.6625173091888428
ACH-000856,CAL-51,CAL51_BREAST,BREAST,5310940,Oxaliplatin,2.653048038482666,4.421146869659424
ACH-000856,CAL-51,CAL51_BREAST,BREAST,117072552,GSK591,3.6116080284118652,4.970693588256836
ACH-000856,CAL-51,CAL51_BREAST,BREAST,51000408,VE821,2.103295087814331,4.276064395904541
ACH-000856,CAL-51,CAL51_BREAST,BREAST,25124816,GSK1904529A,4.1416850090026855,4.965786933898926
ACH-000856,CAL-51,CAL51_BREAST,BREAST,5494449,Tozasertib,1.5736620426177979,3.3930885791778564
ACH-000856,CAL-51,CAL51_BREAST,BREAST,59472121,VE-822,0.055688001215457916,3.8479676246643066
ACH-000856,CAL-51,CAL51_BREAST,BREAST,72200024,WZ4003,5.431788921356201,4.382904052734375
ACH-000856,CAL-51,CAL51_BREAST,BREAST,42623951,CZC24832,5.203262805938721,5.995802402496338
ACH-000856,CAL-51,CAL51_BREAST,BREAST,49847690,AZD5582,4.1727118492126465,2.6774277687072754
ACH-000856,CAL-51,CAL51_BREAST,BREAST,53469448,GSK2606414,4.243372917175293,4.05833101272583
ACH-000856,CAL-51,CAL51_BREAST,BREAST,78243717,PFI3,5.089139938354492,6.235922336578369
ACH-000856,CAL-51,CAL51_BREAST,BREAST,24753719,PCI-34051,3.040226936340332,5.017164707183838
ACH-000856,CAL-51,CAL51_BREAST,BREAST,57519544,Wnt-C59,3.8455770015716553,5.002616882324219
ACH-000856,CAL-51,CAL51_BREAST,BREAST,46943432,I-BET-762,5.619746208190918,3.825990676879883
ACH-000856,CAL-51,CAL51_BREAST,BREAST,9936746,OTX015,3.7461960315704346,3.102137565612793
ACH-000856,CAL-51,CAL51_BREAST,BREAST,71268957,GSK343,3.1444449424743652,3.4554853439331055
ACH-000856,CAL-51,CAL51_BREAST,BREAST,60167849,ML323,4.243504047393799,5.32566499710083
ACH-000856,CAL-51,CAL51_BREAST,BREAST,59473233,Entospletinib,3.9507369995117188,3.8254451751708984
ACH-000856,CAL-51,CAL51_BREAST,BREAST,44462758,PRT062607,3.4010889530181885,3.777052402496338
ACH-000856,CAL-51,CAL51_BREAST,BREAST,44631912,Ribociclib,5.509772777557373,4.133636951446533
ACH-000856,CAL-51,CAL51_BREAST,BREAST,71299339,AGI-6780,3.6418850421905518,5.041407585144043
ACH-000856,CAL-51,CAL51_BREAST,BREAST,1018,Picolinici-acid,5.326572895050049,6.137505054473877
ACH-000856,CAL-51,CAL51_BREAST,BREAST,51371303,PF-4708671,3.3428449630737305,4.0065388679504395
ACH-000856,CAL-51,CAL51_BREAST,BREAST,52918385,PRIMA-1MET,3.287060022354126,4.985347747802734
ACH-000856,CAL-51,CAL51_BREAST,BREAST,11609586,Serdemetan,4.291459083557129,4.20942497253418
ACH-000856,CAL-51,CAL51_BREAST,BREAST,44137675,AZD6482,5.499825954437256,4.137114524841309
ACH-000856,CAL-51,CAL51_BREAST,BREAST,42642645,Foretinib,1.186447024345398,1.0617969036102295
ACH-000856,CAL-51,CAL51_BREAST,BREAST,46907787,JQ1,3.51678204536438,2.8899426460266113
ACH-000856,CAL-51,CAL51_BREAST,BREAST,71271629,PFI-1,4.129536151885986,4.304299831390381
ACH-000856,CAL-51,CAL51_BREAST,BREAST,56962337,SGC0946,1.9009840488433838,2.4962055683135986
ACH-000856,CAL-51,CAL51_BREAST,BREAST,176870,Erlotinib,2.80958890914917,3.110236644744873
ACH-000856,CAL-51,CAL51_BREAST,BREAST,9931953,Rucaparib,4.485448837280273,4.368516445159912
ACH-000856,CAL-51,CAL51_BREAST,BREAST,24958200,Niraparib,3.0488839149475098,4.6749067306518555
ACH-000856,CAL-51,CAL51_BREAST,BREAST,24856436,MK-1775,0.059223998337984085,0.6438577175140381
ACH-000856,CAL-51,CAL51_BREAST,BREAST,46926350,Dinaciclib,-3.6399691104888916,-1.9152193069458008
ACH-000856,CAL-51,CAL51_BREAST,BREAST,60750,Gemcitabine,-3.8464090824127197,-0.19778111577033997
ACH-000856,CAL-51,CAL51_BREAST,BREAST,387447,Bortezomib,-5.228161811828613,-4.727306365966797
ACH-000856,CAL-51,CAL51_BREAST,BREAST,16095342,GSK269962A,2.691075086593628,3.278327703475952
ACH-000856,CAL-51,CAL51_BREAST,BREAST,2733526,Tamoxifen,3.778934955596924,4.222391605377197
ACH-000856,CAL-51,CAL51_BREAST,BREAST,104741,Fulvestrant,2.5297110080718994,3.692363739013672
ACH-000856,CAL-51,CAL51_BREAST,BREAST,56962336,EPZ004777,4.1705498695373535,6.0474042892456055
ACH-000856,CAL-51,CAL51_BREAST,BREAST,44632017,YK-4-279,1.1225520372390747,3.028221368789673
ACH-000856,CAL-51,CAL51_BREAST,BREAST,9813758,BMS-345541,2.0743789672851562,3.982590675354004
ACH-000856,CAL-51,CAL51_BREAST,BREAST,25099184,AZ960,0.31995800137519836,2.551783561706543
ACH-000856,CAL-51,CAL51_BREAST,BREAST,51039095,AZD4547,1.4093879461288452,3.694772481918335
ACH-000856,CAL-51,CAL51_BREAST,BREAST,24821094,Ibrutinib,5.5329179763793945,4.6141462326049805
ACH-000856,CAL-51,CAL51_BREAST,BREAST,70983932,GSK2830371,5.699252128601074,6.352298736572266
ACH-000856,CAL-51,CAL51_BREAST,BREAST,46236925,Sabutoclax,-2.367249011993408,0.08552864193916321
ACH-000856,CAL-51,CAL51_BREAST,BREAST,11655119,LY2109761,5.508152961730957,5.815372467041016
ACH-000856,CAL-51,CAL51_BREAST,BREAST,35397514,OF-1,3.585671901702881,4.8528666496276855
ACH-000856,CAL-51,CAL51_BREAST,BREAST,2802462,MN-64,5.096268177032471,5.460051536560059
ACH-000856,CAL-51,CAL51_BREAST,BREAST,73555129,KRAS (G12C) Inhibitor-12,3.223094940185547,5.219857215881348
ACH-000856,CAL-51,CAL51_BREAST,BREAST,462382,MG-132,-1.4545880556106567,-1.120835542678833
ACH-000856,CAL-51,CAL51_BREAST,BREAST,11707110,Trametinib,0.35467401146888733,1.4368447065353394
ACH-000856,CAL-51,CAL51_BREAST,BREAST,44462760,Dabrafenib,3.8260440826416016,5.137389183044434
ACH-000856,CAL-51,CAL51_BREAST,BREAST,5394,Temozolomide,6.937408924102783,7.438199996948242
ACH-000856,CAL-51,CAL51_BREAST,BREAST,5460769,Bleomycin (50 uM),1.3364700078964233,3.99078631401062
ACH-000856,CAL-51,CAL51_BREAST,BREAST,49846579,Venotoclax,2.4504430294036865,3.233224630355835
ACH-000856,CAL-51,CAL51_BREAST,BREAST,11228183,ABT737,3.2397189140319824,2.9529783725738525
ACH-000856,CAL-51,CAL51_BREAST,BREAST,46843057,Afuresertib,0.5613530278205872,3.278949022293091
ACH-000856,CAL-51,CAL51_BREAST,BREAST,56645356,AGI-5198,4.796621799468994,5.3719801902771
ACH-000856,CAL-51,CAL51_BREAST,BREAST,78209992,AZD3759,2.801806926727295,2.8826346397399902
ACH-000856,CAL-51,CAL51_BREAST,BREAST,54761306,AZD6738,0.17291299998760223,2.7231953144073486
ACH-000856,CAL-51,CAL51_BREAST,BREAST,52913813,AZD8186,3.3649699687957764,3.3594627380371094
ACH-000856,CAL-51,CAL51_BREAST,BREAST,71496458,Osimertinib,1.6857210397720337,1.9146381616592407
ACH-000856,CAL-51,CAL51_BREAST,BREAST,9933475,Cediranib,1.4689379930496216,2.7392358779907227
ACH-000856,CAL-51,CAL51_BREAST,BREAST,24788740,Ipatasertib,1.3655879497528076,3.9386374950408936
ACH-000856,CAL-51,CAL51_BREAST,BREAST,56941241,GDC0810,5.235507011413574,5.8399152755737305
ACH-000856,CAL-51,CAL51_BREAST,BREAST,70676303,GNE-317,-0.9284589886665344,0.5158637762069702
ACH-000856,CAL-51,CAL51_BREAST,BREAST,68107965,GSK2578215A,4.917623996734619,5.757498741149902
ACH-000856,CAL-51,CAL51_BREAST,BREAST,91668541,I-BRD9,4.459827899932861,4.876758098602295
ACH-000856,CAL-51,CAL51_BREAST,BREAST,10385095,Telomerase Inhibitor IX,-0.30601099133491516,0.9790277481079102
ACH-000856,CAL-51,CAL51_BREAST,BREAST,227681,MIRA-1,5.718838214874268,6.365292072296143
ACH-000856,CAL-51,CAL51_BREAST,BREAST,9825149,NVP-ADW742,3.9163689613342285,3.820380687713623
ACH-000856,CAL-51,CAL51_BREAST,BREAST,46931953,P22077,2.498481035232544,5.20750093460083
ACH-000856,CAL-51,CAL51_BREAST,BREAST,68289010,Savolitinib,1.874650001525879,3.1894257068634033
ACH-000856,CAL-51,CAL51_BREAST,BREAST,992586,UMI-77,1.3944690227508545,3.5091891288757324
ACH-000856,CAL-51,CAL51_BREAST,BREAST,2984337,WIKI4,2.482659101486206,3.8382647037506104
ACH-000856,CAL-51,CAL51_BREAST,BREAST,11178236,Sepantronium bromide,-6.178377151489258,-5.005870819091797
ACH-000856,CAL-51,CAL51_BREAST,BREAST,71297207,WEHI-539,3.3211610317230225,3.8653736114501953
ACH-000856,CAL-51,CAL51_BREAST,BREAST,104842,SN-38,-4.259020805358887,-1.2010494470596313
ACH-000856,CAL-51,CAL51_BREAST,BREAST,25126798,Ruxolitinib,4.993802070617676,5.720736503601074
ACH-000856,CAL-51,CAL51_BREAST,BREAST,11640390,Linsitinib,4.574059963226318,4.352996349334717
ACH-000856,CAL-51,CAL51_BREAST,BREAST,41867,Epirubicin,-2.67509388923645,-0.4811457693576813
ACH-000856,CAL-51,CAL51_BREAST,BREAST,2907,Cyclophosphamide,4.916236877441406,6.1250433921813965
ACH-000856,CAL-51,CAL51_BREAST,BREAST,24360,Camptothecin,-3.2899529933929443,-1.473276972770691
ACH-000856,CAL-51,CAL51_BREAST,BREAST,6710780,Vinblastine,-5.009373188018799,-2.3429207801818848
ACH-000856,CAL-51,CAL51_BREAST,BREAST,84691,Cisplatin,1.896440029144287,4.027777671813965
ACH-000856,CAL-51,CAL51_BREAST,BREAST,6253,Cytarabine,-1.0831400156021118,2.413073778152466
ACH-000856,CAL-51,CAL51_BREAST,BREAST,148124,Docetaxel,-4.779609203338623,-4.052616596221924
ACH-000856,CAL-51,CAL51_BREAST,BREAST,126941,Methotrexate,-1.3975729942321777,0.46775296330451965
ACH-000856,CAL-51,CAL51_BREAST,BREAST,123631,Gefitinib,3.1217200756073,3.5617945194244385
ACH-000856,CAL-51,CAL51_BREAST,BREAST,24978538,Navitoclax,1.637511968612671,2.866837978363037
ACH-000856,CAL-51,CAL51_BREAST,BREAST,5311,Vorinostat,1.2902779579162598,2.261821985244751
ACH-000856,CAL-51,CAL51_BREAST,BREAST,644241,Nilotinib,1.5554790496826172,3.956592082977295
ACH-000856,CAL-51,CAL51_BREAST,BREAST,44182295,Refametinib,3.364722967147827,3.2724335193634033
ACH-000856,CAL-51,CAL51_BREAST,BREAST,6918289,Temsirolimus,0.5788900256156921,0.856735110282898
ACH-000856,CAL-51,CAL51_BREAST,BREAST,23725625,Olaparib,3.460922956466675,4.886994361877441
ACH-000856,CAL-51,CAL51_BREAST,BREAST,11960529,Veliparib,5.421839237213135,6.10537576675415
ACH-000856,CAL-51,CAL51_BREAST,BREAST,5328940,Bosutinib,2.801884889602661,3.0168263912200928
ACH-000856,CAL-51,CAL51_BREAST,BREAST,216326,Lenalidomide,5.413538932800293,6.19625186920166
ACH-000856,CAL-51,CAL51_BREAST,BREAST,6450551,Axitinib,2.510996103286743,3.6426544189453125
ACH-000856,CAL-51,CAL51_BREAST,BREAST,11152667,AZD7762,-0.7548559904098511,0.41738346219062805
ACH-000856,CAL-51,CAL51_BREAST,BREAST,9943465,GW441756,2.6332449913024902,3.918856143951416
ACH-000536,BT-20,BT20_BREAST,BREAST,126565,Lestaurtinib,2.7385149002075195,1.3598662614822388
ACH-000536,BT-20,BT20_BREAST,BREAST,176158,SB216763,5.981319904327393,5.829513072967529
ACH-000536,BT-20,BT20_BREAST,BREAST,6505803,Tanespimycin,0.038982000201940536,-0.11564469337463379
ACH-000536,BT-20,BT20_BREAST,BREAST,5311497,Vinorelbine,-2.0625760555267334,-1.9518320560455322
ACH-000536,BT-20,BT20_BREAST,BREAST,11667893,Motesanib,5.225257873535156,6.473382472991943
ACH-000536,BT-20,BT20_BREAST,BREAST,5278396,KU-55933,4.553417205810547,5.956006050109863
ACH-000536,BT-20,BT20_BREAST,BREAST,10184653,Afatinib,2.6003661155700684,0.9161797761917114
ACH-000536,BT-20,BT20_BREAST,BREAST,24776445,Vismodegib,5.08429479598999,5.838829517364502
ACH-000536,BT-20,BT20_BREAST,BREAST,24180719,PLX-4720,4.041487216949463,5.433718204498291
ACH-000536,BT-20,BT20_BREAST,BREAST,11327430,NU7441,2.3231608867645264,3.7237391471862793
ACH-000536,BT-20,BT20_BREAST,BREAST,16720766,Pevonedistat,1.9106570482254028,2.0630745887756348
ACH-000536,BT-20,BT20_BREAST,BREAST,11488320,Sapitinib,2.3064498901367188,2.1637656688690186
ACH-000536,BT-20,BT20_BREAST,BREAST,156422,Doramapimod,4.6611552238464355,5.911811351776123
ACH-000536,BT-20,BT20_BREAST,BREAST,11624601,JNK Inhibitor VIII,5.267087936401367,5.9583868980407715
ACH-000536,BT-20,BT20_BREAST,BREAST,51042438,Uprosertib,0.6275280117988586,2.852487087249756
ACH-000536,BT-20,BT20_BREAST,BREAST,24737642,LCL161,5.180942058563232,5.636695861816406
ACH-000536,BT-20,BT20_BREAST,BREAST,10384072,Wee1 Inhibitor,2.353192090988159,2.9264473915100098
ACH-000536,BT-20,BT20_BREAST,BREAST,11433190,Nutlin-3a (-),5.267913818359375,5.834651470184326
ACH-000536,BT-20,BT20_BREAST,BREAST,208908,Lapatinib,2.1836249828338623,2.4028069972991943
ACH-000536,BT-20,BT20_BREAST,BREAST,1401,PD173074,4.824843883514404,4.37624979019165
ACH-000536,BT-20,BT20_BREAST,BREAST,9914412,ZM447439,2.6485259532928467,3.494291067123413
ACH-000536,BT-20,BT20_BREAST,BREAST,24771867,Alisertib,2.393125057220459,3.0531516075134277
ACH-000536,BT-20,BT20_BREAST,BREAST,56649450,Alpelisib,1.093168020248413,3.197715997695923
ACH-000536,BT-20,BT20_BREAST,BREAST,46930998,MK-2206,2.1543190479278564,2.942009210586548
ACH-000536,BT-20,BT20_BREAST,BREAST,5330286,Palbociclib,4.263771057128906,4.7892374992370605
ACH-000536,BT-20,BT20_BREAST,BREAST,51001932,Taselisib,-1.1301989555358887,1.0766503810882568
ACH-000536,BT-20,BT20_BREAST,BREAST,57345410,EPZ5676,5.472367763519287,6.520118236541748
ACH-000536,BT-20,BT20_BREAST,BREAST,11977753,Dactolisib,-1.4593579769134521,-1.1995007991790771
ACH-000536,BT-20,BT20_BREAST,BREAST,17755052,Pictilisib,0.5140320062637329,0.7019788026809692
ACH-000536,BT-20,BT20_BREAST,BREAST,25262965,AZD8055,-0.22883500158786774,0.3338196873664856
ACH-000536,BT-20,BT20_BREAST,BREAST,9826528,PD0325901,1.2203480005264282,2.009154796600342
ACH-000536,BT-20,BT20_BREAST,BREAST,24866313,SCH772984,2.3463211059570312,3.127981662750244
ACH-000536,BT-20,BT20_BREAST,BREAST,10127622,Selumetinib,2.681180000305176,3.895033836364746
ACH-000536,BT-20,BT20_BREAST,BREAST,9927531,BIBR-1532,4.788957118988037,5.88631010055542
ACH-000536,BT-20,BT20_BREAST,BREAST,2155128,IWP-2,1.6675390005111694,3.333950996398926
ACH-000536,BT-20,BT20_BREAST,BREAST,3899,Leflunomide,4.5344319343566895,5.850440502166748
ACH-000536,BT-20,BT20_BREAST,BREAST,2314623,CCT007093,4.541386127471924,5.9782490730285645
ACH-000536,BT-20,BT20_BREAST,BREAST,11404337,Obatoclax Mesylate,1.107746958732605,0.9407777786254883
ACH-000536,BT-20,BT20_BREAST,BREAST,9938202,EHT-1864,2.3135669231414795,4.0820841789245605
ACH-000536,BT-20,BT20_BREAST,BREAST,25227847,Pyridostatin,4.072325229644775,4.310013771057129
ACH-000536,BT-20,BT20_BREAST,BREAST,46883536,Avagacestat,5.052515029907227,5.564426422119141
ACH-000536,BT-20,BT20_BREAST,BREAST,3385,5-Fluorouracil,5.4006757736206055,5.797351837158203
ACH-000536,BT-20,BT20_BREAST,BREAST,68947304,AMG-319,5.191222190856934,5.698535442352295
ACH-000536,BT-20,BT20_BREAST,BREAST,11634725,VX-11e,3.368635892868042,3.4282610416412354
ACH-000536,BT-20,BT20_BREAST,BREAST,16224745,MK-8776,3.7985479831695557,4.165738582611084
ACH-000536,BT-20,BT20_BREAST,BREAST,3062316,Dasatinib,1.5816869735717773,0.7958619594573975
ACH-000536,BT-20,BT20_BREAST,BREAST,36314,Paclitaxel,-3.6938300132751465,-2.0004143714904785
ACH-000536,BT-20,BT20_BREAST,BREAST,4261,Entinostat,3.5335800647735596,2.8578360080718994
ACH-000536,BT-20,BT20_BREAST,BREAST,11626560,Crizotinib,4.541737079620361,3.4579102993011475
ACH-000536,BT-20,BT20_BREAST,BREAST,118704762,LJI308,5.207026958465576,6.016530513763428
ACH-000536,BT-20,BT20_BREAST,BREAST,216239,Sorafenib,2.1448769569396973,3.231205463409424
ACH-000536,BT-20,BT20_BREAST,BREAST,46926973,LGK974,2.760235071182251,5.015727996826172
ACH-000536,BT-20,BT20_BREAST,BREAST,60838,Irinotecan,3.3259239196777344,3.173772096633911
ACH-000536,BT-20,BT20_BREAST,BREAST,5310940,Oxaliplatin,5.022518157958984,5.251346111297607
ACH-000536,BT-20,BT20_BREAST,BREAST,117072552,GSK591,5.21763277053833,5.168672561645508
ACH-000536,BT-20,BT20_BREAST,BREAST,51000408,VE821,5.1691670417785645,5.06492280960083
ACH-000536,BT-20,BT20_BREAST,BREAST,25124816,GSK1904529A,5.267970085144043,5.001717567443848
ACH-000536,BT-20,BT20_BREAST,BREAST,5494449,Tozasertib,3.1902880668640137,3.6994378566741943
ACH-000536,BT-20,BT20_BREAST,BREAST,59472121,VE-822,2.167311906814575,4.230618000030518
ACH-000536,BT-20,BT20_BREAST,BREAST,72200024,WZ4003,4.472929000854492,4.852779388427734
ACH-000536,BT-20,BT20_BREAST,BREAST,42623951,CZC24832,3.139389991760254,6.0762619972229
ACH-000536,BT-20,BT20_BREAST,BREAST,49847690,AZD5582,4.473287105560303,2.771761655807495
ACH-000536,BT-20,BT20_BREAST,BREAST,53469448,GSK2606414,4.316824913024902,4.507407188415527
ACH-000536,BT-20,BT20_BREAST,BREAST,78243717,PFI3,4.262436866760254,6.245337963104248
ACH-000536,BT-20,BT20_BREAST,BREAST,24753719,PCI-34051,5.08931303024292,5.495790004730225
ACH-000536,BT-20,BT20_BREAST,BREAST,57519544,Wnt-C59,3.511718988418579,5.089818477630615
ACH-000536,BT-20,BT20_BREAST,BREAST,46943432,I-BET-762,4.341341018676758,3.9296274185180664
ACH-000536,BT-20,BT20_BREAST,BREAST,9936746,OTX015,4.649867057800293,3.0160181522369385
ACH-000536,BT-20,BT20_BREAST,BREAST,71268957,GSK343,2.5278160572052,3.5184669494628906
ACH-000536,BT-20,BT20_BREAST,BREAST,60167849,ML323,3.3027451038360596,5.3354363441467285
ACH-000536,BT-20,BT20_BREAST,BREAST,59473233,Entospletinib,3.214076042175293,4.134331226348877
ACH-000536,BT-20,BT20_BREAST,BREAST,44462758,PRT062607,5.222153186798096,3.7014479637145996
ACH-000536,BT-20,BT20_BREAST,BREAST,44631912,Ribociclib,3.283353090286255,4.567803859710693
ACH-000536,BT-20,BT20_BREAST,BREAST,71299339,AGI-6780,3.8840060234069824,5.125421524047852
ACH-000536,BT-20,BT20_BREAST,BREAST,1018,Picolinici-acid,4.511134147644043,6.144933700561523
ACH-000536,BT-20,BT20_BREAST,BREAST,51371303,PF-4708671,2.6801600456237793,4.197158336639404
ACH-000536,BT-20,BT20_BREAST,BREAST,52918385,PRIMA-1MET,4.021973133087158,5.772698402404785
ACH-000536,BT-20,BT20_BREAST,BREAST,11609586,Serdemetan,3.6362030506134033,4.7388014793396
ACH-000536,BT-20,BT20_BREAST,BREAST,44137675,AZD6482,1.2746529579162598,4.289820194244385
ACH-000536,BT-20,BT20_BREAST,BREAST,42642645,Foretinib,2.795340061187744,1.4587711095809937
ACH-000536,BT-20,BT20_BREAST,BREAST,46907787,JQ1,4.035706043243408,2.923145294189453
ACH-000536,BT-20,BT20_BREAST,BREAST,71271629,PFI-1,5.178802013397217,4.512208938598633
ACH-000536,BT-20,BT20_BREAST,BREAST,56962337,SGC0946,2.210042953491211,2.3826959133148193
ACH-000536,BT-20,BT20_BREAST,BREAST,176870,Erlotinib,3.139859914779663,2.384432554244995
ACH-000536,BT-20,BT20_BREAST,BREAST,9931953,Rucaparib,3.585247039794922,4.875997066497803
ACH-000536,BT-20,BT20_BREAST,BREAST,24958200,Niraparib,5.090956211090088,5.536868572235107
ACH-000536,BT-20,BT20_BREAST,BREAST,24856436,MK-1775,1.8471230268478394,1.206952452659607
ACH-000536,BT-20,BT20_BREAST,BREAST,46926350,Dinaciclib,-3.227397918701172,-2.6237845420837402
ACH-000536,BT-20,BT20_BREAST,BREAST,60750,Gemcitabine,2.929784059524536,-0.18364715576171875
ACH-000536,BT-20,BT20_BREAST,BREAST,387447,Bortezomib,-4.35565185546875,-4.9853620529174805
ACH-000536,BT-20,BT20_BREAST,BREAST,16095342,GSK269962A,2.6746459007263184,3.2454543113708496
ACH-000536,BT-20,BT20_BREAST,BREAST,2733526,Tamoxifen,4.340346813201904,4.352938652038574
ACH-000536,BT-20,BT20_BREAST,BREAST,104741,Fulvestrant,3.06026291847229,3.7928552627563477
ACH-000536,BT-20,BT20_BREAST,BREAST,56962336,EPZ004777,4.325486183166504,6.120900630950928
ACH-000536,BT-20,BT20_BREAST,BREAST,44632017,YK-4-279,2.1522819995880127,2.983665704727173
ACH-000536,BT-20,BT20_BREAST,BREAST,9813758,BMS-345541,3.13173508644104,4.090156078338623
ACH-000536,BT-20,BT20_BREAST,BREAST,25099184,AZ960,4.695810794830322,2.8870654106140137
ACH-000536,BT-20,BT20_BREAST,BREAST,51039095,AZD4547,3.342241048812866,3.8391196727752686
ACH-000536,BT-20,BT20_BREAST,BREAST,24821094,Ibrutinib,4.078310966491699,3.4296157360076904
ACH-000536,BT-20,BT20_BREAST,BREAST,70983932,GSK2830371,5.226056098937988,6.500864505767822
ACH-000536,BT-20,BT20_BREAST,BREAST,46236925,Sabutoclax,1.075240969657898,0.7637447118759155
ACH-000536,BT-20,BT20_BREAST,BREAST,11655119,LY2109761,5.225454807281494,5.815608501434326
ACH-000536,BT-20,BT20_BREAST,BREAST,35397514,OF-1,2.454735040664673,4.825918674468994
ACH-000536,BT-20,BT20_BREAST,BREAST,2802462,MN-64,5.197195053100586,5.365555763244629
ACH-000536,BT-20,BT20_BREAST,BREAST,73555129,KRAS (G12C) Inhibitor-12,5.799707889556885,5.6779093742370605
ACH-000536,BT-20,BT20_BREAST,BREAST,462382,MG-132,-0.04186499863862991,-1.0581406354904175
ACH-000536,BT-20,BT20_BREAST,BREAST,11707110,Trametinib,0.0022559999488294125,0.4636753797531128
ACH-000536,BT-20,BT20_BREAST,BREAST,44462760,Dabrafenib,4.917856216430664,5.648755073547363
ACH-000536,BT-20,BT20_BREAST,BREAST,5394,Temozolomide,6.505982875823975,7.604265213012695
ACH-000536,BT-20,BT20_BREAST,BREAST,5460769,Bleomycin (50 uM),3.904360055923462,4.001271724700928
ACH-000536,BT-20,BT20_BREAST,BREAST,49846579,Venotoclax,2.086230993270874,3.3352112770080566
ACH-000536,BT-20,BT20_BREAST,BREAST,11228183,ABT737,2.4161839485168457,2.981661558151245
ACH-000536,BT-20,BT20_BREAST,BREAST,46843057,Afuresertib,1.8265520334243774,2.412050247192383
ACH-000536,BT-20,BT20_BREAST,BREAST,56645356,AGI-5198,4.558309078216553,5.351002216339111
ACH-000536,BT-20,BT20_BREAST,BREAST,78209992,AZD3759,2.4198520183563232,2.2365715503692627
ACH-000536,BT-20,BT20_BREAST,BREAST,54761306,AZD6738,3.0189449787139893,2.921111583709717
ACH-000536,BT-20,BT20_BREAST,BREAST,52913813,AZD8186,3.6598989963531494,2.9418487548828125
ACH-000536,BT-20,BT20_BREAST,BREAST,71496458,Osimertinib,2.642914056777954,1.2403253316879272
ACH-000536,BT-20,BT20_BREAST,BREAST,9933475,Cediranib,3.8850090503692627,2.454700231552124
ACH-000536,BT-20,BT20_BREAST,BREAST,24788740,Ipatasertib,1.8027199506759644,3.356053590774536
ACH-000536,BT-20,BT20_BREAST,BREAST,56941241,GDC0810,4.818986892700195,5.8102617263793945
ACH-000536,BT-20,BT20_BREAST,BREAST,70676303,GNE-317,0.2748889923095703,0.6392679214477539
ACH-000536,BT-20,BT20_BREAST,BREAST,68107965,GSK2578215A,5.151257038116455,5.6747212409973145
ACH-000536,BT-20,BT20_BREAST,BREAST,91668541,I-BRD9,5.226056098937988,5.2325358390808105
ACH-000536,BT-20,BT20_BREAST,BREAST,10385095,Telomerase Inhibitor IX,1.6955089569091797,1.3621002435684204
ACH-000536,BT-20,BT20_BREAST,BREAST,227681,MIRA-1,5.031114101409912,6.593928813934326
ACH-000536,BT-20,BT20_BREAST,BREAST,9825149,NVP-ADW742,4.8451828956604,3.3648276329040527
ACH-000536,BT-20,BT20_BREAST,BREAST,46931953,P22077,3.71470308303833,5.4621195793151855
ACH-000536,BT-20,BT20_BREAST,BREAST,68289010,Savolitinib,2.7344400882720947,3.2580716609954834
ACH-000536,BT-20,BT20_BREAST,BREAST,992586,UMI-77,3.771878957748413,3.655170440673828
ACH-000536,BT-20,BT20_BREAST,BREAST,2984337,WIKI4,4.183343887329102,4.066400051116943
ACH-000536,BT-20,BT20_BREAST,BREAST,11178236,Sepantronium bromide,-4.000363826751709,-4.926844596862793
ACH-000536,BT-20,BT20_BREAST,BREAST,71297207,WEHI-539,3.633881092071533,4.194444179534912
ACH-000536,BT-20,BT20_BREAST,BREAST,104842,SN-38,3.6027090549468994,-3.174823522567749
ACH-000536,BT-20,BT20_BREAST,BREAST,25126798,Ruxolitinib,5.003075122833252,5.8931565284729
ACH-000536,BT-20,BT20_BREAST,BREAST,11640390,Linsitinib,4.178959846496582,4.355537414550781
ACH-000536,BT-20,BT20_BREAST,BREAST,41867,Epirubicin,0.47297099232673645,0.18484178185462952
ACH-000536,BT-20,BT20_BREAST,BREAST,2907,Cyclophosphamide,4.11010217666626,6.129398822784424
ACH-000536,BT-20,BT20_BREAST,BREAST,24360,Camptothecin,-2.467716932296753,-1.508904218673706
ACH-000536,BT-20,BT20_BREAST,BREAST,6710780,Vinblastine,-1.8570339679718018,-2.668240547180176
ACH-000536,BT-20,BT20_BREAST,BREAST,84691,Cisplatin,3.6053309440612793,4.0008225440979
ACH-000536,BT-20,BT20_BREAST,BREAST,6253,Cytarabine,3.6166179180145264,3.1834490299224854
ACH-000536,BT-20,BT20_BREAST,BREAST,148124,Docetaxel,-4.245069980621338,-4.055889129638672
ACH-000536,BT-20,BT20_BREAST,BREAST,126941,Methotrexate,2.652911901473999,1.355792760848999
ACH-000536,BT-20,BT20_BREAST,BREAST,123631,Gefitinib,3.466370105743408,2.599810838699341
ACH-000536,BT-20,BT20_BREAST,BREAST,24978538,Navitoclax,1.9643399715423584,2.9165613651275635
ACH-000536,BT-20,BT20_BREAST,BREAST,5311,Vorinostat,3.0384750366210938,2.295482873916626
ACH-000536,BT-20,BT20_BREAST,BREAST,644241,Nilotinib,2.4981789588928223,4.322133541107178
ACH-000536,BT-20,BT20_BREAST,BREAST,44182295,Refametinib,2.2827889919281006,2.4908063411712646
ACH-000536,BT-20,BT20_BREAST,BREAST,6918289,Temsirolimus,1.7824840545654297,1.432062029838562
ACH-000536,BT-20,BT20_BREAST,BREAST,23725625,Olaparib,4.416463851928711,5.517570495605469
ACH-000536,BT-20,BT20_BREAST,BREAST,11960529,Veliparib,5.130884170532227,6.199762344360352
ACH-000536,BT-20,BT20_BREAST,BREAST,5328940,Bosutinib,2.5873639583587646,3.177262544631958
ACH-000536,BT-20,BT20_BREAST,BREAST,216326,Lenalidomide,5.195845127105713,6.252141952514648
ACH-000536,BT-20,BT20_BREAST,BREAST,6450551,Axitinib,3.7811830043792725,4.054073333740234
ACH-000536,BT-20,BT20_BREAST,BREAST,11152667,AZD7762,1.8706530332565308,1.0538398027420044
ACH-000536,BT-20,BT20_BREAST,BREAST,9943465,GW441756,3.7172598838806152,3.9880120754241943
ACH-000828,ZR-75-30,ZR7530_BREAST,BREAST,126565,Lestaurtinib,2.3852219581604004,1.5704625844955444
ACH-000828,ZR-75-30,ZR7530_BREAST,BREAST,176158,SB216763,7.285048007965088,5.264772415161133
ACH-000828,ZR-75-30,ZR7530_BREAST,BREAST,6505803,Tanespimycin,0.8937079906463623,1.0669796466827393
ACH-000828,ZR-75-30,ZR7530_BREAST,BREAST,5311497,Vinorelbine,1.9596610069274902,-1.0247420072555542
ACH-000828,ZR-75-30,ZR7530_BREAST,BREAST,11667893,Motesanib,7.083219051361084,5.671582221984863
ACH-000828,ZR-75-30,ZR7530_BREAST,BREAST,5278396,KU-55933,7.657267093658447,5.358181476593018
ACH-000828,ZR-75-30,ZR7530_BREAST,BREAST,10184653,Afatinib,-1.7595590353012085,2.5177407264709473
ACH-000828,ZR-75-30,ZR7530_BREAST,BREAST,24776445,Vismodegib,6.699761867523193,5.066793918609619
ACH-000828,ZR-75-30,ZR7530_BREAST,BREAST,24180719,PLX-4720,5.377301216125488,5.028948783874512
ACH-000828,ZR-75-30,ZR7530_BREAST,BREAST,11327430,NU7441,4.998150825500488,3.633878231048584
ACH-000828,ZR-75-30,ZR7530_BREAST,BREAST,16720766,Pevonedistat,7.013823986053467,2.045380115509033
ACH-000828,ZR-75-30,ZR7530_BREAST,BREAST,11488320,Sapitinib,1.1752690076828003,4.676379680633545
ACH-000828,ZR-75-30,ZR7530_BREAST,BREAST,156422,Doramapimod,5.4741740226745605,5.099610328674316
ACH-000828,ZR-75-30,ZR7530_BREAST,BREAST,11624601,JNK Inhibitor VIII,6.700115203857422,5.250016212463379
ACH-000828,ZR-75-30,ZR7530_BREAST,BREAST,51042438,Uprosertib,3.917551040649414,3.2460808753967285
ACH-000828,ZR-75-30,ZR7530_BREAST,BREAST,24737642,LCL161,6.940089225769043,5.0795979499816895
ACH-000828,ZR-75-30,ZR7530_BREAST,BREAST,10384072,Wee1 Inhibitor,5.958735942840576,2.679849147796631
ACH-000828,ZR-75-30,ZR7530_BREAST,BREAST,11433190,Nutlin-3a (-),5.809296131134033,5.320915699005127
ACH-000828,ZR-75-30,ZR7530_BREAST,BREAST,208908,Lapatinib,-0.12917500734329224,4.0815815925598145
ACH-000828,ZR-75-30,ZR7530_BREAST,BREAST,1401,PD173074,6.328824043273926,4.0184550285339355
ACH-000828,ZR-75-30,ZR7530_BREAST,BREAST,9914412,ZM447439,4.517905235290527,3.098212242126465
ACH-000828,ZR-75-30,ZR7530_BREAST,BREAST,24771867,Alisertib,6.398641109466553,3.1758368015289307
ACH-000828,ZR-75-30,ZR7530_BREAST,BREAST,56649450,Alpelisib,2.92746901512146,3.841494083404541
ACH-000828,ZR-75-30,ZR7530_BREAST,BREAST,46930998,MK-2206,2.8892619609832764,3.1338951587677
ACH-000828,ZR-75-30,ZR7530_BREAST,BREAST,5330286,Palbociclib,5.348628044128418,4.300912380218506
ACH-000828,ZR-75-30,ZR7530_BREAST,BREAST,51001932,Taselisib,1.8253509998321533,2.570833444595337
ACH-000828,ZR-75-30,ZR7530_BREAST,BREAST,57345410,EPZ5676,6.16326904296875,5.735076904296875
ACH-000828,ZR-75-30,ZR7530_BREAST,BREAST,11977753,Dactolisib,1.3153040409088135,-0.04997417330741882
ACH-000828,ZR-75-30,ZR7530_BREAST,BREAST,17755052,Pictilisib,2.6411969661712646,1.934116244316101
ACH-000828,ZR-75-30,ZR7530_BREAST,BREAST,25262965,AZD8055,1.0801609754562378,1.3484795093536377
ACH-000828,ZR-75-30,ZR7530_BREAST,BREAST,9826528,PD0325901,6.374626159667969,3.8723881244659424
ACH-000828,ZR-75-30,ZR7530_BREAST,BREAST,24866313,SCH772984,6.875367164611816,4.401058197021484
ACH-000828,ZR-75-30,ZR7530_BREAST,BREAST,10127622,Selumetinib,6.847726821899414,4.741216659545898
ACH-000828,ZR-75-30,ZR7530_BREAST,BREAST,9927531,BIBR-1532,5.875342845916748,5.108312606811523
ACH-000828,ZR-75-30,ZR7530_BREAST,BREAST,2155128,IWP-2,4.091692924499512,2.9888970851898193
ACH-000828,ZR-75-30,ZR7530_BREAST,BREAST,3899,Leflunomide,5.9930100440979,5.2452569007873535
ACH-000828,ZR-75-30,ZR7530_BREAST,BREAST,2314623,CCT007093,6.865511894226074,5.341190338134766
ACH-000828,ZR-75-30,ZR7530_BREAST,BREAST,11404337,Obatoclax Mesylate,3.140355110168457,1.506513237953186
ACH-000828,ZR-75-30,ZR7530_BREAST,BREAST,9938202,EHT-1864,3.997849941253662,3.533292293548584
ACH-000828,ZR-75-30,ZR7530_BREAST,BREAST,25227847,Pyridostatin,4.8313422203063965,3.720595359802246
ACH-000828,ZR-75-30,ZR7530_BREAST,BREAST,46883536,Avagacestat,6.5491437911987305,4.929694652557373
ACH-000828,ZR-75-30,ZR7530_BREAST,BREAST,3385,5-Fluorouracil,7.187992095947266,4.994919300079346
ACH-000828,ZR-75-30,ZR7530_BREAST,BREAST,68947304,AMG-319,6.518857002258301,5.155065059661865
ACH-000828,ZR-75-30,ZR7530_BREAST,BREAST,11634725,VX-11e,4.118109226226807,4.113527774810791
ACH-000828,ZR-75-30,ZR7530_BREAST,BREAST,16224745,MK-8776,5.833362102508545,3.460583448410034
ACH-000828,ZR-75-30,ZR7530_BREAST,BREAST,3062316,Dasatinib,4.366078853607178,3.67340087890625
ACH-000828,ZR-75-30,ZR7530_BREAST,BREAST,36314,Paclitaxel,0.5191439986228943,-1.0467743873596191
ACH-000828,ZR-75-30,ZR7530_BREAST,BREAST,4261,Entinostat,4.824008941650391,2.378509044647217
ACH-000828,ZR-75-30,ZR7530_BREAST,BREAST,11626560,Crizotinib,5.300547122955322,3.1936419010162354
ACH-000828,ZR-75-30,ZR7530_BREAST,BREAST,118704762,LJI308,6.755002021789551,5.272520542144775
ACH-000828,ZR-75-30,ZR7530_BREAST,BREAST,216239,Sorafenib,2.0799989700317383,2.771056652069092
ACH-000828,ZR-75-30,ZR7530_BREAST,BREAST,11364421,BI-2536,3.7837300300598145,0.5566432476043701
ACH-000828,ZR-75-30,ZR7530_BREAST,BREAST,46926973,LGK974,3.649074077606201,4.126802444458008
ACH-000828,ZR-75-30,ZR7530_BREAST,BREAST,60838,Irinotecan,7.26915979385376,3.487706184387207
ACH-000828,ZR-75-30,ZR7530_BREAST,BREAST,5310940,Oxaliplatin,6.412108898162842,4.3018903732299805
ACH-000828,ZR-75-30,ZR7530_BREAST,BREAST,117072552,GSK591,5.897531032562256,4.665554523468018
ACH-000828,ZR-75-30,ZR7530_BREAST,BREAST,51000408,VE821,7.098813056945801,4.306136131286621
ACH-000828,ZR-75-30,ZR7530_BREAST,BREAST,25124816,GSK1904529A,6.239465236663818,4.281554222106934
ACH-000828,ZR-75-30,ZR7530_BREAST,BREAST,5494449,Tozasertib,6.834338188171387,3.2403371334075928
ACH-000828,ZR-75-30,ZR7530_BREAST,BREAST,59472121,VE-822,6.1850690841674805,3.6161186695098877
ACH-000828,ZR-75-30,ZR7530_BREAST,BREAST,72200024,WZ4003,5.877079963684082,4.437624931335449
ACH-000828,ZR-75-30,ZR7530_BREAST,BREAST,42623951,CZC24832,6.097972869873047,5.429342746734619
ACH-000828,ZR-75-30,ZR7530_BREAST,BREAST,49847690,AZD5582,2.322174072265625,2.757401466369629
ACH-000828,ZR-75-30,ZR7530_BREAST,BREAST,53469448,GSK2606414,4.1268792152404785,4.134230613708496
ACH-000828,ZR-75-30,ZR7530_BREAST,BREAST,78243717,PFI3,6.700596809387207,5.539124488830566
ACH-000828,ZR-75-30,ZR7530_BREAST,BREAST,24753719,PCI-34051,6.448231220245361,4.627898216247559
ACH-000828,ZR-75-30,ZR7530_BREAST,BREAST,57519544,Wnt-C59,6.4738078117370605,4.320633888244629
ACH-000828,ZR-75-30,ZR7530_BREAST,BREAST,46943432,I-BET-762,6.786191940307617,3.6544768810272217
ACH-000828,ZR-75-30,ZR7530_BREAST,BREAST,9936746,OTX015,6.494998931884766,3.172041654586792
ACH-000828,ZR-75-30,ZR7530_BREAST,BREAST,71268957,GSK343,2.7973759174346924,3.140381097793579
ACH-000828,ZR-75-30,ZR7530_BREAST,BREAST,60167849,ML323,4.4465742111206055,4.489512920379639
ACH-000828,ZR-75-30,ZR7530_BREAST,BREAST,59473233,Entospletinib,5.021203994750977,4.183376312255859
ACH-000828,ZR-75-30,ZR7530_BREAST,BREAST,44462758,PRT062607,5.769085884094238,3.6373977661132812
ACH-000828,ZR-75-30,ZR7530_BREAST,BREAST,44631912,Ribociclib,4.654894828796387,4.089138507843018
ACH-000828,ZR-75-30,ZR7530_BREAST,BREAST,71299339,AGI-6780,5.381988048553467,4.311249256134033
ACH-000828,ZR-75-30,ZR7530_BREAST,BREAST,1018,Picolinici-acid,4.677728176116943,5.4269890785217285
ACH-000828,ZR-75-30,ZR7530_BREAST,BREAST,51371303,PF-4708671,3.2132160663604736,3.6792492866516113
ACH-000828,ZR-75-30,ZR7530_BREAST,BREAST,52918385,PRIMA-1MET,3.491163969039917,5.0872015953063965
ACH-000828,ZR-75-30,ZR7530_BREAST,BREAST,11609586,Serdemetan,3.7823610305786133,4.1178460121154785
ACH-000828,ZR-75-30,ZR7530_BREAST,BREAST,44137675,AZD6482,5.832155227661133,4.154971122741699
ACH-000828,ZR-75-30,ZR7530_BREAST,BREAST,42642645,Foretinib,3.488065004348755,2.022582769393921
ACH-000828,ZR-75-30,ZR7530_BREAST,BREAST,46907787,JQ1,4.1424479484558105,3.008847236633301
ACH-000828,ZR-75-30,ZR7530_BREAST,BREAST,11455910,TW 37,3.420201063156128,2.0960679054260254
ACH-000828,ZR-75-30,ZR7530_BREAST,BREAST,71271629,PFI-1,6.414176940917969,4.1379876136779785
ACH-000828,ZR-75-30,ZR7530_BREAST,BREAST,56962337,SGC0946,3.925781011581421,2.421231269836426
ACH-000828,ZR-75-30,ZR7530_BREAST,BREAST,176870,Erlotinib,5.600008010864258,3.503289222717285
ACH-000828,ZR-75-30,ZR7530_BREAST,BREAST,9931953,Rucaparib,6.125453948974609,4.124181270599365
ACH-000828,ZR-75-30,ZR7530_BREAST,BREAST,24958200,Niraparib,4.904516220092773,4.687670707702637
ACH-000828,ZR-75-30,ZR7530_BREAST,BREAST,24856436,MK-1775,4.9087419509887695,1.687508225440979
ACH-000828,ZR-75-30,ZR7530_BREAST,BREAST,46926350,Dinaciclib,0.8262720108032227,-1.5146641731262207
ACH-000828,ZR-75-30,ZR7530_BREAST,BREAST,60750,Gemcitabine,4.825854778289795,1.5640586614608765
ACH-000828,ZR-75-30,ZR7530_BREAST,BREAST,387447,Bortezomib,-1.5507080554962158,-3.8586692810058594
ACH-000828,ZR-75-30,ZR7530_BREAST,BREAST,16095342,GSK269962A,2.9195659160614014,2.8736157417297363
ACH-000828,ZR-75-30,ZR7530_BREAST,BREAST,2733526,Tamoxifen,5.4424848556518555,4.053374767303467
ACH-000828,ZR-75-30,ZR7530_BREAST,BREAST,104741,Fulvestrant,3.443579912185669,3.2566921710968018
ACH-000828,ZR-75-30,ZR7530_BREAST,BREAST,56962336,EPZ004777,6.375863075256348,5.324523448944092
ACH-000828,ZR-75-30,ZR7530_BREAST,BREAST,44632017,YK-4-279,6.497245788574219,3.145829439163208
ACH-000828,ZR-75-30,ZR7530_BREAST,BREAST,6914657,Daporinad,1.5745899677276611,-1.9075706005096436
ACH-000828,ZR-75-30,ZR7530_BREAST,BREAST,9813758,BMS-345541,5.715731143951416,3.4609289169311523
ACH-000828,ZR-75-30,ZR7530_BREAST,BREAST,25099184,AZ960,6.012380123138428,2.9567325115203857
ACH-000828,ZR-75-30,ZR7530_BREAST,BREAST,51039095,AZD4547,5.623550891876221,3.2636208534240723
ACH-000828,ZR-75-30,ZR7530_BREAST,BREAST,24821094,Ibrutinib,2.743983030319214,5.014981746673584
ACH-000828,ZR-75-30,ZR7530_BREAST,BREAST,70983932,GSK2830371,6.990006923675537,5.585572242736816
ACH-000828,ZR-75-30,ZR7530_BREAST,BREAST,46236925,Sabutoclax,2.018779993057251,0.8679672479629517
ACH-000828,ZR-75-30,ZR7530_BREAST,BREAST,11655119,LY2109761,6.837450981140137,5.164576053619385
ACH-000828,ZR-75-30,ZR7530_BREAST,BREAST,35397514,OF-1,4.731287002563477,4.024019718170166
ACH-000828,ZR-75-30,ZR7530_BREAST,BREAST,2802462,MN-64,6.172440052032471,4.870112419128418
ACH-000828,ZR-75-30,ZR7530_BREAST,BREAST,73555129,KRAS (G12C) Inhibitor-12,7.355195999145508,4.713741779327393
ACH-000828,ZR-75-30,ZR7530_BREAST,BREAST,462382,MG-132,0.9033129811286926,-0.7136439085006714
ACH-000828,ZR-75-30,ZR7530_BREAST,BREAST,11707110,Trametinib,5.681084156036377,3.0006303787231445
ACH-000828,ZR-75-30,ZR7530_BREAST,BREAST,44462760,Dabrafenib,7.336929798126221,5.082766532897949
ACH-000828,ZR-75-30,ZR7530_BREAST,BREAST,5394,Temozolomide,7.651086807250977,6.797321319580078
ACH-000828,ZR-75-30,ZR7530_BREAST,BREAST,5460769,Bleomycin (50 uM),7.383357048034668,4.584980487823486
ACH-000828,ZR-75-30,ZR7530_BREAST,BREAST,49846579,Venotoclax,5.791697025299072,2.6975090503692627
ACH-000828,ZR-75-30,ZR7530_BREAST,BREAST,11228183,ABT737,3.7394800186157227,2.289912700653076
ACH-000828,ZR-75-30,ZR7530_BREAST,BREAST,46843057,Afuresertib,3.3135640621185303,2.8293726444244385
ACH-000828,ZR-75-30,ZR7530_BREAST,BREAST,56645356,AGI-5198,6.418292999267578,4.798141002655029
ACH-000828,ZR-75-30,ZR7530_BREAST,BREAST,78209992,AZD3759,4.061320781707764,2.8980398178100586
ACH-000828,ZR-75-30,ZR7530_BREAST,BREAST,54761306,AZD6738,5.244753837585449,2.992504358291626
ACH-000828,ZR-75-30,ZR7530_BREAST,BREAST,52913813,AZD8186,3.977660894393921,3.7970738410949707
ACH-000828,ZR-75-30,ZR7530_BREAST,BREAST,71496458,Osimertinib,-0.3743189871311188,2.4105002880096436
ACH-000828,ZR-75-30,ZR7530_BREAST,BREAST,9933475,Cediranib,5.813756942749023,2.7820990085601807
ACH-000828,ZR-75-30,ZR7530_BREAST,BREAST,24788740,Ipatasertib,4.981873035430908,3.7021524906158447
ACH-000828,ZR-75-30,ZR7530_BREAST,BREAST,56941241,GDC0810,6.108105182647705,5.205859184265137
ACH-000828,ZR-75-30,ZR7530_BREAST,BREAST,70676303,GNE-317,2.1149039268493652,1.6902539730072021
ACH-000828,ZR-75-30,ZR7530_BREAST,BREAST,68107965,GSK2578215A,6.662684917449951,5.064469337463379
ACH-000828,ZR-75-30,ZR7530_BREAST,BREAST,91668541,I-BRD9,5.845839023590088,4.476727485656738
ACH-000828,ZR-75-30,ZR7530_BREAST,BREAST,10385095,Telomerase Inhibitor IX,3.0490689277648926,1.5624892711639404
ACH-000828,ZR-75-30,ZR7530_BREAST,BREAST,227681,MIRA-1,5.925965785980225,5.72931432723999
ACH-000828,ZR-75-30,ZR7530_BREAST,BREAST,9825149,NVP-ADW742,5.149592876434326,3.1790931224823
ACH-000828,ZR-75-30,ZR7530_BREAST,BREAST,46931953,P22077,7.067048072814941,4.495657444000244
ACH-000828,ZR-75-30,ZR7530_BREAST,BREAST,68289010,Savolitinib,4.454154014587402,2.9259274005889893
ACH-000828,ZR-75-30,ZR7530_BREAST,BREAST,992586,UMI-77,6.063036918640137,2.928675651550293
ACH-000828,ZR-75-30,ZR7530_BREAST,BREAST,2984337,WIKI4,6.856832027435303,3.904716968536377
ACH-000828,ZR-75-30,ZR7530_BREAST,BREAST,11178236,Sepantronium bromide,-0.6486390233039856,-1.864020824432373
ACH-000828,ZR-75-30,ZR7530_BREAST,BREAST,71297207,WEHI-539,5.76889705657959,3.618420124053955
ACH-000828,ZR-75-30,ZR7530_BREAST,BREAST,104842,SN-38,5.054111957550049,-1.32798433303833
ACH-000828,ZR-75-30,ZR7530_BREAST,BREAST,25126798,Ruxolitinib,5.565096855163574,4.982327461242676
ACH-000828,ZR-75-30,ZR7530_BREAST,BREAST,11640390,Linsitinib,5.474297046661377,3.8660807609558105
ACH-000828,ZR-75-30,ZR7530_BREAST,BREAST,41867,Epirubicin,3.485366106033325,0.7173221111297607
ACH-000828,ZR-75-30,ZR7530_BREAST,BREAST,2907,Cyclophosphamide,6.144244194030762,5.3347487449646
ACH-000828,ZR-75-30,ZR7530_BREAST,BREAST,24360,Camptothecin,2.8369929790496826,-0.6321187019348145
ACH-000828,ZR-75-30,ZR7530_BREAST,BREAST,6710780,Vinblastine,2.2681589126586914,-1.4909337759017944
ACH-000828,ZR-75-30,ZR7530_BREAST,BREAST,84691,Cisplatin,6.5026469230651855,3.8999476432800293
ACH-000828,ZR-75-30,ZR7530_BREAST,BREAST,6253,Cytarabine,4.877890110015869,3.4179718494415283
ACH-000828,ZR-75-30,ZR7530_BREAST,BREAST,148124,Docetaxel,-1.0357379913330078,-2.8625802993774414
ACH-000828,ZR-75-30,ZR7530_BREAST,BREAST,126941,Methotrexate,4.15538215637207,1.68156099319458
ACH-000828,ZR-75-30,ZR7530_BREAST,BREAST,123631,Gefitinib,5.284397125244141,3.486233949661255
ACH-000828,ZR-75-30,ZR7530_BREAST,BREAST,24978538,Navitoclax,5.563896179199219,2.093554973602295
ACH-000828,ZR-75-30,ZR7530_BREAST,BREAST,5311,Vorinostat,3.6403980255126953,2.024367332458496
ACH-000828,ZR-75-30,ZR7530_BREAST,BREAST,644241,Nilotinib,2.0881359577178955,3.956434726715088
ACH-000828,ZR-75-30,ZR7530_BREAST,BREAST,44182295,Refametinib,5.195094108581543,4.170345306396484
ACH-000828,ZR-75-30,ZR7530_BREAST,BREAST,6918289,Temsirolimus,1.928231954574585,2.057292938232422
ACH-000828,ZR-75-30,ZR7530_BREAST,BREAST,23725625,Olaparib,5.95147705078125,4.565491199493408
ACH-000828,ZR-75-30,ZR7530_BREAST,BREAST,11960529,Veliparib,6.19973087310791,5.4465718269348145
ACH-000828,ZR-75-30,ZR7530_BREAST,BREAST,5328940,Bosutinib,5.423838138580322,3.4738450050354004
ACH-000828,ZR-75-30,ZR7530_BREAST,BREAST,216326,Lenalidomide,6.863100051879883,5.459782600402832
ACH-000828,ZR-75-30,ZR7530_BREAST,BREAST,6450551,Axitinib,4.790173053741455,3.316664457321167
ACH-000828,ZR-75-30,ZR7530_BREAST,BREAST,11152667,AZD7762,6.32551908493042,1.6500850915908813
ACH-000828,ZR-75-30,ZR7530_BREAST,BREAST,9943465,GW441756,4.05860710144043,3.560302734375
ACH-000759,MDA-MB-175-VII,MDAMB175VII_BREAST,BREAST,126565,Lestaurtinib,0.5010669827461243,1.1537162065505981
ACH-000759,MDA-MB-175-VII,MDAMB175VII_BREAST,BREAST,176158,SB216763,7.377955913543701,5.337815284729004
ACH-000759,MDA-MB-175-VII,MDAMB175VII_BREAST,BREAST,6505803,Tanespimycin,-0.39031699299812317,-0.06021566689014435
ACH-000759,MDA-MB-175-VII,MDAMB175VII_BREAST,BREAST,5311497,Vinorelbine,1.6141899824142456,-1.8581793308258057
ACH-000759,MDA-MB-175-VII,MDAMB175VII_BREAST,BREAST,11667893,Motesanib,7.422094821929932,5.873630523681641
ACH-000759,MDA-MB-175-VII,MDAMB175VII_BREAST,BREAST,5278396,KU-55933,7.324521064758301,5.478940010070801
ACH-000759,MDA-MB-175-VII,MDAMB175VII_BREAST,BREAST,10184653,Afatinib,-3.9650719165802,2.0244808197021484
ACH-000759,MDA-MB-175-VII,MDAMB175VII_BREAST,BREAST,24776445,Vismodegib,7.129613876342773,5.209842205047607
ACH-000759,MDA-MB-175-VII,MDAMB175VII_BREAST,BREAST,24180719,PLX-4720,5.43752384185791,4.958471775054932
ACH-000759,MDA-MB-175-VII,MDAMB175VII_BREAST,BREAST,11327430,NU7441,5.82998514175415,3.320042371749878
ACH-000759,MDA-MB-175-VII,MDAMB175VII_BREAST,BREAST,16720766,Pevonedistat,2.1036949157714844,1.269443154335022
ACH-000759,MDA-MB-175-VII,MDAMB175VII_BREAST,BREAST,11488320,Sapitinib,-1.8583879470825195,3.7457945346832275
ACH-000759,MDA-MB-175-VII,MDAMB175VII_BREAST,BREAST,156422,Doramapimod,4.604168891906738,5.2016754150390625
ACH-000759,MDA-MB-175-VII,MDAMB175VII_BREAST,BREAST,11624601,JNK Inhibitor VIII,7.1547369956970215,5.3868560791015625
ACH-000759,MDA-MB-175-VII,MDAMB175VII_BREAST,BREAST,51042438,Uprosertib,0.3712669909000397,2.9335224628448486
ACH-000759,MDA-MB-175-VII,MDAMB175VII_BREAST,BREAST,10384072,Wee1 Inhibitor,1.912837028503418,2.191581964492798
ACH-000759,MDA-MB-175-VII,MDAMB175VII_BREAST,BREAST,11433190,Nutlin-3a (-),4.14044713973999,5.007991313934326
ACH-000759,MDA-MB-175-VII,MDAMB175VII_BREAST,BREAST,208908,Lapatinib,-1.7809209823608398,3.3122990131378174
ACH-000759,MDA-MB-175-VII,MDAMB175VII_BREAST,BREAST,1401,PD173074,6.923750877380371,3.870856523513794
ACH-000759,MDA-MB-175-VII,MDAMB175VII_BREAST,BREAST,9914412,ZM447439,3.896804094314575,2.819133758544922
ACH-000759,MDA-MB-175-VII,MDAMB175VII_BREAST,BREAST,24771867,Alisertib,4.513735771179199,2.7011361122131348
ACH-000759,MDA-MB-175-VII,MDAMB175VII_BREAST,BREAST,56649450,Alpelisib,1.8634289503097534,3.421586275100708
ACH-000759,MDA-MB-175-VII,MDAMB175VII_BREAST,BREAST,46930998,MK-2206,0.48944199085235596,2.912385940551758
ACH-000759,MDA-MB-175-VII,MDAMB175VII_BREAST,BREAST,5330286,Palbociclib,4.695706844329834,3.984823703765869
ACH-000759,MDA-MB-175-VII,MDAMB175VII_BREAST,BREAST,51001932,Taselisib,-0.3914389908313751,1.922598123550415
ACH-000759,MDA-MB-175-VII,MDAMB175VII_BREAST,BREAST,57345410,EPZ5676,7.9965128898620605,5.901237487792969
ACH-000759,MDA-MB-175-VII,MDAMB175VII_BREAST,BREAST,11977753,Dactolisib,-2.6083009243011475,-0.9635368585586548
ACH-000759,MDA-MB-175-VII,MDAMB175VII_BREAST,BREAST,17755052,Pictilisib,0.056067999452352524,1.330841064453125
ACH-000759,MDA-MB-175-VII,MDAMB175VII_BREAST,BREAST,25262965,AZD8055,0.2939099967479706,0.5250643491744995
ACH-000759,MDA-MB-175-VII,MDAMB175VII_BREAST,BREAST,9826528,PD0325901,1.1334199905395508,1.0548559427261353
ACH-000759,MDA-MB-175-VII,MDAMB175VII_BREAST,BREAST,24866313,SCH772984,1.8266470432281494,2.18524432182312
ACH-000759,MDA-MB-175-VII,MDAMB175VII_BREAST,BREAST,10127622,Selumetinib,5.0860819816589355,3.062735080718994
ACH-000759,MDA-MB-175-VII,MDAMB175VII_BREAST,BREAST,9927531,BIBR-1532,6.764673233032227,5.203032493591309
ACH-000759,MDA-MB-175-VII,MDAMB175VII_BREAST,BREAST,2314623,CCT007093,5.344930171966553,5.44753885269165
ACH-000759,MDA-MB-175-VII,MDAMB175VII_BREAST,BREAST,11404337,Obatoclax Mesylate,0.6872400045394897,0.8611236810684204
ACH-000759,MDA-MB-175-VII,MDAMB175VII_BREAST,BREAST,9938202,EHT-1864,4.724050045013428,3.5045526027679443
ACH-000759,MDA-MB-175-VII,MDAMB175VII_BREAST,BREAST,25227847,Pyridostatin,4.407970905303955,3.569538116455078
ACH-000759,MDA-MB-175-VII,MDAMB175VII_BREAST,BREAST,46883536,Avagacestat,7.459672927856445,5.030520915985107
ACH-000759,MDA-MB-175-VII,MDAMB175VII_BREAST,BREAST,3385,5-Fluorouracil,6.3300580978393555,4.77099609375
ACH-000759,MDA-MB-175-VII,MDAMB175VII_BREAST,BREAST,68947304,AMG-319,7.604440212249756,5.284377574920654
ACH-000759,MDA-MB-175-VII,MDAMB175VII_BREAST,BREAST,11634725,VX-11e,4.131606101989746,2.746691942214966
ACH-000759,MDA-MB-175-VII,MDAMB175VII_BREAST,BREAST,16224745,MK-8776,6.479172229766846,3.2873785495758057
ACH-000759,MDA-MB-175-VII,MDAMB175VII_BREAST,BREAST,3062316,Dasatinib,6.559329986572266,3.0329136848449707
ACH-000759,MDA-MB-175-VII,MDAMB175VII_BREAST,BREAST,36314,Paclitaxel,0.6772440075874329,-1.9126741886138916
ACH-000759,MDA-MB-175-VII,MDAMB175VII_BREAST,BREAST,4261,Entinostat,3.9341750144958496,2.281054973602295
ACH-000759,MDA-MB-175-VII,MDAMB175VII_BREAST,BREAST,11626560,Crizotinib,6.503838062286377,2.8272955417633057
ACH-000759,MDA-MB-175-VII,MDAMB175VII_BREAST,BREAST,118704762,LJI308,6.502583026885986,5.397570610046387
ACH-000759,MDA-MB-175-VII,MDAMB175VII_BREAST,BREAST,216239,Sorafenib,2.0202579498291016,2.578045129776001
ACH-000759,MDA-MB-175-VII,MDAMB175VII_BREAST,BREAST,11364421,BI-2536,3.226855993270874,-0.16827023029327393
ACH-000759,MDA-MB-175-VII,MDAMB175VII_BREAST,BREAST,46926973,LGK974,5.165604114532471,4.186803340911865
ACH-000759,MDA-MB-175-VII,MDAMB175VII_BREAST,BREAST,60838,Irinotecan,2.146815061569214,2.2220985889434814
ACH-000759,MDA-MB-175-VII,MDAMB175VII_BREAST,BREAST,5310940,Oxaliplatin,7.320876121520996,3.9859795570373535
ACH-000759,MDA-MB-175-VII,MDAMB175VII_BREAST,BREAST,117072552,GSK591,5.428329944610596,4.737460136413574
ACH-000759,MDA-MB-175-VII,MDAMB175VII_BREAST,BREAST,51000408,VE821,6.822539806365967,4.0958428382873535
ACH-000759,MDA-MB-175-VII,MDAMB175VII_BREAST,BREAST,25124816,GSK1904529A,3.8119120597839355,4.394698619842529
ACH-000759,MDA-MB-175-VII,MDAMB175VII_BREAST,BREAST,5494449,Tozasertib,7.375658988952637,2.478395700454712
ACH-000759,MDA-MB-175-VII,MDAMB175VII_BREAST,BREAST,44631912,Ribociclib,5.691854953765869,3.883758544921875
ACH-000759,MDA-MB-175-VII,MDAMB175VII_BREAST,BREAST,51371303,PF-4708671,4.327560901641846,3.6116039752960205
ACH-000759,MDA-MB-175-VII,MDAMB175VII_BREAST,BREAST,11609586,Serdemetan,6.5098137855529785,3.8598573207855225
ACH-000759,MDA-MB-175-VII,MDAMB175VII_BREAST,BREAST,44137675,AZD6482,3.703903913497925,3.808231830596924
ACH-000759,MDA-MB-175-VII,MDAMB175VII_BREAST,BREAST,42642645,Foretinib,2.367948055267334,1.4934531450271606
ACH-000759,MDA-MB-175-VII,MDAMB175VII_BREAST,BREAST,46907787,JQ1,4.422083854675293,2.7092702388763428
ACH-000759,MDA-MB-175-VII,MDAMB175VII_BREAST,BREAST,11455910,TW 37,5.6353759765625,1.8711261749267578
ACH-000759,MDA-MB-175-VII,MDAMB175VII_BREAST,BREAST,71271629,PFI-1,6.0798749923706055,4.111451625823975
ACH-000759,MDA-MB-175-VII,MDAMB175VII_BREAST,BREAST,56962337,SGC0946,3.9909560680389404,2.1230602264404297
ACH-000759,MDA-MB-175-VII,MDAMB175VII_BREAST,BREAST,176870,Erlotinib,0.17170199751853943,3.0302700996398926
ACH-000759,MDA-MB-175-VII,MDAMB175VII_BREAST,BREAST,9931953,Rucaparib,6.332512855529785,4.116262435913086
ACH-000759,MDA-MB-175-VII,MDAMB175VII_BREAST,BREAST,24856436,MK-1775,2.448539972305298,1.3069158792495728
ACH-000759,MDA-MB-175-VII,MDAMB175VII_BREAST,BREAST,60750,Gemcitabine,1.5173410177230835,-0.8234599828720093
ACH-000759,MDA-MB-175-VII,MDAMB175VII_BREAST,BREAST,387447,Bortezomib,-4.970355987548828,-4.663348197937012
ACH-000759,MDA-MB-175-VII,MDAMB175VII_BREAST,BREAST,16095342,GSK269962A,4.0751519203186035,2.594491958618164
ACH-000759,MDA-MB-175-VII,MDAMB175VII_BREAST,BREAST,2733526,Tamoxifen,6.16804313659668,3.9527361392974854
ACH-000759,MDA-MB-175-VII,MDAMB175VII_BREAST,BREAST,104741,Fulvestrant,5.297921180725098,3.130540370941162
ACH-000759,MDA-MB-175-VII,MDAMB175VII_BREAST,BREAST,56962336,EPZ004777,6.644270896911621,5.534074306488037
ACH-000759,MDA-MB-175-VII,MDAMB175VII_BREAST,BREAST,44632017,YK-4-279,4.01039981842041,2.305272102355957
ACH-000759,MDA-MB-175-VII,MDAMB175VII_BREAST,BREAST,6914657,Daporinad,1.4476330280303955,-1.444178581237793
ACH-000759,MDA-MB-175-VII,MDAMB175VII_BREAST,BREAST,51039095,AZD4547,5.439881801605225,3.081697702407837
ACH-000759,MDA-MB-175-VII,MDAMB175VII_BREAST,BREAST,70983932,GSK2830371,7.425800800323486,5.893702030181885
ACH-000759,MDA-MB-175-VII,MDAMB175VII_BREAST,BREAST,462382,MG-132,-0.987093985080719,-1.005035161972046
ACH-000759,MDA-MB-175-VII,MDAMB175VII_BREAST,BREAST,11707110,Trametinib,-0.6947190165519714,-0.476403146982193
ACH-000759,MDA-MB-175-VII,MDAMB175VII_BREAST,BREAST,44462760,Dabrafenib,8.36706256866455,5.078621864318848
ACH-000759,MDA-MB-175-VII,MDAMB175VII_BREAST,BREAST,5394,Temozolomide,9.33722972869873,6.932787895202637
ACH-000759,MDA-MB-175-VII,MDAMB175VII_BREAST,BREAST,5460769,Bleomycin (50 uM),6.792987823486328,3.358980894088745
ACH-000759,MDA-MB-175-VII,MDAMB175VII_BREAST,BREAST,49846579,Venotoclax,5.6272478103637695,2.5651848316192627
ACH-000759,MDA-MB-175-VII,MDAMB175VII_BREAST,BREAST,11228183,ABT737,4.320630073547363,2.2656219005584717
ACH-000759,MDA-MB-175-VII,MDAMB175VII_BREAST,BREAST,46843057,Afuresertib,-0.07288599759340286,2.5015296936035156
ACH-000759,MDA-MB-175-VII,MDAMB175VII_BREAST,BREAST,56645356,AGI-5198,5.912224769592285,4.91665506362915
ACH-000759,MDA-MB-175-VII,MDAMB175VII_BREAST,BREAST,78209992,AZD3759,1.9569629430770874,2.5364747047424316
ACH-000759,MDA-MB-175-VII,MDAMB175VII_BREAST,BREAST,54761306,AZD6738,3.1984410285949707,2.4291419982910156
ACH-000759,MDA-MB-175-VII,MDAMB175VII_BREAST,BREAST,52913813,AZD8186,2.3032960891723633,3.3676934242248535
ACH-000759,MDA-MB-175-VII,MDAMB175VII_BREAST,BREAST,71496458,Osimertinib,-1.898851990699768,2.030895709991455
ACH-000759,MDA-MB-175-VII,MDAMB175VII_BREAST,BREAST,9933475,Cediranib,3.5804550647735596,2.4505770206451416
ACH-000759,MDA-MB-175-VII,MDAMB175VII_BREAST,BREAST,24788740,Ipatasertib,1.185191035270691,3.4352526664733887
ACH-000759,MDA-MB-175-VII,MDAMB175VII_BREAST,BREAST,56941241,GDC0810,7.155182838439941,5.28990364074707
ACH-000759,MDA-MB-175-VII,MDAMB175VII_BREAST,BREAST,70676303,GNE-317,-1.1383659839630127,1.0421993732452393
ACH-000759,MDA-MB-175-VII,MDAMB175VII_BREAST,BREAST,68107965,GSK2578215A,7.218264102935791,5.1389875411987305
ACH-000759,MDA-MB-175-VII,MDAMB175VII_BREAST,BREAST,91668541,I-BRD9,6.728720188140869,4.687453746795654
ACH-000759,MDA-MB-175-VII,MDAMB175VII_BREAST,BREAST,10385095,Telomerase Inhibitor IX,-0.6508219838142395,0.9644551277160645
ACH-000759,MDA-MB-175-VII,MDAMB175VII_BREAST,BREAST,227681,MIRA-1,7.495492935180664,5.964669227600098
ACH-000759,MDA-MB-175-VII,MDAMB175VII_BREAST,BREAST,9825149,NVP-ADW742,7.216822147369385,2.8531978130340576
ACH-000759,MDA-MB-175-VII,MDAMB175VII_BREAST,BREAST,46931953,P22077,4.923018932342529,4.722789287567139
ACH-000759,MDA-MB-175-VII,MDAMB175VII_BREAST,BREAST,68289010,Savolitinib,5.43500280380249,2.7065436840057373
ACH-000759,MDA-MB-175-VII,MDAMB175VII_BREAST,BREAST,992586,UMI-77,0.9833679795265198,2.881040096282959
ACH-000759,MDA-MB-175-VII,MDAMB175VII_BREAST,BREAST,2984337,WIKI4,4.794065952301025,3.7742817401885986
ACH-000759,MDA-MB-175-VII,MDAMB175VII_BREAST,BREAST,11178236,Sepantronium bromide,-2.5722579956054688,-1.5952080488204956
ACH-000759,MDA-MB-175-VII,MDAMB175VII_BREAST,BREAST,71297207,WEHI-539,4.66851282119751,3.6216390132904053
ACH-000759,MDA-MB-175-VII,MDAMB175VII_BREAST,BREAST,104842,SN-38,-2.0373759269714355,-4.0794830322265625
ACH-000759,MDA-MB-175-VII,MDAMB175VII_BREAST,BREAST,11640390,Linsitinib,7.012144088745117,3.8435661792755127
ACH-000759,MDA-MB-175-VII,MDAMB175VII_BREAST,BREAST,41867,Epirubicin,0.2953299880027771,-0.20397987961769104
ACH-000759,MDA-MB-175-VII,MDAMB175VII_BREAST,BREAST,2907,Cyclophosphamide,7.229103088378906,5.523918151855469
ACH-000759,MDA-MB-175-VII,MDAMB175VII_BREAST,BREAST,24360,Camptothecin,-1.1098829507827759,-1.9428668022155762
ACH-000759,MDA-MB-175-VII,MDAMB175VII_BREAST,BREAST,6710780,Vinblastine,-2.614729881286621,-1.8921403884887695
ACH-000759,MDA-MB-175-VII,MDAMB175VII_BREAST,BREAST,84691,Cisplatin,5.550340175628662,2.982851982116699
ACH-000759,MDA-MB-175-VII,MDAMB175VII_BREAST,BREAST,6253,Cytarabine,-0.2837109863758087,2.5894923210144043
ACH-000759,MDA-MB-175-VII,MDAMB175VII_BREAST,BREAST,148124,Docetaxel,-2.6723670959472656,-2.439368486404419
ACH-000759,MDA-MB-175-VII,MDAMB175VII_BREAST,BREAST,126941,Methotrexate,4.868165969848633,1.3243290185928345
ACH-000759,MDA-MB-175-VII,MDAMB175VII_BREAST,BREAST,123631,Gefitinib,-0.44547900557518005,2.99625301361084
ACH-000759,MDA-MB-175-VII,MDAMB175VII_BREAST,BREAST,24978538,Navitoclax,3.032525062561035,2.1017677783966064
ACH-000759,MDA-MB-175-VII,MDAMB175VII_BREAST,BREAST,5311,Vorinostat,1.557265043258667,1.938957929611206
ACH-000759,MDA-MB-175-VII,MDAMB175VII_BREAST,BREAST,644241,Nilotinib,3.033834934234619,3.7206649780273438
ACH-000759,MDA-MB-175-VII,MDAMB175VII_BREAST,BREAST,44182295,Refametinib,2.880358934402466,1.6869274377822876
ACH-000759,MDA-MB-175-VII,MDAMB175VII_BREAST,BREAST,6918289,Temsirolimus,1.9017130136489868,1.7309809923171997
ACH-000759,MDA-MB-175-VII,MDAMB175VII_BREAST,BREAST,23725625,Olaparib,6.500723838806152,4.599393844604492
ACH-000759,MDA-MB-175-VII,MDAMB175VII_BREAST,BREAST,11960529,Veliparib,7.017392158508301,5.633207321166992
ACH-000759,MDA-MB-175-VII,MDAMB175VII_BREAST,BREAST,5328940,Bosutinib,5.6456990242004395,3.155606508255005
ACH-000759,MDA-MB-175-VII,MDAMB175VII_BREAST,BREAST,216326,Lenalidomide,6.964529037475586,5.679185390472412
ACH-000759,MDA-MB-175-VII,MDAMB175VII_BREAST,BREAST,6450551,Axitinib,5.176648139953613,3.116535186767578
ACH-000759,MDA-MB-175-VII,MDAMB175VII_BREAST,BREAST,11152667,AZD7762,1.4360829591751099,1.2435089349746704
ACH-000759,MDA-MB-175-VII,MDAMB175VII_BREAST,BREAST,9943465,GW441756,5.443057060241699,3.4126052856445312
ACH-000554,UACC-893,UACC893_BREAST,BREAST,126565,Lestaurtinib,1.1136499643325806,1.2208389043807983
ACH-000554,UACC-893,UACC893_BREAST,BREAST,176158,SB216763,6.327736854553223,5.569784641265869
ACH-000554,UACC-893,UACC893_BREAST,BREAST,6505803,Tanespimycin,-1.7507179975509644,-0.27085840702056885
ACH-000554,UACC-893,UACC893_BREAST,BREAST,5311497,Vinorelbine,-1.409021019935608,-1.7162117958068848
ACH-000554,UACC-893,UACC893_BREAST,BREAST,11667893,Motesanib,5.571903228759766,6.167512893676758
ACH-000554,UACC-893,UACC893_BREAST,BREAST,5278396,KU-55933,6.22285795211792,5.682885646820068
ACH-000554,UACC-893,UACC893_BREAST,BREAST,300471,Elesclomol,-0.8611549735069275,-0.3833809196949005
ACH-000554,UACC-893,UACC893_BREAST,BREAST,10184653,Afatinib,-3.0949599742889404,1.3324592113494873
ACH-000554,UACC-893,UACC893_BREAST,BREAST,24776445,Vismodegib,4.015727996826172,5.471032619476318
ACH-000554,UACC-893,UACC893_BREAST,BREAST,24180719,PLX-4720,3.451443910598755,5.221420764923096
ACH-000554,UACC-893,UACC893_BREAST,BREAST,10077147,BX795,4.229817867279053,3.3153929710388184
ACH-000554,UACC-893,UACC893_BREAST,BREAST,11327430,NU7441,4.03190279006958,3.424278736114502
ACH-000554,UACC-893,UACC893_BREAST,BREAST,10459196,SL0101,4.005941867828369,5.325016021728516
ACH-000554,UACC-893,UACC893_BREAST,BREAST,16720766,Pevonedistat,2.984092950820923,1.9170101881027222
ACH-000554,UACC-893,UACC893_BREAST,BREAST,11488320,Sapitinib,0.05746699869632721,2.437558650970459
ACH-000554,UACC-893,UACC893_BREAST,BREAST,156422,Doramapimod,4.084572792053223,5.521570205688477
ACH-000554,UACC-893,UACC893_BREAST,BREAST,11624601,JNK Inhibitor VIII,4.751237869262695,5.642687797546387
ACH-000554,UACC-893,UACC893_BREAST,BREAST,51042438,Uprosertib,-0.5937579870223999,2.567687749862671
ACH-000554,UACC-893,UACC893_BREAST,BREAST,24737642,LCL161,4.28169584274292,5.3705058097839355
ACH-000554,UACC-893,UACC893_BREAST,BREAST,10384072,Wee1 Inhibitor,3.6148669719696045,2.516087293624878
ACH-000554,UACC-893,UACC893_BREAST,BREAST,11433190,Nutlin-3a (-),5.256103992462158,5.642908096313477
ACH-000554,UACC-893,UACC893_BREAST,BREAST,208908,Lapatinib,-0.6336190104484558,2.8322136402130127
ACH-000554,UACC-893,UACC893_BREAST,BREAST,1401,PD173074,4.593098163604736,4.067251205444336
ACH-000554,UACC-893,UACC893_BREAST,BREAST,9914412,ZM447439,3.914062023162842,3.096682548522949
ACH-000554,UACC-893,UACC893_BREAST,BREAST,24771867,Alisertib,5.246551036834717,3.0137314796447754
ACH-000554,UACC-893,UACC893_BREAST,BREAST,56649450,Alpelisib,0.35471299290657043,3.06369686126709
ACH-000554,UACC-893,UACC893_BREAST,BREAST,46930998,MK-2206,-0.42611798644065857,2.6789047718048096
ACH-000554,UACC-893,UACC893_BREAST,BREAST,5330286,Palbociclib,3.6995270252227783,4.320374011993408
ACH-000554,UACC-893,UACC893_BREAST,BREAST,51001932,Taselisib,-2.455254077911377,1.1746305227279663
ACH-000554,UACC-893,UACC893_BREAST,BREAST,57345410,EPZ5676,5.254212856292725,6.2193498611450195
ACH-000554,UACC-893,UACC893_BREAST,BREAST,11977753,Dactolisib,-2.40644907951355,-1.1717050075531006
ACH-000554,UACC-893,UACC893_BREAST,BREAST,17755052,Pictilisib,-0.5803970098495483,0.8124810457229614
ACH-000554,UACC-893,UACC893_BREAST,BREAST,25262965,AZD8055,-1.943127989768982,0.28147947788238525
ACH-000554,UACC-893,UACC893_BREAST,BREAST,9826528,PD0325901,0.12044800072908401,0.5658833980560303
ACH-000554,UACC-893,UACC893_BREAST,BREAST,24866313,SCH772984,1.6733319759368896,1.699890375137329
ACH-000554,UACC-893,UACC893_BREAST,BREAST,10127622,Selumetinib,2.0788679122924805,2.7264695167541504
ACH-000554,UACC-893,UACC893_BREAST,BREAST,9927531,BIBR-1532,5.524313926696777,5.509450912475586
ACH-000554,UACC-893,UACC893_BREAST,BREAST,2155128,IWP-2,2.847454071044922,3.0975804328918457
ACH-000554,UACC-893,UACC893_BREAST,BREAST,3899,Leflunomide,5.8549652099609375,5.590821743011475
ACH-000554,UACC-893,UACC893_BREAST,BREAST,2314623,CCT007093,4.771481037139893,5.69545316696167
ACH-000554,UACC-893,UACC893_BREAST,BREAST,9938202,EHT-1864,2.800184965133667,3.775797128677368
ACH-000554,UACC-893,UACC893_BREAST,BREAST,25227847,Pyridostatin,3.986855983734131,3.9117419719696045
ACH-000554,UACC-893,UACC893_BREAST,BREAST,46883536,Avagacestat,4.558469772338867,5.250469207763672
ACH-000554,UACC-893,UACC893_BREAST,BREAST,3385,5-Fluorouracil,5.652371883392334,5.399977684020996
ACH-000554,UACC-893,UACC893_BREAST,BREAST,68947304,AMG-319,5.834216117858887,5.520670413970947
ACH-000554,UACC-893,UACC893_BREAST,BREAST,11634725,VX-11e,2.824692964553833,2.3587241172790527
ACH-000554,UACC-893,UACC893_BREAST,BREAST,16224745,MK-8776,3.11885404586792,3.7077956199645996
ACH-000554,UACC-893,UACC893_BREAST,BREAST,3062316,Dasatinib,3.7210440635681152,2.290811777114868
ACH-000554,UACC-893,UACC893_BREAST,BREAST,36314,Paclitaxel,-1.8272889852523804,-1.826101303100586
ACH-000554,UACC-893,UACC893_BREAST,BREAST,4261,Entinostat,1.7083159685134888,2.4878575801849365
ACH-000554,UACC-893,UACC893_BREAST,BREAST,11626560,Crizotinib,5.665468215942383,3.024552822113037
ACH-000554,UACC-893,UACC893_BREAST,BREAST,118704762,LJI308,4.094412803649902,5.68397331237793
ACH-000554,UACC-893,UACC893_BREAST,BREAST,216239,Sorafenib,1.497169017791748,2.942143201828003
ACH-000554,UACC-893,UACC893_BREAST,BREAST,11364421,BI-2536,0.2144239991903305,0.042769283056259155
ACH-000554,UACC-893,UACC893_BREAST,BREAST,46926973,LGK974,3.273237943649292,4.589635372161865
ACH-000554,UACC-893,UACC893_BREAST,BREAST,60838,Irinotecan,4.4021830558776855,3.784538745880127
ACH-000554,UACC-893,UACC893_BREAST,BREAST,5310940,Oxaliplatin,5.659947872161865,4.736201763153076
ACH-000554,UACC-893,UACC893_BREAST,BREAST,117072552,GSK591,3.6289749145507812,4.970180511474609
ACH-000554,UACC-893,UACC893_BREAST,BREAST,51000408,VE821,4.612832069396973,4.575067520141602
ACH-000554,UACC-893,UACC893_BREAST,BREAST,25124816,GSK1904529A,4.59395694732666,4.678462982177734
ACH-000554,UACC-893,UACC893_BREAST,BREAST,5494449,Tozasertib,4.755589008331299,3.4548797607421875
ACH-000554,UACC-893,UACC893_BREAST,BREAST,59472121,VE-822,5.0524067878723145,3.727914810180664
ACH-000554,UACC-893,UACC893_BREAST,BREAST,72200024,WZ4003,5.7349371910095215,4.596044063568115
ACH-000554,UACC-893,UACC893_BREAST,BREAST,42623951,CZC24832,5.719564914703369,5.7764668464660645
ACH-000554,UACC-893,UACC893_BREAST,BREAST,49847690,AZD5582,3.375941038131714,2.4736499786376953
ACH-000554,UACC-893,UACC893_BREAST,BREAST,53469448,GSK2606414,3.863610029220581,4.191564559936523
ACH-000554,UACC-893,UACC893_BREAST,BREAST,78243717,PFI3,5.745553970336914,5.949817657470703
ACH-000554,UACC-893,UACC893_BREAST,BREAST,24753719,PCI-34051,3.26021409034729,5.22376012802124
ACH-000554,UACC-893,UACC893_BREAST,BREAST,57519544,Wnt-C59,3.766982078552246,4.762087345123291
ACH-000554,UACC-893,UACC893_BREAST,BREAST,46943432,I-BET-762,4.830470085144043,3.470705032348633
ACH-000554,UACC-893,UACC893_BREAST,BREAST,9936746,OTX015,3.863326072692871,2.6395175457000732
ACH-000554,UACC-893,UACC893_BREAST,BREAST,71268957,GSK343,1.7686480283737183,3.198422431945801
ACH-000554,UACC-893,UACC893_BREAST,BREAST,60167849,ML323,3.018275022506714,4.9664435386657715
ACH-000554,UACC-893,UACC893_BREAST,BREAST,59473233,Entospletinib,4.282700061798096,3.9844610691070557
ACH-000554,UACC-893,UACC893_BREAST,BREAST,44462758,PRT062607,3.818617105484009,3.3562982082366943
ACH-000554,UACC-893,UACC893_BREAST,BREAST,44631912,Ribociclib,4.384733200073242,4.192206859588623
ACH-000554,UACC-893,UACC893_BREAST,BREAST,71299339,AGI-6780,5.00675106048584,4.787415504455566
ACH-000554,UACC-893,UACC893_BREAST,BREAST,1018,Picolinici-acid,4.795313835144043,5.840237140655518
ACH-000554,UACC-893,UACC893_BREAST,BREAST,51371303,PF-4708671,2.375322103500366,3.878763198852539
ACH-000554,UACC-893,UACC893_BREAST,BREAST,52918385,PRIMA-1MET,6.230454921722412,5.5832929611206055
ACH-000554,UACC-893,UACC893_BREAST,BREAST,11609586,Serdemetan,4.656397819519043,4.283326148986816
ACH-000554,UACC-893,UACC893_BREAST,BREAST,44137675,AZD6482,0.9069399833679199,3.916673421859741
ACH-000554,UACC-893,UACC893_BREAST,BREAST,42642645,Foretinib,2.9742751121520996,1.2000032663345337
ACH-000554,UACC-893,UACC893_BREAST,BREAST,46907787,JQ1,4.014104843139648,2.546367645263672
ACH-000554,UACC-893,UACC893_BREAST,BREAST,71271629,PFI-1,5.745553970336914,4.2228312492370605
ACH-000554,UACC-893,UACC893_BREAST,BREAST,54685215,IOX2,2.749821901321411,2.8104286193847656
ACH-000554,UACC-893,UACC893_BREAST,BREAST,9956119,CHIR-99021,5.745553970336914,5.754659175872803
ACH-000554,UACC-893,UACC893_BREAST,BREAST,56962337,SGC0946,1.0668480396270752,2.286494731903076
ACH-000554,UACC-893,UACC893_BREAST,BREAST,176870,Erlotinib,1.9529989957809448,2.773740530014038
ACH-000554,UACC-893,UACC893_BREAST,BREAST,9931953,Rucaparib,4.712014198303223,4.510542869567871
ACH-000554,UACC-893,UACC893_BREAST,BREAST,24958200,Niraparib,5.5116472244262695,5.228128910064697
ACH-000554,UACC-893,UACC893_BREAST,BREAST,24856436,MK-1775,2.888183116912842,1.1047240495681763
ACH-000554,UACC-893,UACC893_BREAST,BREAST,46926350,Dinaciclib,-1.9909390211105347,-2.2366268634796143
ACH-000554,UACC-893,UACC893_BREAST,BREAST,60750,Gemcitabine,4.8615617752075195,0.9083093404769897
ACH-000554,UACC-893,UACC893_BREAST,BREAST,387447,Bortezomib,-3.149686098098755,-4.670980930328369
ACH-000554,UACC-893,UACC893_BREAST,BREAST,16095342,GSK269962A,2.5823750495910645,2.871344566345215
ACH-000554,UACC-893,UACC893_BREAST,BREAST,9858940,SB505124,4.688002109527588,3.7708497047424316
ACH-000554,UACC-893,UACC893_BREAST,BREAST,2733526,Tamoxifen,5.667572975158691,4.081242561340332
ACH-000554,UACC-893,UACC893_BREAST,BREAST,104741,Fulvestrant,3.452122926712036,3.4503180980682373
ACH-000554,UACC-893,UACC893_BREAST,BREAST,56962336,EPZ004777,4.797914981842041,5.793962478637695
ACH-000554,UACC-893,UACC893_BREAST,BREAST,44632017,YK-4-279,2.58205509185791,2.9147658348083496
ACH-000554,UACC-893,UACC893_BREAST,BREAST,637858,Piperlongumine,2.363996982574463,2.7815182209014893
ACH-000554,UACC-893,UACC893_BREAST,BREAST,6914657,Daporinad,3.2728729248046875,-1.749964714050293
ACH-000554,UACC-893,UACC893_BREAST,BREAST,9813758,BMS-345541,5.247986793518066,3.574281930923462
ACH-000554,UACC-893,UACC893_BREAST,BREAST,25099184,AZ960,5.482039928436279,2.681685447692871
ACH-000554,UACC-893,UACC893_BREAST,BREAST,51039095,AZD4547,5.732590198516846,3.439030408859253
ACH-000554,UACC-893,UACC893_BREAST,BREAST,24821094,Ibrutinib,-2.703632116317749,3.789358139038086
ACH-000554,UACC-893,UACC893_BREAST,BREAST,46236925,Sabutoclax,0.6206870079040527,0.5191425085067749
ACH-000554,UACC-893,UACC893_BREAST,BREAST,11655119,LY2109761,3.8899030685424805,5.509117126464844
ACH-000554,UACC-893,UACC893_BREAST,BREAST,35397514,OF-1,2.2287731170654297,4.484223365783691
ACH-000554,UACC-893,UACC893_BREAST,BREAST,2802462,MN-64,3.22548508644104,5.159482955932617
ACH-000554,UACC-893,UACC893_BREAST,BREAST,73555129,KRAS (G12C) Inhibitor-12,4.626935005187988,5.308813095092773
ACH-000554,UACC-893,UACC893_BREAST,BREAST,462382,MG-132,0.9451329708099365,-1.0862534046173096
ACH-000554,UACC-893,UACC893_BREAST,BREAST,11707110,Trametinib,-0.8072959780693054,-1.0708438158035278
ACH-000554,UACC-893,UACC893_BREAST,BREAST,44462760,Dabrafenib,6.074457168579102,5.484986305236816
ACH-000554,UACC-893,UACC893_BREAST,BREAST,5394,Temozolomide,7.093045234680176,7.437420845031738
ACH-000554,UACC-893,UACC893_BREAST,BREAST,49846579,Venotoclax,2.9904448986053467,3.0925285816192627
ACH-000554,UACC-893,UACC893_BREAST,BREAST,11228183,ABT737,2.7789669036865234,2.6970767974853516
ACH-000554,UACC-893,UACC893_BREAST,BREAST,46843057,Afuresertib,-0.6087750196456909,2.1846699714660645
ACH-000554,UACC-893,UACC893_BREAST,BREAST,56645356,AGI-5198,3.8124570846557617,5.147154808044434
ACH-000554,UACC-893,UACC893_BREAST,BREAST,78209992,AZD3759,2.1520841121673584,2.3612680435180664
ACH-000554,UACC-893,UACC893_BREAST,BREAST,54761306,AZD6738,2.2867679595947266,2.5909392833709717
ACH-000554,UACC-893,UACC893_BREAST,BREAST,52913813,AZD8186,2.888597011566162,3.0217180252075195
ACH-000554,UACC-893,UACC893_BREAST,BREAST,71496458,Osimertinib,-1.6104910373687744,1.6033295392990112
ACH-000554,UACC-893,UACC893_BREAST,BREAST,9933475,Cediranib,3.400991916656494,2.3841707706451416
ACH-000554,UACC-893,UACC893_BREAST,BREAST,24788740,Ipatasertib,0.5769349932670593,3.1499698162078857
ACH-000554,UACC-893,UACC893_BREAST,BREAST,56941241,GDC0810,5.7427568435668945,5.511926174163818
ACH-000554,UACC-893,UACC893_BREAST,BREAST,70676303,GNE-317,-0.8901180028915405,0.7472949028015137
ACH-000554,UACC-893,UACC893_BREAST,BREAST,68107965,GSK2578215A,5.132451057434082,5.396246433258057
ACH-000554,UACC-893,UACC893_BREAST,BREAST,91668541,I-BRD9,5.688607215881348,4.914386749267578
ACH-000554,UACC-893,UACC893_BREAST,BREAST,10385095,Telomerase Inhibitor IX,1.8192509412765503,1.200081706047058
ACH-000554,UACC-893,UACC893_BREAST,BREAST,227681,MIRA-1,5.621673107147217,6.317442893981934
ACH-000554,UACC-893,UACC893_BREAST,BREAST,9825149,NVP-ADW742,5.60404109954834,2.7812671661376953
ACH-000554,UACC-893,UACC893_BREAST,BREAST,46931953,P22077,5.670322895050049,5.104465484619141
ACH-000554,UACC-893,UACC893_BREAST,BREAST,68289010,Savolitinib,3.4429690837860107,2.9730212688446045
ACH-000554,UACC-893,UACC893_BREAST,BREAST,2984337,WIKI4,4.023505210876465,3.8971240520477295
ACH-000554,UACC-893,UACC893_BREAST,BREAST,11178236,Sepantronium bromide,-2.990269899368286,-2.8545539379119873
ACH-000554,UACC-893,UACC893_BREAST,BREAST,71297207,WEHI-539,3.470823049545288,3.9253902435302734
ACH-000554,UACC-893,UACC893_BREAST,BREAST,104842,SN-38,-0.20742499828338623,-1.578413963317871
ACH-000554,UACC-893,UACC893_BREAST,BREAST,2375,Bicalutamide,5.384685039520264,5.305973529815674
ACH-000554,UACC-893,UACC893_BREAST,BREAST,25126798,Ruxolitinib,5.710161209106445,5.500823497772217
ACH-000554,UACC-893,UACC893_BREAST,BREAST,11640390,Linsitinib,4.8825531005859375,3.9949872493743896
ACH-000554,UACC-893,UACC893_BREAST,BREAST,41867,Epirubicin,0.44702500104904175,0.24137762188911438
ACH-000554,UACC-893,UACC893_BREAST,BREAST,2907,Cyclophosphamide,5.7058000564575195,5.797414302825928
ACH-000554,UACC-893,UACC893_BREAST,BREAST,24360,Camptothecin,-0.3819909989833832,-0.8341788053512573
ACH-000554,UACC-893,UACC893_BREAST,BREAST,84691,Cisplatin,3.3313980102539062,4.336794376373291
ACH-000554,UACC-893,UACC893_BREAST,BREAST,148124,Docetaxel,-3.8552699089050293,-2.8837428092956543
ACH-000554,UACC-893,UACC893_BREAST,BREAST,126941,Methotrexate,1.8485280275344849,1.276551365852356
ACH-000554,UACC-893,UACC893_BREAST,BREAST,444795,Tretinoin,4.531659126281738,5.580715656280518
ACH-000554,UACC-893,UACC893_BREAST,BREAST,123631,Gefitinib,2.763122081756592,2.7894093990325928
ACH-000554,UACC-893,UACC893_BREAST,BREAST,24978538,Navitoclax,2.4108541011810303,2.477393388748169
ACH-000554,UACC-893,UACC893_BREAST,BREAST,5311,Vorinostat,1.301306962966919,2.0090177059173584
ACH-000554,UACC-893,UACC893_BREAST,BREAST,644241,Nilotinib,2.281358003616333,3.966566324234009
ACH-000554,UACC-893,UACC893_BREAST,BREAST,44182295,Refametinib,0.9742069840431213,1.2893849611282349
ACH-000554,UACC-893,UACC893_BREAST,BREAST,6918289,Temsirolimus,-0.5247380137443542,1.579268217086792
ACH-000554,UACC-893,UACC893_BREAST,BREAST,23725625,Olaparib,4.125113010406494,5.218554496765137
ACH-000554,UACC-893,UACC893_BREAST,BREAST,11960529,Veliparib,4.427477836608887,5.870746612548828
ACH-000554,UACC-893,UACC893_BREAST,BREAST,5328940,Bosutinib,2.73701810836792,3.087463855743408
ACH-000554,UACC-893,UACC893_BREAST,BREAST,216326,Lenalidomide,5.286531925201416,5.9290242195129395
ACH-000554,UACC-893,UACC893_BREAST,BREAST,6450551,Axitinib,4.44487190246582,3.5789692401885986
ACH-000554,UACC-893,UACC893_BREAST,BREAST,11152667,AZD7762,1.7015310525894165,1.0415245294570923
ACH-000554,UACC-893,UACC893_BREAST,BREAST,9943465,GW441756,3.859426975250244,3.677712917327881
ACH-000148,Hs 578T,HS578T_BREAST,BREAST,126565,Lestaurtinib,0.5993360280990601,0.818031907081604
ACH-000148,Hs 578T,HS578T_BREAST,BREAST,176158,SB216763,3.7776150703430176,5.080387115478516
ACH-000148,Hs 578T,HS578T_BREAST,BREAST,6505803,Tanespimycin,-1.738319993019104,0.0005745887756347656
ACH-000148,Hs 578T,HS578T_BREAST,BREAST,5311497,Vinorelbine,-4.5695109367370605,-2.6016416549682617
ACH-000148,Hs 578T,HS578T_BREAST,BREAST,11667893,Motesanib,5.8297438621521,5.498927116394043
ACH-000148,Hs 578T,HS578T_BREAST,BREAST,5278396,KU-55933,2.8721389770507812,5.118135929107666
ACH-000148,Hs 578T,HS578T_BREAST,BREAST,10184653,Afatinib,1.4550820589065552,1.883846402168274
ACH-000148,Hs 578T,HS578T_BREAST,BREAST,24776445,Vismodegib,5.391783237457275,5.042744159698486
ACH-000148,Hs 578T,HS578T_BREAST,BREAST,24180719,PLX-4720,2.8876149654388428,4.483855724334717
ACH-000148,Hs 578T,HS578T_BREAST,BREAST,11327430,NU7441,0.6390619874000549,3.164806604385376
ACH-000148,Hs 578T,HS578T_BREAST,BREAST,16720766,Pevonedistat,3.2858850955963135,1.50873601436615
ACH-000148,Hs 578T,HS578T_BREAST,BREAST,11488320,Sapitinib,4.363844871520996,3.7163214683532715
ACH-000148,Hs 578T,HS578T_BREAST,BREAST,156422,Doramapimod,3.345531940460205,5.102839469909668
ACH-000148,Hs 578T,HS578T_BREAST,BREAST,11624601,JNK Inhibitor VIII,5.354763031005859,5.154077053070068
ACH-000148,Hs 578T,HS578T_BREAST,BREAST,51042438,Uprosertib,0.8453789949417114,3.035250663757324
ACH-000148,Hs 578T,HS578T_BREAST,BREAST,24737642,LCL161,5.73551607131958,4.904296875
ACH-000148,Hs 578T,HS578T_BREAST,BREAST,10384072,Wee1 Inhibitor,0.2464420050382614,2.234151601791382
ACH-000148,Hs 578T,HS578T_BREAST,BREAST,11433190,Nutlin-3a (-),4.741343975067139,4.749380111694336
ACH-000148,Hs 578T,HS578T_BREAST,BREAST,208908,Lapatinib,2.656291961669922,3.4457952976226807
ACH-000148,Hs 578T,HS578T_BREAST,BREAST,1401,PD173074,2.8419740200042725,3.8586618900299072
ACH-000148,Hs 578T,HS578T_BREAST,BREAST,9914412,ZM447439,1.473060965538025,2.8059022426605225
ACH-000148,Hs 578T,HS578T_BREAST,BREAST,24771867,Alisertib,1.1347650289535522,2.27189040184021
ACH-000148,Hs 578T,HS578T_BREAST,BREAST,56649450,Alpelisib,2.4232349395751953,3.577735185623169
ACH-000148,Hs 578T,HS578T_BREAST,BREAST,46930998,MK-2206,1.1314239501953125,2.812309741973877
ACH-000148,Hs 578T,HS578T_BREAST,BREAST,5330286,Palbociclib,4.420864105224609,3.8391401767730713
ACH-000148,Hs 578T,HS578T_BREAST,BREAST,51001932,Taselisib,1.2589880228042603,1.8391751050949097
ACH-000148,Hs 578T,HS578T_BREAST,BREAST,57345410,EPZ5676,6.156515121459961,5.5454864501953125
ACH-000148,Hs 578T,HS578T_BREAST,BREAST,11977753,Dactolisib,-2.2737619876861572,-1.481857180595398
ACH-000148,Hs 578T,HS578T_BREAST,BREAST,17755052,Pictilisib,-0.40665799379348755,0.8725627660751343
ACH-000148,Hs 578T,HS578T_BREAST,BREAST,25262965,AZD8055,-1.7457350492477417,0.12063759565353394
ACH-000148,Hs 578T,HS578T_BREAST,BREAST,9826528,PD0325901,1.4243359565734863,2.280111312866211
ACH-000148,Hs 578T,HS578T_BREAST,BREAST,24866313,SCH772984,2.174899101257324,3.371155261993408
ACH-000148,Hs 578T,HS578T_BREAST,BREAST,10127622,Selumetinib,3.960084915161133,4.059695720672607
ACH-000148,Hs 578T,HS578T_BREAST,BREAST,9927531,BIBR-1532,5.91470193862915,5.076293468475342
ACH-000148,Hs 578T,HS578T_BREAST,BREAST,2155128,IWP-2,3.093756914138794,2.8625078201293945
ACH-000148,Hs 578T,HS578T_BREAST,BREAST,3899,Leflunomide,5.179874897003174,5.0835418701171875
ACH-000148,Hs 578T,HS578T_BREAST,BREAST,11404337,Obatoclax Mesylate,-0.3426850140094757,0.6385773420333862
ACH-000148,Hs 578T,HS578T_BREAST,BREAST,9938202,EHT-1864,5.228047847747803,3.7965734004974365
ACH-000148,Hs 578T,HS578T_BREAST,BREAST,25227847,Pyridostatin,2.631380081176758,3.7878525257110596
ACH-000148,Hs 578T,HS578T_BREAST,BREAST,46883536,Avagacestat,3.4317190647125244,4.856997013092041
ACH-000148,Hs 578T,HS578T_BREAST,BREAST,3385,5-Fluorouracil,4.859618186950684,4.715987205505371
ACH-000148,Hs 578T,HS578T_BREAST,BREAST,68947304,AMG-319,4.798471927642822,4.801682949066162
ACH-000148,Hs 578T,HS578T_BREAST,BREAST,11634725,VX-11e,3.7627110481262207,3.2085280418395996
ACH-000148,Hs 578T,HS578T_BREAST,BREAST,16224745,MK-8776,1.420928955078125,3.282151460647583
ACH-000148,Hs 578T,HS578T_BREAST,BREAST,3062316,Dasatinib,-2.585983991622925,-0.38854262232780457
ACH-000148,Hs 578T,HS578T_BREAST,BREAST,36314,Paclitaxel,-5.841874122619629,-2.7135672569274902
ACH-000148,Hs 578T,HS578T_BREAST,BREAST,4261,Entinostat,1.6265239715576172,2.4924540519714355
ACH-000148,Hs 578T,HS578T_BREAST,BREAST,11626560,Crizotinib,2.8564820289611816,2.8261427879333496
ACH-000148,Hs 578T,HS578T_BREAST,BREAST,118704762,LJI308,5.146324157714844,5.1302008628845215
ACH-000148,Hs 578T,HS578T_BREAST,BREAST,216239,Sorafenib,2.24118709564209,2.6378772258758545
ACH-000148,Hs 578T,HS578T_BREAST,BREAST,11364421,BI-2536,-4.416597843170166,-0.3896961510181427
ACH-000148,Hs 578T,HS578T_BREAST,BREAST,46926973,LGK974,6.000776767730713,4.486042022705078
ACH-000148,Hs 578T,HS578T_BREAST,BREAST,60838,Irinotecan,2.9826200008392334,3.352160692214966
ACH-000148,Hs 578T,HS578T_BREAST,BREAST,5310940,Oxaliplatin,5.598198890686035,4.453053951263428
ACH-000148,Hs 578T,HS578T_BREAST,BREAST,117072552,GSK591,4.159547805786133,4.544571876525879
ACH-000148,Hs 578T,HS578T_BREAST,BREAST,51000408,VE821,2.5038580894470215,4.183175086975098
ACH-000148,Hs 578T,HS578T_BREAST,BREAST,25124816,GSK1904529A,4.352359771728516,4.509283542633057
ACH-000148,Hs 578T,HS578T_BREAST,BREAST,5494449,Tozasertib,2.51808500289917,3.0879006385803223
ACH-000148,Hs 578T,HS578T_BREAST,BREAST,59472121,VE-822,2.7566111087799072,3.353404998779297
ACH-000148,Hs 578T,HS578T_BREAST,BREAST,72200024,WZ4003,4.692162036895752,4.146945476531982
ACH-000148,Hs 578T,HS578T_BREAST,BREAST,42623951,CZC24832,4.064585208892822,5.202953815460205
ACH-000148,Hs 578T,HS578T_BREAST,BREAST,49847690,AZD5582,2.0397400856018066,2.1203501224517822
ACH-000148,Hs 578T,HS578T_BREAST,BREAST,53469448,GSK2606414,3.549812078475952,3.885847330093384
ACH-000148,Hs 578T,HS578T_BREAST,BREAST,78243717,PFI3,4.3252339363098145,5.345619201660156
ACH-000148,Hs 578T,HS578T_BREAST,BREAST,24753719,PCI-34051,4.792531967163086,4.699127674102783
ACH-000148,Hs 578T,HS578T_BREAST,BREAST,57519544,Wnt-C59,4.0140838623046875,4.57932710647583
ACH-000148,Hs 578T,HS578T_BREAST,BREAST,46943432,I-BET-762,1.5603220462799072,3.2076215744018555
ACH-000148,Hs 578T,HS578T_BREAST,BREAST,9936746,OTX015,-0.5829740166664124,2.309178590774536
ACH-000148,Hs 578T,HS578T_BREAST,BREAST,71268957,GSK343,3.3655428886413574,2.9111506938934326
ACH-000148,Hs 578T,HS578T_BREAST,BREAST,60167849,ML323,5.23015022277832,4.757672309875488
ACH-000148,Hs 578T,HS578T_BREAST,BREAST,59473233,Entospletinib,3.0638740062713623,3.5110585689544678
ACH-000148,Hs 578T,HS578T_BREAST,BREAST,44462758,PRT062607,2.5020670890808105,3.1381542682647705
ACH-000148,Hs 578T,HS578T_BREAST,BREAST,44631912,Ribociclib,4.651424884796143,3.913393974304199
ACH-000148,Hs 578T,HS578T_BREAST,BREAST,71299339,AGI-6780,4.030129909515381,4.586871147155762
ACH-000148,Hs 578T,HS578T_BREAST,BREAST,1018,Picolinici-acid,5.488736152648926,5.287405967712402
ACH-000148,Hs 578T,HS578T_BREAST,BREAST,51371303,PF-4708671,4.723063945770264,3.718982458114624
ACH-000148,Hs 578T,HS578T_BREAST,BREAST,52918385,PRIMA-1MET,3.253469944000244,4.779191970825195
ACH-000148,Hs 578T,HS578T_BREAST,BREAST,11609586,Serdemetan,4.769385814666748,3.974708080291748
ACH-000148,Hs 578T,HS578T_BREAST,BREAST,44137675,AZD6482,1.5994290113449097,3.633617877960205
ACH-000148,Hs 578T,HS578T_BREAST,BREAST,42642645,Foretinib,0.46217599511146545,1.1744694709777832
ACH-000148,Hs 578T,HS578T_BREAST,BREAST,46907787,JQ1,-0.5643060207366943,2.2480270862579346
ACH-000148,Hs 578T,HS578T_BREAST,BREAST,11455910,TW 37,0.38976699113845825,1.7360912561416626
ACH-000148,Hs 578T,HS578T_BREAST,BREAST,71271629,PFI-1,2.801584005355835,4.095063209533691
ACH-000148,Hs 578T,HS578T_BREAST,BREAST,56962337,SGC0946,2.6717638969421387,2.1910951137542725
ACH-000148,Hs 578T,HS578T_BREAST,BREAST,176870,Erlotinib,3.9959640502929688,2.829831123352051
ACH-000148,Hs 578T,HS578T_BREAST,BREAST,9931953,Rucaparib,4.29981803894043,4.281484127044678
ACH-000148,Hs 578T,HS578T_BREAST,BREAST,24958200,Niraparib,5.2466301918029785,4.582324504852295
ACH-000148,Hs 578T,HS578T_BREAST,BREAST,24856436,MK-1775,-0.10844399780035019,0.786443829536438
ACH-000148,Hs 578T,HS578T_BREAST,BREAST,46926350,Dinaciclib,-3.5481789112091064,-2.7946460247039795
ACH-000148,Hs 578T,HS578T_BREAST,BREAST,60750,Gemcitabine,1.962015986442566,0.3249618113040924
ACH-000148,Hs 578T,HS578T_BREAST,BREAST,387447,Bortezomib,-6.012450218200684,-4.771369934082031
ACH-000148,Hs 578T,HS578T_BREAST,BREAST,16095342,GSK269962A,2.448896884918213,2.785855293273926
ACH-000148,Hs 578T,HS578T_BREAST,BREAST,2733526,Tamoxifen,3.2095038890838623,4.099188327789307
ACH-000148,Hs 578T,HS578T_BREAST,BREAST,104741,Fulvestrant,2.9784700870513916,3.12310528755188
ACH-000148,Hs 578T,HS578T_BREAST,BREAST,56962336,EPZ004777,4.696102142333984,5.2316412925720215
ACH-000148,Hs 578T,HS578T_BREAST,BREAST,44632017,YK-4-279,1.1790210008621216,2.528878927230835
ACH-000148,Hs 578T,HS578T_BREAST,BREAST,6914657,Daporinad,-4.652328014373779,-3.093001365661621
ACH-000148,Hs 578T,HS578T_BREAST,BREAST,9813758,BMS-345541,3.4699370861053467,3.4643709659576416
ACH-000148,Hs 578T,HS578T_BREAST,BREAST,25099184,AZ960,0.45775899291038513,2.1613035202026367
ACH-000148,Hs 578T,HS578T_BREAST,BREAST,51039095,AZD4547,2.71578311920166,3.161283493041992
ACH-000148,Hs 578T,HS578T_BREAST,BREAST,24821094,Ibrutinib,5.71488618850708,4.30125093460083
ACH-000148,Hs 578T,HS578T_BREAST,BREAST,70983932,GSK2830371,5.862019062042236,5.458000659942627
ACH-000148,Hs 578T,HS578T_BREAST,BREAST,46236925,Sabutoclax,-1.2495449781417847,0.25628238916397095
ACH-000148,Hs 578T,HS578T_BREAST,BREAST,11655119,LY2109761,5.387455940246582,5.091099739074707
ACH-000148,Hs 578T,HS578T_BREAST,BREAST,35397514,OF-1,5.549232006072998,4.387495517730713
ACH-000148,Hs 578T,HS578T_BREAST,BREAST,2802462,MN-64,4.99879789352417,4.798590183258057
ACH-000148,Hs 578T,HS578T_BREAST,BREAST,73555129,KRAS (G12C) Inhibitor-12,5.644128799438477,4.754175662994385
ACH-000148,Hs 578T,HS578T_BREAST,BREAST,462382,MG-132,-2.5599899291992188,-1.1062246561050415
ACH-000148,Hs 578T,HS578T_BREAST,BREAST,11707110,Trametinib,0.361642986536026,1.2931567430496216
ACH-000148,Hs 578T,HS578T_BREAST,BREAST,44462760,Dabrafenib,5.856509208679199,4.656287670135498
ACH-000148,Hs 578T,HS578T_BREAST,BREAST,5394,Temozolomide,6.274311065673828,6.522607803344727
ACH-000148,Hs 578T,HS578T_BREAST,BREAST,5460769,Bleomycin (50 uM),3.7981789112091064,3.5899641513824463
ACH-000148,Hs 578T,HS578T_BREAST,BREAST,49846579,Venotoclax,4.1327948570251465,2.889188289642334
ACH-000148,Hs 578T,HS578T_BREAST,BREAST,11228183,ABT737,2.3372058868408203,2.62480092048645
ACH-000148,Hs 578T,HS578T_BREAST,BREAST,46843057,Afuresertib,1.6092580556869507,2.4998984336853027
ACH-000148,Hs 578T,HS578T_BREAST,BREAST,56645356,AGI-5198,5.037240028381348,4.787939548492432
ACH-000148,Hs 578T,HS578T_BREAST,BREAST,78209992,AZD3759,3.375843048095703,2.499927043914795
ACH-000148,Hs 578T,HS578T_BREAST,BREAST,54761306,AZD6738,1.099491000175476,2.2384138107299805
ACH-000148,Hs 578T,HS578T_BREAST,BREAST,52913813,AZD8186,1.8984700441360474,2.6929471492767334
ACH-000148,Hs 578T,HS578T_BREAST,BREAST,71496458,Osimertinib,3.266885995864868,1.879507064819336
ACH-000148,Hs 578T,HS578T_BREAST,BREAST,9933475,Cediranib,0.9159539937973022,2.232799530029297
ACH-000148,Hs 578T,HS578T_BREAST,BREAST,24788740,Ipatasertib,1.670799970626831,3.5288820266723633
ACH-000148,Hs 578T,HS578T_BREAST,BREAST,56941241,GDC0810,5.397576808929443,5.094900608062744
ACH-000148,Hs 578T,HS578T_BREAST,BREAST,70676303,GNE-317,-0.10947000235319138,0.549277663230896
ACH-000148,Hs 578T,HS578T_BREAST,BREAST,68107965,GSK2578215A,3.733912944793701,5.045754909515381
ACH-000148,Hs 578T,HS578T_BREAST,BREAST,91668541,I-BRD9,4.166974067687988,4.551144123077393
ACH-000148,Hs 578T,HS578T_BREAST,BREAST,10385095,Telomerase Inhibitor IX,-0.44858500361442566,0.9801565408706665
ACH-000148,Hs 578T,HS578T_BREAST,BREAST,227681,MIRA-1,5.391808032989502,5.488905906677246
ACH-000148,Hs 578T,HS578T_BREAST,BREAST,9825149,NVP-ADW742,3.22432804107666,3.0236871242523193
ACH-000148,Hs 578T,HS578T_BREAST,BREAST,46931953,P22077,5.612357139587402,4.713685035705566
ACH-000148,Hs 578T,HS578T_BREAST,BREAST,68289010,Savolitinib,3.5381228923797607,2.6891427040100098
ACH-000148,Hs 578T,HS578T_BREAST,BREAST,992586,UMI-77,1.0818040370941162,3.0026347637176514
ACH-000148,Hs 578T,HS578T_BREAST,BREAST,2984337,WIKI4,4.013415813446045,3.6113150119781494
ACH-000148,Hs 578T,HS578T_BREAST,BREAST,11178236,Sepantronium bromide,-0.845704972743988,-4.496376037597656
ACH-000148,Hs 578T,HS578T_BREAST,BREAST,71297207,WEHI-539,3.3762900829315186,3.75627064704895
ACH-000148,Hs 578T,HS578T_BREAST,BREAST,104842,SN-38,-2.7982358932495117,-0.771407961845398
ACH-000148,Hs 578T,HS578T_BREAST,BREAST,25126798,Ruxolitinib,5.349888801574707,4.974849224090576
ACH-000148,Hs 578T,HS578T_BREAST,BREAST,11640390,Linsitinib,5.409460067749023,4.211416721343994
ACH-000148,Hs 578T,HS578T_BREAST,BREAST,41867,Epirubicin,-0.2533850073814392,-0.44300249218940735
ACH-000148,Hs 578T,HS578T_BREAST,BREAST,2907,Cyclophosphamide,4.447831153869629,5.284327507019043
ACH-000148,Hs 578T,HS578T_BREAST,BREAST,24360,Camptothecin,-0.6846609711647034,-1.571684718132019
ACH-000148,Hs 578T,HS578T_BREAST,BREAST,6710780,Vinblastine,-4.8209052085876465,-3.2688698768615723
ACH-000148,Hs 578T,HS578T_BREAST,BREAST,84691,Cisplatin,4.2950310707092285,3.628602981567383
ACH-000148,Hs 578T,HS578T_BREAST,BREAST,6253,Cytarabine,3.5736138820648193,2.5848419666290283
ACH-000148,Hs 578T,HS578T_BREAST,BREAST,148124,Docetaxel,-6.975460052490234,-4.451425075531006
ACH-000148,Hs 578T,HS578T_BREAST,BREAST,126941,Methotrexate,3.497457981109619,0.7044438123703003
ACH-000148,Hs 578T,HS578T_BREAST,BREAST,123631,Gefitinib,4.162808895111084,3.1754508018493652
ACH-000148,Hs 578T,HS578T_BREAST,BREAST,24978538,Navitoclax,0.33958399295806885,2.5830180644989014
ACH-000148,Hs 578T,HS578T_BREAST,BREAST,5311,Vorinostat,0.48563501238822937,1.899936556816101
ACH-000148,Hs 578T,HS578T_BREAST,BREAST,644241,Nilotinib,1.1482330560684204,3.46079158782959
ACH-000148,Hs 578T,HS578T_BREAST,BREAST,44182295,Refametinib,1.7640889883041382,2.9032669067382812
ACH-000148,Hs 578T,HS578T_BREAST,BREAST,6918289,Temsirolimus,-1.3024849891662598,1.0359251499176025
ACH-000148,Hs 578T,HS578T_BREAST,BREAST,23725625,Olaparib,4.303134918212891,4.57489013671875
ACH-000148,Hs 578T,HS578T_BREAST,BREAST,11960529,Veliparib,5.735029220581055,5.2941765785217285
ACH-000148,Hs 578T,HS578T_BREAST,BREAST,5328940,Bosutinib,3.3135619163513184,2.3732333183288574
ACH-000148,Hs 578T,HS578T_BREAST,BREAST,216326,Lenalidomide,5.264373779296875,5.319729804992676
ACH-000148,Hs 578T,HS578T_BREAST,BREAST,6450551,Axitinib,2.13942289352417,3.282662868499756
ACH-000148,Hs 578T,HS578T_BREAST,BREAST,11152667,AZD7762,-0.5375890135765076,0.5896430015563965
ACH-000148,Hs 578T,HS578T_BREAST,BREAST,9943465,GW441756,3.869699001312256,3.435710906982422
ACH-000147,T-47D,T47D_BREAST,BREAST,126565,Lestaurtinib,1.5192279815673828,1.6888707876205444
ACH-000147,T-47D,T47D_BREAST,BREAST,176158,SB216763,5.6505889892578125,5.243713855743408
ACH-000147,T-47D,T47D_BREAST,BREAST,6505803,Tanespimycin,2.656687021255493,0.9625927209854126
ACH-000147,T-47D,T47D_BREAST,BREAST,5311497,Vinorelbine,-2.2208480834960938,-1.0772227048873901
ACH-000147,T-47D,T47D_BREAST,BREAST,11667893,Motesanib,5.7247748374938965,5.879572868347168
ACH-000147,T-47D,T47D_BREAST,BREAST,5278396,KU-55933,4.564280033111572,5.417740345001221
ACH-000147,T-47D,T47D_BREAST,BREAST,10184653,Afatinib,1.7921570539474487,2.3348207473754883
ACH-000147,T-47D,T47D_BREAST,BREAST,24776445,Vismodegib,5.170475006103516,5.101057052612305
ACH-000147,T-47D,T47D_BREAST,BREAST,24180719,PLX-4720,4.597722053527832,5.018440246582031
ACH-000147,T-47D,T47D_BREAST,BREAST,11327430,NU7441,3.6064300537109375,3.808216094970703
ACH-000147,T-47D,T47D_BREAST,BREAST,16720766,Pevonedistat,3.083528995513916,2.510582208633423
ACH-000147,T-47D,T47D_BREAST,BREAST,11488320,Sapitinib,3.40585994720459,4.012476444244385
ACH-000147,T-47D,T47D_BREAST,BREAST,156422,Doramapimod,5.355477809906006,5.162415981292725
ACH-000147,T-47D,T47D_BREAST,BREAST,11624601,JNK Inhibitor VIII,4.988194942474365,5.258580684661865
ACH-000147,T-47D,T47D_BREAST,BREAST,51042438,Uprosertib,2.874958038330078,3.3597445487976074
ACH-000147,T-47D,T47D_BREAST,BREAST,24737642,LCL161,4.964698791503906,5.001054763793945
ACH-000147,T-47D,T47D_BREAST,BREAST,10384072,Wee1 Inhibitor,2.885996103286743,2.973053216934204
ACH-000147,T-47D,T47D_BREAST,BREAST,11433190,Nutlin-3a (-),4.335964202880859,5.786000728607178
ACH-000147,T-47D,T47D_BREAST,BREAST,208908,Lapatinib,2.9865150451660156,3.7721190452575684
ACH-000147,T-47D,T47D_BREAST,BREAST,1401,PD173074,3.9663050174713135,4.2232747077941895
ACH-000147,T-47D,T47D_BREAST,BREAST,9914412,ZM447439,4.026331901550293,3.4337711334228516
ACH-000147,T-47D,T47D_BREAST,BREAST,24771867,Alisertib,3.2373440265655518,3.488806962966919
ACH-000147,T-47D,T47D_BREAST,BREAST,56649450,Alpelisib,1.6136410236358643,3.862811326980591
ACH-000147,T-47D,T47D_BREAST,BREAST,46930998,MK-2206,1.9574179649353027,3.2864065170288086
ACH-000147,T-47D,T47D_BREAST,BREAST,5330286,Palbociclib,3.2345879077911377,4.765869617462158
ACH-000147,T-47D,T47D_BREAST,BREAST,51001932,Taselisib,-0.055351998656988144,2.4162163734436035
ACH-000147,T-47D,T47D_BREAST,BREAST,57345410,EPZ5676,5.81427001953125,5.907994747161865
ACH-000147,T-47D,T47D_BREAST,BREAST,11977753,Dactolisib,-1.6340550184249878,0.009752899408340454
ACH-000147,T-47D,T47D_BREAST,BREAST,17755052,Pictilisib,0.2873150110244751,1.726249098777771
ACH-000147,T-47D,T47D_BREAST,BREAST,25262965,AZD8055,-0.4980599880218506,1.2780592441558838
ACH-000147,T-47D,T47D_BREAST,BREAST,9826528,PD0325901,3.962264060974121,3.4465131759643555
ACH-000147,T-47D,T47D_BREAST,BREAST,24866313,SCH772984,3.2314229011535645,4.054733753204346
ACH-000147,T-47D,T47D_BREAST,BREAST,10127622,Selumetinib,5.049746990203857,4.561730861663818
ACH-000147,T-47D,T47D_BREAST,BREAST,9927531,BIBR-1532,4.654630184173584,5.083595275878906
ACH-000147,T-47D,T47D_BREAST,BREAST,2155128,IWP-2,3.3972949981689453,3.0695765018463135
ACH-000147,T-47D,T47D_BREAST,BREAST,3899,Leflunomide,7.266787052154541,5.391532897949219
ACH-000147,T-47D,T47D_BREAST,BREAST,2314623,CCT007093,5.114294052124023,5.33757209777832
ACH-000147,T-47D,T47D_BREAST,BREAST,11404337,Obatoclax Mesylate,1.4400869607925415,1.5087801218032837
ACH-000147,T-47D,T47D_BREAST,BREAST,9938202,EHT-1864,2.95625901222229,3.660783290863037
ACH-000147,T-47D,T47D_BREAST,BREAST,25227847,Pyridostatin,4.075331211090088,3.9053590297698975
ACH-000147,T-47D,T47D_BREAST,BREAST,46883536,Avagacestat,5.3130388259887695,4.901687145233154
ACH-000147,T-47D,T47D_BREAST,BREAST,3385,5-Fluorouracil,4.947110176086426,5.387330055236816
ACH-000147,T-47D,T47D_BREAST,BREAST,68947304,AMG-319,4.866001129150391,5.290505886077881
ACH-000147,T-47D,T47D_BREAST,BREAST,11634725,VX-11e,3.6704139709472656,3.9590063095092773
ACH-000147,T-47D,T47D_BREAST,BREAST,16224745,MK-8776,4.952667236328125,3.8451132774353027
ACH-000147,T-47D,T47D_BREAST,BREAST,3062316,Dasatinib,1.8383079767227173,3.3801028728485107
ACH-000147,T-47D,T47D_BREAST,BREAST,36314,Paclitaxel,-2.3835339546203613,-1.1282687187194824
ACH-000147,T-47D,T47D_BREAST,BREAST,4261,Entinostat,2.3881471157073975,2.7084109783172607
ACH-000147,T-47D,T47D_BREAST,BREAST,11626560,Crizotinib,2.9466640949249268,3.5033764839172363
ACH-000147,T-47D,T47D_BREAST,BREAST,118704762,LJI308,5.650924205780029,5.321266174316406
ACH-000147,T-47D,T47D_BREAST,BREAST,216239,Sorafenib,3.4897820949554443,2.9799623489379883
ACH-000147,T-47D,T47D_BREAST,BREAST,11364421,BI-2536,1.7577500343322754,1.073243260383606
ACH-000147,T-47D,T47D_BREAST,BREAST,46926973,LGK974,3.5893490314483643,4.222352981567383
ACH-000147,T-47D,T47D_BREAST,BREAST,60838,Irinotecan,3.3314340114593506,4.167471408843994
ACH-000147,T-47D,T47D_BREAST,BREAST,5310940,Oxaliplatin,4.7308669090271,4.836155414581299
ACH-000147,T-47D,T47D_BREAST,BREAST,117072552,GSK591,4.373641014099121,4.651880264282227
ACH-000147,T-47D,T47D_BREAST,BREAST,51000408,VE821,5.30658483505249,4.729548454284668
ACH-000147,T-47D,T47D_BREAST,BREAST,25124816,GSK1904529A,2.357330083847046,4.337855815887451
ACH-000147,T-47D,T47D_BREAST,BREAST,5494449,Tozasertib,3.80438494682312,3.913572311401367
ACH-000147,T-47D,T47D_BREAST,BREAST,59472121,VE-822,3.607250928878784,4.038156032562256
ACH-000147,T-47D,T47D_BREAST,BREAST,72200024,WZ4003,5.089136123657227,4.5786027908325195
ACH-000147,T-47D,T47D_BREAST,BREAST,42623951,CZC24832,4.904160022735596,5.517942905426025
ACH-000147,T-47D,T47D_BREAST,BREAST,49847690,AZD5582,1.9220600128173828,2.9194681644439697
ACH-000147,T-47D,T47D_BREAST,BREAST,53469448,GSK2606414,3.7928049564361572,4.340738773345947
ACH-000147,T-47D,T47D_BREAST,BREAST,78243717,PFI3,5.755425930023193,5.590094089508057
ACH-000147,T-47D,T47D_BREAST,BREAST,24753719,PCI-34051,3.902574062347412,4.82627010345459
ACH-000147,T-47D,T47D_BREAST,BREAST,57519544,Wnt-C59,3.0990219116210938,4.4257731437683105
ACH-000147,T-47D,T47D_BREAST,BREAST,46943432,I-BET-762,3.909862995147705,4.043534278869629
ACH-000147,T-47D,T47D_BREAST,BREAST,9936746,OTX015,3.7231109142303467,3.47790789604187
ACH-000147,T-47D,T47D_BREAST,BREAST,71268957,GSK343,2.9617340564727783,3.259660005569458
ACH-000147,T-47D,T47D_BREAST,BREAST,60167849,ML323,3.747081995010376,4.550497055053711
ACH-000147,T-47D,T47D_BREAST,BREAST,59473233,Entospletinib,3.8384270668029785,4.259643077850342
ACH-000147,T-47D,T47D_BREAST,BREAST,44462758,PRT062607,3.6655759811401367,3.861677646636963
ACH-000147,T-47D,T47D_BREAST,BREAST,44631912,Ribociclib,3.4619650840759277,4.397124290466309
ACH-000147,T-47D,T47D_BREAST,BREAST,71299339,AGI-6780,3.3807320594787598,4.399546146392822
ACH-000147,T-47D,T47D_BREAST,BREAST,1018,Picolinici-acid,5.444629192352295,5.504754066467285
ACH-000147,T-47D,T47D_BREAST,BREAST,51371303,PF-4708671,4.25971794128418,3.8388211727142334
ACH-000147,T-47D,T47D_BREAST,BREAST,52918385,PRIMA-1MET,3.438854932785034,5.550098896026611
ACH-000147,T-47D,T47D_BREAST,BREAST,11609586,Serdemetan,3.824795961380005,4.425197601318359
ACH-000147,T-47D,T47D_BREAST,BREAST,44137675,AZD6482,2.254173994064331,4.342339992523193
ACH-000147,T-47D,T47D_BREAST,BREAST,42642645,Foretinib,2.4533510208129883,2.0868799686431885
ACH-000147,T-47D,T47D_BREAST,BREAST,46907787,JQ1,3.410162925720215,3.3731300830841064
ACH-000147,T-47D,T47D_BREAST,BREAST,71271629,PFI-1,4.818875789642334,4.293249607086182
ACH-000147,T-47D,T47D_BREAST,BREAST,56962337,SGC0946,2.116689920425415,2.4578802585601807
ACH-000147,T-47D,T47D_BREAST,BREAST,176870,Erlotinib,2.7085700035095215,3.2464466094970703
ACH-000147,T-47D,T47D_BREAST,BREAST,9931953,Rucaparib,3.979620933532715,4.3669023513793945
ACH-000147,T-47D,T47D_BREAST,BREAST,24958200,Niraparib,5.703967094421387,5.07548713684082
ACH-000147,T-47D,T47D_BREAST,BREAST,24856436,MK-1775,2.280872106552124,1.7730084657669067
ACH-000147,T-47D,T47D_BREAST,BREAST,46926350,Dinaciclib,-1.2699710130691528,-1.6479970216751099
ACH-000147,T-47D,T47D_BREAST,BREAST,60750,Gemcitabine,3.9832799434661865,2.363985538482666
ACH-000147,T-47D,T47D_BREAST,BREAST,387447,Bortezomib,-5.240234851837158,-4.09727668762207
ACH-000147,T-47D,T47D_BREAST,BREAST,16095342,GSK269962A,3.876589059829712,3.0516252517700195
ACH-000147,T-47D,T47D_BREAST,BREAST,2733526,Tamoxifen,2.4519529342651367,4.151697635650635
ACH-000147,T-47D,T47D_BREAST,BREAST,104741,Fulvestrant,0.7733489871025085,3.3136067390441895
ACH-000147,T-47D,T47D_BREAST,BREAST,56962336,EPZ004777,5.338498115539551,5.385326862335205
ACH-000147,T-47D,T47D_BREAST,BREAST,44632017,YK-4-279,3.746401071548462,3.468175172805786
ACH-000147,T-47D,T47D_BREAST,BREAST,9813758,BMS-345541,4.7605881690979,3.71071720123291
ACH-000147,T-47D,T47D_BREAST,BREAST,25099184,AZ960,3.7151238918304443,3.2268624305725098
ACH-000147,T-47D,T47D_BREAST,BREAST,51039095,AZD4547,2.921394109725952,3.4190216064453125
ACH-000147,T-47D,T47D_BREAST,BREAST,24821094,Ibrutinib,3.7713990211486816,4.671311855316162
ACH-000147,T-47D,T47D_BREAST,BREAST,70983932,GSK2830371,5.758604049682617,5.857840538024902
ACH-000147,T-47D,T47D_BREAST,BREAST,46236925,Sabutoclax,-1.6344770193099976,1.0524685382843018
ACH-000147,T-47D,T47D_BREAST,BREAST,11655119,LY2109761,3.1488170623779297,5.163841247558594
ACH-000147,T-47D,T47D_BREAST,BREAST,35397514,OF-1,2.19071888923645,4.1024298667907715
ACH-000147,T-47D,T47D_BREAST,BREAST,2802462,MN-64,3.3008880615234375,4.777958869934082
ACH-000147,T-47D,T47D_BREAST,BREAST,73555129,KRAS (G12C) Inhibitor-12,3.4734818935394287,4.867144584655762
ACH-000147,T-47D,T47D_BREAST,BREAST,462382,MG-132,-1.229025959968567,-0.6661248207092285
ACH-000147,T-47D,T47D_BREAST,BREAST,11707110,Trametinib,2.395883083343506,2.65114688873291
ACH-000147,T-47D,T47D_BREAST,BREAST,44462760,Dabrafenib,3.951630115509033,5.3730974197387695
ACH-000147,T-47D,T47D_BREAST,BREAST,5394,Temozolomide,7.131194114685059,7.175684928894043
ACH-000147,T-47D,T47D_BREAST,BREAST,5460769,Bleomycin (50 uM),4.976409912109375,4.862086296081543
ACH-000147,T-47D,T47D_BREAST,BREAST,49846579,Venotoclax,2.209428071975708,3.0846850872039795
ACH-000147,T-47D,T47D_BREAST,BREAST,11228183,ABT737,2.849925994873047,2.6185266971588135
ACH-000147,T-47D,T47D_BREAST,BREAST,46843057,Afuresertib,1.047111988067627,2.958658456802368
ACH-000147,T-47D,T47D_BREAST,BREAST,56645356,AGI-5198,4.400932788848877,4.757199287414551
ACH-000147,T-47D,T47D_BREAST,BREAST,78209992,AZD3759,2.174104928970337,2.699564218521118
ACH-000147,T-47D,T47D_BREAST,BREAST,54761306,AZD6738,3.438452959060669,3.1785080432891846
ACH-000147,T-47D,T47D_BREAST,BREAST,52913813,AZD8186,1.8316810131072998,3.7568280696868896
ACH-000147,T-47D,T47D_BREAST,BREAST,71496458,Osimertinib,1.1638009548187256,2.2591969966888428
ACH-000147,T-47D,T47D_BREAST,BREAST,9933475,Cediranib,1.695343017578125,2.7261252403259277
ACH-000147,T-47D,T47D_BREAST,BREAST,24788740,Ipatasertib,1.311540961265564,3.8382480144500732
ACH-000147,T-47D,T47D_BREAST,BREAST,56941241,GDC0810,3.2372360229492188,5.163491725921631
ACH-000147,T-47D,T47D_BREAST,BREAST,70676303,GNE-317,-0.7170609831809998,1.5760879516601562
ACH-000147,T-47D,T47D_BREAST,BREAST,68107965,GSK2578215A,5.003125190734863,5.0431294441223145
ACH-000147,T-47D,T47D_BREAST,BREAST,91668541,I-BRD9,5.4954118728637695,4.7213006019592285
ACH-000147,T-47D,T47D_BREAST,BREAST,10385095,Telomerase Inhibitor IX,1.458912968635559,1.6926316022872925
ACH-000147,T-47D,T47D_BREAST,BREAST,227681,MIRA-1,5.853859901428223,6.003718376159668
ACH-000147,T-47D,T47D_BREAST,BREAST,9825149,NVP-ADW742,2.7323410511016846,3.2861568927764893
ACH-000147,T-47D,T47D_BREAST,BREAST,46931953,P22077,2.4289638996124268,4.650872230529785
ACH-000147,T-47D,T47D_BREAST,BREAST,68289010,Savolitinib,2.235308885574341,3.0223207473754883
ACH-000147,T-47D,T47D_BREAST,BREAST,992586,UMI-77,2.271570920944214,2.945420742034912
ACH-000147,T-47D,T47D_BREAST,BREAST,2984337,WIKI4,2.661777973175049,3.927050828933716
ACH-000147,T-47D,T47D_BREAST,BREAST,11178236,Sepantronium bromide,-3.280379056930542,-3.0769855976104736
ACH-000147,T-47D,T47D_BREAST,BREAST,71297207,WEHI-539,3.5168540477752686,3.8353662490844727
ACH-000147,T-47D,T47D_BREAST,BREAST,104842,SN-38,-3.9731619358062744,0.5359249114990234
ACH-000147,T-47D,T47D_BREAST,BREAST,25126798,Ruxolitinib,5.333931922912598,5.074683666229248
ACH-000147,T-47D,T47D_BREAST,BREAST,11640390,Linsitinib,3.4913129806518555,4.051430702209473
ACH-000147,T-47D,T47D_BREAST,BREAST,41867,Epirubicin,-0.7992429733276367,0.9787279367446899
ACH-000147,T-47D,T47D_BREAST,BREAST,2907,Cyclophosphamide,5.483147144317627,5.378963947296143
ACH-000147,T-47D,T47D_BREAST,BREAST,24360,Camptothecin,-1.3338539600372314,-0.10479071736335754
ACH-000147,T-47D,T47D_BREAST,BREAST,6710780,Vinblastine,-1.4276829957962036,-1.4904603958129883
ACH-000147,T-47D,T47D_BREAST,BREAST,84691,Cisplatin,5.887788772583008,4.457672119140625
ACH-000147,T-47D,T47D_BREAST,BREAST,6253,Cytarabine,4.085558891296387,3.8685977458953857
ACH-000147,T-47D,T47D_BREAST,BREAST,148124,Docetaxel,-4.477860927581787,-2.996316432952881
ACH-000147,T-47D,T47D_BREAST,BREAST,126941,Methotrexate,-2.1701929569244385,1.7327245473861694
ACH-000147,T-47D,T47D_BREAST,BREAST,123631,Gefitinib,4.099681854248047,3.241262197494507
ACH-000147,T-47D,T47D_BREAST,BREAST,24978538,Navitoclax,1.8341050148010254,2.4827346801757812
ACH-000147,T-47D,T47D_BREAST,BREAST,5311,Vorinostat,1.3764270544052124,2.18310809135437
ACH-000147,T-47D,T47D_BREAST,BREAST,644241,Nilotinib,2.3933839797973633,4.341335773468018
ACH-000147,T-47D,T47D_BREAST,BREAST,44182295,Refametinib,3.1545979976654053,3.6896865367889404
ACH-000147,T-47D,T47D_BREAST,BREAST,6918289,Temsirolimus,-0.6414729952812195,2.0490360260009766
ACH-000147,T-47D,T47D_BREAST,BREAST,23725625,Olaparib,4.6298418045043945,4.816102027893066
ACH-000147,T-47D,T47D_BREAST,BREAST,11960529,Veliparib,5.7170610427856445,5.547755241394043
ACH-000147,T-47D,T47D_BREAST,BREAST,5328940,Bosutinib,3.101952075958252,3.639606237411499
ACH-000147,T-47D,T47D_BREAST,BREAST,216326,Lenalidomide,5.725906848907471,5.594554901123047
ACH-000147,T-47D,T47D_BREAST,BREAST,6450551,Axitinib,3.2625010013580322,3.822371006011963
ACH-000147,T-47D,T47D_BREAST,BREAST,11152667,AZD7762,2.6961090564727783,1.668897271156311
ACH-000147,T-47D,T47D_BREAST,BREAST,9943465,GW441756,3.1168360710144043,3.6047418117523193
ACH-000849,MDA-MB-468,MDAMB468_BREAST,BREAST,126565,Lestaurtinib,-1.1490739583969116,1.0873615741729736
ACH-000849,MDA-MB-468,MDAMB468_BREAST,BREAST,176158,SB216763,4.53496789932251,5.365760803222656
ACH-000849,MDA-MB-468,MDAMB468_BREAST,BREAST,6505803,Tanespimycin,1.0355859994888306,-0.046743348240852356
ACH-000849,MDA-MB-468,MDAMB468_BREAST,BREAST,5311497,Vinorelbine,-2.5914530754089355,-2.286867380142212
ACH-000849,MDA-MB-468,MDAMB468_BREAST,BREAST,11667893,Motesanib,5.615296840667725,6.05888557434082
ACH-000849,MDA-MB-468,MDAMB468_BREAST,BREAST,5278396,KU-55933,4.136783123016357,5.514128684997559
ACH-000849,MDA-MB-468,MDAMB468_BREAST,BREAST,10184653,Afatinib,0.17472399771213531,1.4410039186477661
ACH-000849,MDA-MB-468,MDAMB468_BREAST,BREAST,24776445,Vismodegib,4.416467189788818,5.337127208709717
ACH-000849,MDA-MB-468,MDAMB468_BREAST,BREAST,24180719,PLX-4720,3.2716169357299805,4.968916893005371
ACH-000849,MDA-MB-468,MDAMB468_BREAST,BREAST,11327430,NU7441,2.0673670768737793,3.616346836090088
ACH-000849,MDA-MB-468,MDAMB468_BREAST,BREAST,16720766,Pevonedistat,0.28031399846076965,1.5074653625488281
ACH-000849,MDA-MB-468,MDAMB468_BREAST,BREAST,11488320,Sapitinib,1.1429359912872314,2.8027265071868896
ACH-000849,MDA-MB-468,MDAMB468_BREAST,BREAST,156422,Doramapimod,5.529116153717041,5.4152445793151855
ACH-000849,MDA-MB-468,MDAMB468_BREAST,BREAST,11624601,JNK Inhibitor VIII,5.311682224273682,5.482828140258789
ACH-000849,MDA-MB-468,MDAMB468_BREAST,BREAST,51042438,Uprosertib,3.6578009128570557,3.5068976879119873
ACH-000849,MDA-MB-468,MDAMB468_BREAST,BREAST,24737642,LCL161,4.682151794433594,5.144049644470215
ACH-000849,MDA-MB-468,MDAMB468_BREAST,BREAST,10384072,Wee1 Inhibitor,1.7394330501556396,2.3322646617889404
ACH-000849,MDA-MB-468,MDAMB468_BREAST,BREAST,11433190,Nutlin-3a (-),4.823182106018066,5.39231014251709
ACH-000849,MDA-MB-468,MDAMB468_BREAST,BREAST,208908,Lapatinib,1.3091930150985718,3.106748104095459
ACH-000849,MDA-MB-468,MDAMB468_BREAST,BREAST,1401,PD173074,5.264110088348389,4.120504379272461
ACH-000849,MDA-MB-468,MDAMB468_BREAST,BREAST,9914412,ZM447439,1.1072969436645508,3.0608551502227783
ACH-000849,MDA-MB-468,MDAMB468_BREAST,BREAST,24771867,Alisertib,-1.8239140510559082,2.630797863006592
ACH-000849,MDA-MB-468,MDAMB468_BREAST,BREAST,56649450,Alpelisib,4.445925235748291,3.7713804244995117
ACH-000849,MDA-MB-468,MDAMB468_BREAST,BREAST,46930998,MK-2206,2.757150888442993,3.3629612922668457
ACH-000849,MDA-MB-468,MDAMB468_BREAST,BREAST,5330286,Palbociclib,4.5810651779174805,4.524825572967529
ACH-000849,MDA-MB-468,MDAMB468_BREAST,BREAST,51001932,Taselisib,2.219296932220459,1.8978569507598877
ACH-000849,MDA-MB-468,MDAMB468_BREAST,BREAST,57345410,EPZ5676,5.9824748039245605,6.085331916809082
ACH-000849,MDA-MB-468,MDAMB468_BREAST,BREAST,11977753,Dactolisib,-2.320341110229492,-1.220119833946228
ACH-000849,MDA-MB-468,MDAMB468_BREAST,BREAST,17755052,Pictilisib,1.3000539541244507,1.092233419418335
ACH-000849,MDA-MB-468,MDAMB468_BREAST,BREAST,25262965,AZD8055,-1.2388800382614136,0.30900827050209045
ACH-000849,MDA-MB-468,MDAMB468_BREAST,BREAST,9826528,PD0325901,1.359186053276062,1.347605586051941
ACH-000849,MDA-MB-468,MDAMB468_BREAST,BREAST,24866313,SCH772984,2.9660630226135254,2.7324182987213135
ACH-000849,MDA-MB-468,MDAMB468_BREAST,BREAST,10127622,Selumetinib,3.9085099697113037,3.728527784347534
ACH-000849,MDA-MB-468,MDAMB468_BREAST,BREAST,9927531,BIBR-1532,3.920088052749634,5.304321765899658
ACH-000849,MDA-MB-468,MDAMB468_BREAST,BREAST,2155128,IWP-2,2.468946933746338,2.9672460556030273
ACH-000849,MDA-MB-468,MDAMB468_BREAST,BREAST,3899,Leflunomide,3.3967270851135254,5.4375762939453125
ACH-000849,MDA-MB-468,MDAMB468_BREAST,BREAST,2314623,CCT007093,4.1051459312438965,5.51923131942749
ACH-000849,MDA-MB-468,MDAMB468_BREAST,BREAST,11404337,Obatoclax Mesylate,-0.12473899871110916,0.7912274599075317
ACH-000849,MDA-MB-468,MDAMB468_BREAST,BREAST,9938202,EHT-1864,2.9209389686584473,3.720761299133301
ACH-000849,MDA-MB-468,MDAMB468_BREAST,BREAST,25227847,Pyridostatin,3.1339569091796875,3.847817897796631
ACH-000849,MDA-MB-468,MDAMB468_BREAST,BREAST,46883536,Avagacestat,2.915165901184082,5.11768913269043
ACH-000849,MDA-MB-468,MDAMB468_BREAST,BREAST,3385,5-Fluorouracil,4.998106956481934,5.103265285491943
ACH-000849,MDA-MB-468,MDAMB468_BREAST,BREAST,68947304,AMG-319,5.0558271408081055,5.296864032745361
ACH-000849,MDA-MB-468,MDAMB468_BREAST,BREAST,11634725,VX-11e,2.8792459964752197,3.2797691822052
ACH-000849,MDA-MB-468,MDAMB468_BREAST,BREAST,16224745,MK-8776,3.8203608989715576,3.7380971908569336
ACH-000849,MDA-MB-468,MDAMB468_BREAST,BREAST,3062316,Dasatinib,1.6456559896469116,1.0206464529037476
ACH-000849,MDA-MB-468,MDAMB468_BREAST,BREAST,36314,Paclitaxel,-4.075334072113037,-2.316303014755249
ACH-000849,MDA-MB-468,MDAMB468_BREAST,BREAST,4261,Entinostat,2.144650936126709,2.600816249847412
ACH-000849,MDA-MB-468,MDAMB468_BREAST,BREAST,11626560,Crizotinib,1.6018580198287964,3.152386426925659
ACH-000849,MDA-MB-468,MDAMB468_BREAST,BREAST,118704762,LJI308,4.963998794555664,5.551224708557129
ACH-000849,MDA-MB-468,MDAMB468_BREAST,BREAST,216239,Sorafenib,1.5363199710845947,2.792731523513794
ACH-000849,MDA-MB-468,MDAMB468_BREAST,BREAST,46926973,LGK974,2.527928113937378,4.512845039367676
ACH-000849,MDA-MB-468,MDAMB468_BREAST,BREAST,60838,Irinotecan,1.9825060367584229,2.537252187728882
ACH-000849,MDA-MB-468,MDAMB468_BREAST,BREAST,5310940,Oxaliplatin,3.6890320777893066,4.694851875305176
ACH-000849,MDA-MB-468,MDAMB468_BREAST,BREAST,117072552,GSK591,3.4174180030822754,4.784859657287598
ACH-000849,MDA-MB-468,MDAMB468_BREAST,BREAST,51000408,VE821,5.012761116027832,4.644476413726807
ACH-000849,MDA-MB-468,MDAMB468_BREAST,BREAST,25124816,GSK1904529A,2.7915029525756836,4.586973667144775
ACH-000849,MDA-MB-468,MDAMB468_BREAST,BREAST,5494449,Tozasertib,1.1272419691085815,3.1583685874938965
ACH-000849,MDA-MB-468,MDAMB468_BREAST,BREAST,59472121,VE-822,2.4692230224609375,3.874420642852783
ACH-000849,MDA-MB-468,MDAMB468_BREAST,BREAST,72200024,WZ4003,4.929351806640625,4.495969772338867
ACH-000849,MDA-MB-468,MDAMB468_BREAST,BREAST,42623951,CZC24832,4.362003803253174,5.635554313659668
ACH-000849,MDA-MB-468,MDAMB468_BREAST,BREAST,49847690,AZD5582,-0.4032379984855652,2.3865792751312256
ACH-000849,MDA-MB-468,MDAMB468_BREAST,BREAST,53469448,GSK2606414,2.615525007247925,4.165436744689941
ACH-000849,MDA-MB-468,MDAMB468_BREAST,BREAST,78243717,PFI3,5.314713954925537,5.807562351226807
ACH-000849,MDA-MB-468,MDAMB468_BREAST,BREAST,24753719,PCI-34051,2.5315630435943604,5.070737838745117
ACH-000849,MDA-MB-468,MDAMB468_BREAST,BREAST,57519544,Wnt-C59,2.539315938949585,4.742517471313477
ACH-000849,MDA-MB-468,MDAMB468_BREAST,BREAST,46943432,I-BET-762,4.184999942779541,3.866584300994873
ACH-000849,MDA-MB-468,MDAMB468_BREAST,BREAST,9936746,OTX015,2.2532050609588623,3.0387210845947266
ACH-000849,MDA-MB-468,MDAMB468_BREAST,BREAST,71268957,GSK343,3.084947109222412,3.1092841625213623
ACH-000849,MDA-MB-468,MDAMB468_BREAST,BREAST,60167849,ML323,2.9461638927459717,4.916311264038086
ACH-000849,MDA-MB-468,MDAMB468_BREAST,BREAST,59473233,Entospletinib,2.9477410316467285,4.0707807540893555
ACH-000849,MDA-MB-468,MDAMB468_BREAST,BREAST,44462758,PRT062607,2.7818150520324707,3.7111194133758545
ACH-000849,MDA-MB-468,MDAMB468_BREAST,BREAST,44631912,Ribociclib,5.067361831665039,4.241605281829834
ACH-000849,MDA-MB-468,MDAMB468_BREAST,BREAST,71299339,AGI-6780,2.9564270973205566,4.722449779510498
ACH-000849,MDA-MB-468,MDAMB468_BREAST,BREAST,1018,Picolinici-acid,5.336651802062988,5.666380882263184
ACH-000849,MDA-MB-468,MDAMB468_BREAST,BREAST,51371303,PF-4708671,2.5176539421081543,3.820416212081909
ACH-000849,MDA-MB-468,MDAMB468_BREAST,BREAST,52918385,PRIMA-1MET,2.5665500164031982,5.404421329498291
ACH-000849,MDA-MB-468,MDAMB468_BREAST,BREAST,11609586,Serdemetan,3.8673999309539795,4.2653045654296875
ACH-000849,MDA-MB-468,MDAMB468_BREAST,BREAST,44137675,AZD6482,2.1102840900421143,4.203989505767822
ACH-000849,MDA-MB-468,MDAMB468_BREAST,BREAST,42642645,Foretinib,0.9259759783744812,1.311813235282898
ACH-000849,MDA-MB-468,MDAMB468_BREAST,BREAST,46907787,JQ1,3.736514091491699,2.9133896827697754
ACH-000849,MDA-MB-468,MDAMB468_BREAST,BREAST,11455910,TW 37,0.9846720099449158,1.8870633840560913
ACH-000849,MDA-MB-468,MDAMB468_BREAST,BREAST,71271629,PFI-1,4.122951984405518,4.319530963897705
ACH-000849,MDA-MB-468,MDAMB468_BREAST,BREAST,56962337,SGC0946,2.5357840061187744,2.08209490776062
ACH-000849,MDA-MB-468,MDAMB468_BREAST,BREAST,176870,Erlotinib,1.94228994846344,2.628530502319336
ACH-000849,MDA-MB-468,MDAMB468_BREAST,BREAST,9931953,Rucaparib,3.831679105758667,4.429342269897461
ACH-000849,MDA-MB-468,MDAMB468_BREAST,BREAST,24958200,Niraparib,4.186432838439941,4.96907901763916
ACH-000849,MDA-MB-468,MDAMB468_BREAST,BREAST,24856436,MK-1775,0.9736530184745789,1.0458446741104126
ACH-000849,MDA-MB-468,MDAMB468_BREAST,BREAST,46926350,Dinaciclib,-4.297832012176514,-2.4906082153320312
ACH-000849,MDA-MB-468,MDAMB468_BREAST,BREAST,60750,Gemcitabine,-1.7995480298995972,-0.5804134607315063
ACH-000849,MDA-MB-468,MDAMB468_BREAST,BREAST,387447,Bortezomib,-6.172591209411621,-5.278561115264893
ACH-000849,MDA-MB-468,MDAMB468_BREAST,BREAST,16095342,GSK269962A,1.8975319862365723,2.9321210384368896
ACH-000849,MDA-MB-468,MDAMB468_BREAST,BREAST,2733526,Tamoxifen,3.45156192779541,4.149290084838867
ACH-000849,MDA-MB-468,MDAMB468_BREAST,BREAST,104741,Fulvestrant,2.2246789932250977,3.2428739070892334
ACH-000849,MDA-MB-468,MDAMB468_BREAST,BREAST,56962336,EPZ004777,5.039004802703857,5.6428351402282715
ACH-000849,MDA-MB-468,MDAMB468_BREAST,BREAST,44632017,YK-4-279,1.6820290088653564,2.46264386177063
ACH-000849,MDA-MB-468,MDAMB468_BREAST,BREAST,6914657,Daporinad,-4.333292007446289,-2.3350510597229004
ACH-000849,MDA-MB-468,MDAMB468_BREAST,BREAST,9813758,BMS-345541,2.3893849849700928,3.7798187732696533
ACH-000849,MDA-MB-468,MDAMB468_BREAST,BREAST,25099184,AZ960,1.2491439580917358,2.4871909618377686
ACH-000849,MDA-MB-468,MDAMB468_BREAST,BREAST,51039095,AZD4547,4.021576881408691,3.409731388092041
ACH-000849,MDA-MB-468,MDAMB468_BREAST,BREAST,24821094,Ibrutinib,1.5266380310058594,3.8891265392303467
ACH-000849,MDA-MB-468,MDAMB468_BREAST,BREAST,70983932,GSK2830371,5.488619804382324,6.052282810211182
ACH-000849,MDA-MB-468,MDAMB468_BREAST,BREAST,46236925,Sabutoclax,-0.894474983215332,0.4057387709617615
ACH-000849,MDA-MB-468,MDAMB468_BREAST,BREAST,11655119,LY2109761,5.472204208374023,5.356276988983154
ACH-000849,MDA-MB-468,MDAMB468_BREAST,BREAST,35397514,OF-1,1.8105319738388062,4.362224578857422
ACH-000849,MDA-MB-468,MDAMB468_BREAST,BREAST,2802462,MN-64,3.207892894744873,4.960578441619873
ACH-000849,MDA-MB-468,MDAMB468_BREAST,BREAST,73555129,KRAS (G12C) Inhibitor-12,4.650591850280762,5.0986552238464355
ACH-000849,MDA-MB-468,MDAMB468_BREAST,BREAST,462382,MG-132,-1.9081189632415771,-1.0976316928863525
ACH-000849,MDA-MB-468,MDAMB468_BREAST,BREAST,11707110,Trametinib,0.3847300112247467,0.12627562880516052
ACH-000849,MDA-MB-468,MDAMB468_BREAST,BREAST,44462760,Dabrafenib,3.4339709281921387,5.224185943603516
ACH-000849,MDA-MB-468,MDAMB468_BREAST,BREAST,5394,Temozolomide,6.214620113372803,7.214247703552246
ACH-000849,MDA-MB-468,MDAMB468_BREAST,BREAST,5460769,Bleomycin (50 uM),3.3071470260620117,3.4807565212249756
ACH-000849,MDA-MB-468,MDAMB468_BREAST,BREAST,49846579,Venotoclax,2.173607110977173,2.8695151805877686
ACH-000849,MDA-MB-468,MDAMB468_BREAST,BREAST,11228183,ABT737,2.327575922012329,2.4662039279937744
ACH-000849,MDA-MB-468,MDAMB468_BREAST,BREAST,46843057,Afuresertib,1.4359029531478882,2.9785265922546387
ACH-000849,MDA-MB-468,MDAMB468_BREAST,BREAST,56645356,AGI-5198,3.63246488571167,4.9776225090026855
ACH-000849,MDA-MB-468,MDAMB468_BREAST,BREAST,78209992,AZD3759,1.116137981414795,2.331570625305176
ACH-000849,MDA-MB-468,MDAMB468_BREAST,BREAST,54761306,AZD6738,1.6660209894180298,2.496849536895752
ACH-000849,MDA-MB-468,MDAMB468_BREAST,BREAST,52913813,AZD8186,2.093445062637329,3.458735227584839
ACH-000849,MDA-MB-468,MDAMB468_BREAST,BREAST,71496458,Osimertinib,0.6767550110816956,1.60080087184906
ACH-000849,MDA-MB-468,MDAMB468_BREAST,BREAST,9933475,Cediranib,1.8893870115280151,2.410226821899414
ACH-000849,MDA-MB-468,MDAMB468_BREAST,BREAST,24788740,Ipatasertib,2.9227380752563477,3.887988805770874
ACH-000849,MDA-MB-468,MDAMB468_BREAST,BREAST,56941241,GDC0810,5.2194647789001465,5.341113567352295
ACH-000849,MDA-MB-468,MDAMB468_BREAST,BREAST,70676303,GNE-317,0.4892989993095398,0.8039523363113403
ACH-000849,MDA-MB-468,MDAMB468_BREAST,BREAST,68107965,GSK2578215A,4.719030857086182,5.231152534484863
ACH-000849,MDA-MB-468,MDAMB468_BREAST,BREAST,91668541,I-BRD9,4.075930118560791,4.925331115722656
ACH-000849,MDA-MB-468,MDAMB468_BREAST,BREAST,10385095,Telomerase Inhibitor IX,0.37372100353240967,1.0387989282608032
ACH-000849,MDA-MB-468,MDAMB468_BREAST,BREAST,227681,MIRA-1,5.797643184661865,6.12791633605957
ACH-000849,MDA-MB-468,MDAMB468_BREAST,BREAST,9825149,NVP-ADW742,4.417919158935547,3.3235344886779785
ACH-000849,MDA-MB-468,MDAMB468_BREAST,BREAST,46931953,P22077,3.563124895095825,4.983828544616699
ACH-000849,MDA-MB-468,MDAMB468_BREAST,BREAST,68289010,Savolitinib,3.224276065826416,2.7755682468414307
ACH-000849,MDA-MB-468,MDAMB468_BREAST,BREAST,992586,UMI-77,1.8237370252609253,3.002058506011963
ACH-000849,MDA-MB-468,MDAMB468_BREAST,BREAST,2984337,WIKI4,3.8544509410858154,3.844407796859741
ACH-000849,MDA-MB-468,MDAMB468_BREAST,BREAST,11178236,Sepantronium bromide,-5.986108779907227,-4.741569995880127
ACH-000849,MDA-MB-468,MDAMB468_BREAST,BREAST,71297207,WEHI-539,1.5298290252685547,3.848660945892334
ACH-000849,MDA-MB-468,MDAMB468_BREAST,BREAST,104842,SN-38,-4.767292022705078,-3.662813901901245
ACH-000849,MDA-MB-468,MDAMB468_BREAST,BREAST,25126798,Ruxolitinib,5.505949974060059,5.339402675628662
ACH-000849,MDA-MB-468,MDAMB468_BREAST,BREAST,11640390,Linsitinib,3.4924609661102295,4.205379486083984
ACH-000849,MDA-MB-468,MDAMB468_BREAST,BREAST,41867,Epirubicin,-1.1470190286636353,-0.1750948131084442
ACH-000849,MDA-MB-468,MDAMB468_BREAST,BREAST,2907,Cyclophosphamide,4.565866947174072,5.662683486938477
ACH-000849,MDA-MB-468,MDAMB468_BREAST,BREAST,24360,Camptothecin,-2.5123000144958496,-1.8570274114608765
ACH-000849,MDA-MB-468,MDAMB468_BREAST,BREAST,6710780,Vinblastine,-4.322446823120117,-2.8717472553253174
ACH-000849,MDA-MB-468,MDAMB468_BREAST,BREAST,84691,Cisplatin,1.3304389715194702,3.3405115604400635
ACH-000849,MDA-MB-468,MDAMB468_BREAST,BREAST,6253,Cytarabine,3.810159921646118,2.648441791534424
ACH-000849,MDA-MB-468,MDAMB468_BREAST,BREAST,148124,Docetaxel,-5.435885906219482,-4.352756500244141
ACH-000849,MDA-MB-468,MDAMB468_BREAST,BREAST,126941,Methotrexate,3.1455891132354736,1.1409717798233032
ACH-000849,MDA-MB-468,MDAMB468_BREAST,BREAST,123631,Gefitinib,1.8293639421463013,2.8327274322509766
ACH-000849,MDA-MB-468,MDAMB468_BREAST,BREAST,24978538,Navitoclax,1.2879559993743896,2.250074625015259
ACH-000849,MDA-MB-468,MDAMB468_BREAST,BREAST,5311,Vorinostat,1.6399619579315186,1.9471416473388672
ACH-000849,MDA-MB-468,MDAMB468_BREAST,BREAST,644241,Nilotinib,1.777912974357605,4.145603179931641
ACH-000849,MDA-MB-468,MDAMB468_BREAST,BREAST,44182295,Refametinib,2.3905069828033447,2.1186327934265137
ACH-000849,MDA-MB-468,MDAMB468_BREAST,BREAST,6918289,Temsirolimus,0.43017101287841797,1.5049160718917847
ACH-000849,MDA-MB-468,MDAMB468_BREAST,BREAST,23725625,Olaparib,3.507194995880127,4.932389259338379
ACH-000849,MDA-MB-468,MDAMB468_BREAST,BREAST,11960529,Veliparib,4.916082859039307,5.749255180358887
ACH-000849,MDA-MB-468,MDAMB468_BREAST,BREAST,5328940,Bosutinib,2.2582030296325684,3.04130220413208
ACH-000849,MDA-MB-468,MDAMB468_BREAST,BREAST,216326,Lenalidomide,5.130241870880127,5.808873653411865
ACH-000849,MDA-MB-468,MDAMB468_BREAST,BREAST,6450551,Axitinib,0.8697829842567444,3.608797788619995
ACH-000849,MDA-MB-468,MDAMB468_BREAST,BREAST,11152667,AZD7762,0.33257099986076355,0.864946722984314
ACH-000849,MDA-MB-468,MDAMB468_BREAST,BREAST,9943465,GW441756,2.5366199016571045,3.6383957862854004
ACH-000699,HCC1395,HCC1395_BREAST,BREAST,126565,Lestaurtinib,-1.0512919425964355,0.5382101535797119
ACH-000699,HCC1395,HCC1395_BREAST,BREAST,176158,SB216763,6.180875778198242,5.355155944824219
ACH-000699,HCC1395,HCC1395_BREAST,BREAST,6505803,Tanespimycin,1.1317030191421509,-0.4012761414051056
ACH-000699,HCC1395,HCC1395_BREAST,BREAST,5311497,Vinorelbine,-3.376163959503174,-2.9051742553710938
ACH-000699,HCC1395,HCC1395_BREAST,BREAST,11667893,Motesanib,5.937499046325684,5.8791632652282715
ACH-000699,HCC1395,HCC1395_BREAST,BREAST,5278396,KU-55933,3.9417340755462646,5.357381343841553
ACH-000699,HCC1395,HCC1395_BREAST,BREAST,10184653,Afatinib,1.9388649463653564,1.6643426418304443
ACH-000699,HCC1395,HCC1395_BREAST,BREAST,24776445,Vismodegib,4.393284797668457,5.2722954750061035
ACH-000699,HCC1395,HCC1395_BREAST,BREAST,24180719,PLX-4720,4.233139991760254,4.790131092071533
ACH-000699,HCC1395,HCC1395_BREAST,BREAST,11327430,NU7441,2.4664359092712402,3.1281075477600098
ACH-000699,HCC1395,HCC1395_BREAST,BREAST,16720766,Pevonedistat,3.128329038619995,0.9856903553009033
ACH-000699,HCC1395,HCC1395_BREAST,BREAST,11488320,Sapitinib,4.194860935211182,3.3978137969970703
ACH-000699,HCC1395,HCC1395_BREAST,BREAST,156422,Doramapimod,5.471036911010742,5.410078048706055
ACH-000699,HCC1395,HCC1395_BREAST,BREAST,11624601,JNK Inhibitor VIII,5.7116289138793945,5.483854293823242
ACH-000699,HCC1395,HCC1395_BREAST,BREAST,51042438,Uprosertib,1.863163948059082,2.5275259017944336
ACH-000699,HCC1395,HCC1395_BREAST,BREAST,10384072,Wee1 Inhibitor,0.8333560228347778,2.1077499389648438
ACH-000699,HCC1395,HCC1395_BREAST,BREAST,11433190,Nutlin-3a (-),4.876951217651367,4.831709384918213
ACH-000699,HCC1395,HCC1395_BREAST,BREAST,208908,Lapatinib,2.143923044204712,3.1116554737091064
ACH-000699,HCC1395,HCC1395_BREAST,BREAST,1401,PD173074,1.7515549659729004,3.8783254623413086
ACH-000699,HCC1395,HCC1395_BREAST,BREAST,9914412,ZM447439,2.2145540714263916,2.78198504447937
ACH-000699,HCC1395,HCC1395_BREAST,BREAST,24771867,Alisertib,3.053199052810669,2.1136269569396973
ACH-000699,HCC1395,HCC1395_BREAST,BREAST,56649450,Alpelisib,3.5524070262908936,2.947300910949707
ACH-000699,HCC1395,HCC1395_BREAST,BREAST,46930998,MK-2206,1.302306056022644,2.401963710784912
ACH-000699,HCC1395,HCC1395_BREAST,BREAST,5330286,Palbociclib,3.414794921875,3.8042612075805664
ACH-000699,HCC1395,HCC1395_BREAST,BREAST,51001932,Taselisib,2.0673859119415283,1.0844539403915405
ACH-000699,HCC1395,HCC1395_BREAST,BREAST,57345410,EPZ5676,5.835206985473633,5.939407825469971
ACH-000699,HCC1395,HCC1395_BREAST,BREAST,11977753,Dactolisib,-1.3683710098266602,-1.8055508136749268
ACH-000699,HCC1395,HCC1395_BREAST,BREAST,17755052,Pictilisib,0.47005999088287354,0.38116976618766785
ACH-000699,HCC1395,HCC1395_BREAST,BREAST,25262965,AZD8055,-0.33009400963783264,-0.26052960753440857
ACH-000699,HCC1395,HCC1395_BREAST,BREAST,9826528,PD0325901,2.9844400882720947,2.79392409324646
ACH-000699,HCC1395,HCC1395_BREAST,BREAST,24866313,SCH772984,3.1666059494018555,3.6681301593780518
ACH-000699,HCC1395,HCC1395_BREAST,BREAST,10127622,Selumetinib,4.46466588973999,4.280707359313965
ACH-000699,HCC1395,HCC1395_BREAST,BREAST,9927531,BIBR-1532,5.072102069854736,5.369648456573486
ACH-000699,HCC1395,HCC1395_BREAST,BREAST,2314623,CCT007093,5.221230983734131,5.547253608703613
ACH-000699,HCC1395,HCC1395_BREAST,BREAST,11404337,Obatoclax Mesylate,0.5377129912376404,0.40602320432662964
ACH-000699,HCC1395,HCC1395_BREAST,BREAST,9938202,EHT-1864,3.3172309398651123,3.857692241668701
ACH-000699,HCC1395,HCC1395_BREAST,BREAST,25227847,Pyridostatin,3.8841710090637207,3.7887930870056152
ACH-000699,HCC1395,HCC1395_BREAST,BREAST,46883536,Avagacestat,3.243835926055908,5.10299015045166
ACH-000699,HCC1395,HCC1395_BREAST,BREAST,3385,5-Fluorouracil,6.097848892211914,4.814337253570557
ACH-000699,HCC1395,HCC1395_BREAST,BREAST,68947304,AMG-319,2.9473040103912354,4.987367153167725
ACH-000699,HCC1395,HCC1395_BREAST,BREAST,11634725,VX-11e,3.1037120819091797,3.4573287963867188
ACH-000699,HCC1395,HCC1395_BREAST,BREAST,16224745,MK-8776,0.4385559856891632,3.4250595569610596
ACH-000699,HCC1395,HCC1395_BREAST,BREAST,3062316,Dasatinib,0.8679540157318115,0.03294847160577774
ACH-000699,HCC1395,HCC1395_BREAST,BREAST,36314,Paclitaxel,-2.801604986190796,-2.961179494857788
ACH-000699,HCC1395,HCC1395_BREAST,BREAST,4261,Entinostat,2.353890895843506,2.398642063140869
ACH-000699,HCC1395,HCC1395_BREAST,BREAST,11626560,Crizotinib,2.483367919921875,2.8624703884124756
ACH-000699,HCC1395,HCC1395_BREAST,BREAST,118704762,LJI308,6.0386061668396,5.423635005950928
ACH-000699,HCC1395,HCC1395_BREAST,BREAST,216239,Sorafenib,2.4647960662841797,2.726289987564087
ACH-000699,HCC1395,HCC1395_BREAST,BREAST,11364421,BI-2536,0.7754549980163574,-1.2350198030471802
ACH-000699,HCC1395,HCC1395_BREAST,BREAST,46926973,LGK974,4.080088138580322,4.6247687339782715
ACH-000699,HCC1395,HCC1395_BREAST,BREAST,60838,Irinotecan,2.56870698928833,2.9039125442504883
ACH-000699,HCC1395,HCC1395_BREAST,BREAST,5310940,Oxaliplatin,5.5606489181518555,4.36198616027832
ACH-000699,HCC1395,HCC1395_BREAST,BREAST,117072552,GSK591,4.115437984466553,4.6864848136901855
ACH-000699,HCC1395,HCC1395_BREAST,BREAST,51000408,VE821,2.467782974243164,4.177868843078613
ACH-000699,HCC1395,HCC1395_BREAST,BREAST,25124816,GSK1904529A,3.319272994995117,4.637598514556885
ACH-000699,HCC1395,HCC1395_BREAST,BREAST,5494449,Tozasertib,2.021634101867676,2.750211477279663
ACH-000699,HCC1395,HCC1395_BREAST,BREAST,44631912,Ribociclib,3.231520891189575,3.9270858764648438
ACH-000699,HCC1395,HCC1395_BREAST,BREAST,51371303,PF-4708671,3.188922882080078,3.8266589641571045
ACH-000699,HCC1395,HCC1395_BREAST,BREAST,11609586,Serdemetan,3.2627971172332764,4.030136585235596
ACH-000699,HCC1395,HCC1395_BREAST,BREAST,44137675,AZD6482,1.8973770141601562,3.6315882205963135
ACH-000699,HCC1395,HCC1395_BREAST,BREAST,42642645,Foretinib,0.6682189702987671,1.0829353332519531
ACH-000699,HCC1395,HCC1395_BREAST,BREAST,46907787,JQ1,3.740983009338379,2.166066884994507
ACH-000699,HCC1395,HCC1395_BREAST,BREAST,11455910,TW 37,1.828112006187439,1.7241880893707275
ACH-000699,HCC1395,HCC1395_BREAST,BREAST,71271629,PFI-1,5.027643203735352,4.05807638168335
ACH-000699,HCC1395,HCC1395_BREAST,BREAST,56962337,SGC0946,1.6523480415344238,2.185962438583374
ACH-000699,HCC1395,HCC1395_BREAST,BREAST,176870,Erlotinib,3.4425859451293945,2.8755013942718506
ACH-000699,HCC1395,HCC1395_BREAST,BREAST,9931953,Rucaparib,3.663857936859131,4.30763053894043
ACH-000699,HCC1395,HCC1395_BREAST,BREAST,24856436,MK-1775,0.14211399853229523,0.5216565132141113
ACH-000699,HCC1395,HCC1395_BREAST,BREAST,60750,Gemcitabine,4.441917896270752,-0.4379567801952362
ACH-000699,HCC1395,HCC1395_BREAST,BREAST,387447,Bortezomib,-4.833890914916992,-5.284692764282227
ACH-000699,HCC1395,HCC1395_BREAST,BREAST,16095342,GSK269962A,2.2415659427642822,2.737919807434082
ACH-000699,HCC1395,HCC1395_BREAST,BREAST,2733526,Tamoxifen,2.4679551124572754,4.07936954498291
ACH-000699,HCC1395,HCC1395_BREAST,BREAST,104741,Fulvestrant,2.814394950866699,3.3650145530700684
ACH-000699,HCC1395,HCC1395_BREAST,BREAST,56962336,EPZ004777,4.892899036407471,5.556459426879883
ACH-000699,HCC1395,HCC1395_BREAST,BREAST,44632017,YK-4-279,2.485776901245117,2.3309528827667236
ACH-000699,HCC1395,HCC1395_BREAST,BREAST,6914657,Daporinad,2.0948638916015625,-3.7017667293548584
ACH-000699,HCC1395,HCC1395_BREAST,BREAST,51039095,AZD4547,0.5225369930267334,3.296940803527832
ACH-000699,HCC1395,HCC1395_BREAST,BREAST,70983932,GSK2830371,4.911410808563232,5.821374416351318
ACH-000699,HCC1395,HCC1395_BREAST,BREAST,462382,MG-132,-0.21688500046730042,-1.2585235834121704
ACH-000699,HCC1395,HCC1395_BREAST,BREAST,11707110,Trametinib,1.3020299673080444,1.6042816638946533
ACH-000699,HCC1395,HCC1395_BREAST,BREAST,44462760,Dabrafenib,5.67706298828125,4.881527900695801
ACH-000699,HCC1395,HCC1395_BREAST,BREAST,5394,Temozolomide,7.428696155548096,6.90038537979126
ACH-000699,HCC1395,HCC1395_BREAST,BREAST,5460769,Bleomycin (50 uM),1.3868080377578735,3.376795768737793
ACH-000699,HCC1395,HCC1395_BREAST,BREAST,49846579,Venotoclax,2.763072967529297,2.9830565452575684
ACH-000699,HCC1395,HCC1395_BREAST,BREAST,11228183,ABT737,3.2880430221557617,2.7181825637817383
ACH-000699,HCC1395,HCC1395_BREAST,BREAST,46843057,Afuresertib,0.7128679752349854,2.1337852478027344
ACH-000699,HCC1395,HCC1395_BREAST,BREAST,56645356,AGI-5198,4.217601776123047,4.98866605758667
ACH-000699,HCC1395,HCC1395_BREAST,BREAST,78209992,AZD3759,3.1310319900512695,2.5349111557006836
ACH-000699,HCC1395,HCC1395_BREAST,BREAST,54761306,AZD6738,0.9288079738616943,2.3182201385498047
ACH-000699,HCC1395,HCC1395_BREAST,BREAST,52913813,AZD8186,1.6201280355453491,2.545680046081543
ACH-000699,HCC1395,HCC1395_BREAST,BREAST,71496458,Osimertinib,2.6098670959472656,1.7996766567230225
ACH-000699,HCC1395,HCC1395_BREAST,BREAST,9933475,Cediranib,0.8657240271568298,2.2788615226745605
ACH-000699,HCC1395,HCC1395_BREAST,BREAST,24788740,Ipatasertib,1.6670869588851929,2.92404842376709
ACH-000699,HCC1395,HCC1395_BREAST,BREAST,56941241,GDC0810,5.805614948272705,5.355361461639404
ACH-000699,HCC1395,HCC1395_BREAST,BREAST,70676303,GNE-317,1.0975420475006104,0.1765316128730774
ACH-000699,HCC1395,HCC1395_BREAST,BREAST,68107965,GSK2578215A,5.810119152069092,5.2654290199279785
ACH-000699,HCC1395,HCC1395_BREAST,BREAST,91668541,I-BRD9,4.7446441650390625,4.547107696533203
ACH-000699,HCC1395,HCC1395_BREAST,BREAST,10385095,Telomerase Inhibitor IX,1.111199975013733,0.7733696699142456
ACH-000699,HCC1395,HCC1395_BREAST,BREAST,227681,MIRA-1,6.17471981048584,5.830185413360596
ACH-000699,HCC1395,HCC1395_BREAST,BREAST,9825149,NVP-ADW742,1.934056043624878,3.0126590728759766
ACH-000699,HCC1395,HCC1395_BREAST,BREAST,46931953,P22077,5.832004070281982,4.811142921447754
ACH-000699,HCC1395,HCC1395_BREAST,BREAST,68289010,Savolitinib,3.275705099105835,2.8148550987243652
ACH-000699,HCC1395,HCC1395_BREAST,BREAST,992586,UMI-77,4.132305145263672,3.237858533859253
ACH-000699,HCC1395,HCC1395_BREAST,BREAST,2984337,WIKI4,3.418782949447632,3.8067383766174316
ACH-000699,HCC1395,HCC1395_BREAST,BREAST,11178236,Sepantronium bromide,-2.2894210815429688,-4.865446090698242
ACH-000699,HCC1395,HCC1395_BREAST,BREAST,71297207,WEHI-539,5.09651517868042,3.8187084197998047
ACH-000699,HCC1395,HCC1395_BREAST,BREAST,104842,SN-38,-4.064560890197754,-3.0101397037506104
ACH-000699,HCC1395,HCC1395_BREAST,BREAST,11640390,Linsitinib,4.05485200881958,4.094483852386475
ACH-000699,HCC1395,HCC1395_BREAST,BREAST,41867,Epirubicin,1.4885950088500977,-0.7484959363937378
ACH-000699,HCC1395,HCC1395_BREAST,BREAST,2907,Cyclophosphamide,5.4578938484191895,5.619752407073975
ACH-000699,HCC1395,HCC1395_BREAST,BREAST,24360,Camptothecin,-2.2554070949554443,-1.9236133098602295
ACH-000699,HCC1395,HCC1395_BREAST,BREAST,6710780,Vinblastine,-5.1074371337890625,-3.486109733581543
ACH-000699,HCC1395,HCC1395_BREAST,BREAST,84691,Cisplatin,2.9168410301208496,3.4762394428253174
ACH-000699,HCC1395,HCC1395_BREAST,BREAST,6253,Cytarabine,3.470050096511841,2.3832273483276367
ACH-000699,HCC1395,HCC1395_BREAST,BREAST,148124,Docetaxel,-4.256649017333984,-4.779236316680908
ACH-000699,HCC1395,HCC1395_BREAST,BREAST,126941,Methotrexate,2.419421911239624,0.5317957401275635
ACH-000699,HCC1395,HCC1395_BREAST,BREAST,123631,Gefitinib,3.8710200786590576,3.25128173828125
ACH-000699,HCC1395,HCC1395_BREAST,BREAST,24978538,Navitoclax,3.428476095199585,2.678053379058838
ACH-000699,HCC1395,HCC1395_BREAST,BREAST,5311,Vorinostat,2.7585220336914062,1.9236183166503906
ACH-000699,HCC1395,HCC1395_BREAST,BREAST,644241,Nilotinib,2.6193830966949463,3.615687370300293
ACH-000699,HCC1395,HCC1395_BREAST,BREAST,44182295,Refametinib,2.899188995361328,3.172807455062866
ACH-000699,HCC1395,HCC1395_BREAST,BREAST,6918289,Temsirolimus,0.918175995349884,0.5283850431442261
ACH-000699,HCC1395,HCC1395_BREAST,BREAST,23725625,Olaparib,3.4972128868103027,4.7406086921691895
ACH-000699,HCC1395,HCC1395_BREAST,BREAST,11960529,Veliparib,4.078108787536621,5.6135478019714355
ACH-000699,HCC1395,HCC1395_BREAST,BREAST,5328940,Bosutinib,2.1389079093933105,2.653215169906616
ACH-000699,HCC1395,HCC1395_BREAST,BREAST,216326,Lenalidomide,5.20674991607666,5.650134563446045
ACH-000699,HCC1395,HCC1395_BREAST,BREAST,6450551,Axitinib,2.1741011142730713,3.3302040100097656
ACH-000699,HCC1395,HCC1395_BREAST,BREAST,11152667,AZD7762,-2.3250560760498047,0.3191615045070648
ACH-000699,HCC1395,HCC1395_BREAST,BREAST,9943465,GW441756,3.9783339500427246,3.6068224906921387
ACH-000277,HCC1419,HCC1419_BREAST,BREAST,126565,Lestaurtinib,1.2427090406417847,0.6658408641815186
ACH-000277,HCC1419,HCC1419_BREAST,BREAST,176158,SB216763,4.812346935272217,5.448702335357666
ACH-000277,HCC1419,HCC1419_BREAST,BREAST,6505803,Tanespimycin,-1.1346369981765747,-0.33637750148773193
ACH-000277,HCC1419,HCC1419_BREAST,BREAST,5311497,Vinorelbine,0.939706027507782,-2.9252946376800537
ACH-000277,HCC1419,HCC1419_BREAST,BREAST,11667893,Motesanib,5.168060779571533,5.961359024047852
ACH-000277,HCC1419,HCC1419_BREAST,BREAST,5278396,KU-55933,4.269451141357422,5.474354267120361
ACH-000277,HCC1419,HCC1419_BREAST,BREAST,24776445,Vismodegib,4.782930850982666,5.265288829803467
ACH-000277,HCC1419,HCC1419_BREAST,BREAST,24180719,PLX-4720,5.484396934509277,5.121168613433838
ACH-000277,HCC1419,HCC1419_BREAST,BREAST,11327430,NU7441,3.3296539783477783,2.9176785945892334
ACH-000277,HCC1419,HCC1419_BREAST,BREAST,16720766,Pevonedistat,2.1383440494537354,0.6895215511322021
ACH-000277,HCC1419,HCC1419_BREAST,BREAST,11488320,Sapitinib,1.6481529474258423,3.5312108993530273
ACH-000277,HCC1419,HCC1419_BREAST,BREAST,156422,Doramapimod,2.54597806930542,5.388266086578369
ACH-000277,HCC1419,HCC1419_BREAST,BREAST,51042438,Uprosertib,2.129307985305786,2.0697710514068604
ACH-000277,HCC1419,HCC1419_BREAST,BREAST,24737642,LCL161,5.54942512512207,5.231365203857422
ACH-000277,HCC1419,HCC1419_BREAST,BREAST,10384072,Wee1 Inhibitor,2.8374550342559814,1.799580454826355
ACH-000277,HCC1419,HCC1419_BREAST,BREAST,11433190,Nutlin-3a (-),4.867273807525635,5.092728137969971
ACH-000277,HCC1419,HCC1419_BREAST,BREAST,208908,Lapatinib,1.2382080554962158,2.8251307010650635
ACH-000277,HCC1419,HCC1419_BREAST,BREAST,1401,PD173074,3.949381113052368,3.7133703231811523
ACH-000277,HCC1419,HCC1419_BREAST,BREAST,9914412,ZM447439,2.903140068054199,2.3338708877563477
ACH-000277,HCC1419,HCC1419_BREAST,BREAST,24771867,Alisertib,5.201396942138672,1.956429362297058
ACH-000277,HCC1419,HCC1419_BREAST,BREAST,56649450,Alpelisib,4.202484130859375,2.512293577194214
ACH-000277,HCC1419,HCC1419_BREAST,BREAST,46930998,MK-2206,2.517314910888672,2.0709903240203857
ACH-000277,HCC1419,HCC1419_BREAST,BREAST,5330286,Palbociclib,3.8350539207458496,3.5797150135040283
ACH-000277,HCC1419,HCC1419_BREAST,BREAST,51001932,Taselisib,3.2329530715942383,0.9168431758880615
ACH-000277,HCC1419,HCC1419_BREAST,BREAST,57345410,EPZ5676,5.648317813873291,6.033668518066406
ACH-000277,HCC1419,HCC1419_BREAST,BREAST,11977753,Dactolisib,-0.32158198952674866,-1.3651371002197266
ACH-000277,HCC1419,HCC1419_BREAST,BREAST,17755052,Pictilisib,1.9324209690093994,0.644556999206543
ACH-000277,HCC1419,HCC1419_BREAST,BREAST,25262965,AZD8055,0.41769200563430786,0.052504777908325195
ACH-000277,HCC1419,HCC1419_BREAST,BREAST,9826528,PD0325901,3.669222116470337,2.384208917617798
ACH-000277,HCC1419,HCC1419_BREAST,BREAST,24866313,SCH772984,3.1892590522766113,3.1248204708099365
ACH-000277,HCC1419,HCC1419_BREAST,BREAST,10127622,Selumetinib,4.869537830352783,4.014002799987793
ACH-000277,HCC1419,HCC1419_BREAST,BREAST,9927531,BIBR-1532,4.089416980743408,5.395969390869141
ACH-000277,HCC1419,HCC1419_BREAST,BREAST,2155128,IWP-2,2.9275760650634766,2.7502546310424805
ACH-000277,HCC1419,HCC1419_BREAST,BREAST,3899,Leflunomide,5.482254981994629,5.435232639312744
ACH-000277,HCC1419,HCC1419_BREAST,BREAST,2314623,CCT007093,5.401237964630127,5.6592583656311035
ACH-000277,HCC1419,HCC1419_BREAST,BREAST,11404337,Obatoclax Mesylate,2.758228063583374,0.6665306091308594
ACH-000277,HCC1419,HCC1419_BREAST,BREAST,9938202,EHT-1864,2.423743963241577,3.5581681728363037
ACH-000277,HCC1419,HCC1419_BREAST,BREAST,25227847,Pyridostatin,3.248070001602173,3.328928232192993
ACH-000277,HCC1419,HCC1419_BREAST,BREAST,46883536,Avagacestat,3.4580800533294678,5.061020374298096
ACH-000277,HCC1419,HCC1419_BREAST,BREAST,3385,5-Fluorouracil,6.449566841125488,4.420914173126221
ACH-000277,HCC1419,HCC1419_BREAST,BREAST,68947304,AMG-319,5.182077884674072,5.242239475250244
ACH-000277,HCC1419,HCC1419_BREAST,BREAST,11634725,VX-11e,4.4858717918396,3.1520915031433105
ACH-000277,HCC1419,HCC1419_BREAST,BREAST,16224745,MK-8776,3.098675012588501,3.0526957511901855
ACH-000277,HCC1419,HCC1419_BREAST,BREAST,3062316,Dasatinib,4.011488914489746,2.860353708267212
ACH-000277,HCC1419,HCC1419_BREAST,BREAST,36314,Paclitaxel,1.3049579858779907,-2.866497039794922
ACH-000277,HCC1419,HCC1419_BREAST,BREAST,4261,Entinostat,2.7788889408111572,1.9011037349700928
ACH-000277,HCC1419,HCC1419_BREAST,BREAST,11626560,Crizotinib,5.208105087280273,2.403963327407837
ACH-000277,HCC1419,HCC1419_BREAST,BREAST,118704762,LJI308,5.520662784576416,5.4601216316223145
ACH-000277,HCC1419,HCC1419_BREAST,BREAST,216239,Sorafenib,1.9686009883880615,2.437592029571533
ACH-000277,HCC1419,HCC1419_BREAST,BREAST,11364421,BI-2536,3.84928297996521,-1.6841009855270386
ACH-000277,HCC1419,HCC1419_BREAST,BREAST,46926973,LGK974,3.4870240688323975,4.192338943481445
ACH-000277,HCC1419,HCC1419_BREAST,BREAST,60838,Irinotecan,4.0863728523254395,2.5295305252075195
ACH-000277,HCC1419,HCC1419_BREAST,BREAST,5310940,Oxaliplatin,4.914632797241211,3.5029261112213135
ACH-000277,HCC1419,HCC1419_BREAST,BREAST,117072552,GSK591,4.874271869659424,4.655769348144531
ACH-000277,HCC1419,HCC1419_BREAST,BREAST,51000408,VE821,5.450844764709473,3.837498188018799
ACH-000277,HCC1419,HCC1419_BREAST,BREAST,25124816,GSK1904529A,3.5271389484405518,4.3277106285095215
ACH-000277,HCC1419,HCC1419_BREAST,BREAST,5494449,Tozasertib,5.307942867279053,1.6394850015640259
ACH-000277,HCC1419,HCC1419_BREAST,BREAST,59472121,VE-822,3.66611909866333,3.0265464782714844
ACH-000277,HCC1419,HCC1419_BREAST,BREAST,72200024,WZ4003,4.598179817199707,4.230758190155029
ACH-000277,HCC1419,HCC1419_BREAST,BREAST,42623951,CZC24832,5.097646236419678,5.6550397872924805
ACH-000277,HCC1419,HCC1419_BREAST,BREAST,49847690,AZD5582,1.3446060419082642,2.0941481590270996
ACH-000277,HCC1419,HCC1419_BREAST,BREAST,53469448,GSK2606414,3.4264910221099854,3.8382840156555176
ACH-000277,HCC1419,HCC1419_BREAST,BREAST,78243717,PFI3,4.240482807159424,5.8822021484375
ACH-000277,HCC1419,HCC1419_BREAST,BREAST,24753719,PCI-34051,4.943272113800049,4.664738655090332
ACH-000277,HCC1419,HCC1419_BREAST,BREAST,57519544,Wnt-C59,4.139123916625977,4.3695068359375
ACH-000277,HCC1419,HCC1419_BREAST,BREAST,46943432,I-BET-762,4.400660037994385,2.99928879737854
ACH-000277,HCC1419,HCC1419_BREAST,BREAST,9936746,OTX015,5.019031047821045,2.3330047130584717
ACH-000277,HCC1419,HCC1419_BREAST,BREAST,71268957,GSK343,2.0472888946533203,2.819437026977539
ACH-000277,HCC1419,HCC1419_BREAST,BREAST,60167849,ML323,2.9883079528808594,4.645809173583984
ACH-000277,HCC1419,HCC1419_BREAST,BREAST,59473233,Entospletinib,4.623523235321045,3.779641628265381
ACH-000277,HCC1419,HCC1419_BREAST,BREAST,44462758,PRT062607,3.9340150356292725,2.993114709854126
ACH-000277,HCC1419,HCC1419_BREAST,BREAST,44631912,Ribociclib,3.7372469902038574,3.654911756515503
ACH-000277,HCC1419,HCC1419_BREAST,BREAST,71299339,AGI-6780,3.0195488929748535,4.371970176696777
ACH-000277,HCC1419,HCC1419_BREAST,BREAST,1018,Picolinici-acid,4.595047950744629,5.757462024688721
ACH-000277,HCC1419,HCC1419_BREAST,BREAST,51371303,PF-4708671,4.821193218231201,3.5330734252929688
ACH-000277,HCC1419,HCC1419_BREAST,BREAST,52918385,PRIMA-1MET,6.648036956787109,4.777286529541016
ACH-000277,HCC1419,HCC1419_BREAST,BREAST,11609586,Serdemetan,3.493025064468384,3.7662007808685303
ACH-000277,HCC1419,HCC1419_BREAST,BREAST,44137675,AZD6482,4.324026107788086,3.5374279022216797
ACH-000277,HCC1419,HCC1419_BREAST,BREAST,42642645,Foretinib,4.535449981689453,1.1593581438064575
ACH-000277,HCC1419,HCC1419_BREAST,BREAST,46907787,JQ1,4.608853816986084,2.1183524131774902
ACH-000277,HCC1419,HCC1419_BREAST,BREAST,71271629,PFI-1,5.494411945343018,3.9266083240509033
ACH-000277,HCC1419,HCC1419_BREAST,BREAST,56962337,SGC0946,0.6822999715805054,2.0878448486328125
ACH-000277,HCC1419,HCC1419_BREAST,BREAST,176870,Erlotinib,2.5787179470062256,2.7883083820343018
ACH-000277,HCC1419,HCC1419_BREAST,BREAST,9931953,Rucaparib,3.6982131004333496,4.044469833374023
ACH-000277,HCC1419,HCC1419_BREAST,BREAST,24958200,Niraparib,5.525609016418457,4.575347423553467
ACH-000277,HCC1419,HCC1419_BREAST,BREAST,24856436,MK-1775,3.220674991607666,0.6647064685821533
ACH-000277,HCC1419,HCC1419_BREAST,BREAST,46926350,Dinaciclib,0.21731999516487122,-2.4930942058563232
ACH-000277,HCC1419,HCC1419_BREAST,BREAST,60750,Gemcitabine,4.773775100708008,-0.5161223411560059
ACH-000277,HCC1419,HCC1419_BREAST,BREAST,387447,Bortezomib,-4.3138041496276855,-5.292261123657227
ACH-000277,HCC1419,HCC1419_BREAST,BREAST,16095342,GSK269962A,3.185378074645996,2.1440484523773193
ACH-000277,HCC1419,HCC1419_BREAST,BREAST,2733526,Tamoxifen,3.3371150493621826,3.79547119140625
ACH-000277,HCC1419,HCC1419_BREAST,BREAST,104741,Fulvestrant,3.1502490043640137,3.0439515113830566
ACH-000277,HCC1419,HCC1419_BREAST,BREAST,56962336,EPZ004777,5.703492164611816,5.644033432006836
ACH-000277,HCC1419,HCC1419_BREAST,BREAST,44632017,YK-4-279,6.242571830749512,1.8711023330688477
ACH-000277,HCC1419,HCC1419_BREAST,BREAST,9813758,BMS-345541,5.153470993041992,2.7904906272888184
ACH-000277,HCC1419,HCC1419_BREAST,BREAST,25099184,AZ960,5.483863830566406,2.0069944858551025
ACH-000277,HCC1419,HCC1419_BREAST,BREAST,51039095,AZD4547,1.0780580043792725,2.841005802154541
ACH-000277,HCC1419,HCC1419_BREAST,BREAST,70983932,GSK2830371,5.505014896392822,5.899820327758789
ACH-000277,HCC1419,HCC1419_BREAST,BREAST,46236925,Sabutoclax,-0.5584549903869629,0.02566322684288025
ACH-000277,HCC1419,HCC1419_BREAST,BREAST,11655119,LY2109761,4.759087085723877,5.395173072814941
ACH-000277,HCC1419,HCC1419_BREAST,BREAST,35397514,OF-1,3.629683017730713,4.208349227905273
ACH-000277,HCC1419,HCC1419_BREAST,BREAST,2802462,MN-64,4.48757791519165,5.018733978271484
ACH-000277,HCC1419,HCC1419_BREAST,BREAST,73555129,KRAS (G12C) Inhibitor-12,4.184790134429932,4.621096134185791
ACH-000277,HCC1419,HCC1419_BREAST,BREAST,462382,MG-132,-0.48813000321388245,-1.099759578704834
ACH-000277,HCC1419,HCC1419_BREAST,BREAST,11707110,Trametinib,2.1611480712890625,1.4667054414749146
ACH-000277,HCC1419,HCC1419_BREAST,BREAST,44462760,Dabrafenib,5.83202600479126,5.1673054695129395
ACH-000277,HCC1419,HCC1419_BREAST,BREAST,5394,Temozolomide,7.1587700843811035,7.294315338134766
ACH-000277,HCC1419,HCC1419_BREAST,BREAST,5460769,Bleomycin (50 uM),6.0074849128723145,3.3874354362487793
ACH-000277,HCC1419,HCC1419_BREAST,BREAST,49846579,Venotoclax,3.0786819458007812,2.7028183937072754
ACH-000277,HCC1419,HCC1419_BREAST,BREAST,11228183,ABT737,3.3561320304870605,2.547337293624878
ACH-000277,HCC1419,HCC1419_BREAST,BREAST,46843057,Afuresertib,2.583327054977417,1.8045734167099
ACH-000277,HCC1419,HCC1419_BREAST,BREAST,56645356,AGI-5198,3.434490919113159,4.971148490905762
ACH-000277,HCC1419,HCC1419_BREAST,BREAST,78209992,AZD3759,2.519747018814087,2.400726079940796
ACH-000277,HCC1419,HCC1419_BREAST,BREAST,54761306,AZD6738,3.7584409713745117,2.135303258895874
ACH-000277,HCC1419,HCC1419_BREAST,BREAST,52913813,AZD8186,3.7278940677642822,2.9444971084594727
ACH-000277,HCC1419,HCC1419_BREAST,BREAST,71496458,Osimertinib,-0.10529500246047974,1.753395438194275
ACH-000277,HCC1419,HCC1419_BREAST,BREAST,9933475,Cediranib,4.145984172821045,2.3029115200042725
ACH-000277,HCC1419,HCC1419_BREAST,BREAST,24788740,Ipatasertib,1.6072779893875122,2.538926362991333
ACH-000277,HCC1419,HCC1419_BREAST,BREAST,56941241,GDC0810,3.387213945388794,5.399381637573242
ACH-000277,HCC1419,HCC1419_BREAST,BREAST,70676303,GNE-317,2.7425079345703125,0.6397662162780762
ACH-000277,HCC1419,HCC1419_BREAST,BREAST,68107965,GSK2578215A,5.0997138023376465,5.243985176086426
ACH-000277,HCC1419,HCC1419_BREAST,BREAST,91668541,I-BRD9,4.4070210456848145,4.330491065979004
ACH-000277,HCC1419,HCC1419_BREAST,BREAST,10385095,Telomerase Inhibitor IX,0.745048999786377,0.7519989013671875
ACH-000277,HCC1419,HCC1419_BREAST,BREAST,227681,MIRA-1,3.8110361099243164,6.001284122467041
ACH-000277,HCC1419,HCC1419_BREAST,BREAST,9825149,NVP-ADW742,3.9502758979797363,2.4879043102264404
ACH-000277,HCC1419,HCC1419_BREAST,BREAST,46931953,P22077,2.7481870651245117,4.49982213973999
ACH-000277,HCC1419,HCC1419_BREAST,BREAST,68289010,Savolitinib,2.1809020042419434,2.557497262954712
ACH-000277,HCC1419,HCC1419_BREAST,BREAST,992586,UMI-77,3.121177911758423,2.889103412628174
ACH-000277,HCC1419,HCC1419_BREAST,BREAST,2984337,WIKI4,4.243188858032227,3.8350741863250732
ACH-000277,HCC1419,HCC1419_BREAST,BREAST,11178236,Sepantronium bromide,-1.0606839656829834,-2.854282855987549
ACH-000277,HCC1419,HCC1419_BREAST,BREAST,71297207,WEHI-539,4.826117038726807,3.529540538787842
ACH-000277,HCC1419,HCC1419_BREAST,BREAST,104842,SN-38,4.034700870513916,-3.49076509475708
ACH-000277,HCC1419,HCC1419_BREAST,BREAST,25126798,Ruxolitinib,4.692877769470215,5.147490501403809
ACH-000277,HCC1419,HCC1419_BREAST,BREAST,11640390,Linsitinib,4.1278228759765625,3.529747486114502
ACH-000277,HCC1419,HCC1419_BREAST,BREAST,41867,Epirubicin,1.136173963546753,-0.308952271938324
ACH-000277,HCC1419,HCC1419_BREAST,BREAST,2907,Cyclophosphamide,3.54483699798584,5.706280708312988
ACH-000277,HCC1419,HCC1419_BREAST,BREAST,24360,Camptothecin,1.1330749988555908,-1.7806339263916016
ACH-000277,HCC1419,HCC1419_BREAST,BREAST,6710780,Vinblastine,-0.8191589713096619,-3.305854082107544
ACH-000277,HCC1419,HCC1419_BREAST,BREAST,84691,Cisplatin,4.369378089904785,2.9655301570892334
ACH-000277,HCC1419,HCC1419_BREAST,BREAST,6253,Cytarabine,3.723726987838745,2.42846941947937
ACH-000277,HCC1419,HCC1419_BREAST,BREAST,148124,Docetaxel,-0.6068029999732971,-4.672235012054443
ACH-000277,HCC1419,HCC1419_BREAST,BREAST,123631,Gefitinib,2.392577886581421,2.832474946975708
ACH-000277,HCC1419,HCC1419_BREAST,BREAST,24978538,Navitoclax,2.0545709133148193,2.4337871074676514
ACH-000277,HCC1419,HCC1419_BREAST,BREAST,5311,Vorinostat,1.798977017402649,1.7262139320373535
ACH-000277,HCC1419,HCC1419_BREAST,BREAST,644241,Nilotinib,1.609840989112854,3.5971181392669678
ACH-000277,HCC1419,HCC1419_BREAST,BREAST,44182295,Refametinib,4.273691177368164,2.7698535919189453
ACH-000277,HCC1419,HCC1419_BREAST,BREAST,6918289,Temsirolimus,1.5549119710922241,1.1010340452194214
ACH-000277,HCC1419,HCC1419_BREAST,BREAST,23725625,Olaparib,4.668435096740723,4.618208408355713
ACH-000277,HCC1419,HCC1419_BREAST,BREAST,11960529,Veliparib,5.1109771728515625,5.7194132804870605
ACH-000277,HCC1419,HCC1419_BREAST,BREAST,5328940,Bosutinib,2.627316951751709,2.9749197959899902
ACH-000277,HCC1419,HCC1419_BREAST,BREAST,216326,Lenalidomide,5.373081207275391,5.759162902832031
ACH-000277,HCC1419,HCC1419_BREAST,BREAST,6450551,Axitinib,3.4739489555358887,2.819790840148926
ACH-000277,HCC1419,HCC1419_BREAST,BREAST,11152667,AZD7762,5.020503044128418,0.7444748878479004
ACH-000930,HCC1569,HCC1569_BREAST,BREAST,126565,Lestaurtinib,-0.6207600235939026,1.1120370626449585
ACH-000930,HCC1569,HCC1569_BREAST,BREAST,176158,SB216763,6.381351947784424,5.188253879547119
ACH-000930,HCC1569,HCC1569_BREAST,BREAST,6505803,Tanespimycin,-0.9437519907951355,0.24657732248306274
ACH-000930,HCC1569,HCC1569_BREAST,BREAST,5311497,Vinorelbine,-2.4883229732513428,-2.6276378631591797
ACH-000930,HCC1569,HCC1569_BREAST,BREAST,11667893,Motesanib,5.164243221282959,5.6219482421875
ACH-000930,HCC1569,HCC1569_BREAST,BREAST,5278396,KU-55933,5.12421178817749,5.226144790649414
ACH-000930,HCC1569,HCC1569_BREAST,BREAST,300471,Elesclomol,-1.157783031463623,-0.6397567987442017
ACH-000930,HCC1569,HCC1569_BREAST,BREAST,10184653,Afatinib,1.5149470567703247,2.159818649291992
ACH-000930,HCC1569,HCC1569_BREAST,BREAST,24776445,Vismodegib,4.478847980499268,5.094848155975342
ACH-000930,HCC1569,HCC1569_BREAST,BREAST,24180719,PLX-4720,3.2731759548187256,4.72930383682251
ACH-000930,HCC1569,HCC1569_BREAST,BREAST,10077147,BX795,1.9323639869689941,3.165344476699829
ACH-000930,HCC1569,HCC1569_BREAST,BREAST,11327430,NU7441,1.8738540410995483,3.360847234725952
ACH-000930,HCC1569,HCC1569_BREAST,BREAST,10459196,SL0101,5.201661109924316,4.987815856933594
ACH-000930,HCC1569,HCC1569_BREAST,BREAST,16720766,Pevonedistat,-0.8590779900550842,1.5623685121536255
ACH-000930,HCC1569,HCC1569_BREAST,BREAST,11488320,Sapitinib,2.799499988555908,4.394501209259033
ACH-000930,HCC1569,HCC1569_BREAST,BREAST,156422,Doramapimod,3.5566999912261963,5.105142116546631
ACH-000930,HCC1569,HCC1569_BREAST,BREAST,11624601,JNK Inhibitor VIII,4.5184431076049805,5.2048845291137695
ACH-000930,HCC1569,HCC1569_BREAST,BREAST,51042438,Uprosertib,-0.3034450113773346,2.8478033542633057
ACH-000930,HCC1569,HCC1569_BREAST,BREAST,24737642,LCL161,4.037510871887207,5.000421047210693
ACH-000930,HCC1569,HCC1569_BREAST,BREAST,10384072,Wee1 Inhibitor,1.0534980297088623,2.3208110332489014
ACH-000930,HCC1569,HCC1569_BREAST,BREAST,11433190,Nutlin-3a (-),4.529208183288574,5.077902793884277
ACH-000930,HCC1569,HCC1569_BREAST,BREAST,208908,Lapatinib,1.9931950569152832,3.7262444496154785
ACH-000930,HCC1569,HCC1569_BREAST,BREAST,1401,PD173074,3.2387170791625977,3.966249465942383
ACH-000930,HCC1569,HCC1569_BREAST,BREAST,9914412,ZM447439,1.3017419576644897,2.937520980834961
ACH-000930,HCC1569,HCC1569_BREAST,BREAST,24771867,Alisertib,2.345223903656006,2.805983304977417
ACH-000930,HCC1569,HCC1569_BREAST,BREAST,56649450,Alpelisib,2.0211501121520996,3.4985272884368896
ACH-000930,HCC1569,HCC1569_BREAST,BREAST,46930998,MK-2206,1.241150975227356,2.7659671306610107
ACH-000930,HCC1569,HCC1569_BREAST,BREAST,5330286,Palbociclib,3.8469998836517334,3.9677295684814453
ACH-000930,HCC1569,HCC1569_BREAST,BREAST,51001932,Taselisib,0.4195080101490021,1.9798645973205566
ACH-000930,HCC1569,HCC1569_BREAST,BREAST,57345410,EPZ5676,5.729128837585449,5.676743507385254
ACH-000930,HCC1569,HCC1569_BREAST,BREAST,11977753,Dactolisib,-1.5271580219268799,-1.0963482856750488
ACH-000930,HCC1569,HCC1569_BREAST,BREAST,17755052,Pictilisib,0.5067859888076782,1.2674354314804077
ACH-000930,HCC1569,HCC1569_BREAST,BREAST,25262965,AZD8055,-0.7101240158081055,0.5141210556030273
ACH-000930,HCC1569,HCC1569_BREAST,BREAST,9826528,PD0325901,2.0061089992523193,2.101823329925537
ACH-000930,HCC1569,HCC1569_BREAST,BREAST,24866313,SCH772984,2.021245002746582,3.142918586730957
ACH-000930,HCC1569,HCC1569_BREAST,BREAST,10127622,Selumetinib,4.011561870574951,4.026031970977783
ACH-000930,HCC1569,HCC1569_BREAST,BREAST,9927531,BIBR-1532,5.604800224304199,5.135279655456543
ACH-000930,HCC1569,HCC1569_BREAST,BREAST,2155128,IWP-2,3.5604119300842285,2.8865909576416016
ACH-000930,HCC1569,HCC1569_BREAST,BREAST,3899,Leflunomide,5.520689010620117,5.1755452156066895
ACH-000930,HCC1569,HCC1569_BREAST,BREAST,2314623,CCT007093,4.731101036071777,5.315194129943848
ACH-000930,HCC1569,HCC1569_BREAST,BREAST,11404337,Obatoclax Mesylate,0.8477500081062317,0.9528142213821411
ACH-000930,HCC1569,HCC1569_BREAST,BREAST,9938202,EHT-1864,2.5919549465179443,3.6953208446502686
ACH-000930,HCC1569,HCC1569_BREAST,BREAST,25227847,Pyridostatin,4.2732157707214355,3.699086904525757
ACH-000930,HCC1569,HCC1569_BREAST,BREAST,46883536,Avagacestat,3.6402089595794678,4.888707637786865
ACH-000930,HCC1569,HCC1569_BREAST,BREAST,3385,5-Fluorouracil,4.685771942138672,4.8082685470581055
ACH-000930,HCC1569,HCC1569_BREAST,BREAST,68947304,AMG-319,5.893402099609375,4.965382099151611
ACH-000930,HCC1569,HCC1569_BREAST,BREAST,11634725,VX-11e,1.1855570077896118,3.2000060081481934
ACH-000930,HCC1569,HCC1569_BREAST,BREAST,16224745,MK-8776,1.075376033782959,3.3595497608184814
ACH-000930,HCC1569,HCC1569_BREAST,BREAST,3062316,Dasatinib,1.0511280298233032,2.446781873703003
ACH-000930,HCC1569,HCC1569_BREAST,BREAST,36314,Paclitaxel,-2.2118101119995117,-2.641167163848877
ACH-000930,HCC1569,HCC1569_BREAST,BREAST,4261,Entinostat,2.2304630279541016,2.3212873935699463
ACH-000930,HCC1569,HCC1569_BREAST,BREAST,11626560,Crizotinib,1.8402149677276611,2.874213457107544
ACH-000930,HCC1569,HCC1569_BREAST,BREAST,118704762,LJI308,3.58487606048584,5.187577247619629
ACH-000930,HCC1569,HCC1569_BREAST,BREAST,216239,Sorafenib,2.523297071456909,2.663607597351074
ACH-000930,HCC1569,HCC1569_BREAST,BREAST,11364421,BI-2536,1.2641099691390991,-0.33354297280311584
ACH-000930,HCC1569,HCC1569_BREAST,BREAST,46926973,LGK974,3.6478500366210938,4.330175399780273
ACH-000930,HCC1569,HCC1569_BREAST,BREAST,60838,Irinotecan,3.298801898956299,3.3784875869750977
ACH-000930,HCC1569,HCC1569_BREAST,BREAST,5310940,Oxaliplatin,4.7130279541015625,4.411400318145752
ACH-000930,HCC1569,HCC1569_BREAST,BREAST,117072552,GSK591,2.8349690437316895,4.531144142150879
ACH-000930,HCC1569,HCC1569_BREAST,BREAST,51000408,VE821,2.025378942489624,4.237919330596924
ACH-000930,HCC1569,HCC1569_BREAST,BREAST,25124816,GSK1904529A,3.4898250102996826,4.404151916503906
ACH-000930,HCC1569,HCC1569_BREAST,BREAST,5494449,Tozasertib,1.8824399709701538,2.970317840576172
ACH-000930,HCC1569,HCC1569_BREAST,BREAST,59472121,VE-822,0.35231199860572815,3.4320640563964844
ACH-000930,HCC1569,HCC1569_BREAST,BREAST,72200024,WZ4003,3.557180881500244,4.234891414642334
ACH-000930,HCC1569,HCC1569_BREAST,BREAST,42623951,CZC24832,5.329946041107178,5.313807964324951
ACH-000930,HCC1569,HCC1569_BREAST,BREAST,49847690,AZD5582,1.3749690055847168,2.3336236476898193
ACH-000930,HCC1569,HCC1569_BREAST,BREAST,53469448,GSK2606414,3.843940019607544,4.071640968322754
ACH-000930,HCC1569,HCC1569_BREAST,BREAST,78243717,PFI3,6.185870170593262,5.450675010681152
ACH-000930,HCC1569,HCC1569_BREAST,BREAST,24753719,PCI-34051,2.8435959815979004,4.6899919509887695
ACH-000930,HCC1569,HCC1569_BREAST,BREAST,57519544,Wnt-C59,3.4346299171447754,4.457067489624023
ACH-000930,HCC1569,HCC1569_BREAST,BREAST,46943432,I-BET-762,2.016737937927246,3.294785737991333
ACH-000930,HCC1569,HCC1569_BREAST,BREAST,9936746,OTX015,1.7227360010147095,2.523364782333374
ACH-000930,HCC1569,HCC1569_BREAST,BREAST,71268957,GSK343,3.1248879432678223,3.0111196041107178
ACH-000930,HCC1569,HCC1569_BREAST,BREAST,60167849,ML323,4.429715156555176,4.658749580383301
ACH-000930,HCC1569,HCC1569_BREAST,BREAST,59473233,Entospletinib,3.6687779426574707,3.9313454627990723
ACH-000930,HCC1569,HCC1569_BREAST,BREAST,44462758,PRT062607,1.6631720066070557,3.2706844806671143
ACH-000930,HCC1569,HCC1569_BREAST,BREAST,44631912,Ribociclib,3.467484951019287,3.995096445083618
ACH-000930,HCC1569,HCC1569_BREAST,BREAST,71299339,AGI-6780,4.019513130187988,4.46319580078125
ACH-000930,HCC1569,HCC1569_BREAST,BREAST,1018,Picolinici-acid,6.075094223022461,5.3724517822265625
ACH-000930,HCC1569,HCC1569_BREAST,BREAST,51371303,PF-4708671,3.6613080501556396,3.743824005126953
ACH-000930,HCC1569,HCC1569_BREAST,BREAST,52918385,PRIMA-1MET,2.800513982772827,4.796438217163086
ACH-000930,HCC1569,HCC1569_BREAST,BREAST,11609586,Serdemetan,2.0548698902130127,4.042168617248535
ACH-000930,HCC1569,HCC1569_BREAST,BREAST,44137675,AZD6482,3.5551869869232178,3.835301160812378
ACH-000930,HCC1569,HCC1569_BREAST,BREAST,42642645,Foretinib,0.7522860169410706,1.5329793691635132
ACH-000930,HCC1569,HCC1569_BREAST,BREAST,46907787,JQ1,1.876744031906128,2.433198928833008
ACH-000930,HCC1569,HCC1569_BREAST,BREAST,71271629,PFI-1,4.0057268142700195,4.068458080291748
ACH-000930,HCC1569,HCC1569_BREAST,BREAST,54685215,IOX2,2.8105249404907227,2.5581719875335693
ACH-000930,HCC1569,HCC1569_BREAST,BREAST,9956119,CHIR-99021,4.108427047729492,5.1193718910217285
ACH-000930,HCC1569,HCC1569_BREAST,BREAST,56962337,SGC0946,2.2128279209136963,2.227606773376465
ACH-000930,HCC1569,HCC1569_BREAST,BREAST,176870,Erlotinib,3.737607955932617,3.2188565731048584
ACH-000930,HCC1569,HCC1569_BREAST,BREAST,9931953,Rucaparib,4.747838973999023,4.2643656730651855
ACH-000930,HCC1569,HCC1569_BREAST,BREAST,24958200,Niraparib,3.966322898864746,4.729371070861816
ACH-000930,HCC1569,HCC1569_BREAST,BREAST,24856436,MK-1775,0.3473060131072998,1.1950117349624634
ACH-000930,HCC1569,HCC1569_BREAST,BREAST,46926350,Dinaciclib,-2.1795129776000977,-2.631580352783203
ACH-000930,HCC1569,HCC1569_BREAST,BREAST,60750,Gemcitabine,2.709458112716675,0.7988771200180054
ACH-000930,HCC1569,HCC1569_BREAST,BREAST,387447,Bortezomib,-5.808692932128906,-4.761698246002197
ACH-000930,HCC1569,HCC1569_BREAST,BREAST,16095342,GSK269962A,2.3305320739746094,2.816072940826416
ACH-000930,HCC1569,HCC1569_BREAST,BREAST,9858940,SB505124,4.314868927001953,3.8172545433044434
ACH-000930,HCC1569,HCC1569_BREAST,BREAST,2733526,Tamoxifen,4.073793888092041,4.056654453277588
ACH-000930,HCC1569,HCC1569_BREAST,BREAST,104741,Fulvestrant,3.8747150897979736,3.1371800899505615
ACH-000930,HCC1569,HCC1569_BREAST,BREAST,56962336,EPZ004777,5.178922176361084,5.331690788269043
ACH-000930,HCC1569,HCC1569_BREAST,BREAST,44632017,YK-4-279,1.958287000656128,2.626067638397217
ACH-000930,HCC1569,HCC1569_BREAST,BREAST,637858,Piperlongumine,2.2494659423828125,2.4898972511291504
ACH-000930,HCC1569,HCC1569_BREAST,BREAST,6914657,Daporinad,-4.423214912414551,-3.4342048168182373
ACH-000930,HCC1569,HCC1569_BREAST,BREAST,9813758,BMS-345541,2.5553131103515625,3.35195255279541
ACH-000930,HCC1569,HCC1569_BREAST,BREAST,25099184,AZ960,1.4118479490280151,2.4759745597839355
ACH-000930,HCC1569,HCC1569_BREAST,BREAST,51039095,AZD4547,2.866826057434082,3.2277233600616455
ACH-000930,HCC1569,HCC1569_BREAST,BREAST,24821094,Ibrutinib,1.4250990152359009,4.7656168937683105
ACH-000930,HCC1569,HCC1569_BREAST,BREAST,46236925,Sabutoclax,0.5869359970092773,0.4732609689235687
ACH-000930,HCC1569,HCC1569_BREAST,BREAST,11655119,LY2109761,4.852799892425537,5.140353679656982
ACH-000930,HCC1569,HCC1569_BREAST,BREAST,35397514,OF-1,5.050983905792236,4.273708820343018
ACH-000930,HCC1569,HCC1569_BREAST,BREAST,2802462,MN-64,4.968650817871094,4.848989009857178
ACH-000930,HCC1569,HCC1569_BREAST,BREAST,73555129,KRAS (G12C) Inhibitor-12,5.083352088928223,4.716368675231934
ACH-000930,HCC1569,HCC1569_BREAST,BREAST,462382,MG-132,-2.042505979537964,-0.9856975078582764
ACH-000930,HCC1569,HCC1569_BREAST,BREAST,11707110,Trametinib,0.4974159896373749,0.841211199760437
ACH-000930,HCC1569,HCC1569_BREAST,BREAST,44462760,Dabrafenib,5.233327865600586,4.876070022583008
ACH-000930,HCC1569,HCC1569_BREAST,BREAST,5394,Temozolomide,7.38057279586792,6.793960094451904
ACH-000930,HCC1569,HCC1569_BREAST,BREAST,49846579,Venotoclax,2.42936110496521,2.999969482421875
ACH-000930,HCC1569,HCC1569_BREAST,BREAST,11228183,ABT737,-0.8541880249977112,2.6603548526763916
ACH-000930,HCC1569,HCC1569_BREAST,BREAST,46843057,Afuresertib,-0.38452398777008057,2.423555850982666
ACH-000930,HCC1569,HCC1569_BREAST,BREAST,56645356,AGI-5198,4.684487819671631,4.807894229888916
ACH-000930,HCC1569,HCC1569_BREAST,BREAST,78209992,AZD3759,2.3463680744171143,2.6686997413635254
ACH-000930,HCC1569,HCC1569_BREAST,BREAST,54761306,AZD6738,-0.20082099735736847,2.50333571434021
ACH-000930,HCC1569,HCC1569_BREAST,BREAST,52913813,AZD8186,2.3337979316711426,3.117168664932251
ACH-000930,HCC1569,HCC1569_BREAST,BREAST,71496458,Osimertinib,0.09434600174427032,2.1406400203704834
ACH-000930,HCC1569,HCC1569_BREAST,BREAST,9933475,Cediranib,1.957834005355835,2.438408136367798
ACH-000930,HCC1569,HCC1569_BREAST,BREAST,24788740,Ipatasertib,0.710519015789032,3.4273886680603027
ACH-000930,HCC1569,HCC1569_BREAST,BREAST,56941241,GDC0810,5.891356945037842,5.168258190155029
ACH-000930,HCC1569,HCC1569_BREAST,BREAST,70676303,GNE-317,0.4102100133895874,1.050876259803772
ACH-000930,HCC1569,HCC1569_BREAST,BREAST,68107965,GSK2578215A,4.5811381340026855,5.0744194984436035
ACH-000930,HCC1569,HCC1569_BREAST,BREAST,91668541,I-BRD9,3.4183080196380615,4.4696431159973145
ACH-000930,HCC1569,HCC1569_BREAST,BREAST,10385095,Telomerase Inhibitor IX,0.8222450017929077,1.1836276054382324
ACH-000930,HCC1569,HCC1569_BREAST,BREAST,227681,MIRA-1,5.376380920410156,5.62914514541626
ACH-000930,HCC1569,HCC1569_BREAST,BREAST,9825149,NVP-ADW742,1.938349962234497,2.8545854091644287
ACH-000930,HCC1569,HCC1569_BREAST,BREAST,46931953,P22077,3.779978036880493,4.636876106262207
ACH-000930,HCC1569,HCC1569_BREAST,BREAST,68289010,Savolitinib,3.9327290058135986,2.741539239883423
ACH-000930,HCC1569,HCC1569_BREAST,BREAST,2984337,WIKI4,2.4014649391174316,3.8716869354248047
ACH-000930,HCC1569,HCC1569_BREAST,BREAST,11178236,Sepantronium bromide,-4.041813850402832,-4.542494297027588
ACH-000930,HCC1569,HCC1569_BREAST,BREAST,71297207,WEHI-539,-1.3245869874954224,3.8269619941711426
ACH-000930,HCC1569,HCC1569_BREAST,BREAST,104842,SN-38,-0.9496480226516724,-1.6091132164001465
ACH-000930,HCC1569,HCC1569_BREAST,BREAST,2375,Bicalutamide,4.810484886169434,4.911561965942383
ACH-000930,HCC1569,HCC1569_BREAST,BREAST,25126798,Ruxolitinib,5.605004787445068,4.997885704040527
ACH-000930,HCC1569,HCC1569_BREAST,BREAST,11640390,Linsitinib,4.672607898712158,4.002908706665039
ACH-000930,HCC1569,HCC1569_BREAST,BREAST,41867,Epirubicin,-0.3684439957141876,-0.025670349597930908
ACH-000930,HCC1569,HCC1569_BREAST,BREAST,2907,Cyclophosphamide,5.774727821350098,5.37064790725708
ACH-000930,HCC1569,HCC1569_BREAST,BREAST,24360,Camptothecin,-0.3471049964427948,-1.1436803340911865
ACH-000930,HCC1569,HCC1569_BREAST,BREAST,84691,Cisplatin,5.119945049285889,3.7449662685394287
ACH-000930,HCC1569,HCC1569_BREAST,BREAST,148124,Docetaxel,-3.9573450088500977,-4.5065083503723145
ACH-000930,HCC1569,HCC1569_BREAST,BREAST,126941,Methotrexate,2.083375930786133,1.2116917371749878
ACH-000930,HCC1569,HCC1569_BREAST,BREAST,444795,Tretinoin,4.128096103668213,5.139045238494873
ACH-000930,HCC1569,HCC1569_BREAST,BREAST,123631,Gefitinib,2.9370179176330566,3.31296706199646
ACH-000930,HCC1569,HCC1569_BREAST,BREAST,24978538,Navitoclax,-1.6915010213851929,2.495124101638794
ACH-000930,HCC1569,HCC1569_BREAST,BREAST,5311,Vorinostat,1.110293984413147,1.9174355268478394
ACH-000930,HCC1569,HCC1569_BREAST,BREAST,644241,Nilotinib,2.3699069023132324,3.711319923400879
ACH-000930,HCC1569,HCC1569_BREAST,BREAST,44182295,Refametinib,1.6086020469665527,2.744516134262085
ACH-000930,HCC1569,HCC1569_BREAST,BREAST,6918289,Temsirolimus,1.3190970420837402,1.4923181533813477
ACH-000930,HCC1569,HCC1569_BREAST,BREAST,23725625,Olaparib,5.806878089904785,4.637115955352783
ACH-000930,HCC1569,HCC1569_BREAST,BREAST,11960529,Veliparib,5.132903099060059,5.397441387176514
ACH-000930,HCC1569,HCC1569_BREAST,BREAST,5328940,Bosutinib,2.2237188816070557,2.9798712730407715
ACH-000930,HCC1569,HCC1569_BREAST,BREAST,216326,Lenalidomide,6.003962993621826,5.400732517242432
ACH-000930,HCC1569,HCC1569_BREAST,BREAST,6450551,Axitinib,1.980808973312378,3.3261218070983887
ACH-000930,HCC1569,HCC1569_BREAST,BREAST,11152667,AZD7762,-1.9339519739151,1.0941179990768433
ACH-000930,HCC1569,HCC1569_BREAST,BREAST,9943465,GW441756,4.181212902069092,3.4881210327148438
ACH-000624,HCC1806,HCC1806_BREAST,BREAST,126565,Lestaurtinib,-1.1210869550704956,-0.44013896584510803
ACH-000624,HCC1806,HCC1806_BREAST,BREAST,176158,SB216763,4.322804927825928,4.756862640380859
ACH-000624,HCC1806,HCC1806_BREAST,BREAST,6505803,Tanespimycin,-2.6224870681762695,-0.9066348075866699
ACH-000624,HCC1806,HCC1806_BREAST,BREAST,5311497,Vinorelbine,-5.68735408782959,-3.8028903007507324
ACH-000624,HCC1806,HCC1806_BREAST,BREAST,11667893,Motesanib,5.083213806152344,5.30450439453125
ACH-000624,HCC1806,HCC1806_BREAST,BREAST,5278396,KU-55933,4.603323936462402,4.857826232910156
ACH-000624,HCC1806,HCC1806_BREAST,BREAST,10184653,Afatinib,0.4472750127315521,0.9127492904663086
ACH-000624,HCC1806,HCC1806_BREAST,BREAST,24776445,Vismodegib,4.858504772186279,4.713823318481445
ACH-000624,HCC1806,HCC1806_BREAST,BREAST,24180719,PLX-4720,4.343388080596924,4.1411566734313965
ACH-000624,HCC1806,HCC1806_BREAST,BREAST,11327430,NU7441,3.3467819690704346,2.5443599224090576
ACH-000624,HCC1806,HCC1806_BREAST,BREAST,16720766,Pevonedistat,-2.179966926574707,-0.2781776487827301
ACH-000624,HCC1806,HCC1806_BREAST,BREAST,11488320,Sapitinib,1.3882290124893188,1.7052738666534424
ACH-000624,HCC1806,HCC1806_BREAST,BREAST,156422,Doramapimod,5.560401916503906,4.792919158935547
ACH-000624,HCC1806,HCC1806_BREAST,BREAST,11624601,JNK Inhibitor VIII,4.867187976837158,4.843523025512695
ACH-000624,HCC1806,HCC1806_BREAST,BREAST,51042438,Uprosertib,3.100506067276001,2.9256300926208496
ACH-000624,HCC1806,HCC1806_BREAST,BREAST,24737642,LCL161,4.117945194244385,4.525252819061279
ACH-000624,HCC1806,HCC1806_BREAST,BREAST,10384072,Wee1 Inhibitor,0.24434399604797363,1.263788104057312
ACH-000624,HCC1806,HCC1806_BREAST,BREAST,11433190,Nutlin-3a (-),4.8878068923950195,4.3126912117004395
ACH-000624,HCC1806,HCC1806_BREAST,BREAST,208908,Lapatinib,1.853044033050537,1.8962126970291138
ACH-000624,HCC1806,HCC1806_BREAST,BREAST,1401,PD173074,3.582598924636841,3.315835475921631
ACH-000624,HCC1806,HCC1806_BREAST,BREAST,9914412,ZM447439,2.1199328899383545,1.6852556467056274
ACH-000624,HCC1806,HCC1806_BREAST,BREAST,24771867,Alisertib,3.2636570930480957,0.26600855588912964
ACH-000624,HCC1806,HCC1806_BREAST,BREAST,56649450,Alpelisib,3.216362953186035,2.903841257095337
ACH-000624,HCC1806,HCC1806_BREAST,BREAST,46930998,MK-2206,3.0990889072418213,2.6805739402770996
ACH-000624,HCC1806,HCC1806_BREAST,BREAST,5330286,Palbociclib,3.917156934738159,3.1544406414031982
ACH-000624,HCC1806,HCC1806_BREAST,BREAST,51001932,Taselisib,1.5355370044708252,1.0779812335968018
ACH-000624,HCC1806,HCC1806_BREAST,BREAST,57345410,EPZ5676,5.2091898918151855,5.347589492797852
ACH-000624,HCC1806,HCC1806_BREAST,BREAST,11977753,Dactolisib,-1.3637319803237915,-2.0377726554870605
ACH-000624,HCC1806,HCC1806_BREAST,BREAST,17755052,Pictilisib,1.0763599872589111,0.24501445889472961
ACH-000624,HCC1806,HCC1806_BREAST,BREAST,25262965,AZD8055,0.4609920084476471,-0.679376482963562
ACH-000624,HCC1806,HCC1806_BREAST,BREAST,9826528,PD0325901,0.7406370043754578,2.4581151008605957
ACH-000624,HCC1806,HCC1806_BREAST,BREAST,24866313,SCH772984,1.7361589670181274,3.1384353637695312
ACH-000624,HCC1806,HCC1806_BREAST,BREAST,10127622,Selumetinib,1.8873920440673828,3.764047145843506
ACH-000624,HCC1806,HCC1806_BREAST,BREAST,9927531,BIBR-1532,5.036663055419922,4.667008399963379
ACH-000624,HCC1806,HCC1806_BREAST,BREAST,2155128,IWP-2,2.733613967895508,2.45092511177063
ACH-000624,HCC1806,HCC1806_BREAST,BREAST,3899,Leflunomide,4.661672115325928,4.88194465637207
ACH-000624,HCC1806,HCC1806_BREAST,BREAST,2314623,CCT007093,4.981409072875977,4.9274821281433105
ACH-000624,HCC1806,HCC1806_BREAST,BREAST,11404337,Obatoclax Mesylate,-0.393885999917984,-0.04592999815940857
ACH-000624,HCC1806,HCC1806_BREAST,BREAST,9938202,EHT-1864,3.501677989959717,3.2449898719787598
ACH-000624,HCC1806,HCC1806_BREAST,BREAST,25227847,Pyridostatin,2.080854892730713,2.9214932918548584
ACH-000624,HCC1806,HCC1806_BREAST,BREAST,46883536,Avagacestat,4.894887924194336,4.483297824859619
ACH-000624,HCC1806,HCC1806_BREAST,BREAST,3385,5-Fluorouracil,2.9133450984954834,3.7214901447296143
ACH-000624,HCC1806,HCC1806_BREAST,BREAST,68947304,AMG-319,5.091301918029785,4.564353942871094
ACH-000624,HCC1806,HCC1806_BREAST,BREAST,11634725,VX-11e,1.889158010482788,3.1476528644561768
ACH-000624,HCC1806,HCC1806_BREAST,BREAST,16224745,MK-8776,0.00037399999564513564,2.6618471145629883
ACH-000624,HCC1806,HCC1806_BREAST,BREAST,3062316,Dasatinib,-1.154952049255371,0.19496971368789673
ACH-000624,HCC1806,HCC1806_BREAST,BREAST,36314,Paclitaxel,-4.470890045166016,-3.76763653755188
ACH-000624,HCC1806,HCC1806_BREAST,BREAST,4261,Entinostat,1.5126160383224487,2.1032917499542236
ACH-000624,HCC1806,HCC1806_BREAST,BREAST,11626560,Crizotinib,2.0727429389953613,2.0993871688842773
ACH-000624,HCC1806,HCC1806_BREAST,BREAST,118704762,LJI308,4.626467227935791,4.864500999450684
ACH-000624,HCC1806,HCC1806_BREAST,BREAST,216239,Sorafenib,2.7714650630950928,2.170543670654297
ACH-000624,HCC1806,HCC1806_BREAST,BREAST,46926973,LGK974,4.606870174407959,3.8823015689849854
ACH-000624,HCC1806,HCC1806_BREAST,BREAST,60838,Irinotecan,1.2310800552368164,1.0077872276306152
ACH-000624,HCC1806,HCC1806_BREAST,BREAST,5310940,Oxaliplatin,2.468250036239624,2.915278911590576
ACH-000624,HCC1806,HCC1806_BREAST,BREAST,117072552,GSK591,3.6240479946136475,4.114685535430908
ACH-000624,HCC1806,HCC1806_BREAST,BREAST,51000408,VE821,0.8347880244255066,3.3850739002227783
ACH-000624,HCC1806,HCC1806_BREAST,BREAST,25124816,GSK1904529A,4.287044048309326,3.9304466247558594
ACH-000624,HCC1806,HCC1806_BREAST,BREAST,5494449,Tozasertib,3.6090099811553955,1.04520583152771
ACH-000624,HCC1806,HCC1806_BREAST,BREAST,59472121,VE-822,3.447180986404419,2.640143871307373
ACH-000624,HCC1806,HCC1806_BREAST,BREAST,72200024,WZ4003,2.3516030311584473,3.799370050430298
ACH-000624,HCC1806,HCC1806_BREAST,BREAST,42623951,CZC24832,4.619298934936523,4.982234001159668
ACH-000624,HCC1806,HCC1806_BREAST,BREAST,49847690,AZD5582,1.5622860193252563,1.6404985189437866
ACH-000624,HCC1806,HCC1806_BREAST,BREAST,53469448,GSK2606414,2.783806085586548,3.252241611480713
ACH-000624,HCC1806,HCC1806_BREAST,BREAST,78243717,PFI3,4.942007064819336,5.127295017242432
ACH-000624,HCC1806,HCC1806_BREAST,BREAST,24753719,PCI-34051,4.959619045257568,4.26432466506958
ACH-000624,HCC1806,HCC1806_BREAST,BREAST,57519544,Wnt-C59,3.9099841117858887,4.124166965484619
ACH-000624,HCC1806,HCC1806_BREAST,BREAST,46943432,I-BET-762,2.9146339893341064,2.973037004470825
ACH-000624,HCC1806,HCC1806_BREAST,BREAST,9936746,OTX015,2.2211079597473145,2.3343288898468018
ACH-000624,HCC1806,HCC1806_BREAST,BREAST,71268957,GSK343,2.6723549365997314,2.3848044872283936
ACH-000624,HCC1806,HCC1806_BREAST,BREAST,60167849,ML323,5.064896106719971,4.307826519012451
ACH-000624,HCC1806,HCC1806_BREAST,BREAST,59473233,Entospletinib,3.447103977203369,3.0956599712371826
ACH-000624,HCC1806,HCC1806_BREAST,BREAST,44462758,PRT062607,2.8733489513397217,2.8953213691711426
ACH-000624,HCC1806,HCC1806_BREAST,BREAST,44631912,Ribociclib,3.922468900680542,3.2209582328796387
ACH-000624,HCC1806,HCC1806_BREAST,BREAST,71299339,AGI-6780,4.116711139678955,4.06351375579834
ACH-000624,HCC1806,HCC1806_BREAST,BREAST,1018,Picolinici-acid,4.554436206817627,4.970315933227539
ACH-000624,HCC1806,HCC1806_BREAST,BREAST,51371303,PF-4708671,4.544369220733643,3.1074631214141846
ACH-000624,HCC1806,HCC1806_BREAST,BREAST,52918385,PRIMA-1MET,4.971189022064209,4.626439094543457
ACH-000624,HCC1806,HCC1806_BREAST,BREAST,11609586,Serdemetan,2.430320978164673,3.202409505844116
ACH-000624,HCC1806,HCC1806_BREAST,BREAST,44137675,AZD6482,3.577742099761963,3.135164737701416
ACH-000624,HCC1806,HCC1806_BREAST,BREAST,42642645,Foretinib,1.141414999961853,0.4732030928134918
ACH-000624,HCC1806,HCC1806_BREAST,BREAST,46907787,JQ1,1.3032280206680298,2.1121504306793213
ACH-000624,HCC1806,HCC1806_BREAST,BREAST,71271629,PFI-1,3.396925926208496,3.768125534057617
ACH-000624,HCC1806,HCC1806_BREAST,BREAST,56962337,SGC0946,1.9923889636993408,1.6658289432525635
ACH-000624,HCC1806,HCC1806_BREAST,BREAST,176870,Erlotinib,0.8584929704666138,1.7827632427215576
ACH-000624,HCC1806,HCC1806_BREAST,BREAST,9931953,Rucaparib,4.033669948577881,3.6693947315216064
ACH-000624,HCC1806,HCC1806_BREAST,BREAST,24958200,Niraparib,3.226855993270874,3.6386301517486572
ACH-000624,HCC1806,HCC1806_BREAST,BREAST,24856436,MK-1775,-0.5440689921379089,-0.06357143819332123
ACH-000624,HCC1806,HCC1806_BREAST,BREAST,46926350,Dinaciclib,-2.6367781162261963,-3.051234483718872
ACH-000624,HCC1806,HCC1806_BREAST,BREAST,60750,Gemcitabine,-5.852531909942627,-3.1859657764434814
ACH-000624,HCC1806,HCC1806_BREAST,BREAST,387447,Bortezomib,-4.839097023010254,-5.984403133392334
ACH-000624,HCC1806,HCC1806_BREAST,BREAST,16095342,GSK269962A,3.9179399013519287,1.9291528463363647
ACH-000624,HCC1806,HCC1806_BREAST,BREAST,2733526,Tamoxifen,2.7498910427093506,3.526162624359131
ACH-000624,HCC1806,HCC1806_BREAST,BREAST,104741,Fulvestrant,2.941802978515625,2.555274724960327
ACH-000624,HCC1806,HCC1806_BREAST,BREAST,56962336,EPZ004777,4.947997093200684,4.933979034423828
ACH-000624,HCC1806,HCC1806_BREAST,BREAST,44632017,YK-4-279,1.3419649600982666,1.0238478183746338
ACH-000624,HCC1806,HCC1806_BREAST,BREAST,9813758,BMS-345541,2.632236957550049,2.7454869747161865
ACH-000624,HCC1806,HCC1806_BREAST,BREAST,25099184,AZ960,2.248621940612793,1.1816468238830566
ACH-000624,HCC1806,HCC1806_BREAST,BREAST,51039095,AZD4547,1.7813869714736938,2.4352920055389404
ACH-000624,HCC1806,HCC1806_BREAST,BREAST,24821094,Ibrutinib,1.716439962387085,2.5340495109558105
ACH-000624,HCC1806,HCC1806_BREAST,BREAST,70983932,GSK2830371,5.047811985015869,5.220860958099365
ACH-000624,HCC1806,HCC1806_BREAST,BREAST,46236925,Sabutoclax,-0.3031179904937744,-0.7409980297088623
ACH-000624,HCC1806,HCC1806_BREAST,BREAST,11655119,LY2109761,3.186345100402832,4.767734050750732
ACH-000624,HCC1806,HCC1806_BREAST,BREAST,35397514,OF-1,4.119140148162842,3.821746826171875
ACH-000624,HCC1806,HCC1806_BREAST,BREAST,2802462,MN-64,4.6088547706604,4.360682487487793
ACH-000624,HCC1806,HCC1806_BREAST,BREAST,73555129,KRAS (G12C) Inhibitor-12,3.337475061416626,4.1409592628479
ACH-000624,HCC1806,HCC1806_BREAST,BREAST,462382,MG-132,-0.9606429934501648,-1.2708872556686401
ACH-000624,HCC1806,HCC1806_BREAST,BREAST,11707110,Trametinib,-0.20851099491119385,1.178063154220581
ACH-000624,HCC1806,HCC1806_BREAST,BREAST,44462760,Dabrafenib,4.542075157165527,4.319099426269531
ACH-000624,HCC1806,HCC1806_BREAST,BREAST,5394,Temozolomide,6.838143825531006,6.439723968505859
ACH-000624,HCC1806,HCC1806_BREAST,BREAST,5460769,Bleomycin (50 uM),0.1632159948348999,1.4443817138671875
ACH-000624,HCC1806,HCC1806_BREAST,BREAST,49846579,Venotoclax,3.269015073776245,2.2448761463165283
ACH-000624,HCC1806,HCC1806_BREAST,BREAST,11228183,ABT737,2.2285079956054688,2.0901761054992676
ACH-000624,HCC1806,HCC1806_BREAST,BREAST,46843057,Afuresertib,2.8497331142425537,2.4188272953033447
ACH-000624,HCC1806,HCC1806_BREAST,BREAST,56645356,AGI-5198,4.592846870422363,4.403957843780518
ACH-000624,HCC1806,HCC1806_BREAST,BREAST,78209992,AZD3759,0.842041015625,1.8744494915008545
ACH-000624,HCC1806,HCC1806_BREAST,BREAST,54761306,AZD6738,-0.24432900547981262,1.3218952417373657
ACH-000624,HCC1806,HCC1806_BREAST,BREAST,52913813,AZD8186,2.427227020263672,2.7864444255828857
ACH-000624,HCC1806,HCC1806_BREAST,BREAST,71496458,Osimertinib,-0.05445300042629242,1.1282645463943481
ACH-000624,HCC1806,HCC1806_BREAST,BREAST,9933475,Cediranib,1.1223310232162476,1.8421621322631836
ACH-000624,HCC1806,HCC1806_BREAST,BREAST,24788740,Ipatasertib,3.4117519855499268,3.135002851486206
ACH-000624,HCC1806,HCC1806_BREAST,BREAST,56941241,GDC0810,4.8535871505737305,4.786995887756348
ACH-000624,HCC1806,HCC1806_BREAST,BREAST,70676303,GNE-317,0.9519450068473816,-0.045299142599105835
ACH-000624,HCC1806,HCC1806_BREAST,BREAST,68107965,GSK2578215A,4.614721775054932,4.711347579956055
ACH-000624,HCC1806,HCC1806_BREAST,BREAST,91668541,I-BRD9,4.101287841796875,4.257914066314697
ACH-000624,HCC1806,HCC1806_BREAST,BREAST,10385095,Telomerase Inhibitor IX,-0.8560460209846497,0.16060732305049896
ACH-000624,HCC1806,HCC1806_BREAST,BREAST,227681,MIRA-1,5.030300140380859,5.187870502471924
ACH-000624,HCC1806,HCC1806_BREAST,BREAST,9825149,NVP-ADW742,1.968322992324829,2.7824833393096924
ACH-000624,HCC1806,HCC1806_BREAST,BREAST,46931953,P22077,1.9007099866867065,4.193390846252441
ACH-000624,HCC1806,HCC1806_BREAST,BREAST,68289010,Savolitinib,1.7277120351791382,2.1863677501678467
ACH-000624,HCC1806,HCC1806_BREAST,BREAST,992586,UMI-77,3.027822971343994,2.4626893997192383
ACH-000624,HCC1806,HCC1806_BREAST,BREAST,2984337,WIKI4,3.433238983154297,3.2534828186035156
ACH-000624,HCC1806,HCC1806_BREAST,BREAST,11178236,Sepantronium bromide,-3.863434076309204,-4.113216400146484
ACH-000624,HCC1806,HCC1806_BREAST,BREAST,71297207,WEHI-539,3.860793113708496,3.144963264465332
ACH-000624,HCC1806,HCC1806_BREAST,BREAST,104842,SN-38,-5.016510963439941,-5.492629051208496
ACH-000624,HCC1806,HCC1806_BREAST,BREAST,25126798,Ruxolitinib,4.22633695602417,4.578101634979248
ACH-000624,HCC1806,HCC1806_BREAST,BREAST,11640390,Linsitinib,3.94868803024292,3.6569652557373047
ACH-000624,HCC1806,HCC1806_BREAST,BREAST,41867,Epirubicin,-1.5369410514831543,-1.6543912887573242
ACH-000624,HCC1806,HCC1806_BREAST,BREAST,2907,Cyclophosphamide,4.521246910095215,4.963932037353516
ACH-000624,HCC1806,HCC1806_BREAST,BREAST,24360,Camptothecin,-3.1997909545898438,-3.474311113357544
ACH-000624,HCC1806,HCC1806_BREAST,BREAST,6710780,Vinblastine,-4.896489143371582,-4.363675594329834
ACH-000624,HCC1806,HCC1806_BREAST,BREAST,84691,Cisplatin,2.2287540435791016,1.52423894405365
ACH-000624,HCC1806,HCC1806_BREAST,BREAST,6253,Cytarabine,-0.5364540219306946,0.2925505042076111
ACH-000624,HCC1806,HCC1806_BREAST,BREAST,148124,Docetaxel,-6.3745880126953125,-5.602715492248535
ACH-000624,HCC1806,HCC1806_BREAST,BREAST,126941,Methotrexate,-3.2038021087646484,-0.1756146252155304
ACH-000624,HCC1806,HCC1806_BREAST,BREAST,123631,Gefitinib,1.2949529886245728,2.1372005939483643
ACH-000624,HCC1806,HCC1806_BREAST,BREAST,24978538,Navitoclax,1.8029320240020752,2.0775556564331055
ACH-000624,HCC1806,HCC1806_BREAST,BREAST,5311,Vorinostat,1.7151570320129395,1.6055787801742554
ACH-000624,HCC1806,HCC1806_BREAST,BREAST,644241,Nilotinib,2.9321720600128174,3.219367742538452
ACH-000624,HCC1806,HCC1806_BREAST,BREAST,44182295,Refametinib,2.3680200576782227,2.648716449737549
ACH-000624,HCC1806,HCC1806_BREAST,BREAST,6918289,Temsirolimus,1.7583320140838623,0.33749133348464966
ACH-000624,HCC1806,HCC1806_BREAST,BREAST,23725625,Olaparib,3.3800270557403564,3.839601993560791
ACH-000624,HCC1806,HCC1806_BREAST,BREAST,11960529,Veliparib,4.9534149169921875,5.048649787902832
ACH-000624,HCC1806,HCC1806_BREAST,BREAST,5328940,Bosutinib,1.6791880130767822,2.2164652347564697
ACH-000624,HCC1806,HCC1806_BREAST,BREAST,216326,Lenalidomide,4.948864936828613,5.044403553009033
ACH-000624,HCC1806,HCC1806_BREAST,BREAST,6450551,Axitinib,3.784703016281128,2.3616864681243896
ACH-000624,HCC1806,HCC1806_BREAST,BREAST,11152667,AZD7762,-2.196984052658081,-0.3979516923427582
ACH-000624,HCC1806,HCC1806_BREAST,BREAST,9943465,GW441756,3.475385904312134,2.8775668144226074
ACH-000019,MCF7,MCF7_BREAST,BREAST,126565,Lestaurtinib,2.223665952682495,-0.2435723841190338
ACH-000019,MCF7,MCF7_BREAST,BREAST,176158,SB216763,4.372199058532715,4.943873405456543
ACH-000019,MCF7,MCF7_BREAST,BREAST,6505803,Tanespimycin,-0.2466769963502884,-0.5709335803985596
ACH-000019,MCF7,MCF7_BREAST,BREAST,5311497,Vinorelbine,-2.3482859134674072,-3.454829216003418
ACH-000019,MCF7,MCF7_BREAST,BREAST,11667893,Motesanib,6.2556657791137695,5.306842803955078
ACH-000019,MCF7,MCF7_BREAST,BREAST,5278396,KU-55933,5.356321811676025,4.962580680847168
ACH-000019,MCF7,MCF7_BREAST,BREAST,10184653,Afatinib,3.2336208820343018,1.4608385562896729
ACH-000019,MCF7,MCF7_BREAST,BREAST,24776445,Vismodegib,5.726537227630615,4.713850498199463
ACH-000019,MCF7,MCF7_BREAST,BREAST,24180719,PLX-4720,6.075526237487793,4.336403846740723
ACH-000019,MCF7,MCF7_BREAST,BREAST,11327430,NU7441,1.9586859941482544,2.5717334747314453
ACH-000019,MCF7,MCF7_BREAST,BREAST,16720766,Pevonedistat,0.338265985250473,0.02272889018058777
ACH-000019,MCF7,MCF7_BREAST,BREAST,11488320,Sapitinib,5.798638820648193,4.037383556365967
ACH-000019,MCF7,MCF7_BREAST,BREAST,156422,Doramapimod,4.5621418952941895,4.838921546936035
ACH-000019,MCF7,MCF7_BREAST,BREAST,11624601,JNK Inhibitor VIII,6.003046035766602,4.979539394378662
ACH-000019,MCF7,MCF7_BREAST,BREAST,51042438,Uprosertib,1.6717100143432617,2.4867360591888428
ACH-000019,MCF7,MCF7_BREAST,BREAST,24737642,LCL161,5.953467845916748,4.73091459274292
ACH-000019,MCF7,MCF7_BREAST,BREAST,10384072,Wee1 Inhibitor,2.2838480472564697,1.110927939414978
ACH-000019,MCF7,MCF7_BREAST,BREAST,11433190,Nutlin-3a (-),2.7387619018554688,3.6115994453430176
ACH-000019,MCF7,MCF7_BREAST,BREAST,208908,Lapatinib,2.342655897140503,2.953672170639038
ACH-000019,MCF7,MCF7_BREAST,BREAST,1401,PD173074,6.177464008331299,3.329850673675537
ACH-000019,MCF7,MCF7_BREAST,BREAST,9914412,ZM447439,4.014052867889404,1.5445380210876465
ACH-000019,MCF7,MCF7_BREAST,BREAST,24771867,Alisertib,4.08232307434082,0.6531853675842285
ACH-000019,MCF7,MCF7_BREAST,BREAST,56649450,Alpelisib,2.2499399185180664,2.9058284759521484
ACH-000019,MCF7,MCF7_BREAST,BREAST,46930998,MK-2206,2.6194450855255127,2.2060599327087402
ACH-000019,MCF7,MCF7_BREAST,BREAST,5330286,Palbociclib,4.009636878967285,2.846632957458496
ACH-000019,MCF7,MCF7_BREAST,BREAST,51001932,Taselisib,1.2440999746322632,1.5022594928741455
ACH-000019,MCF7,MCF7_BREAST,BREAST,57345410,EPZ5676,6.347040176391602,5.3629608154296875
ACH-000019,MCF7,MCF7_BREAST,BREAST,11977753,Dactolisib,0.4749850034713745,-1.1275264024734497
ACH-000019,MCF7,MCF7_BREAST,BREAST,17755052,Pictilisib,-0.3943209946155548,0.8884450197219849
ACH-000019,MCF7,MCF7_BREAST,BREAST,25262965,AZD8055,-0.7810890078544617,0.0052116066217422485
ACH-000019,MCF7,MCF7_BREAST,BREAST,9826528,PD0325901,4.934124946594238,-0.5085231065750122
ACH-000019,MCF7,MCF7_BREAST,BREAST,24866313,SCH772984,5.314417839050293,1.0273993015289307
ACH-000019,MCF7,MCF7_BREAST,BREAST,10127622,Selumetinib,5.591476917266846,2.120704412460327
ACH-000019,MCF7,MCF7_BREAST,BREAST,9927531,BIBR-1532,4.6583099365234375,4.786012172698975
ACH-000019,MCF7,MCF7_BREAST,BREAST,2155128,IWP-2,3.1765239238739014,2.3976821899414062
ACH-000019,MCF7,MCF7_BREAST,BREAST,3899,Leflunomide,5.537623882293701,4.967609882354736
ACH-000019,MCF7,MCF7_BREAST,BREAST,2314623,CCT007093,4.171032905578613,5.1225104331970215
ACH-000019,MCF7,MCF7_BREAST,BREAST,11404337,Obatoclax Mesylate,0.6049780249595642,0.46246039867401123
ACH-000019,MCF7,MCF7_BREAST,BREAST,9938202,EHT-1864,4.116836071014404,3.288525104522705
ACH-000019,MCF7,MCF7_BREAST,BREAST,25227847,Pyridostatin,4.675057888031006,2.9084160327911377
ACH-000019,MCF7,MCF7_BREAST,BREAST,46883536,Avagacestat,6.2106242179870605,4.562735557556152
ACH-000019,MCF7,MCF7_BREAST,BREAST,3385,5-Fluorouracil,3.6287291049957275,3.3907299041748047
ACH-000019,MCF7,MCF7_BREAST,BREAST,68947304,AMG-319,5.370956897735596,4.536643981933594
ACH-000019,MCF7,MCF7_BREAST,BREAST,11634725,VX-11e,3.7174479961395264,1.891804575920105
ACH-000019,MCF7,MCF7_BREAST,BREAST,16224745,MK-8776,5.313571929931641,2.2626376152038574
ACH-000019,MCF7,MCF7_BREAST,BREAST,3062316,Dasatinib,4.740776062011719,2.528726577758789
ACH-000019,MCF7,MCF7_BREAST,BREAST,36314,Paclitaxel,-2.691452980041504,-3.2477774620056152
ACH-000019,MCF7,MCF7_BREAST,BREAST,4261,Entinostat,3.625783920288086,1.3371646404266357
ACH-000019,MCF7,MCF7_BREAST,BREAST,11626560,Crizotinib,3.9853429794311523,1.647153615951538
ACH-000019,MCF7,MCF7_BREAST,BREAST,118704762,LJI308,5.141658782958984,4.841889381408691
ACH-000019,MCF7,MCF7_BREAST,BREAST,216239,Sorafenib,1.827618956565857,1.8674942255020142
ACH-000019,MCF7,MCF7_BREAST,BREAST,11364421,BI-2536,-0.9818249940872192,-1.9511163234710693
ACH-000019,MCF7,MCF7_BREAST,BREAST,46926973,LGK974,4.466030120849609,3.8487613201141357
ACH-000019,MCF7,MCF7_BREAST,BREAST,60838,Irinotecan,5.428471088409424,1.1748312711715698
ACH-000019,MCF7,MCF7_BREAST,BREAST,5310940,Oxaliplatin,5.029273986816406,2.3939368724823
ACH-000019,MCF7,MCF7_BREAST,BREAST,117072552,GSK591,4.965303897857666,4.1675262451171875
ACH-000019,MCF7,MCF7_BREAST,BREAST,51000408,VE821,5.543677806854248,3.037653684616089
ACH-000019,MCF7,MCF7_BREAST,BREAST,25124816,GSK1904529A,4.939788818359375,3.946647882461548
ACH-000019,MCF7,MCF7_BREAST,BREAST,5494449,Tozasertib,3.394412040710449,0.4381949007511139
ACH-000019,MCF7,MCF7_BREAST,BREAST,59472121,VE-822,5.333402156829834,2.272584915161133
ACH-000019,MCF7,MCF7_BREAST,BREAST,72200024,WZ4003,5.795904159545898,3.6958303451538086
ACH-000019,MCF7,MCF7_BREAST,BREAST,42623951,CZC24832,6.0734148025512695,5.088363170623779
ACH-000019,MCF7,MCF7_BREAST,BREAST,49847690,AZD5582,-0.6083899736404419,1.4665437936782837
ACH-000019,MCF7,MCF7_BREAST,BREAST,53469448,GSK2606414,5.141634941101074,3.357091188430786
ACH-000019,MCF7,MCF7_BREAST,BREAST,78243717,PFI3,5.4132819175720215,5.275725841522217
ACH-000019,MCF7,MCF7_BREAST,BREAST,24753719,PCI-34051,5.790304183959961,3.910876750946045
ACH-000019,MCF7,MCF7_BREAST,BREAST,57519544,Wnt-C59,3.674215078353882,4.003923416137695
ACH-000019,MCF7,MCF7_BREAST,BREAST,46943432,I-BET-762,3.080461025238037,2.497123956680298
ACH-000019,MCF7,MCF7_BREAST,BREAST,9936746,OTX015,1.9374480247497559,1.833465576171875
ACH-000019,MCF7,MCF7_BREAST,BREAST,71268957,GSK343,3.1352500915527344,2.3398523330688477
ACH-000019,MCF7,MCF7_BREAST,BREAST,60167849,ML323,4.427367210388184,4.29196834564209
ACH-000019,MCF7,MCF7_BREAST,BREAST,59473233,Entospletinib,5.691212177276611,3.4686851501464844
ACH-000019,MCF7,MCF7_BREAST,BREAST,44462758,PRT062607,5.689029216766357,2.666255235671997
ACH-000019,MCF7,MCF7_BREAST,BREAST,44631912,Ribociclib,3.403183937072754,3.1261560916900635
ACH-000019,MCF7,MCF7_BREAST,BREAST,71299339,AGI-6780,3.89636492729187,4.008627414703369
ACH-000019,MCF7,MCF7_BREAST,BREAST,1018,Picolinici-acid,5.5894670486450195,5.128080368041992
ACH-000019,MCF7,MCF7_BREAST,BREAST,51371303,PF-4708671,4.430172920227051,3.1169183254241943
ACH-000019,MCF7,MCF7_BREAST,BREAST,52918385,PRIMA-1MET,6.883468151092529,3.8876442909240723
ACH-000019,MCF7,MCF7_BREAST,BREAST,11609586,Serdemetan,4.286284923553467,3.139423370361328
ACH-000019,MCF7,MCF7_BREAST,BREAST,44137675,AZD6482,2.3888120651245117,3.242304563522339
ACH-000019,MCF7,MCF7_BREAST,BREAST,42642645,Foretinib,1.2626030445098877,0.36317381262779236
ACH-000019,MCF7,MCF7_BREAST,BREAST,46907787,JQ1,0.46661800146102905,1.4765479564666748
ACH-000019,MCF7,MCF7_BREAST,BREAST,71271629,PFI-1,3.348160982131958,3.632265090942383
ACH-000019,MCF7,MCF7_BREAST,BREAST,56962337,SGC0946,3.043539047241211,1.7073899507522583
ACH-000019,MCF7,MCF7_BREAST,BREAST,176870,Erlotinib,4.559969902038574,2.587064027786255
ACH-000019,MCF7,MCF7_BREAST,BREAST,9931953,Rucaparib,4.957192897796631,3.380366086959839
ACH-000019,MCF7,MCF7_BREAST,BREAST,24958200,Niraparib,5.671296119689941,3.0446746349334717
ACH-000019,MCF7,MCF7_BREAST,BREAST,24856436,MK-1775,3.0114710330963135,0.2089196741580963
ACH-000019,MCF7,MCF7_BREAST,BREAST,46926350,Dinaciclib,-1.2161200046539307,-2.4082930088043213
ACH-000019,MCF7,MCF7_BREAST,BREAST,60750,Gemcitabine,0.18462400138378143,-2.2420284748077393
ACH-000019,MCF7,MCF7_BREAST,BREAST,387447,Bortezomib,-4.979765892028809,-5.665350914001465
ACH-000019,MCF7,MCF7_BREAST,BREAST,16095342,GSK269962A,2.6751580238342285,1.6293590068817139
ACH-000019,MCF7,MCF7_BREAST,BREAST,2733526,Tamoxifen,2.688410997390747,3.5270111560821533
ACH-000019,MCF7,MCF7_BREAST,BREAST,104741,Fulvestrant,-0.33903899788856506,2.6028709411621094
ACH-000019,MCF7,MCF7_BREAST,BREAST,56962336,EPZ004777,6.080362796783447,5.016361713409424
ACH-000019,MCF7,MCF7_BREAST,BREAST,44632017,YK-4-279,3.547672986984253,1.173921823501587
ACH-000019,MCF7,MCF7_BREAST,BREAST,9813758,BMS-345541,5.156269073486328,2.4458425045013428
ACH-000019,MCF7,MCF7_BREAST,BREAST,25099184,AZ960,5.491112232208252,1.3016704320907593
ACH-000019,MCF7,MCF7_BREAST,BREAST,51039095,AZD4547,2.780890941619873,2.3502793312072754
ACH-000019,MCF7,MCF7_BREAST,BREAST,24821094,Ibrutinib,6.22690486907959,4.032353401184082
ACH-000019,MCF7,MCF7_BREAST,BREAST,70983932,GSK2830371,6.172644138336182,5.1157546043396
ACH-000019,MCF7,MCF7_BREAST,BREAST,46236925,Sabutoclax,-0.12035500258207321,-0.34707894921302795
ACH-000019,MCF7,MCF7_BREAST,BREAST,11655119,LY2109761,6.007248878479004,4.8887176513671875
ACH-000019,MCF7,MCF7_BREAST,BREAST,35397514,OF-1,3.2715768814086914,3.925992488861084
ACH-000019,MCF7,MCF7_BREAST,BREAST,2802462,MN-64,5.576333045959473,4.60513162612915
ACH-000019,MCF7,MCF7_BREAST,BREAST,73555129,KRAS (G12C) Inhibitor-12,6.599297046661377,3.736953020095825
ACH-000019,MCF7,MCF7_BREAST,BREAST,462382,MG-132,-1.5227680206298828,-1.1678237915039062
ACH-000019,MCF7,MCF7_BREAST,BREAST,11707110,Trametinib,3.87453293800354,-1.716230034828186
ACH-000019,MCF7,MCF7_BREAST,BREAST,44462760,Dabrafenib,4.477433204650879,4.182562351226807
ACH-000019,MCF7,MCF7_BREAST,BREAST,5394,Temozolomide,7.383072853088379,6.469724655151367
ACH-000019,MCF7,MCF7_BREAST,BREAST,5460769,Bleomycin (50 uM),4.836161136627197,2.508538007736206
ACH-000019,MCF7,MCF7_BREAST,BREAST,49846579,Venotoclax,3.2450098991394043,1.2930269241333008
ACH-000019,MCF7,MCF7_BREAST,BREAST,11228183,ABT737,3.1789979934692383,0.8213542699813843
ACH-000019,MCF7,MCF7_BREAST,BREAST,46843057,Afuresertib,2.7775230407714844,2.084211826324463
ACH-000019,MCF7,MCF7_BREAST,BREAST,56645356,AGI-5198,4.428634166717529,4.602701663970947
ACH-000019,MCF7,MCF7_BREAST,BREAST,78209992,AZD3759,3.7274720668792725,2.216421365737915
ACH-000019,MCF7,MCF7_BREAST,BREAST,54761306,AZD6738,2.8390300273895264,1.3842612504959106
ACH-000019,MCF7,MCF7_BREAST,BREAST,52913813,AZD8186,3.124929904937744,3.120755672454834
ACH-000019,MCF7,MCF7_BREAST,BREAST,71496458,Osimertinib,2.675801992416382,1.5558884143829346
ACH-000019,MCF7,MCF7_BREAST,BREAST,9933475,Cediranib,3.7447381019592285,1.987293004989624
ACH-000019,MCF7,MCF7_BREAST,BREAST,24788740,Ipatasertib,3.116363048553467,2.8829760551452637
ACH-000019,MCF7,MCF7_BREAST,BREAST,56941241,GDC0810,2.5658700466156006,4.922906398773193
ACH-000019,MCF7,MCF7_BREAST,BREAST,70676303,GNE-317,1.463696002960205,0.688474178314209
ACH-000019,MCF7,MCF7_BREAST,BREAST,68107965,GSK2578215A,5.710144996643066,4.817956924438477
ACH-000019,MCF7,MCF7_BREAST,BREAST,91668541,I-BRD9,5.632514953613281,3.809319257736206
ACH-000019,MCF7,MCF7_BREAST,BREAST,10385095,Telomerase Inhibitor IX,1.04762601852417,0.4150746166706085
ACH-000019,MCF7,MCF7_BREAST,BREAST,227681,MIRA-1,6.300196170806885,5.003927707672119
ACH-000019,MCF7,MCF7_BREAST,BREAST,9825149,NVP-ADW742,3.858022928237915,2.243997573852539
ACH-000019,MCF7,MCF7_BREAST,BREAST,46931953,P22077,5.432589054107666,3.829662799835205
ACH-000019,MCF7,MCF7_BREAST,BREAST,68289010,Savolitinib,1.3901530504226685,2.1253368854522705
ACH-000019,MCF7,MCF7_BREAST,BREAST,992586,UMI-77,3.8511788845062256,2.492387294769287
ACH-000019,MCF7,MCF7_BREAST,BREAST,2984337,WIKI4,3.1959340572357178,3.567312717437744
ACH-000019,MCF7,MCF7_BREAST,BREAST,11178236,Sepantronium bromide,-5.718297004699707,-1.5285929441452026
ACH-000019,MCF7,MCF7_BREAST,BREAST,71297207,WEHI-539,5.088791847229004,3.0380053520202637
ACH-000019,MCF7,MCF7_BREAST,BREAST,104842,SN-38,-3.312005043029785,-5.247596740722656
ACH-000019,MCF7,MCF7_BREAST,BREAST,25126798,Ruxolitinib,5.5228071212768555,4.457756996154785
ACH-000019,MCF7,MCF7_BREAST,BREAST,11640390,Linsitinib,3.163952112197876,3.4101622104644775
ACH-000019,MCF7,MCF7_BREAST,BREAST,41867,Epirubicin,0.09114299714565277,-0.7918095588684082
ACH-000019,MCF7,MCF7_BREAST,BREAST,2907,Cyclophosphamide,5.435021877288818,5.079988479614258
ACH-000019,MCF7,MCF7_BREAST,BREAST,24360,Camptothecin,-1.841467022895813,-2.845872163772583
ACH-000019,MCF7,MCF7_BREAST,BREAST,6710780,Vinblastine,-2.070044994354248,-4.076577186584473
ACH-000019,MCF7,MCF7_BREAST,BREAST,84691,Cisplatin,4.608781814575195,1.7474716901779175
ACH-000019,MCF7,MCF7_BREAST,BREAST,6253,Cytarabine,3.81905198097229,0.5680996179580688
ACH-000019,MCF7,MCF7_BREAST,BREAST,148124,Docetaxel,-4.212316989898682,-5.264737606048584
ACH-000019,MCF7,MCF7_BREAST,BREAST,126941,Methotrexate,0.2084520012140274,0.5682499408721924
ACH-000019,MCF7,MCF7_BREAST,BREAST,123631,Gefitinib,4.600749969482422,2.7426187992095947
ACH-000019,MCF7,MCF7_BREAST,BREAST,24978538,Navitoclax,2.1389570236206055,0.457550048828125
ACH-000019,MCF7,MCF7_BREAST,BREAST,5311,Vorinostat,1.316702961921692,1.1100538969039917
ACH-000019,MCF7,MCF7_BREAST,BREAST,644241,Nilotinib,2.442495107650757,2.816133499145508
ACH-000019,MCF7,MCF7_BREAST,BREAST,44182295,Refametinib,4.113473892211914,0.6825728416442871
ACH-000019,MCF7,MCF7_BREAST,BREAST,6918289,Temsirolimus,-0.07603000104427338,1.3075698614120483
ACH-000019,MCF7,MCF7_BREAST,BREAST,23725625,Olaparib,5.335725784301758,3.431647300720215
ACH-000019,MCF7,MCF7_BREAST,BREAST,11960529,Veliparib,5.7392988204956055,5.128574848175049
ACH-000019,MCF7,MCF7_BREAST,BREAST,5328940,Bosutinib,4.374070167541504,2.2214133739471436
ACH-000019,MCF7,MCF7_BREAST,BREAST,216326,Lenalidomide,6.224440097808838,5.094604015350342
ACH-000019,MCF7,MCF7_BREAST,BREAST,6450551,Axitinib,3.200529098510742,1.891652226448059
ACH-000019,MCF7,MCF7_BREAST,BREAST,11152667,AZD7762,1.9202909469604492,0.1556527018547058
ACH-000019,MCF7,MCF7_BREAST,BREAST,9943465,GW441756,3.5103919506073,2.9058144092559814
