depmap_id,cell_line_name,ccle_name,tissue,pubchem_id,drug_name,true_logIC50,pred_logIC50
ACH-000396,J82,J82_URINARY_TRACT,URINARY_TRACT,126565,Lestaurtinib,3.9316279888153076,0.48528817296028137
ACH-000396,J82,J82_URINARY_TRACT,URINARY_TRACT,176158,SB216763,5.542811870574951,5.407070636749268
ACH-000396,J82,J82_URINARY_TRACT,URINARY_TRACT,6505803,Tanespimycin,2.537182092666626,0.07896476984024048
ACH-000396,J82,J82_URINARY_TRACT,URINARY_TRACT,5311497,Vinorelbine,-0.15119700133800507,-2.9997541904449463
ACH-000396,J82,J82_URINARY_TRACT,URINARY_TRACT,11667893,Motesanib,6.375233173370361,5.711028099060059
ACH-000396,J82,J82_URINARY_TRACT,URINARY_TRACT,5278396,KU-55933,6.382915019989014,5.2473320960998535
ACH-000396,J82,J82_URINARY_TRACT,URINARY_TRACT,10184653,Afatinib,3.330375909805298,2.0272762775421143
ACH-000396,J82,J82_URINARY_TRACT,URINARY_TRACT,24776445,Vismodegib,5.289865970611572,5.160861492156982
ACH-000396,J82,J82_URINARY_TRACT,URINARY_TRACT,24180719,PLX-4720,5.379601955413818,4.592743396759033
ACH-000396,J82,J82_URINARY_TRACT,URINARY_TRACT,11327430,NU7441,3.8907430171966553,3.148677110671997
ACH-000396,J82,J82_URINARY_TRACT,URINARY_TRACT,16720766,Pevonedistat,4.4857869148254395,1.5865275859832764
ACH-000396,J82,J82_URINARY_TRACT,URINARY_TRACT,11488320,Sapitinib,5.700520992279053,4.300911903381348
ACH-000396,J82,J82_URINARY_TRACT,URINARY_TRACT,156422,Doramapimod,5.414204120635986,5.224403381347656
ACH-000396,J82,J82_URINARY_TRACT,URINARY_TRACT,11624601,JNK Inhibitor VIII,6.078836917877197,5.306942939758301
ACH-000396,J82,J82_URINARY_TRACT,URINARY_TRACT,51042438,Uprosertib,4.940493106842041,2.828747034072876
ACH-000396,J82,J82_URINARY_TRACT,URINARY_TRACT,24737642,LCL161,4.76177978515625,4.972480297088623
ACH-000396,J82,J82_URINARY_TRACT,URINARY_TRACT,10384072,Wee1 Inhibitor,5.434162139892578,2.2788403034210205
ACH-000396,J82,J82_URINARY_TRACT,URINARY_TRACT,11433190,Nutlin-3a (-),6.115421772003174,5.247126579284668
ACH-000396,J82,J82_URINARY_TRACT,URINARY_TRACT,208908,Lapatinib,5.030765056610107,3.545609951019287
ACH-000396,J82,J82_URINARY_TRACT,URINARY_TRACT,1401,PD173074,3.9624240398406982,3.8931140899658203
ACH-000396,J82,J82_URINARY_TRACT,URINARY_TRACT,9914412,ZM447439,5.052398204803467,3.1489522457122803
ACH-000396,J82,J82_URINARY_TRACT,URINARY_TRACT,24771867,Alisertib,3.3880228996276855,2.309931993484497
ACH-000396,J82,J82_URINARY_TRACT,URINARY_TRACT,56649450,Alpelisib,5.2933502197265625,3.482228994369507
ACH-000396,J82,J82_URINARY_TRACT,URINARY_TRACT,46930998,MK-2206,4.483250141143799,2.796168804168701
ACH-000396,J82,J82_URINARY_TRACT,URINARY_TRACT,5330286,Palbociclib,5.948700904846191,4.025824069976807
ACH-000396,J82,J82_URINARY_TRACT,URINARY_TRACT,51001932,Taselisib,3.0634419918060303,1.868130087852478
ACH-000396,J82,J82_URINARY_TRACT,URINARY_TRACT,57345410,EPZ5676,5.922181129455566,5.723924160003662
ACH-000396,J82,J82_URINARY_TRACT,URINARY_TRACT,11977753,Dactolisib,2.442405939102173,-1.5272653102874756
ACH-000396,J82,J82_URINARY_TRACT,URINARY_TRACT,17755052,Pictilisib,2.228605031967163,1.013283133506775
ACH-000396,J82,J82_URINARY_TRACT,URINARY_TRACT,25262965,AZD8055,-0.008646000176668167,0.05283720791339874
ACH-000396,J82,J82_URINARY_TRACT,URINARY_TRACT,9826528,PD0325901,3.5996179580688477,2.969223976135254
ACH-000396,J82,J82_URINARY_TRACT,URINARY_TRACT,24866313,SCH772984,4.5372419357299805,3.872635841369629
ACH-000396,J82,J82_URINARY_TRACT,URINARY_TRACT,10127622,Selumetinib,3.6343889236450195,4.564013481140137
ACH-000396,J82,J82_URINARY_TRACT,URINARY_TRACT,9927531,BIBR-1532,6.026848793029785,5.218302249908447
ACH-000396,J82,J82_URINARY_TRACT,URINARY_TRACT,2155128,IWP-2,2.7355010509490967,3.0308427810668945
ACH-000396,J82,J82_URINARY_TRACT,URINARY_TRACT,3899,Leflunomide,4.117013931274414,5.2750630378723145
ACH-000396,J82,J82_URINARY_TRACT,URINARY_TRACT,2314623,CCT007093,6.278584957122803,5.360193252563477
ACH-000396,J82,J82_URINARY_TRACT,URINARY_TRACT,11404337,Obatoclax Mesylate,-0.13712599873542786,0.8851441144943237
ACH-000396,J82,J82_URINARY_TRACT,URINARY_TRACT,9938202,EHT-1864,5.751506805419922,3.8731706142425537
ACH-000396,J82,J82_URINARY_TRACT,URINARY_TRACT,25227847,Pyridostatin,6.3651227951049805,3.977125644683838
ACH-000396,J82,J82_URINARY_TRACT,URINARY_TRACT,46883536,Avagacestat,5.408545970916748,5.041561126708984
ACH-000396,J82,J82_URINARY_TRACT,URINARY_TRACT,3385,5-Fluorouracil,5.080441951751709,5.002649307250977
ACH-000396,J82,J82_URINARY_TRACT,URINARY_TRACT,68947304,AMG-319,6.36834192276001,5.111230850219727
ACH-000396,J82,J82_URINARY_TRACT,URINARY_TRACT,11634725,VX-11e,4.1536149978637695,3.550088882446289
ACH-000396,J82,J82_URINARY_TRACT,URINARY_TRACT,16224745,MK-8776,3.756218910217285,3.3882691860198975
ACH-000396,J82,J82_URINARY_TRACT,URINARY_TRACT,3062316,Dasatinib,4.21002197265625,-0.3948199450969696
ACH-000396,J82,J82_URINARY_TRACT,URINARY_TRACT,36314,Paclitaxel,0.6097540259361267,-3.05674409866333
ACH-000396,J82,J82_URINARY_TRACT,URINARY_TRACT,4261,Entinostat,3.4816980361938477,2.6268222332000732
ACH-000396,J82,J82_URINARY_TRACT,URINARY_TRACT,11626560,Crizotinib,4.444663047790527,3.023024320602417
ACH-000396,J82,J82_URINARY_TRACT,URINARY_TRACT,118704762,LJI308,5.47844123840332,5.229824542999268
ACH-000396,J82,J82_URINARY_TRACT,URINARY_TRACT,216239,Sorafenib,5.597114086151123,2.8774447441101074
ACH-000396,J82,J82_URINARY_TRACT,URINARY_TRACT,11364421,BI-2536,2.685431957244873,-0.5382025241851807
ACH-000396,J82,J82_URINARY_TRACT,URINARY_TRACT,46926973,LGK974,3.8187038898468018,4.452568054199219
ACH-000396,J82,J82_URINARY_TRACT,URINARY_TRACT,60838,Irinotecan,3.3365280628204346,3.376682996749878
ACH-000396,J82,J82_URINARY_TRACT,URINARY_TRACT,5310940,Oxaliplatin,4.493039131164551,4.553613662719727
ACH-000396,J82,J82_URINARY_TRACT,URINARY_TRACT,117072552,GSK591,5.850788116455078,4.704704284667969
ACH-000396,J82,J82_URINARY_TRACT,URINARY_TRACT,51000408,VE821,6.193705081939697,4.336401462554932
ACH-000396,J82,J82_URINARY_TRACT,URINARY_TRACT,25124816,GSK1904529A,4.34938907623291,4.5294928550720215
ACH-000396,J82,J82_URINARY_TRACT,URINARY_TRACT,59472121,VE-822,3.1680428981781006,3.553610324859619
ACH-000396,J82,J82_URINARY_TRACT,URINARY_TRACT,72200024,WZ4003,6.197634220123291,4.261760234832764
ACH-000396,J82,J82_URINARY_TRACT,URINARY_TRACT,42623951,CZC24832,5.721611022949219,5.391934394836426
ACH-000396,J82,J82_URINARY_TRACT,URINARY_TRACT,49847690,AZD5582,2.7278459072113037,1.9618597030639648
ACH-000396,J82,J82_URINARY_TRACT,URINARY_TRACT,53469448,GSK2606414,4.1841349601745605,3.996405601501465
ACH-000396,J82,J82_URINARY_TRACT,URINARY_TRACT,78243717,PFI3,6.311927795410156,5.560488700866699
ACH-000396,J82,J82_URINARY_TRACT,URINARY_TRACT,24753719,PCI-34051,5.583867073059082,4.809183120727539
ACH-000396,J82,J82_URINARY_TRACT,URINARY_TRACT,57519544,Wnt-C59,5.144615173339844,4.575089454650879
ACH-000396,J82,J82_URINARY_TRACT,URINARY_TRACT,46943432,I-BET-762,5.211606025695801,3.620792865753174
ACH-000396,J82,J82_URINARY_TRACT,URINARY_TRACT,9936746,OTX015,3.7922160625457764,2.803586483001709
ACH-000396,J82,J82_URINARY_TRACT,URINARY_TRACT,71268957,GSK343,3.342120885848999,3.0940659046173096
ACH-000396,J82,J82_URINARY_TRACT,URINARY_TRACT,60167849,ML323,5.162887096405029,4.73399543762207
ACH-000396,J82,J82_URINARY_TRACT,URINARY_TRACT,59473233,Entospletinib,4.304690837860107,3.6065871715545654
ACH-000396,J82,J82_URINARY_TRACT,URINARY_TRACT,44462758,PRT062607,5.659383773803711,3.5020604133605957
ACH-000396,J82,J82_URINARY_TRACT,URINARY_TRACT,44631912,Ribociclib,4.8929009437561035,3.963017225265503
ACH-000396,J82,J82_URINARY_TRACT,URINARY_TRACT,71299339,AGI-6780,4.027219772338867,4.554481506347656
ACH-000396,J82,J82_URINARY_TRACT,URINARY_TRACT,1018,Picolinici-acid,5.078525066375732,5.456058502197266
ACH-000396,J82,J82_URINARY_TRACT,URINARY_TRACT,52918385,PRIMA-1MET,7.145937919616699,4.847548484802246
ACH-000396,J82,J82_URINARY_TRACT,URINARY_TRACT,11609586,Serdemetan,4.684938907623291,4.079687595367432
ACH-000396,J82,J82_URINARY_TRACT,URINARY_TRACT,42642645,Foretinib,2.217237949371338,1.0785391330718994
ACH-000396,J82,J82_URINARY_TRACT,URINARY_TRACT,46907787,JQ1,5.194695949554443,2.4729034900665283
ACH-000396,J82,J82_URINARY_TRACT,URINARY_TRACT,71271629,PFI-1,4.260265827178955,4.275701522827148
ACH-000396,J82,J82_URINARY_TRACT,URINARY_TRACT,56962337,SGC0946,2.74743390083313,2.1797823905944824
ACH-000396,J82,J82_URINARY_TRACT,URINARY_TRACT,176870,Erlotinib,3.1448099613189697,3.2774927616119385
ACH-000396,J82,J82_URINARY_TRACT,URINARY_TRACT,9931953,Rucaparib,4.052484035491943,4.263458251953125
ACH-000396,J82,J82_URINARY_TRACT,URINARY_TRACT,24958200,Niraparib,5.9356770515441895,4.827770709991455
ACH-000396,J82,J82_URINARY_TRACT,URINARY_TRACT,24856436,MK-1775,2.071315050125122,0.9628833532333374
ACH-000396,J82,J82_URINARY_TRACT,URINARY_TRACT,46926350,Dinaciclib,1.6515940427780151,-2.679763078689575
ACH-000396,J82,J82_URINARY_TRACT,URINARY_TRACT,60750,Gemcitabine,-0.44891300797462463,1.5652974843978882
ACH-000396,J82,J82_URINARY_TRACT,URINARY_TRACT,387447,Bortezomib,-4.222808837890625,-4.527551651000977
ACH-000396,J82,J82_URINARY_TRACT,URINARY_TRACT,2733526,Tamoxifen,4.978696823120117,4.10780143737793
ACH-000396,J82,J82_URINARY_TRACT,URINARY_TRACT,104741,Fulvestrant,4.004762172698975,3.194166660308838
ACH-000396,J82,J82_URINARY_TRACT,URINARY_TRACT,56962336,EPZ004777,5.497056007385254,5.392184734344482
ACH-000396,J82,J82_URINARY_TRACT,URINARY_TRACT,44632017,YK-4-279,5.896772861480713,2.709746837615967
ACH-000396,J82,J82_URINARY_TRACT,URINARY_TRACT,9813758,BMS-345541,5.631034851074219,3.5543019771575928
ACH-000396,J82,J82_URINARY_TRACT,URINARY_TRACT,25099184,AZ960,4.4706501960754395,2.1117870807647705
ACH-000396,J82,J82_URINARY_TRACT,URINARY_TRACT,51039095,AZD4547,1.0998669862747192,3.202190637588501
ACH-000396,J82,J82_URINARY_TRACT,URINARY_TRACT,24821094,Ibrutinib,6.264216899871826,4.429572582244873
ACH-000396,J82,J82_URINARY_TRACT,URINARY_TRACT,70983932,GSK2830371,6.370516777038574,5.640290260314941
ACH-000396,J82,J82_URINARY_TRACT,URINARY_TRACT,46236925,Sabutoclax,0.7700960040092468,0.1962873339653015
ACH-000396,J82,J82_URINARY_TRACT,URINARY_TRACT,11655119,LY2109761,6.167326927185059,5.239845275878906
ACH-000396,J82,J82_URINARY_TRACT,URINARY_TRACT,35397514,OF-1,4.037205219268799,4.306018352508545
ACH-000396,J82,J82_URINARY_TRACT,URINARY_TRACT,2802462,MN-64,5.765629768371582,4.848304271697998
ACH-000396,J82,J82_URINARY_TRACT,URINARY_TRACT,73555129,KRAS (G12C) Inhibitor-12,5.444887161254883,4.832910537719727
ACH-000396,J82,J82_URINARY_TRACT,URINARY_TRACT,462382,MG-132,-1.0771620273590088,-1.2318594455718994
ACH-000396,J82,J82_URINARY_TRACT,URINARY_TRACT,11707110,Trametinib,2.398632049560547,1.4989147186279297
ACH-000396,J82,J82_URINARY_TRACT,URINARY_TRACT,44462760,Dabrafenib,6.380072116851807,4.687716484069824
ACH-000396,J82,J82_URINARY_TRACT,URINARY_TRACT,5394,Temozolomide,7.939229965209961,6.754293918609619
ACH-000396,J82,J82_URINARY_TRACT,URINARY_TRACT,5460769,Bleomycin (50 uM),4.080996990203857,3.939531087875366
ACH-000396,J82,J82_URINARY_TRACT,URINARY_TRACT,49846579,Venotoclax,2.9479289054870605,3.2169554233551025
ACH-000396,J82,J82_URINARY_TRACT,URINARY_TRACT,11228183,ABT737,1.783223032951355,2.3176939487457275
ACH-000396,J82,J82_URINARY_TRACT,URINARY_TRACT,46843057,Afuresertib,3.382956027984619,2.3465182781219482
ACH-000396,J82,J82_URINARY_TRACT,URINARY_TRACT,56645356,AGI-5198,5.218890190124512,4.903426647186279
ACH-000396,J82,J82_URINARY_TRACT,URINARY_TRACT,78209992,AZD3759,2.6328680515289307,2.9261815547943115
ACH-000396,J82,J82_URINARY_TRACT,URINARY_TRACT,54761306,AZD6738,4.479112148284912,2.4079067707061768
ACH-000396,J82,J82_URINARY_TRACT,URINARY_TRACT,52913813,AZD8186,4.573155879974365,2.826144218444824
ACH-000396,J82,J82_URINARY_TRACT,URINARY_TRACT,71496458,Osimertinib,2.3759050369262695,2.063882827758789
ACH-000396,J82,J82_URINARY_TRACT,URINARY_TRACT,9933475,Cediranib,4.6029157638549805,2.2786753177642822
ACH-000396,J82,J82_URINARY_TRACT,URINARY_TRACT,24788740,Ipatasertib,4.343010902404785,3.187946319580078
ACH-000396,J82,J82_URINARY_TRACT,URINARY_TRACT,56941241,GDC0810,4.9908928871154785,5.281046390533447
ACH-000396,J82,J82_URINARY_TRACT,URINARY_TRACT,70676303,GNE-317,4.550437927246094,0.5169881582260132
ACH-000396,J82,J82_URINARY_TRACT,URINARY_TRACT,68107965,GSK2578215A,4.828089237213135,5.166958808898926
ACH-000396,J82,J82_URINARY_TRACT,URINARY_TRACT,91668541,I-BRD9,5.961633205413818,4.697372913360596
ACH-000396,J82,J82_URINARY_TRACT,URINARY_TRACT,10385095,Telomerase Inhibitor IX,2.186005115509033,1.0778132677078247
ACH-000396,J82,J82_URINARY_TRACT,URINARY_TRACT,227681,MIRA-1,6.19877815246582,5.622344017028809
ACH-000396,J82,J82_URINARY_TRACT,URINARY_TRACT,9825149,NVP-ADW742,5.552173137664795,3.1108880043029785
ACH-000396,J82,J82_URINARY_TRACT,URINARY_TRACT,46931953,P22077,5.606231212615967,4.788525104522705
ACH-000396,J82,J82_URINARY_TRACT,URINARY_TRACT,68289010,Savolitinib,2.7221500873565674,2.798468589782715
ACH-000396,J82,J82_URINARY_TRACT,URINARY_TRACT,992586,UMI-77,5.421329975128174,3.0349366664886475
ACH-000396,J82,J82_URINARY_TRACT,URINARY_TRACT,2984337,WIKI4,3.7872540950775146,3.7264771461486816
ACH-000396,J82,J82_URINARY_TRACT,URINARY_TRACT,11178236,Sepantronium bromide,-0.8734700083732605,-4.526760578155518
ACH-000396,J82,J82_URINARY_TRACT,URINARY_TRACT,71297207,WEHI-539,3.7345340251922607,3.8985464572906494
ACH-000396,J82,J82_URINARY_TRACT,URINARY_TRACT,104842,SN-38,-3.755531072616577,1.2854188680648804
ACH-000396,J82,J82_URINARY_TRACT,URINARY_TRACT,25126798,Ruxolitinib,5.438138961791992,5.116754055023193
ACH-000396,J82,J82_URINARY_TRACT,URINARY_TRACT,11640390,Linsitinib,5.148777008056641,4.295346736907959
ACH-000396,J82,J82_URINARY_TRACT,URINARY_TRACT,41867,Epirubicin,2.7423319816589355,-0.18532145023345947
ACH-000396,J82,J82_URINARY_TRACT,URINARY_TRACT,2907,Cyclophosphamide,4.875391006469727,5.461764335632324
ACH-000396,J82,J82_URINARY_TRACT,URINARY_TRACT,24360,Camptothecin,-3.0441219806671143,-1.2117912769317627
ACH-000396,J82,J82_URINARY_TRACT,URINARY_TRACT,6710780,Vinblastine,1.679034948348999,-3.796536922454834
ACH-000396,J82,J82_URINARY_TRACT,URINARY_TRACT,84691,Cisplatin,2.7079780101776123,3.745225667953491
ACH-000396,J82,J82_URINARY_TRACT,URINARY_TRACT,6253,Cytarabine,4.411089897155762,2.706373929977417
ACH-000396,J82,J82_URINARY_TRACT,URINARY_TRACT,148124,Docetaxel,-1.4503240585327148,-4.4504570960998535
ACH-000396,J82,J82_URINARY_TRACT,URINARY_TRACT,126941,Methotrexate,-0.10286399722099304,0.47861775755882263
ACH-000396,J82,J82_URINARY_TRACT,URINARY_TRACT,123631,Gefitinib,4.369603157043457,3.5600242614746094
ACH-000396,J82,J82_URINARY_TRACT,URINARY_TRACT,24978538,Navitoclax,2.8341410160064697,2.0559322834014893
ACH-000396,J82,J82_URINARY_TRACT,URINARY_TRACT,5311,Vorinostat,4.703021049499512,2.0153398513793945
ACH-000396,J82,J82_URINARY_TRACT,URINARY_TRACT,644241,Nilotinib,5.246262073516846,3.5225300788879395
ACH-000396,J82,J82_URINARY_TRACT,URINARY_TRACT,44182295,Refametinib,3.4896950721740723,3.6280996799468994
ACH-000396,J82,J82_URINARY_TRACT,URINARY_TRACT,6918289,Temsirolimus,0.6605309844017029,0.9996196031570435
ACH-000396,J82,J82_URINARY_TRACT,URINARY_TRACT,23725625,Olaparib,4.94700288772583,4.798384189605713
ACH-000396,J82,J82_URINARY_TRACT,URINARY_TRACT,11960529,Veliparib,6.015632152557373,5.444877624511719
ACH-000396,J82,J82_URINARY_TRACT,URINARY_TRACT,5328940,Bosutinib,4.515861988067627,2.9054129123687744
ACH-000396,J82,J82_URINARY_TRACT,URINARY_TRACT,216326,Lenalidomide,6.273388862609863,5.48492956161499
ACH-000396,J82,J82_URINARY_TRACT,URINARY_TRACT,6450551,Axitinib,3.883975028991699,3.3228180408477783
ACH-000396,J82,J82_URINARY_TRACT,URINARY_TRACT,11152667,AZD7762,1.6646159887313843,0.42611584067344666
ACH-000396,J82,J82_URINARY_TRACT,URINARY_TRACT,9943465,GW441756,4.147662162780762,3.5245466232299805
ACH-000486,KU-19-19,KU1919_URINARY_TRACT,URINARY_TRACT,126565,Lestaurtinib,-0.6263409852981567,0.17854368686676025
ACH-000486,KU-19-19,KU1919_URINARY_TRACT,URINARY_TRACT,176158,SB216763,3.618304967880249,4.730167388916016
ACH-000486,KU-19-19,KU1919_URINARY_TRACT,URINARY_TRACT,6505803,Tanespimycin,-1.1797980070114136,-0.8809880018234253
ACH-000486,KU-19-19,KU1919_URINARY_TRACT,URINARY_TRACT,5311497,Vinorelbine,-4.159298896789551,-4.1356635093688965
ACH-000486,KU-19-19,KU1919_URINARY_TRACT,URINARY_TRACT,11667893,Motesanib,5.311471939086914,5.117114067077637
ACH-000486,KU-19-19,KU1919_URINARY_TRACT,URINARY_TRACT,5278396,KU-55933,4.821304798126221,4.658884525299072
ACH-000486,KU-19-19,KU1919_URINARY_TRACT,URINARY_TRACT,10184653,Afatinib,1.8848830461502075,1.4654651880264282
ACH-000486,KU-19-19,KU1919_URINARY_TRACT,URINARY_TRACT,24776445,Vismodegib,5.287529945373535,4.627153396606445
ACH-000486,KU-19-19,KU1919_URINARY_TRACT,URINARY_TRACT,24180719,PLX-4720,4.362576007843018,3.5517382621765137
ACH-000486,KU-19-19,KU1919_URINARY_TRACT,URINARY_TRACT,11327430,NU7441,2.4295461177825928,2.4533498287200928
ACH-000486,KU-19-19,KU1919_URINARY_TRACT,URINARY_TRACT,16720766,Pevonedistat,-0.9358429908752441,0.5572183132171631
ACH-000486,KU-19-19,KU1919_URINARY_TRACT,URINARY_TRACT,11488320,Sapitinib,4.856942176818848,2.944099187850952
ACH-000486,KU-19-19,KU1919_URINARY_TRACT,URINARY_TRACT,156422,Doramapimod,4.278038024902344,4.655374050140381
ACH-000486,KU-19-19,KU1919_URINARY_TRACT,URINARY_TRACT,11624601,JNK Inhibitor VIII,5.266643047332764,4.724482536315918
ACH-000486,KU-19-19,KU1919_URINARY_TRACT,URINARY_TRACT,51042438,Uprosertib,2.164560079574585,2.0847256183624268
ACH-000486,KU-19-19,KU1919_URINARY_TRACT,URINARY_TRACT,24737642,LCL161,4.602101802825928,4.4089508056640625
ACH-000486,KU-19-19,KU1919_URINARY_TRACT,URINARY_TRACT,10384072,Wee1 Inhibitor,0.5040339827537537,1.4129753112792969
ACH-000486,KU-19-19,KU1919_URINARY_TRACT,URINARY_TRACT,11433190,Nutlin-3a (-),2.5077528953552246,3.3282887935638428
ACH-000486,KU-19-19,KU1919_URINARY_TRACT,URINARY_TRACT,208908,Lapatinib,3.4457130432128906,2.4093832969665527
ACH-000486,KU-19-19,KU1919_URINARY_TRACT,URINARY_TRACT,1401,PD173074,3.63350510597229,3.4217188358306885
ACH-000486,KU-19-19,KU1919_URINARY_TRACT,URINARY_TRACT,9914412,ZM447439,1.174407958984375,2.0474939346313477
ACH-000486,KU-19-19,KU1919_URINARY_TRACT,URINARY_TRACT,24771867,Alisertib,0.7257850170135498,1.3496153354644775
ACH-000486,KU-19-19,KU1919_URINARY_TRACT,URINARY_TRACT,56649450,Alpelisib,4.967026233673096,2.5189008712768555
ACH-000486,KU-19-19,KU1919_URINARY_TRACT,URINARY_TRACT,46930998,MK-2206,3.5408060550689697,2.112675905227661
ACH-000486,KU-19-19,KU1919_URINARY_TRACT,URINARY_TRACT,5330286,Palbociclib,2.224287986755371,2.4978511333465576
ACH-000486,KU-19-19,KU1919_URINARY_TRACT,URINARY_TRACT,51001932,Taselisib,4.26436185836792,0.9580906629562378
ACH-000486,KU-19-19,KU1919_URINARY_TRACT,URINARY_TRACT,57345410,EPZ5676,5.469901084899902,5.062658309936523
ACH-000486,KU-19-19,KU1919_URINARY_TRACT,URINARY_TRACT,11977753,Dactolisib,-2.017430067062378,-2.06378173828125
ACH-000486,KU-19-19,KU1919_URINARY_TRACT,URINARY_TRACT,17755052,Pictilisib,2.2940731048583984,0.7596282958984375
ACH-000486,KU-19-19,KU1919_URINARY_TRACT,URINARY_TRACT,25262965,AZD8055,-0.11041100323200226,-0.4942640960216522
ACH-000486,KU-19-19,KU1919_URINARY_TRACT,URINARY_TRACT,9826528,PD0325901,-2.7055530548095703,-1.3078852891921997
ACH-000486,KU-19-19,KU1919_URINARY_TRACT,URINARY_TRACT,24866313,SCH772984,-1.7742730379104614,0.30821099877357483
ACH-000486,KU-19-19,KU1919_URINARY_TRACT,URINARY_TRACT,10127622,Selumetinib,0.15334400534629822,1.27936589717865
ACH-000486,KU-19-19,KU1919_URINARY_TRACT,URINARY_TRACT,9927531,BIBR-1532,5.084341049194336,4.69413423538208
ACH-000486,KU-19-19,KU1919_URINARY_TRACT,URINARY_TRACT,2155128,IWP-2,2.7282330989837646,2.6807334423065186
ACH-000486,KU-19-19,KU1919_URINARY_TRACT,URINARY_TRACT,3899,Leflunomide,4.2564167976379395,4.765865802764893
ACH-000486,KU-19-19,KU1919_URINARY_TRACT,URINARY_TRACT,2314623,CCT007093,5.06049108505249,4.788405895233154
ACH-000486,KU-19-19,KU1919_URINARY_TRACT,URINARY_TRACT,11404337,Obatoclax Mesylate,-0.1629049926996231,0.7906179428100586
ACH-000486,KU-19-19,KU1919_URINARY_TRACT,URINARY_TRACT,9938202,EHT-1864,3.6265029907226562,3.7806642055511475
ACH-000486,KU-19-19,KU1919_URINARY_TRACT,URINARY_TRACT,25227847,Pyridostatin,2.940053939819336,3.54193377494812
ACH-000486,KU-19-19,KU1919_URINARY_TRACT,URINARY_TRACT,46883536,Avagacestat,4.523233890533447,4.3649444580078125
ACH-000486,KU-19-19,KU1919_URINARY_TRACT,URINARY_TRACT,3385,5-Fluorouracil,2.622267007827759,3.223454236984253
ACH-000486,KU-19-19,KU1919_URINARY_TRACT,URINARY_TRACT,68947304,AMG-319,4.968719005584717,4.434262275695801
ACH-000486,KU-19-19,KU1919_URINARY_TRACT,URINARY_TRACT,11634725,VX-11e,-1.648710012435913,1.2165045738220215
ACH-000486,KU-19-19,KU1919_URINARY_TRACT,URINARY_TRACT,16224745,MK-8776,3.385874032974243,2.6053905487060547
ACH-000486,KU-19-19,KU1919_URINARY_TRACT,URINARY_TRACT,3062316,Dasatinib,0.343517005443573,-0.6109083890914917
ACH-000486,KU-19-19,KU1919_URINARY_TRACT,URINARY_TRACT,36314,Paclitaxel,-4.008907794952393,-3.8327488899230957
ACH-000486,KU-19-19,KU1919_URINARY_TRACT,URINARY_TRACT,4261,Entinostat,0.9105550050735474,1.7796077728271484
ACH-000486,KU-19-19,KU1919_URINARY_TRACT,URINARY_TRACT,11626560,Crizotinib,2.5522820949554443,1.8567795753479004
ACH-000486,KU-19-19,KU1919_URINARY_TRACT,URINARY_TRACT,118704762,LJI308,5.249767780303955,4.4938273429870605
ACH-000486,KU-19-19,KU1919_URINARY_TRACT,URINARY_TRACT,216239,Sorafenib,1.4588539600372314,2.4528989791870117
ACH-000486,KU-19-19,KU1919_URINARY_TRACT,URINARY_TRACT,11364421,BI-2536,-2.307742118835449,-1.5403586626052856
ACH-000486,KU-19-19,KU1919_URINARY_TRACT,URINARY_TRACT,46926973,LGK974,3.94484806060791,4.192389488220215
ACH-000486,KU-19-19,KU1919_URINARY_TRACT,URINARY_TRACT,60838,Irinotecan,1.0387190580368042,2.096268892288208
ACH-000486,KU-19-19,KU1919_URINARY_TRACT,URINARY_TRACT,5310940,Oxaliplatin,2.2857348918914795,3.078251600265503
ACH-000486,KU-19-19,KU1919_URINARY_TRACT,URINARY_TRACT,117072552,GSK591,4.678855895996094,3.857612133026123
ACH-000486,KU-19-19,KU1919_URINARY_TRACT,URINARY_TRACT,51000408,VE821,3.134192943572998,3.0278515815734863
ACH-000486,KU-19-19,KU1919_URINARY_TRACT,URINARY_TRACT,25124816,GSK1904529A,4.3557939529418945,4.162294387817383
ACH-000486,KU-19-19,KU1919_URINARY_TRACT,URINARY_TRACT,59472121,VE-822,0.7996000051498413,2.3636934757232666
ACH-000486,KU-19-19,KU1919_URINARY_TRACT,URINARY_TRACT,72200024,WZ4003,2.203188896179199,3.4966654777526855
ACH-000486,KU-19-19,KU1919_URINARY_TRACT,URINARY_TRACT,42623951,CZC24832,4.764902114868164,4.697320461273193
ACH-000486,KU-19-19,KU1919_URINARY_TRACT,URINARY_TRACT,49847690,AZD5582,1.3448530435562134,1.5117071866989136
ACH-000486,KU-19-19,KU1919_URINARY_TRACT,URINARY_TRACT,53469448,GSK2606414,3.814840078353882,3.367401123046875
ACH-000486,KU-19-19,KU1919_URINARY_TRACT,URINARY_TRACT,78243717,PFI3,4.786136150360107,4.96396541595459
ACH-000486,KU-19-19,KU1919_URINARY_TRACT,URINARY_TRACT,24753719,PCI-34051,3.9086620807647705,4.183819770812988
ACH-000486,KU-19-19,KU1919_URINARY_TRACT,URINARY_TRACT,57519544,Wnt-C59,4.035505771636963,4.137080669403076
ACH-000486,KU-19-19,KU1919_URINARY_TRACT,URINARY_TRACT,46943432,I-BET-762,1.317383050918579,2.0747556686401367
ACH-000486,KU-19-19,KU1919_URINARY_TRACT,URINARY_TRACT,9936746,OTX015,-0.32544100284576416,1.3117974996566772
ACH-000486,KU-19-19,KU1919_URINARY_TRACT,URINARY_TRACT,71268957,GSK343,2.4633920192718506,2.6178390979766846
ACH-000486,KU-19-19,KU1919_URINARY_TRACT,URINARY_TRACT,60167849,ML323,4.376979827880859,4.296861171722412
ACH-000486,KU-19-19,KU1919_URINARY_TRACT,URINARY_TRACT,59473233,Entospletinib,3.107830047607422,2.8029627799987793
ACH-000486,KU-19-19,KU1919_URINARY_TRACT,URINARY_TRACT,44462758,PRT062607,1.6031110286712646,2.224848747253418
ACH-000486,KU-19-19,KU1919_URINARY_TRACT,URINARY_TRACT,44631912,Ribociclib,3.3295719623565674,3.112271547317505
ACH-000486,KU-19-19,KU1919_URINARY_TRACT,URINARY_TRACT,71299339,AGI-6780,3.7895209789276123,4.180917263031006
ACH-000486,KU-19-19,KU1919_URINARY_TRACT,URINARY_TRACT,1018,Picolinici-acid,4.610209941864014,4.8762664794921875
ACH-000486,KU-19-19,KU1919_URINARY_TRACT,URINARY_TRACT,52918385,PRIMA-1MET,5.6576619148254395,3.876140832901001
ACH-000486,KU-19-19,KU1919_URINARY_TRACT,URINARY_TRACT,11609586,Serdemetan,2.5788590908050537,3.4052810668945312
ACH-000486,KU-19-19,KU1919_URINARY_TRACT,URINARY_TRACT,42642645,Foretinib,0.9257389903068542,0.652876615524292
ACH-000486,KU-19-19,KU1919_URINARY_TRACT,URINARY_TRACT,46907787,JQ1,-0.320158988237381,1.2813081741333008
ACH-000486,KU-19-19,KU1919_URINARY_TRACT,URINARY_TRACT,71271629,PFI-1,2.4363150596618652,3.733567953109741
ACH-000486,KU-19-19,KU1919_URINARY_TRACT,URINARY_TRACT,56962337,SGC0946,1.3535480499267578,2.0823121070861816
ACH-000486,KU-19-19,KU1919_URINARY_TRACT,URINARY_TRACT,176870,Erlotinib,1.862002968788147,2.4132614135742188
ACH-000486,KU-19-19,KU1919_URINARY_TRACT,URINARY_TRACT,9931953,Rucaparib,3.1237521171569824,3.873357057571411
ACH-000486,KU-19-19,KU1919_URINARY_TRACT,URINARY_TRACT,24958200,Niraparib,3.173218011856079,3.891226291656494
ACH-000486,KU-19-19,KU1919_URINARY_TRACT,URINARY_TRACT,24856436,MK-1775,-0.41282200813293457,0.4507538676261902
ACH-000486,KU-19-19,KU1919_URINARY_TRACT,URINARY_TRACT,46926350,Dinaciclib,-4.2309489250183105,-3.2687079906463623
ACH-000486,KU-19-19,KU1919_URINARY_TRACT,URINARY_TRACT,60750,Gemcitabine,-3.2294819355010986,-1.5900087356567383
ACH-000486,KU-19-19,KU1919_URINARY_TRACT,URINARY_TRACT,387447,Bortezomib,-4.810037136077881,-4.768505096435547
ACH-000486,KU-19-19,KU1919_URINARY_TRACT,URINARY_TRACT,2733526,Tamoxifen,3.666222095489502,3.8592422008514404
ACH-000486,KU-19-19,KU1919_URINARY_TRACT,URINARY_TRACT,104741,Fulvestrant,2.5413401126861572,2.979198932647705
ACH-000486,KU-19-19,KU1919_URINARY_TRACT,URINARY_TRACT,56962336,EPZ004777,5.280939102172852,4.855299949645996
ACH-000486,KU-19-19,KU1919_URINARY_TRACT,URINARY_TRACT,44632017,YK-4-279,1.5085469484329224,1.5323219299316406
ACH-000486,KU-19-19,KU1919_URINARY_TRACT,URINARY_TRACT,9813758,BMS-345541,2.434701919555664,2.7192132472991943
ACH-000486,KU-19-19,KU1919_URINARY_TRACT,URINARY_TRACT,25099184,AZ960,0.7525789737701416,1.3678539991378784
ACH-000486,KU-19-19,KU1919_URINARY_TRACT,URINARY_TRACT,51039095,AZD4547,3.4499049186706543,3.1449391841888428
ACH-000486,KU-19-19,KU1919_URINARY_TRACT,URINARY_TRACT,24821094,Ibrutinib,4.96244478225708,3.3406612873077393
ACH-000486,KU-19-19,KU1919_URINARY_TRACT,URINARY_TRACT,70983932,GSK2830371,5.248079776763916,5.00813627243042
ACH-000486,KU-19-19,KU1919_URINARY_TRACT,URINARY_TRACT,46236925,Sabutoclax,-1.0147390365600586,0.12861308455467224
ACH-000486,KU-19-19,KU1919_URINARY_TRACT,URINARY_TRACT,11655119,LY2109761,4.663222789764404,4.59559440612793
ACH-000486,KU-19-19,KU1919_URINARY_TRACT,URINARY_TRACT,35397514,OF-1,5.0445990562438965,4.1574177742004395
ACH-000486,KU-19-19,KU1919_URINARY_TRACT,URINARY_TRACT,2802462,MN-64,5.197344779968262,4.2924485206604
ACH-000486,KU-19-19,KU1919_URINARY_TRACT,URINARY_TRACT,73555129,KRAS (G12C) Inhibitor-12,2.221287965774536,4.062678337097168
ACH-000486,KU-19-19,KU1919_URINARY_TRACT,URINARY_TRACT,462382,MG-132,-1.0057679414749146,-1.0590070486068726
ACH-000486,KU-19-19,KU1919_URINARY_TRACT,URINARY_TRACT,11707110,Trametinib,-4.86021614074707,-2.4679296016693115
ACH-000486,KU-19-19,KU1919_URINARY_TRACT,URINARY_TRACT,44462760,Dabrafenib,2.6121389865875244,3.261565923690796
ACH-000486,KU-19-19,KU1919_URINARY_TRACT,URINARY_TRACT,5394,Temozolomide,6.568964004516602,5.8925395011901855
ACH-000486,KU-19-19,KU1919_URINARY_TRACT,URINARY_TRACT,5460769,Bleomycin (50 uM),1.1579209566116333,2.119270086288452
ACH-000486,KU-19-19,KU1919_URINARY_TRACT,URINARY_TRACT,49846579,Venotoclax,2.3586840629577637,2.6938586235046387
ACH-000486,KU-19-19,KU1919_URINARY_TRACT,URINARY_TRACT,11228183,ABT737,1.5345159769058228,2.6388356685638428
ACH-000486,KU-19-19,KU1919_URINARY_TRACT,URINARY_TRACT,46843057,Afuresertib,2.1661839485168457,1.8482085466384888
ACH-000486,KU-19-19,KU1919_URINARY_TRACT,URINARY_TRACT,56645356,AGI-5198,4.027163982391357,4.479713439941406
ACH-000486,KU-19-19,KU1919_URINARY_TRACT,URINARY_TRACT,78209992,AZD3759,2.9305219650268555,2.21804141998291
ACH-000486,KU-19-19,KU1919_URINARY_TRACT,URINARY_TRACT,54761306,AZD6738,0.7437350153923035,1.3893182277679443
ACH-000486,KU-19-19,KU1919_URINARY_TRACT,URINARY_TRACT,52913813,AZD8186,4.349071979522705,2.3250129222869873
ACH-000486,KU-19-19,KU1919_URINARY_TRACT,URINARY_TRACT,71496458,Osimertinib,2.9022040367126465,1.6931674480438232
ACH-000486,KU-19-19,KU1919_URINARY_TRACT,URINARY_TRACT,9933475,Cediranib,2.2599849700927734,1.8327561616897583
ACH-000486,KU-19-19,KU1919_URINARY_TRACT,URINARY_TRACT,24788740,Ipatasertib,3.2174079418182373,2.556367874145508
ACH-000486,KU-19-19,KU1919_URINARY_TRACT,URINARY_TRACT,56941241,GDC0810,4.1793670654296875,4.757049083709717
ACH-000486,KU-19-19,KU1919_URINARY_TRACT,URINARY_TRACT,70676303,GNE-317,0.061051998287439346,0.36790621280670166
ACH-000486,KU-19-19,KU1919_URINARY_TRACT,URINARY_TRACT,68107965,GSK2578215A,4.43636417388916,4.645061016082764
ACH-000486,KU-19-19,KU1919_URINARY_TRACT,URINARY_TRACT,91668541,I-BRD9,2.8534910678863525,4.0482683181762695
ACH-000486,KU-19-19,KU1919_URINARY_TRACT,URINARY_TRACT,10385095,Telomerase Inhibitor IX,-0.6198260188102722,0.8439565896987915
ACH-000486,KU-19-19,KU1919_URINARY_TRACT,URINARY_TRACT,227681,MIRA-1,5.286984920501709,5.010007381439209
ACH-000486,KU-19-19,KU1919_URINARY_TRACT,URINARY_TRACT,9825149,NVP-ADW742,2.383755922317505,2.1385183334350586
ACH-000486,KU-19-19,KU1919_URINARY_TRACT,URINARY_TRACT,46931953,P22077,3.0311150550842285,4.24793815612793
ACH-000486,KU-19-19,KU1919_URINARY_TRACT,URINARY_TRACT,68289010,Savolitinib,2.694875955581665,2.546696424484253
ACH-000486,KU-19-19,KU1919_URINARY_TRACT,URINARY_TRACT,992586,UMI-77,2.0168728828430176,2.722351551055908
ACH-000486,KU-19-19,KU1919_URINARY_TRACT,URINARY_TRACT,2984337,WIKI4,3.314513921737671,3.574904680252075
ACH-000486,KU-19-19,KU1919_URINARY_TRACT,URINARY_TRACT,11178236,Sepantronium bromide,-3.79819393157959,-4.394293308258057
ACH-000486,KU-19-19,KU1919_URINARY_TRACT,URINARY_TRACT,71297207,WEHI-539,3.5950629711151123,4.053543567657471
ACH-000486,KU-19-19,KU1919_URINARY_TRACT,URINARY_TRACT,104842,SN-38,-4.296825885772705,-3.356886386871338
ACH-000486,KU-19-19,KU1919_URINARY_TRACT,URINARY_TRACT,25126798,Ruxolitinib,5.098148822784424,4.581660747528076
ACH-000486,KU-19-19,KU1919_URINARY_TRACT,URINARY_TRACT,11640390,Linsitinib,4.370706081390381,3.752732753753662
ACH-000486,KU-19-19,KU1919_URINARY_TRACT,URINARY_TRACT,41867,Epirubicin,-2.5196549892425537,-1.1174309253692627
ACH-000486,KU-19-19,KU1919_URINARY_TRACT,URINARY_TRACT,2907,Cyclophosphamide,5.047150135040283,4.918917655944824
ACH-000486,KU-19-19,KU1919_URINARY_TRACT,URINARY_TRACT,24360,Camptothecin,-3.4169108867645264,-2.6055831909179688
ACH-000486,KU-19-19,KU1919_URINARY_TRACT,URINARY_TRACT,6710780,Vinblastine,-4.361730098724365,-4.721109867095947
ACH-000486,KU-19-19,KU1919_URINARY_TRACT,URINARY_TRACT,84691,Cisplatin,2.8140389919281006,2.5123465061187744
ACH-000486,KU-19-19,KU1919_URINARY_TRACT,URINARY_TRACT,6253,Cytarabine,-1.4083930253982544,1.2271500825881958
ACH-000486,KU-19-19,KU1919_URINARY_TRACT,URINARY_TRACT,148124,Docetaxel,-5.429299831390381,-5.001974105834961
ACH-000486,KU-19-19,KU1919_URINARY_TRACT,URINARY_TRACT,126941,Methotrexate,-3.5405468940734863,0.4033714234828949
ACH-000486,KU-19-19,KU1919_URINARY_TRACT,URINARY_TRACT,123631,Gefitinib,2.8367810249328613,2.667879104614258
ACH-000486,KU-19-19,KU1919_URINARY_TRACT,URINARY_TRACT,24978538,Navitoclax,4.538757801055908,2.5190515518188477
ACH-000486,KU-19-19,KU1919_URINARY_TRACT,URINARY_TRACT,5311,Vorinostat,-0.19932599365711212,1.7261015176773071
ACH-000486,KU-19-19,KU1919_URINARY_TRACT,URINARY_TRACT,644241,Nilotinib,2.1683390140533447,3.02144193649292
ACH-000486,KU-19-19,KU1919_URINARY_TRACT,URINARY_TRACT,44182295,Refametinib,-1.2720520496368408,-0.059565603733062744
ACH-000486,KU-19-19,KU1919_URINARY_TRACT,URINARY_TRACT,6918289,Temsirolimus,0.8137530088424683,0.9290813207626343
ACH-000486,KU-19-19,KU1919_URINARY_TRACT,URINARY_TRACT,23725625,Olaparib,3.5297670364379883,4.051210880279541
ACH-000486,KU-19-19,KU1919_URINARY_TRACT,URINARY_TRACT,11960529,Veliparib,5.309291839599609,4.848124027252197
ACH-000486,KU-19-19,KU1919_URINARY_TRACT,URINARY_TRACT,5328940,Bosutinib,1.8253480195999146,2.326106071472168
ACH-000486,KU-19-19,KU1919_URINARY_TRACT,URINARY_TRACT,216326,Lenalidomide,4.223089218139648,4.8767571449279785
ACH-000486,KU-19-19,KU1919_URINARY_TRACT,URINARY_TRACT,6450551,Axitinib,2.608264923095703,2.85363507270813
ACH-000486,KU-19-19,KU1919_URINARY_TRACT,URINARY_TRACT,11152667,AZD7762,-0.5978220105171204,0.07643139362335205
ACH-000486,KU-19-19,KU1919_URINARY_TRACT,URINARY_TRACT,9943465,GW441756,2.0850870609283447,3.1280319690704346
ACH-000720,TCCSUP,TCCSUP_URINARY_TRACT,URINARY_TRACT,126565,Lestaurtinib,2.892230987548828,1.006110429763794
ACH-000720,TCCSUP,TCCSUP_URINARY_TRACT,URINARY_TRACT,176158,SB216763,5.242101192474365,5.605518817901611
ACH-000720,TCCSUP,TCCSUP_URINARY_TRACT,URINARY_TRACT,6505803,Tanespimycin,-2.0100290775299072,0.4250929057598114
ACH-000720,TCCSUP,TCCSUP_URINARY_TRACT,URINARY_TRACT,5311497,Vinorelbine,-0.15571999549865723,-1.9758784770965576
ACH-000720,TCCSUP,TCCSUP_URINARY_TRACT,URINARY_TRACT,11667893,Motesanib,6.326137065887451,5.946747779846191
ACH-000720,TCCSUP,TCCSUP_URINARY_TRACT,URINARY_TRACT,5278396,KU-55933,6.139411926269531,5.521457195281982
ACH-000720,TCCSUP,TCCSUP_URINARY_TRACT,URINARY_TRACT,10184653,Afatinib,3.5374081134796143,2.434277296066284
ACH-000720,TCCSUP,TCCSUP_URINARY_TRACT,URINARY_TRACT,24776445,Vismodegib,6.034172058105469,5.438893795013428
ACH-000720,TCCSUP,TCCSUP_URINARY_TRACT,URINARY_TRACT,24180719,PLX-4720,5.288494110107422,4.869621276855469
ACH-000720,TCCSUP,TCCSUP_URINARY_TRACT,URINARY_TRACT,11327430,NU7441,5.976963043212891,3.6328048706054688
ACH-000720,TCCSUP,TCCSUP_URINARY_TRACT,URINARY_TRACT,16720766,Pevonedistat,2.4628539085388184,2.260664463043213
ACH-000720,TCCSUP,TCCSUP_URINARY_TRACT,URINARY_TRACT,11488320,Sapitinib,5.002391815185547,4.621692657470703
ACH-000720,TCCSUP,TCCSUP_URINARY_TRACT,URINARY_TRACT,156422,Doramapimod,5.789419174194336,5.465189456939697
ACH-000720,TCCSUP,TCCSUP_URINARY_TRACT,URINARY_TRACT,11624601,JNK Inhibitor VIII,6.170530796051025,5.54325008392334
ACH-000720,TCCSUP,TCCSUP_URINARY_TRACT,URINARY_TRACT,51042438,Uprosertib,3.636380910873413,3.2350263595581055
ACH-000720,TCCSUP,TCCSUP_URINARY_TRACT,URINARY_TRACT,24737642,LCL161,6.208456039428711,5.290075778961182
ACH-000720,TCCSUP,TCCSUP_URINARY_TRACT,URINARY_TRACT,10384072,Wee1 Inhibitor,3.0217978954315186,2.99336314201355
ACH-000720,TCCSUP,TCCSUP_URINARY_TRACT,URINARY_TRACT,11433190,Nutlin-3a (-),6.010739803314209,5.467203617095947
ACH-000720,TCCSUP,TCCSUP_URINARY_TRACT,URINARY_TRACT,208908,Lapatinib,6.4829277992248535,4.052626132965088
ACH-000720,TCCSUP,TCCSUP_URINARY_TRACT,URINARY_TRACT,1401,PD173074,6.32983922958374,4.150265693664551
ACH-000720,TCCSUP,TCCSUP_URINARY_TRACT,URINARY_TRACT,9914412,ZM447439,2.971755027770996,3.781136989593506
ACH-000720,TCCSUP,TCCSUP_URINARY_TRACT,URINARY_TRACT,24771867,Alisertib,2.3503170013427734,2.995314836502075
ACH-000720,TCCSUP,TCCSUP_URINARY_TRACT,URINARY_TRACT,56649450,Alpelisib,4.161818027496338,3.941829204559326
ACH-000720,TCCSUP,TCCSUP_URINARY_TRACT,URINARY_TRACT,46930998,MK-2206,5.137221813201904,3.288217067718506
ACH-000720,TCCSUP,TCCSUP_URINARY_TRACT,URINARY_TRACT,5330286,Palbociclib,5.596597194671631,4.40311336517334
ACH-000720,TCCSUP,TCCSUP_URINARY_TRACT,URINARY_TRACT,51001932,Taselisib,2.785301923751831,2.2478325366973877
ACH-000720,TCCSUP,TCCSUP_URINARY_TRACT,URINARY_TRACT,57345410,EPZ5676,5.925165176391602,5.97902774810791
ACH-000720,TCCSUP,TCCSUP_URINARY_TRACT,URINARY_TRACT,11977753,Dactolisib,-1.438938021659851,-0.8289083242416382
ACH-000720,TCCSUP,TCCSUP_URINARY_TRACT,URINARY_TRACT,17755052,Pictilisib,1.862347960472107,1.5318255424499512
ACH-000720,TCCSUP,TCCSUP_URINARY_TRACT,URINARY_TRACT,25262965,AZD8055,1.383795976638794,0.44231274724006653
ACH-000720,TCCSUP,TCCSUP_URINARY_TRACT,URINARY_TRACT,9826528,PD0325901,3.7049720287323,2.2067227363586426
ACH-000720,TCCSUP,TCCSUP_URINARY_TRACT,URINARY_TRACT,24866313,SCH772984,5.615569114685059,3.4598262310028076
ACH-000720,TCCSUP,TCCSUP_URINARY_TRACT,URINARY_TRACT,10127622,Selumetinib,5.087234020233154,4.252069473266602
ACH-000720,TCCSUP,TCCSUP_URINARY_TRACT,URINARY_TRACT,9927531,BIBR-1532,5.833743095397949,5.44312047958374
ACH-000720,TCCSUP,TCCSUP_URINARY_TRACT,URINARY_TRACT,2155128,IWP-2,3.3880538940429688,3.3628361225128174
ACH-000720,TCCSUP,TCCSUP_URINARY_TRACT,URINARY_TRACT,3899,Leflunomide,6.034824848175049,5.517245769500732
ACH-000720,TCCSUP,TCCSUP_URINARY_TRACT,URINARY_TRACT,2314623,CCT007093,6.162381172180176,5.569793224334717
ACH-000720,TCCSUP,TCCSUP_URINARY_TRACT,URINARY_TRACT,11404337,Obatoclax Mesylate,1.059744954109192,1.2162904739379883
ACH-000720,TCCSUP,TCCSUP_URINARY_TRACT,URINARY_TRACT,9938202,EHT-1864,4.588822841644287,4.1471099853515625
ACH-000720,TCCSUP,TCCSUP_URINARY_TRACT,URINARY_TRACT,25227847,Pyridostatin,4.230875015258789,4.314334392547607
ACH-000720,TCCSUP,TCCSUP_URINARY_TRACT,URINARY_TRACT,46883536,Avagacestat,5.6064629554748535,5.311015605926514
ACH-000720,TCCSUP,TCCSUP_URINARY_TRACT,URINARY_TRACT,3385,5-Fluorouracil,5.650936126708984,5.507583141326904
ACH-000720,TCCSUP,TCCSUP_URINARY_TRACT,URINARY_TRACT,68947304,AMG-319,5.9216389656066895,5.437558650970459
ACH-000720,TCCSUP,TCCSUP_URINARY_TRACT,URINARY_TRACT,11634725,VX-11e,5.870802879333496,3.602294921875
ACH-000720,TCCSUP,TCCSUP_URINARY_TRACT,URINARY_TRACT,16224745,MK-8776,3.9122579097747803,3.8839540481567383
ACH-000720,TCCSUP,TCCSUP_URINARY_TRACT,URINARY_TRACT,3062316,Dasatinib,1.8381580114364624,0.27571749687194824
ACH-000720,TCCSUP,TCCSUP_URINARY_TRACT,URINARY_TRACT,36314,Paclitaxel,-1.7312610149383545,-2.0032505989074707
ACH-000720,TCCSUP,TCCSUP_URINARY_TRACT,URINARY_TRACT,4261,Entinostat,2.040708065032959,3.2238118648529053
ACH-000720,TCCSUP,TCCSUP_URINARY_TRACT,URINARY_TRACT,11626560,Crizotinib,4.046844005584717,3.510939836502075
ACH-000720,TCCSUP,TCCSUP_URINARY_TRACT,URINARY_TRACT,118704762,LJI308,6.311407089233398,5.484035968780518
ACH-000720,TCCSUP,TCCSUP_URINARY_TRACT,URINARY_TRACT,216239,Sorafenib,3.711127996444702,3.204204559326172
ACH-000720,TCCSUP,TCCSUP_URINARY_TRACT,URINARY_TRACT,11364421,BI-2536,0.5271480083465576,1.0216854810714722
ACH-000720,TCCSUP,TCCSUP_URINARY_TRACT,URINARY_TRACT,46926973,LGK974,4.781719207763672,4.818768501281738
ACH-000720,TCCSUP,TCCSUP_URINARY_TRACT,URINARY_TRACT,60838,Irinotecan,3.48115611076355,4.139956474304199
ACH-000720,TCCSUP,TCCSUP_URINARY_TRACT,URINARY_TRACT,5310940,Oxaliplatin,5.57185697555542,4.993691444396973
ACH-000720,TCCSUP,TCCSUP_URINARY_TRACT,URINARY_TRACT,117072552,GSK591,5.012731075286865,5.105558395385742
ACH-000720,TCCSUP,TCCSUP_URINARY_TRACT,URINARY_TRACT,51000408,VE821,5.180470943450928,4.7406840324401855
ACH-000720,TCCSUP,TCCSUP_URINARY_TRACT,URINARY_TRACT,25124816,GSK1904529A,4.947914123535156,4.930144786834717
ACH-000720,TCCSUP,TCCSUP_URINARY_TRACT,URINARY_TRACT,59472121,VE-822,2.3792788982391357,4.151176452636719
ACH-000720,TCCSUP,TCCSUP_URINARY_TRACT,URINARY_TRACT,72200024,WZ4003,5.359118938446045,4.536552429199219
ACH-000720,TCCSUP,TCCSUP_URINARY_TRACT,URINARY_TRACT,42623951,CZC24832,4.936746120452881,5.607183933258057
ACH-000720,TCCSUP,TCCSUP_URINARY_TRACT,URINARY_TRACT,49847690,AZD5582,4.735345840454102,2.7608861923217773
ACH-000720,TCCSUP,TCCSUP_URINARY_TRACT,URINARY_TRACT,53469448,GSK2606414,4.510960102081299,4.27970552444458
ACH-000720,TCCSUP,TCCSUP_URINARY_TRACT,URINARY_TRACT,78243717,PFI3,5.948015213012695,5.761908054351807
ACH-000720,TCCSUP,TCCSUP_URINARY_TRACT,URINARY_TRACT,24753719,PCI-34051,5.109655857086182,5.223642826080322
ACH-000720,TCCSUP,TCCSUP_URINARY_TRACT,URINARY_TRACT,57519544,Wnt-C59,4.4414849281311035,4.920764446258545
ACH-000720,TCCSUP,TCCSUP_URINARY_TRACT,URINARY_TRACT,46943432,I-BET-762,5.190701961517334,4.0343852043151855
ACH-000720,TCCSUP,TCCSUP_URINARY_TRACT,URINARY_TRACT,9936746,OTX015,3.760936975479126,3.3234293460845947
ACH-000720,TCCSUP,TCCSUP_URINARY_TRACT,URINARY_TRACT,71268957,GSK343,2.9197258949279785,3.420044422149658
ACH-000720,TCCSUP,TCCSUP_URINARY_TRACT,URINARY_TRACT,60167849,ML323,5.396612167358398,5.080770492553711
ACH-000720,TCCSUP,TCCSUP_URINARY_TRACT,URINARY_TRACT,59473233,Entospletinib,4.15762996673584,3.9561073780059814
ACH-000720,TCCSUP,TCCSUP_URINARY_TRACT,URINARY_TRACT,44462758,PRT062607,4.3857808113098145,3.925591468811035
ACH-000720,TCCSUP,TCCSUP_URINARY_TRACT,URINARY_TRACT,44631912,Ribociclib,4.830391883850098,4.316051006317139
ACH-000720,TCCSUP,TCCSUP_URINARY_TRACT,URINARY_TRACT,71299339,AGI-6780,4.6739091873168945,4.949544906616211
ACH-000720,TCCSUP,TCCSUP_URINARY_TRACT,URINARY_TRACT,1018,Picolinici-acid,5.6708807945251465,5.64298677444458
ACH-000720,TCCSUP,TCCSUP_URINARY_TRACT,URINARY_TRACT,52918385,PRIMA-1MET,6.281904220581055,5.31233549118042
ACH-000720,TCCSUP,TCCSUP_URINARY_TRACT,URINARY_TRACT,11609586,Serdemetan,5.010299205780029,4.4209303855896
ACH-000720,TCCSUP,TCCSUP_URINARY_TRACT,URINARY_TRACT,42642645,Foretinib,1.189605951309204,1.5129563808441162
ACH-000720,TCCSUP,TCCSUP_URINARY_TRACT,URINARY_TRACT,46907787,JQ1,5.2962470054626465,3.1370339393615723
ACH-000720,TCCSUP,TCCSUP_URINARY_TRACT,URINARY_TRACT,71271629,PFI-1,4.237465858459473,4.618595600128174
ACH-000720,TCCSUP,TCCSUP_URINARY_TRACT,URINARY_TRACT,56962337,SGC0946,2.304450035095215,2.4696462154388428
ACH-000720,TCCSUP,TCCSUP_URINARY_TRACT,URINARY_TRACT,176870,Erlotinib,2.5133039951324463,3.72640323638916
ACH-000720,TCCSUP,TCCSUP_URINARY_TRACT,URINARY_TRACT,9931953,Rucaparib,5.115725994110107,4.553555488586426
ACH-000720,TCCSUP,TCCSUP_URINARY_TRACT,URINARY_TRACT,24958200,Niraparib,5.403041839599609,5.1155195236206055
ACH-000720,TCCSUP,TCCSUP_URINARY_TRACT,URINARY_TRACT,24856436,MK-1775,0.4765619933605194,1.5126546621322632
ACH-000720,TCCSUP,TCCSUP_URINARY_TRACT,URINARY_TRACT,46926350,Dinaciclib,-1.0656960010528564,-1.8780114650726318
ACH-000720,TCCSUP,TCCSUP_URINARY_TRACT,URINARY_TRACT,60750,Gemcitabine,0.8732370138168335,2.4463486671447754
ACH-000720,TCCSUP,TCCSUP_URINARY_TRACT,URINARY_TRACT,387447,Bortezomib,-4.307812213897705,-4.305913925170898
ACH-000720,TCCSUP,TCCSUP_URINARY_TRACT,URINARY_TRACT,2733526,Tamoxifen,4.615927219390869,4.464003086090088
ACH-000720,TCCSUP,TCCSUP_URINARY_TRACT,URINARY_TRACT,104741,Fulvestrant,3.6424450874328613,3.5529799461364746
ACH-000720,TCCSUP,TCCSUP_URINARY_TRACT,URINARY_TRACT,56962336,EPZ004777,5.72806978225708,5.617138862609863
ACH-000720,TCCSUP,TCCSUP_URINARY_TRACT,URINARY_TRACT,44632017,YK-4-279,2.85691499710083,3.456454038619995
ACH-000720,TCCSUP,TCCSUP_URINARY_TRACT,URINARY_TRACT,9813758,BMS-345541,5.152338981628418,4.041752815246582
ACH-000720,TCCSUP,TCCSUP_URINARY_TRACT,URINARY_TRACT,25099184,AZ960,3.9817941188812256,2.9547770023345947
ACH-000720,TCCSUP,TCCSUP_URINARY_TRACT,URINARY_TRACT,51039095,AZD4547,3.669437885284424,3.645270347595215
ACH-000720,TCCSUP,TCCSUP_URINARY_TRACT,URINARY_TRACT,24821094,Ibrutinib,5.096531867980957,4.9812912940979
ACH-000720,TCCSUP,TCCSUP_URINARY_TRACT,URINARY_TRACT,70983932,GSK2830371,6.326137065887451,5.862991809844971
ACH-000720,TCCSUP,TCCSUP_URINARY_TRACT,URINARY_TRACT,46236925,Sabutoclax,1.742203950881958,0.6311208009719849
ACH-000720,TCCSUP,TCCSUP_URINARY_TRACT,URINARY_TRACT,11655119,LY2109761,6.26292610168457,5.469891548156738
ACH-000720,TCCSUP,TCCSUP_URINARY_TRACT,URINARY_TRACT,35397514,OF-1,5.041055202484131,4.597706317901611
ACH-000720,TCCSUP,TCCSUP_URINARY_TRACT,URINARY_TRACT,2802462,MN-64,4.26379919052124,5.159381866455078
ACH-000720,TCCSUP,TCCSUP_URINARY_TRACT,URINARY_TRACT,73555129,KRAS (G12C) Inhibitor-12,6.5125250816345215,5.318802356719971
ACH-000720,TCCSUP,TCCSUP_URINARY_TRACT,URINARY_TRACT,462382,MG-132,-0.9799489974975586,-0.9494487047195435
ACH-000720,TCCSUP,TCCSUP_URINARY_TRACT,URINARY_TRACT,11707110,Trametinib,2.6676690578460693,0.8392499685287476
ACH-000720,TCCSUP,TCCSUP_URINARY_TRACT,URINARY_TRACT,44462760,Dabrafenib,5.8950910568237305,4.985893249511719
ACH-000720,TCCSUP,TCCSUP_URINARY_TRACT,URINARY_TRACT,5394,Temozolomide,7.336949825286865,7.134949207305908
ACH-000720,TCCSUP,TCCSUP_URINARY_TRACT,URINARY_TRACT,5460769,Bleomycin (50 uM),4.251317024230957,4.424479961395264
ACH-000720,TCCSUP,TCCSUP_URINARY_TRACT,URINARY_TRACT,49846579,Venotoclax,3.24767804145813,3.5367188453674316
ACH-000720,TCCSUP,TCCSUP_URINARY_TRACT,URINARY_TRACT,11228183,ABT737,2.0263619422912598,2.8939361572265625
ACH-000720,TCCSUP,TCCSUP_URINARY_TRACT,URINARY_TRACT,46843057,Afuresertib,3.7003860473632812,2.7374892234802246
ACH-000720,TCCSUP,TCCSUP_URINARY_TRACT,URINARY_TRACT,56645356,AGI-5198,4.564161777496338,5.179167747497559
ACH-000720,TCCSUP,TCCSUP_URINARY_TRACT,URINARY_TRACT,78209992,AZD3759,3.7060821056365967,3.2589221000671387
ACH-000720,TCCSUP,TCCSUP_URINARY_TRACT,URINARY_TRACT,54761306,AZD6738,1.8836220502853394,3.0316848754882812
ACH-000720,TCCSUP,TCCSUP_URINARY_TRACT,URINARY_TRACT,52913813,AZD8186,4.079183101654053,3.253678560256958
ACH-000720,TCCSUP,TCCSUP_URINARY_TRACT,URINARY_TRACT,71496458,Osimertinib,2.7573459148406982,2.4533822536468506
ACH-000720,TCCSUP,TCCSUP_URINARY_TRACT,URINARY_TRACT,9933475,Cediranib,2.0365660190582275,2.5752665996551514
ACH-000720,TCCSUP,TCCSUP_URINARY_TRACT,URINARY_TRACT,24788740,Ipatasertib,5.712018013000488,3.5851755142211914
ACH-000720,TCCSUP,TCCSUP_URINARY_TRACT,URINARY_TRACT,56941241,GDC0810,5.526975154876709,5.484956741333008
ACH-000720,TCCSUP,TCCSUP_URINARY_TRACT,URINARY_TRACT,70676303,GNE-317,0.3292660117149353,1.0310527086257935
ACH-000720,TCCSUP,TCCSUP_URINARY_TRACT,URINARY_TRACT,68107965,GSK2578215A,6.205776214599609,5.412783145904541
ACH-000720,TCCSUP,TCCSUP_URINARY_TRACT,URINARY_TRACT,91668541,I-BRD9,5.981093883514404,5.072535037994385
ACH-000720,TCCSUP,TCCSUP_URINARY_TRACT,URINARY_TRACT,10385095,Telomerase Inhibitor IX,1.7258069515228271,1.473991870880127
ACH-000720,TCCSUP,TCCSUP_URINARY_TRACT,URINARY_TRACT,227681,MIRA-1,6.126607894897461,5.852999687194824
ACH-000720,TCCSUP,TCCSUP_URINARY_TRACT,URINARY_TRACT,9825149,NVP-ADW742,2.4431800842285156,3.493058443069458
ACH-000720,TCCSUP,TCCSUP_URINARY_TRACT,URINARY_TRACT,46931953,P22077,4.207888126373291,5.207052230834961
ACH-000720,TCCSUP,TCCSUP_URINARY_TRACT,URINARY_TRACT,68289010,Savolitinib,2.620237112045288,3.109266519546509
ACH-000720,TCCSUP,TCCSUP_URINARY_TRACT,URINARY_TRACT,992586,UMI-77,3.6554160118103027,3.3104400634765625
ACH-000720,TCCSUP,TCCSUP_URINARY_TRACT,URINARY_TRACT,2984337,WIKI4,3.3756940364837646,3.9261724948883057
ACH-000720,TCCSUP,TCCSUP_URINARY_TRACT,URINARY_TRACT,11178236,Sepantronium bromide,-4.251410961151123,-4.248051643371582
ACH-000720,TCCSUP,TCCSUP_URINARY_TRACT,URINARY_TRACT,71297207,WEHI-539,3.7872750759124756,4.1989336013793945
ACH-000720,TCCSUP,TCCSUP_URINARY_TRACT,URINARY_TRACT,104842,SN-38,-2.602513074874878,2.4065487384796143
ACH-000720,TCCSUP,TCCSUP_URINARY_TRACT,URINARY_TRACT,25126798,Ruxolitinib,4.514084815979004,5.441212177276611
ACH-000720,TCCSUP,TCCSUP_URINARY_TRACT,URINARY_TRACT,11640390,Linsitinib,4.389861106872559,4.666900157928467
ACH-000720,TCCSUP,TCCSUP_URINARY_TRACT,URINARY_TRACT,41867,Epirubicin,0.08954499661922455,0.5640572309494019
ACH-000720,TCCSUP,TCCSUP_URINARY_TRACT,URINARY_TRACT,2907,Cyclophosphamide,6.225841999053955,5.664104461669922
ACH-000720,TCCSUP,TCCSUP_URINARY_TRACT,URINARY_TRACT,24360,Camptothecin,-2.3492000102996826,-0.45368441939353943
ACH-000720,TCCSUP,TCCSUP_URINARY_TRACT,URINARY_TRACT,6710780,Vinblastine,-1.4229609966278076,-2.7242166996002197
ACH-000720,TCCSUP,TCCSUP_URINARY_TRACT,URINARY_TRACT,84691,Cisplatin,2.1487159729003906,4.300217151641846
ACH-000720,TCCSUP,TCCSUP_URINARY_TRACT,URINARY_TRACT,6253,Cytarabine,3.1586310863494873,3.2901151180267334
ACH-000720,TCCSUP,TCCSUP_URINARY_TRACT,URINARY_TRACT,148124,Docetaxel,-4.171741008758545,-4.017858982086182
ACH-000720,TCCSUP,TCCSUP_URINARY_TRACT,URINARY_TRACT,126941,Methotrexate,2.2338359355926514,0.9499621391296387
ACH-000720,TCCSUP,TCCSUP_URINARY_TRACT,URINARY_TRACT,123631,Gefitinib,3.158881902694702,3.866591453552246
ACH-000720,TCCSUP,TCCSUP_URINARY_TRACT,URINARY_TRACT,24978538,Navitoclax,1.8890670537948608,2.711007595062256
ACH-000720,TCCSUP,TCCSUP_URINARY_TRACT,URINARY_TRACT,5311,Vorinostat,1.9508130550384521,2.5475242137908936
ACH-000720,TCCSUP,TCCSUP_URINARY_TRACT,URINARY_TRACT,644241,Nilotinib,4.812389850616455,3.9740610122680664
ACH-000720,TCCSUP,TCCSUP_URINARY_TRACT,URINARY_TRACT,44182295,Refametinib,3.547729015350342,2.8106133937835693
ACH-000720,TCCSUP,TCCSUP_URINARY_TRACT,URINARY_TRACT,6918289,Temsirolimus,0.5201749801635742,1.5539686679840088
ACH-000720,TCCSUP,TCCSUP_URINARY_TRACT,URINARY_TRACT,23725625,Olaparib,4.493037223815918,5.111316680908203
ACH-000720,TCCSUP,TCCSUP_URINARY_TRACT,URINARY_TRACT,11960529,Veliparib,5.808865070343018,5.638707160949707
ACH-000720,TCCSUP,TCCSUP_URINARY_TRACT,URINARY_TRACT,5328940,Bosutinib,4.605546951293945,3.368140697479248
ACH-000720,TCCSUP,TCCSUP_URINARY_TRACT,URINARY_TRACT,216326,Lenalidomide,6.258408069610596,5.711897850036621
ACH-000720,TCCSUP,TCCSUP_URINARY_TRACT,URINARY_TRACT,6450551,Axitinib,3.4087278842926025,3.8519957065582275
ACH-000720,TCCSUP,TCCSUP_URINARY_TRACT,URINARY_TRACT,11152667,AZD7762,0.03771600127220154,0.9247907400131226
ACH-000720,TCCSUP,TCCSUP_URINARY_TRACT,URINARY_TRACT,9943465,GW441756,2.7652499675750732,3.801227569580078
ACH-000242,RT4,RT4_URINARY_TRACT,URINARY_TRACT,126565,Lestaurtinib,1.207394003868103,1.0582258701324463
ACH-000242,RT4,RT4_URINARY_TRACT,URINARY_TRACT,176158,SB216763,5.158018112182617,4.833713054656982
ACH-000242,RT4,RT4_URINARY_TRACT,URINARY_TRACT,6505803,Tanespimycin,-2.220400094985962,0.5399092435836792
ACH-000242,RT4,RT4_URINARY_TRACT,URINARY_TRACT,5311497,Vinorelbine,-3.4512760639190674,-2.4839134216308594
ACH-000242,RT4,RT4_URINARY_TRACT,URINARY_TRACT,11667893,Motesanib,5.517189025878906,5.266923904418945
ACH-000242,RT4,RT4_URINARY_TRACT,URINARY_TRACT,5278396,KU-55933,5.558437824249268,4.781246185302734
ACH-000242,RT4,RT4_URINARY_TRACT,URINARY_TRACT,10184653,Afatinib,2.256438970565796,0.4796399176120758
ACH-000242,RT4,RT4_URINARY_TRACT,URINARY_TRACT,24776445,Vismodegib,5.082202911376953,4.579532623291016
ACH-000242,RT4,RT4_URINARY_TRACT,URINARY_TRACT,24180719,PLX-4720,4.795810222625732,4.562297344207764
ACH-000242,RT4,RT4_URINARY_TRACT,URINARY_TRACT,11327430,NU7441,3.157454013824463,3.6585004329681396
ACH-000242,RT4,RT4_URINARY_TRACT,URINARY_TRACT,16720766,Pevonedistat,0.8565379977226257,2.897401809692383
ACH-000242,RT4,RT4_URINARY_TRACT,URINARY_TRACT,11488320,Sapitinib,3.8558249473571777,2.200547933578491
ACH-000242,RT4,RT4_URINARY_TRACT,URINARY_TRACT,156422,Doramapimod,4.810773849487305,4.537598609924316
ACH-000242,RT4,RT4_URINARY_TRACT,URINARY_TRACT,11624601,JNK Inhibitor VIII,5.20139217376709,4.644181728363037
ACH-000242,RT4,RT4_URINARY_TRACT,URINARY_TRACT,51042438,Uprosertib,3.3470330238342285,2.703565835952759
ACH-000242,RT4,RT4_URINARY_TRACT,URINARY_TRACT,24737642,LCL161,5.2343831062316895,4.383999824523926
ACH-000242,RT4,RT4_URINARY_TRACT,URINARY_TRACT,10384072,Wee1 Inhibitor,2.620884895324707,3.368227958679199
ACH-000242,RT4,RT4_URINARY_TRACT,URINARY_TRACT,11433190,Nutlin-3a (-),2.497365951538086,4.786484241485596
ACH-000242,RT4,RT4_URINARY_TRACT,URINARY_TRACT,208908,Lapatinib,3.2447760105133057,2.2846174240112305
ACH-000242,RT4,RT4_URINARY_TRACT,URINARY_TRACT,1401,PD173074,1.2366739511489868,4.203245162963867
ACH-000242,RT4,RT4_URINARY_TRACT,URINARY_TRACT,9914412,ZM447439,1.9985159635543823,3.4750421047210693
ACH-000242,RT4,RT4_URINARY_TRACT,URINARY_TRACT,24771867,Alisertib,1.217460036277771,3.5804271697998047
ACH-000242,RT4,RT4_URINARY_TRACT,URINARY_TRACT,56649450,Alpelisib,4.535278797149658,2.9733519554138184
ACH-000242,RT4,RT4_URINARY_TRACT,URINARY_TRACT,46930998,MK-2206,4.158451080322266,2.8471972942352295
ACH-000242,RT4,RT4_URINARY_TRACT,URINARY_TRACT,5330286,Palbociclib,3.5583510398864746,4.259652614593506
ACH-000242,RT4,RT4_URINARY_TRACT,URINARY_TRACT,51001932,Taselisib,3.248694896697998,1.2681677341461182
ACH-000242,RT4,RT4_URINARY_TRACT,URINARY_TRACT,57345410,EPZ5676,5.799869060516357,5.232797622680664
ACH-000242,RT4,RT4_URINARY_TRACT,URINARY_TRACT,11977753,Dactolisib,-2.5635008811950684,-0.2185618281364441
ACH-000242,RT4,RT4_URINARY_TRACT,URINARY_TRACT,17755052,Pictilisib,1.885213017463684,1.308313250541687
ACH-000242,RT4,RT4_URINARY_TRACT,URINARY_TRACT,25262965,AZD8055,-1.0183809995651245,0.8640834093093872
ACH-000242,RT4,RT4_URINARY_TRACT,URINARY_TRACT,9826528,PD0325901,1.6142890453338623,3.3044838905334473
ACH-000242,RT4,RT4_URINARY_TRACT,URINARY_TRACT,24866313,SCH772984,1.288741946220398,3.864187002182007
ACH-000242,RT4,RT4_URINARY_TRACT,URINARY_TRACT,10127622,Selumetinib,2.990427017211914,4.399514198303223
ACH-000242,RT4,RT4_URINARY_TRACT,URINARY_TRACT,9927531,BIBR-1532,5.462465763092041,4.561776161193848
ACH-000242,RT4,RT4_URINARY_TRACT,URINARY_TRACT,2155128,IWP-2,3.223944902420044,3.0472261905670166
ACH-000242,RT4,RT4_URINARY_TRACT,URINARY_TRACT,3899,Leflunomide,4.65238094329834,4.872797012329102
ACH-000242,RT4,RT4_URINARY_TRACT,URINARY_TRACT,2314623,CCT007093,4.206244945526123,4.610074996948242
ACH-000242,RT4,RT4_URINARY_TRACT,URINARY_TRACT,11404337,Obatoclax Mesylate,0.8847770094871521,1.4450945854187012
ACH-000242,RT4,RT4_URINARY_TRACT,URINARY_TRACT,9938202,EHT-1864,2.731010913848877,3.444949150085449
ACH-000242,RT4,RT4_URINARY_TRACT,URINARY_TRACT,25227847,Pyridostatin,3.7523770332336426,3.9097847938537598
ACH-000242,RT4,RT4_URINARY_TRACT,URINARY_TRACT,46883536,Avagacestat,5.01878023147583,4.431033134460449
ACH-000242,RT4,RT4_URINARY_TRACT,URINARY_TRACT,3385,5-Fluorouracil,4.195788860321045,4.563323974609375
ACH-000242,RT4,RT4_URINARY_TRACT,URINARY_TRACT,68947304,AMG-319,5.267584800720215,4.845920562744141
ACH-000242,RT4,RT4_URINARY_TRACT,URINARY_TRACT,11634725,VX-11e,1.6540629863739014,3.6763217449188232
ACH-000242,RT4,RT4_URINARY_TRACT,URINARY_TRACT,16224745,MK-8776,4.674142837524414,3.7012171745300293
ACH-000242,RT4,RT4_URINARY_TRACT,URINARY_TRACT,3062316,Dasatinib,1.9839860200881958,3.366773843765259
ACH-000242,RT4,RT4_URINARY_TRACT,URINARY_TRACT,36314,Paclitaxel,-3.4474470615386963,-2.2226662635803223
ACH-000242,RT4,RT4_URINARY_TRACT,URINARY_TRACT,4261,Entinostat,4.593752861022949,2.6601455211639404
ACH-000242,RT4,RT4_URINARY_TRACT,URINARY_TRACT,11626560,Crizotinib,2.968177080154419,3.5276827812194824
ACH-000242,RT4,RT4_URINARY_TRACT,URINARY_TRACT,118704762,LJI308,5.940010070800781,4.758545875549316
ACH-000242,RT4,RT4_URINARY_TRACT,URINARY_TRACT,216239,Sorafenib,2.0419540405273438,2.876657247543335
ACH-000242,RT4,RT4_URINARY_TRACT,URINARY_TRACT,11364421,BI-2536,-0.2347870022058487,1.3960977792739868
ACH-000242,RT4,RT4_URINARY_TRACT,URINARY_TRACT,46926973,LGK974,2.7156031131744385,3.7229039669036865
ACH-000242,RT4,RT4_URINARY_TRACT,URINARY_TRACT,60838,Irinotecan,2.6917319297790527,3.796475887298584
ACH-000242,RT4,RT4_URINARY_TRACT,URINARY_TRACT,5310940,Oxaliplatin,2.7763121128082275,4.114520072937012
ACH-000242,RT4,RT4_URINARY_TRACT,URINARY_TRACT,117072552,GSK591,4.706622123718262,4.4354166984558105
ACH-000242,RT4,RT4_URINARY_TRACT,URINARY_TRACT,51000408,VE821,5.649634838104248,4.291913032531738
ACH-000242,RT4,RT4_URINARY_TRACT,URINARY_TRACT,25124816,GSK1904529A,3.8699560165405273,4.1451005935668945
ACH-000242,RT4,RT4_URINARY_TRACT,URINARY_TRACT,59472121,VE-822,3.4309310913085938,3.804049015045166
ACH-000242,RT4,RT4_URINARY_TRACT,URINARY_TRACT,72200024,WZ4003,5.527052879333496,4.288657188415527
ACH-000242,RT4,RT4_URINARY_TRACT,URINARY_TRACT,42623951,CZC24832,5.016867160797119,4.830069541931152
ACH-000242,RT4,RT4_URINARY_TRACT,URINARY_TRACT,49847690,AZD5582,5.354909896850586,3.036296844482422
ACH-000242,RT4,RT4_URINARY_TRACT,URINARY_TRACT,53469448,GSK2606414,4.5952911376953125,4.074047088623047
ACH-000242,RT4,RT4_URINARY_TRACT,URINARY_TRACT,78243717,PFI3,5.527029991149902,5.053956031799316
ACH-000242,RT4,RT4_URINARY_TRACT,URINARY_TRACT,24753719,PCI-34051,4.07554817199707,4.6887898445129395
ACH-000242,RT4,RT4_URINARY_TRACT,URINARY_TRACT,57519544,Wnt-C59,4.285694122314453,3.994525194168091
ACH-000242,RT4,RT4_URINARY_TRACT,URINARY_TRACT,46943432,I-BET-762,4.199081897735596,4.141337871551514
ACH-000242,RT4,RT4_URINARY_TRACT,URINARY_TRACT,9936746,OTX015,3.4197499752044678,3.8623862266540527
ACH-000242,RT4,RT4_URINARY_TRACT,URINARY_TRACT,71268957,GSK343,1.8240309953689575,3.2142410278320312
ACH-000242,RT4,RT4_URINARY_TRACT,URINARY_TRACT,60167849,ML323,4.019871234893799,3.9554245471954346
ACH-000242,RT4,RT4_URINARY_TRACT,URINARY_TRACT,59473233,Entospletinib,3.8765621185302734,3.994488000869751
ACH-000242,RT4,RT4_URINARY_TRACT,URINARY_TRACT,44462758,PRT062607,4.24850606918335,3.9569857120513916
ACH-000242,RT4,RT4_URINARY_TRACT,URINARY_TRACT,44631912,Ribociclib,3.213819980621338,3.926912307739258
ACH-000242,RT4,RT4_URINARY_TRACT,URINARY_TRACT,71299339,AGI-6780,3.8475570678710938,4.0145745277404785
ACH-000242,RT4,RT4_URINARY_TRACT,URINARY_TRACT,1018,Picolinici-acid,5.340611934661865,4.809272766113281
ACH-000242,RT4,RT4_URINARY_TRACT,URINARY_TRACT,52918385,PRIMA-1MET,5.877921104431152,4.961361408233643
ACH-000242,RT4,RT4_URINARY_TRACT,URINARY_TRACT,11609586,Serdemetan,4.798853874206543,3.8527705669403076
ACH-000242,RT4,RT4_URINARY_TRACT,URINARY_TRACT,42642645,Foretinib,0.6819790005683899,2.120802640914917
ACH-000242,RT4,RT4_URINARY_TRACT,URINARY_TRACT,46907787,JQ1,3.218928098678589,3.677619457244873
ACH-000242,RT4,RT4_URINARY_TRACT,URINARY_TRACT,71271629,PFI-1,3.136152982711792,4.256807327270508
ACH-000242,RT4,RT4_URINARY_TRACT,URINARY_TRACT,56962337,SGC0946,2.2113800048828125,2.194995880126953
ACH-000242,RT4,RT4_URINARY_TRACT,URINARY_TRACT,176870,Erlotinib,2.147244930267334,2.6415505409240723
ACH-000242,RT4,RT4_URINARY_TRACT,URINARY_TRACT,9931953,Rucaparib,4.322680950164795,3.9716193675994873
ACH-000242,RT4,RT4_URINARY_TRACT,URINARY_TRACT,24958200,Niraparib,5.112482070922852,4.463142395019531
ACH-000242,RT4,RT4_URINARY_TRACT,URINARY_TRACT,24856436,MK-1775,0.9213680028915405,1.9636714458465576
ACH-000242,RT4,RT4_URINARY_TRACT,URINARY_TRACT,46926350,Dinaciclib,-3.118572950363159,-2.1217901706695557
ACH-000242,RT4,RT4_URINARY_TRACT,URINARY_TRACT,60750,Gemcitabine,-4.388497829437256,2.8101930618286133
ACH-000242,RT4,RT4_URINARY_TRACT,URINARY_TRACT,387447,Bortezomib,-4.2541069984436035,-3.956726312637329
ACH-000242,RT4,RT4_URINARY_TRACT,URINARY_TRACT,2733526,Tamoxifen,3.644153118133545,3.8349826335906982
ACH-000242,RT4,RT4_URINARY_TRACT,URINARY_TRACT,104741,Fulvestrant,3.0770881175994873,3.0561885833740234
ACH-000242,RT4,RT4_URINARY_TRACT,URINARY_TRACT,56962336,EPZ004777,4.4567551612854,4.872614860534668
ACH-000242,RT4,RT4_URINARY_TRACT,URINARY_TRACT,44632017,YK-4-279,3.6190130710601807,3.3578150272369385
ACH-000242,RT4,RT4_URINARY_TRACT,URINARY_TRACT,9813758,BMS-345541,3.805341958999634,3.6468148231506348
ACH-000242,RT4,RT4_URINARY_TRACT,URINARY_TRACT,25099184,AZ960,2.3465490341186523,3.8814051151275635
ACH-000242,RT4,RT4_URINARY_TRACT,URINARY_TRACT,51039095,AZD4547,0.5782219767570496,3.6594200134277344
ACH-000242,RT4,RT4_URINARY_TRACT,URINARY_TRACT,24821094,Ibrutinib,4.470707893371582,3.0277066230773926
ACH-000242,RT4,RT4_URINARY_TRACT,URINARY_TRACT,70983932,GSK2830371,4.5580291748046875,5.195128917694092
ACH-000242,RT4,RT4_URINARY_TRACT,URINARY_TRACT,46236925,Sabutoclax,0.025155000388622284,0.5061973333358765
ACH-000242,RT4,RT4_URINARY_TRACT,URINARY_TRACT,11655119,LY2109761,4.987094879150391,4.597460746765137
ACH-000242,RT4,RT4_URINARY_TRACT,URINARY_TRACT,35397514,OF-1,3.13918399810791,3.588294506072998
ACH-000242,RT4,RT4_URINARY_TRACT,URINARY_TRACT,2802462,MN-64,3.2590560913085938,4.066596508026123
ACH-000242,RT4,RT4_URINARY_TRACT,URINARY_TRACT,73555129,KRAS (G12C) Inhibitor-12,3.6297969818115234,4.49579381942749
ACH-000242,RT4,RT4_URINARY_TRACT,URINARY_TRACT,462382,MG-132,-1.3518500328063965,-0.7344064712524414
ACH-000242,RT4,RT4_URINARY_TRACT,URINARY_TRACT,11707110,Trametinib,-1.016219973564148,2.201101303100586
ACH-000242,RT4,RT4_URINARY_TRACT,URINARY_TRACT,44462760,Dabrafenib,4.901193141937256,4.710111141204834
ACH-000242,RT4,RT4_URINARY_TRACT,URINARY_TRACT,5394,Temozolomide,6.763609886169434,6.365046501159668
ACH-000242,RT4,RT4_URINARY_TRACT,URINARY_TRACT,5460769,Bleomycin (50 uM),1.0950130224227905,4.238970756530762
ACH-000242,RT4,RT4_URINARY_TRACT,URINARY_TRACT,49846579,Venotoclax,3.900279998779297,2.9980156421661377
ACH-000242,RT4,RT4_URINARY_TRACT,URINARY_TRACT,11228183,ABT737,2.557642936706543,2.6960325241088867
ACH-000242,RT4,RT4_URINARY_TRACT,URINARY_TRACT,46843057,Afuresertib,4.878557205200195,2.5205278396606445
ACH-000242,RT4,RT4_URINARY_TRACT,URINARY_TRACT,56645356,AGI-5198,4.28253698348999,4.257898330688477
ACH-000242,RT4,RT4_URINARY_TRACT,URINARY_TRACT,78209992,AZD3759,2.683474063873291,2.40262508392334
ACH-000242,RT4,RT4_URINARY_TRACT,URINARY_TRACT,54761306,AZD6738,3.605950117111206,3.3291239738464355
ACH-000242,RT4,RT4_URINARY_TRACT,URINARY_TRACT,52913813,AZD8186,5.5308427810668945,3.227762222290039
ACH-000242,RT4,RT4_URINARY_TRACT,URINARY_TRACT,71496458,Osimertinib,2.7887609004974365,0.630482017993927
ACH-000242,RT4,RT4_URINARY_TRACT,URINARY_TRACT,9933475,Cediranib,1.7183940410614014,2.8995628356933594
ACH-000242,RT4,RT4_URINARY_TRACT,URINARY_TRACT,24788740,Ipatasertib,5.558437824249268,3.1034858226776123
ACH-000242,RT4,RT4_URINARY_TRACT,URINARY_TRACT,56941241,GDC0810,5.549324035644531,4.540834903717041
ACH-000242,RT4,RT4_URINARY_TRACT,URINARY_TRACT,70676303,GNE-317,2.1281349658966064,1.2457703351974487
ACH-000242,RT4,RT4_URINARY_TRACT,URINARY_TRACT,68107965,GSK2578215A,4.975621223449707,4.48498010635376
ACH-000242,RT4,RT4_URINARY_TRACT,URINARY_TRACT,91668541,I-BRD9,3.750981092453003,4.5123610496521
ACH-000242,RT4,RT4_URINARY_TRACT,URINARY_TRACT,10385095,Telomerase Inhibitor IX,2.6032540798187256,1.7099947929382324
ACH-000242,RT4,RT4_URINARY_TRACT,URINARY_TRACT,227681,MIRA-1,5.880735874176025,5.303591728210449
ACH-000242,RT4,RT4_URINARY_TRACT,URINARY_TRACT,9825149,NVP-ADW742,4.263097763061523,3.3843297958374023
ACH-000242,RT4,RT4_URINARY_TRACT,URINARY_TRACT,46931953,P22077,4.550137996673584,4.296120643615723
ACH-000242,RT4,RT4_URINARY_TRACT,URINARY_TRACT,68289010,Savolitinib,3.2467830181121826,2.995185375213623
ACH-000242,RT4,RT4_URINARY_TRACT,URINARY_TRACT,992586,UMI-77,5.520199775695801,3.0656752586364746
ACH-000242,RT4,RT4_URINARY_TRACT,URINARY_TRACT,2984337,WIKI4,4.1482720375061035,3.8217685222625732
ACH-000242,RT4,RT4_URINARY_TRACT,URINARY_TRACT,11178236,Sepantronium bromide,-1.9623860120773315,-1.1258060932159424
ACH-000242,RT4,RT4_URINARY_TRACT,URINARY_TRACT,71297207,WEHI-539,4.94503116607666,3.870007038116455
ACH-000242,RT4,RT4_URINARY_TRACT,URINARY_TRACT,104842,SN-38,-4.239657878875732,-0.004813820123672485
ACH-000242,RT4,RT4_URINARY_TRACT,URINARY_TRACT,25126798,Ruxolitinib,5.263551235198975,4.777403354644775
ACH-000242,RT4,RT4_URINARY_TRACT,URINARY_TRACT,11640390,Linsitinib,4.831439018249512,3.815469264984131
ACH-000242,RT4,RT4_URINARY_TRACT,URINARY_TRACT,41867,Epirubicin,-0.5993989706039429,0.4538969099521637
ACH-000242,RT4,RT4_URINARY_TRACT,URINARY_TRACT,2907,Cyclophosphamide,5.299523830413818,4.831150531768799
ACH-000242,RT4,RT4_URINARY_TRACT,URINARY_TRACT,24360,Camptothecin,-2.9628748893737793,-1.122969388961792
ACH-000242,RT4,RT4_URINARY_TRACT,URINARY_TRACT,6710780,Vinblastine,-4.02687406539917,-2.729466438293457
ACH-000242,RT4,RT4_URINARY_TRACT,URINARY_TRACT,84691,Cisplatin,2.851499080657959,3.842128276824951
ACH-000242,RT4,RT4_URINARY_TRACT,URINARY_TRACT,6253,Cytarabine,2.2166740894317627,3.6702470779418945
ACH-000242,RT4,RT4_URINARY_TRACT,URINARY_TRACT,148124,Docetaxel,-4.240427017211914,-3.8831136226654053
ACH-000242,RT4,RT4_URINARY_TRACT,URINARY_TRACT,126941,Methotrexate,-1.8077830076217651,1.1052240133285522
ACH-000242,RT4,RT4_URINARY_TRACT,URINARY_TRACT,123631,Gefitinib,2.2997870445251465,2.7254419326782227
ACH-000242,RT4,RT4_URINARY_TRACT,URINARY_TRACT,24978538,Navitoclax,1.5074870586395264,2.4946744441986084
ACH-000242,RT4,RT4_URINARY_TRACT,URINARY_TRACT,5311,Vorinostat,2.8986220359802246,2.175487756729126
ACH-000242,RT4,RT4_URINARY_TRACT,URINARY_TRACT,644241,Nilotinib,3.0060300827026367,3.8875484466552734
ACH-000242,RT4,RT4_URINARY_TRACT,URINARY_TRACT,44182295,Refametinib,1.8473390340805054,3.728717088699341
ACH-000242,RT4,RT4_URINARY_TRACT,URINARY_TRACT,6918289,Temsirolimus,-0.5428280234336853,1.814082145690918
ACH-000242,RT4,RT4_URINARY_TRACT,URINARY_TRACT,23725625,Olaparib,3.4742140769958496,4.358922481536865
ACH-000242,RT4,RT4_URINARY_TRACT,URINARY_TRACT,11960529,Veliparib,4.2480010986328125,4.8539018630981445
ACH-000242,RT4,RT4_URINARY_TRACT,URINARY_TRACT,5328940,Bosutinib,3.9489998817443848,3.534374952316284
ACH-000242,RT4,RT4_URINARY_TRACT,URINARY_TRACT,216326,Lenalidomide,5.556440830230713,4.983922958374023
ACH-000242,RT4,RT4_URINARY_TRACT,URINARY_TRACT,6450551,Axitinib,1.5394749641418457,3.6317942142486572
ACH-000242,RT4,RT4_URINARY_TRACT,URINARY_TRACT,11152667,AZD7762,1.323330044746399,1.371010661125183
ACH-000242,RT4,RT4_URINARY_TRACT,URINARY_TRACT,9943465,GW441756,1.9072580337524414,3.3746190071105957
ACH-000522,UM-UC-3,UMUC3_URINARY_TRACT,URINARY_TRACT,126565,Lestaurtinib,2.764127016067505,0.2971749007701874
ACH-000522,UM-UC-3,UMUC3_URINARY_TRACT,URINARY_TRACT,176158,SB216763,5.285439968109131,5.22052001953125
ACH-000522,UM-UC-3,UMUC3_URINARY_TRACT,URINARY_TRACT,6505803,Tanespimycin,-0.2132139950990677,0.20296251773834229
ACH-000522,UM-UC-3,UMUC3_URINARY_TRACT,URINARY_TRACT,5311497,Vinorelbine,-3.0731821060180664,-3.6248419284820557
ACH-000522,UM-UC-3,UMUC3_URINARY_TRACT,URINARY_TRACT,11667893,Motesanib,5.793095111846924,5.456901550292969
ACH-000522,UM-UC-3,UMUC3_URINARY_TRACT,URINARY_TRACT,5278396,KU-55933,5.199693202972412,5.068255424499512
ACH-000522,UM-UC-3,UMUC3_URINARY_TRACT,URINARY_TRACT,10184653,Afatinib,2.7589259147644043,2.203887701034546
ACH-000522,UM-UC-3,UMUC3_URINARY_TRACT,URINARY_TRACT,24776445,Vismodegib,4.807220935821533,4.939579486846924
ACH-000522,UM-UC-3,UMUC3_URINARY_TRACT,URINARY_TRACT,24180719,PLX-4720,3.9876039028167725,4.323450088500977
ACH-000522,UM-UC-3,UMUC3_URINARY_TRACT,URINARY_TRACT,11327430,NU7441,3.3974850177764893,3.2157413959503174
ACH-000522,UM-UC-3,UMUC3_URINARY_TRACT,URINARY_TRACT,16720766,Pevonedistat,-1.4426499605178833,0.4456839859485626
ACH-000522,UM-UC-3,UMUC3_URINARY_TRACT,URINARY_TRACT,11488320,Sapitinib,4.496500015258789,4.74724817276001
ACH-000522,UM-UC-3,UMUC3_URINARY_TRACT,URINARY_TRACT,156422,Doramapimod,5.709237098693848,5.011966228485107
ACH-000522,UM-UC-3,UMUC3_URINARY_TRACT,URINARY_TRACT,11624601,JNK Inhibitor VIII,5.423696994781494,5.111067295074463
ACH-000522,UM-UC-3,UMUC3_URINARY_TRACT,URINARY_TRACT,10384072,Wee1 Inhibitor,2.2171740531921387,1.5359628200531006
ACH-000522,UM-UC-3,UMUC3_URINARY_TRACT,URINARY_TRACT,11433190,Nutlin-3a (-),6.287248134613037,4.66807222366333
ACH-000522,UM-UC-3,UMUC3_URINARY_TRACT,URINARY_TRACT,208908,Lapatinib,5.137168884277344,3.888474702835083
ACH-000522,UM-UC-3,UMUC3_URINARY_TRACT,URINARY_TRACT,1401,PD173074,5.3671159744262695,3.9689061641693115
ACH-000522,UM-UC-3,UMUC3_URINARY_TRACT,URINARY_TRACT,9914412,ZM447439,5.5370869636535645,2.6020307540893555
ACH-000522,UM-UC-3,UMUC3_URINARY_TRACT,URINARY_TRACT,24771867,Alisertib,3.146617889404297,1.2621572017669678
ACH-000522,UM-UC-3,UMUC3_URINARY_TRACT,URINARY_TRACT,56649450,Alpelisib,5.273315906524658,3.8718087673187256
ACH-000522,UM-UC-3,UMUC3_URINARY_TRACT,URINARY_TRACT,46930998,MK-2206,3.4934771060943604,3.142426013946533
ACH-000522,UM-UC-3,UMUC3_URINARY_TRACT,URINARY_TRACT,5330286,Palbociclib,4.718842029571533,3.4825096130371094
ACH-000522,UM-UC-3,UMUC3_URINARY_TRACT,URINARY_TRACT,51001932,Taselisib,2.2263050079345703,2.862041711807251
ACH-000522,UM-UC-3,UMUC3_URINARY_TRACT,URINARY_TRACT,57345410,EPZ5676,5.78700590133667,5.451389312744141
ACH-000522,UM-UC-3,UMUC3_URINARY_TRACT,URINARY_TRACT,11977753,Dactolisib,-1.8814029693603516,-1.3530312776565552
ACH-000522,UM-UC-3,UMUC3_URINARY_TRACT,URINARY_TRACT,17755052,Pictilisib,1.515707015991211,2.0966615676879883
ACH-000522,UM-UC-3,UMUC3_URINARY_TRACT,URINARY_TRACT,25262965,AZD8055,-0.8791189789772034,0.4241228997707367
ACH-000522,UM-UC-3,UMUC3_URINARY_TRACT,URINARY_TRACT,9826528,PD0325901,2.291098117828369,1.637104868888855
ACH-000522,UM-UC-3,UMUC3_URINARY_TRACT,URINARY_TRACT,24866313,SCH772984,3.829071044921875,3.0871622562408447
ACH-000522,UM-UC-3,UMUC3_URINARY_TRACT,URINARY_TRACT,10127622,Selumetinib,4.910686016082764,3.8009755611419678
ACH-000522,UM-UC-3,UMUC3_URINARY_TRACT,URINARY_TRACT,9927531,BIBR-1532,5.696918964385986,5.03668737411499
ACH-000522,UM-UC-3,UMUC3_URINARY_TRACT,URINARY_TRACT,2314623,CCT007093,4.8318190574646,5.197157859802246
ACH-000522,UM-UC-3,UMUC3_URINARY_TRACT,URINARY_TRACT,11404337,Obatoclax Mesylate,2.951625108718872,0.7910795211791992
ACH-000522,UM-UC-3,UMUC3_URINARY_TRACT,URINARY_TRACT,9938202,EHT-1864,3.834791898727417,3.9576451778411865
ACH-000522,UM-UC-3,UMUC3_URINARY_TRACT,URINARY_TRACT,25227847,Pyridostatin,3.6801819801330566,3.723806142807007
ACH-000522,UM-UC-3,UMUC3_URINARY_TRACT,URINARY_TRACT,46883536,Avagacestat,5.844718933105469,4.871158123016357
ACH-000522,UM-UC-3,UMUC3_URINARY_TRACT,URINARY_TRACT,3385,5-Fluorouracil,5.708207130432129,4.512271404266357
ACH-000522,UM-UC-3,UMUC3_URINARY_TRACT,URINARY_TRACT,68947304,AMG-319,5.068188190460205,4.869731426239014
ACH-000522,UM-UC-3,UMUC3_URINARY_TRACT,URINARY_TRACT,11634725,VX-11e,3.9619500637054443,2.9781925678253174
ACH-000522,UM-UC-3,UMUC3_URINARY_TRACT,URINARY_TRACT,16224745,MK-8776,4.544951915740967,2.941194534301758
ACH-000522,UM-UC-3,UMUC3_URINARY_TRACT,URINARY_TRACT,3062316,Dasatinib,0.6640989780426025,2.509417772293091
ACH-000522,UM-UC-3,UMUC3_URINARY_TRACT,URINARY_TRACT,36314,Paclitaxel,-3.66335391998291,-3.4052371978759766
ACH-000522,UM-UC-3,UMUC3_URINARY_TRACT,URINARY_TRACT,11626560,Crizotinib,3.5120880603790283,2.3888843059539795
ACH-000522,UM-UC-3,UMUC3_URINARY_TRACT,URINARY_TRACT,118704762,LJI308,4.616915225982666,4.924503803253174
ACH-000522,UM-UC-3,UMUC3_URINARY_TRACT,URINARY_TRACT,216239,Sorafenib,2.5358269214630127,2.4878387451171875
ACH-000522,UM-UC-3,UMUC3_URINARY_TRACT,URINARY_TRACT,11364421,BI-2536,0.172652006149292,-1.6926462650299072
ACH-000522,UM-UC-3,UMUC3_URINARY_TRACT,URINARY_TRACT,46926973,LGK974,5.575498104095459,4.44653844833374
ACH-000522,UM-UC-3,UMUC3_URINARY_TRACT,URINARY_TRACT,60838,Irinotecan,1.5206680297851562,1.6689404249191284
ACH-000522,UM-UC-3,UMUC3_URINARY_TRACT,URINARY_TRACT,5310940,Oxaliplatin,5.253725051879883,3.6409575939178467
ACH-000522,UM-UC-3,UMUC3_URINARY_TRACT,URINARY_TRACT,117072552,GSK591,4.956683158874512,4.397602081298828
ACH-000522,UM-UC-3,UMUC3_URINARY_TRACT,URINARY_TRACT,51000408,VE821,4.0889129638671875,3.8880722522735596
ACH-000522,UM-UC-3,UMUC3_URINARY_TRACT,URINARY_TRACT,25124816,GSK1904529A,4.608099937438965,4.494816780090332
ACH-000522,UM-UC-3,UMUC3_URINARY_TRACT,URINARY_TRACT,44631912,Ribociclib,3.6844561100006104,3.683804988861084
ACH-000522,UM-UC-3,UMUC3_URINARY_TRACT,URINARY_TRACT,11609586,Serdemetan,5.412683963775635,3.774108648300171
ACH-000522,UM-UC-3,UMUC3_URINARY_TRACT,URINARY_TRACT,42642645,Foretinib,2.039792060852051,1.0372297763824463
ACH-000522,UM-UC-3,UMUC3_URINARY_TRACT,URINARY_TRACT,46907787,JQ1,5.159043788909912,1.7607733011245728
ACH-000522,UM-UC-3,UMUC3_URINARY_TRACT,URINARY_TRACT,11455910,TW 37,1.1869419813156128,1.1138919591903687
ACH-000522,UM-UC-3,UMUC3_URINARY_TRACT,URINARY_TRACT,71271629,PFI-1,3.6213479042053223,4.156891822814941
ACH-000522,UM-UC-3,UMUC3_URINARY_TRACT,URINARY_TRACT,56962337,SGC0946,2.7114500999450684,2.0890653133392334
ACH-000522,UM-UC-3,UMUC3_URINARY_TRACT,URINARY_TRACT,176870,Erlotinib,4.6482062339782715,3.380688190460205
ACH-000522,UM-UC-3,UMUC3_URINARY_TRACT,URINARY_TRACT,9931953,Rucaparib,4.442262172698975,4.0952229499816895
ACH-000522,UM-UC-3,UMUC3_URINARY_TRACT,URINARY_TRACT,24856436,MK-1775,1.5086619853973389,0.6740018129348755
ACH-000522,UM-UC-3,UMUC3_URINARY_TRACT,URINARY_TRACT,60750,Gemcitabine,-2.9154438972473145,-2.373431444168091
ACH-000522,UM-UC-3,UMUC3_URINARY_TRACT,URINARY_TRACT,387447,Bortezomib,-4.123135089874268,-4.785984992980957
ACH-000522,UM-UC-3,UMUC3_URINARY_TRACT,URINARY_TRACT,2733526,Tamoxifen,4.024038791656494,4.18771505355835
ACH-000522,UM-UC-3,UMUC3_URINARY_TRACT,URINARY_TRACT,104741,Fulvestrant,2.413017988204956,3.1828999519348145
ACH-000522,UM-UC-3,UMUC3_URINARY_TRACT,URINARY_TRACT,56962336,EPZ004777,5.440409183502197,5.117694854736328
ACH-000522,UM-UC-3,UMUC3_URINARY_TRACT,URINARY_TRACT,44632017,YK-4-279,1.8421950340270996,1.7288457155227661
ACH-000522,UM-UC-3,UMUC3_URINARY_TRACT,URINARY_TRACT,6914657,Daporinad,-4.698824882507324,-4.320769309997559
ACH-000522,UM-UC-3,UMUC3_URINARY_TRACT,URINARY_TRACT,51039095,AZD4547,3.2038118839263916,3.2197628021240234
ACH-000522,UM-UC-3,UMUC3_URINARY_TRACT,URINARY_TRACT,70983932,GSK2830371,5.793095111846924,5.293642997741699
ACH-000522,UM-UC-3,UMUC3_URINARY_TRACT,URINARY_TRACT,462382,MG-132,-1.069275975227356,-1.113602638244629
ACH-000522,UM-UC-3,UMUC3_URINARY_TRACT,URINARY_TRACT,11707110,Trametinib,2.242455005645752,0.371197909116745
ACH-000522,UM-UC-3,UMUC3_URINARY_TRACT,URINARY_TRACT,44462760,Dabrafenib,5.943874835968018,4.159032344818115
ACH-000522,UM-UC-3,UMUC3_URINARY_TRACT,URINARY_TRACT,5394,Temozolomide,7.219024181365967,6.2034783363342285
ACH-000522,UM-UC-3,UMUC3_URINARY_TRACT,URINARY_TRACT,5460769,Bleomycin (50 uM),3.22377610206604,3.0026042461395264
ACH-000522,UM-UC-3,UMUC3_URINARY_TRACT,URINARY_TRACT,49846579,Venotoclax,2.231451988220215,2.7514655590057373
ACH-000522,UM-UC-3,UMUC3_URINARY_TRACT,URINARY_TRACT,11228183,ABT737,3.610614061355591,1.9153653383255005
ACH-000522,UM-UC-3,UMUC3_URINARY_TRACT,URINARY_TRACT,46843057,Afuresertib,3.9220058917999268,2.7266616821289062
ACH-000522,UM-UC-3,UMUC3_URINARY_TRACT,URINARY_TRACT,56645356,AGI-5198,4.742930889129639,4.794304847717285
ACH-000522,UM-UC-3,UMUC3_URINARY_TRACT,URINARY_TRACT,78209992,AZD3759,2.816462993621826,3.0210652351379395
ACH-000522,UM-UC-3,UMUC3_URINARY_TRACT,URINARY_TRACT,54761306,AZD6738,3.4519519805908203,1.8995743989944458
ACH-000522,UM-UC-3,UMUC3_URINARY_TRACT,URINARY_TRACT,52913813,AZD8186,2.935728073120117,3.643064260482788
ACH-000522,UM-UC-3,UMUC3_URINARY_TRACT,URINARY_TRACT,71496458,Osimertinib,2.8582539558410645,2.2595489025115967
ACH-000522,UM-UC-3,UMUC3_URINARY_TRACT,URINARY_TRACT,9933475,Cediranib,3.6576790809631348,2.5473124980926514
ACH-000522,UM-UC-3,UMUC3_URINARY_TRACT,URINARY_TRACT,24788740,Ipatasertib,3.932244062423706,3.757491111755371
ACH-000522,UM-UC-3,UMUC3_URINARY_TRACT,URINARY_TRACT,56941241,GDC0810,4.435842037200928,5.150559902191162
ACH-000522,UM-UC-3,UMUC3_URINARY_TRACT,URINARY_TRACT,70676303,GNE-317,0.38976699113845825,1.1613194942474365
ACH-000522,UM-UC-3,UMUC3_URINARY_TRACT,URINARY_TRACT,68107965,GSK2578215A,4.699193954467773,5.027056694030762
ACH-000522,UM-UC-3,UMUC3_URINARY_TRACT,URINARY_TRACT,91668541,I-BRD9,5.222082138061523,4.393173694610596
ACH-000522,UM-UC-3,UMUC3_URINARY_TRACT,URINARY_TRACT,10385095,Telomerase Inhibitor IX,0.03335599973797798,0.7612507343292236
ACH-000522,UM-UC-3,UMUC3_URINARY_TRACT,URINARY_TRACT,227681,MIRA-1,5.447619915008545,5.199479579925537
ACH-000522,UM-UC-3,UMUC3_URINARY_TRACT,URINARY_TRACT,9825149,NVP-ADW742,4.824378967285156,2.84952974319458
ACH-000522,UM-UC-3,UMUC3_URINARY_TRACT,URINARY_TRACT,46931953,P22077,5.563045978546143,4.493165016174316
ACH-000522,UM-UC-3,UMUC3_URINARY_TRACT,URINARY_TRACT,68289010,Savolitinib,3.174146890640259,2.6643221378326416
ACH-000522,UM-UC-3,UMUC3_URINARY_TRACT,URINARY_TRACT,992586,UMI-77,2.1911540031433105,2.7973883152008057
ACH-000522,UM-UC-3,UMUC3_URINARY_TRACT,URINARY_TRACT,2984337,WIKI4,5.438992023468018,4.053467273712158
ACH-000522,UM-UC-3,UMUC3_URINARY_TRACT,URINARY_TRACT,11178236,Sepantronium bromide,-4.199929237365723,-4.701457500457764
ACH-000522,UM-UC-3,UMUC3_URINARY_TRACT,URINARY_TRACT,71297207,WEHI-539,5.263413906097412,4.149093151092529
ACH-000522,UM-UC-3,UMUC3_URINARY_TRACT,URINARY_TRACT,104842,SN-38,3.9923551082611084,-4.74948263168335
ACH-000522,UM-UC-3,UMUC3_URINARY_TRACT,URINARY_TRACT,11640390,Linsitinib,5.3556227684021,4.161792755126953
ACH-000522,UM-UC-3,UMUC3_URINARY_TRACT,URINARY_TRACT,41867,Epirubicin,-1.0697749853134155,-1.2050070762634277
ACH-000522,UM-UC-3,UMUC3_URINARY_TRACT,URINARY_TRACT,2907,Cyclophosphamide,5.055292129516602,5.234836101531982
ACH-000522,UM-UC-3,UMUC3_URINARY_TRACT,URINARY_TRACT,24360,Camptothecin,-3.7314999103546143,-2.8331663608551025
ACH-000522,UM-UC-3,UMUC3_URINARY_TRACT,URINARY_TRACT,6710780,Vinblastine,-4.098639011383057,-4.484334945678711
ACH-000522,UM-UC-3,UMUC3_URINARY_TRACT,URINARY_TRACT,84691,Cisplatin,2.935586929321289,2.528634548187256
ACH-000522,UM-UC-3,UMUC3_URINARY_TRACT,URINARY_TRACT,6253,Cytarabine,2.5820610523223877,1.003644585609436
ACH-000522,UM-UC-3,UMUC3_URINARY_TRACT,URINARY_TRACT,148124,Docetaxel,-4.118953227996826,-4.769659519195557
ACH-000522,UM-UC-3,UMUC3_URINARY_TRACT,URINARY_TRACT,126941,Methotrexate,0.6976190209388733,0.46405521035194397
ACH-000522,UM-UC-3,UMUC3_URINARY_TRACT,URINARY_TRACT,123631,Gefitinib,3.9606120586395264,3.626138687133789
ACH-000522,UM-UC-3,UMUC3_URINARY_TRACT,URINARY_TRACT,24978538,Navitoclax,3.702976942062378,1.6288018226623535
ACH-000522,UM-UC-3,UMUC3_URINARY_TRACT,URINARY_TRACT,5311,Vorinostat,2.8797969818115234,1.6010587215423584
ACH-000522,UM-UC-3,UMUC3_URINARY_TRACT,URINARY_TRACT,644241,Nilotinib,4.699650764465332,3.3709824085235596
ACH-000522,UM-UC-3,UMUC3_URINARY_TRACT,URINARY_TRACT,44182295,Refametinib,3.6615149974823,2.829566240310669
ACH-000522,UM-UC-3,UMUC3_URINARY_TRACT,URINARY_TRACT,6918289,Temsirolimus,2.3338019847869873,1.4388872385025024
ACH-000522,UM-UC-3,UMUC3_URINARY_TRACT,URINARY_TRACT,23725625,Olaparib,5.340191841125488,4.28128719329834
ACH-000522,UM-UC-3,UMUC3_URINARY_TRACT,URINARY_TRACT,11960529,Veliparib,4.987329959869385,5.1866559982299805
ACH-000522,UM-UC-3,UMUC3_URINARY_TRACT,URINARY_TRACT,5328940,Bosutinib,3.143568992614746,3.072204351425171
ACH-000522,UM-UC-3,UMUC3_URINARY_TRACT,URINARY_TRACT,216326,Lenalidomide,5.743555068969727,5.194912910461426
ACH-000522,UM-UC-3,UMUC3_URINARY_TRACT,URINARY_TRACT,6450551,Axitinib,5.0387468338012695,2.865734338760376
ACH-000522,UM-UC-3,UMUC3_URINARY_TRACT,URINARY_TRACT,11152667,AZD7762,1.2794779539108276,0.3141355812549591
ACH-000522,UM-UC-3,UMUC3_URINARY_TRACT,URINARY_TRACT,9943465,GW441756,3.980890989303589,3.476840019226074
ACH-000973,639-V,639V_URINARY_TRACT,URINARY_TRACT,126565,Lestaurtinib,0.2268799990415573,-0.01399405300617218
ACH-000973,639-V,639V_URINARY_TRACT,URINARY_TRACT,176158,SB216763,5.020709037780762,5.196293354034424
ACH-000973,639-V,639V_URINARY_TRACT,URINARY_TRACT,6505803,Tanespimycin,-1.3857979774475098,-0.0669524222612381
ACH-000973,639-V,639V_URINARY_TRACT,URINARY_TRACT,5311497,Vinorelbine,-3.1385350227355957,-4.088557720184326
ACH-000973,639-V,639V_URINARY_TRACT,URINARY_TRACT,11667893,Motesanib,5.44023323059082,5.523464679718018
ACH-000973,639-V,639V_URINARY_TRACT,URINARY_TRACT,5278396,KU-55933,4.362730979919434,5.0364885330200195
ACH-000973,639-V,639V_URINARY_TRACT,URINARY_TRACT,10184653,Afatinib,1.555420994758606,1.9731483459472656
ACH-000973,639-V,639V_URINARY_TRACT,URINARY_TRACT,24776445,Vismodegib,4.989090919494629,4.953670978546143
ACH-000973,639-V,639V_URINARY_TRACT,URINARY_TRACT,24180719,PLX-4720,5.713891983032227,4.5240092277526855
ACH-000973,639-V,639V_URINARY_TRACT,URINARY_TRACT,11327430,NU7441,3.0725739002227783,3.2020537853240967
ACH-000973,639-V,639V_URINARY_TRACT,URINARY_TRACT,16720766,Pevonedistat,-1.137647032737732,0.3132607638835907
ACH-000973,639-V,639V_URINARY_TRACT,URINARY_TRACT,11488320,Sapitinib,4.2383341789245605,4.255544185638428
ACH-000973,639-V,639V_URINARY_TRACT,URINARY_TRACT,156422,Doramapimod,5.419858932495117,5.032575607299805
ACH-000973,639-V,639V_URINARY_TRACT,URINARY_TRACT,11624601,JNK Inhibitor VIII,5.156246185302734,5.103785037994385
ACH-000973,639-V,639V_URINARY_TRACT,URINARY_TRACT,51042438,Uprosertib,3.6435229778289795,2.7966740131378174
ACH-000973,639-V,639V_URINARY_TRACT,URINARY_TRACT,24737642,LCL161,3.6497209072113037,4.80072546005249
ACH-000973,639-V,639V_URINARY_TRACT,URINARY_TRACT,10384072,Wee1 Inhibitor,1.8752319812774658,1.593359351158142
ACH-000973,639-V,639V_URINARY_TRACT,URINARY_TRACT,11433190,Nutlin-3a (-),4.821858882904053,5.078935146331787
ACH-000973,639-V,639V_URINARY_TRACT,URINARY_TRACT,208908,Lapatinib,4.369329929351807,3.428757667541504
ACH-000973,639-V,639V_URINARY_TRACT,URINARY_TRACT,1401,PD173074,3.6768860816955566,3.9225800037384033
ACH-000973,639-V,639V_URINARY_TRACT,URINARY_TRACT,9914412,ZM447439,3.2136330604553223,2.385612964630127
ACH-000973,639-V,639V_URINARY_TRACT,URINARY_TRACT,24771867,Alisertib,1.4350500106811523,0.5948089957237244
ACH-000973,639-V,639V_URINARY_TRACT,URINARY_TRACT,56649450,Alpelisib,4.294939994812012,3.4276368618011475
ACH-000973,639-V,639V_URINARY_TRACT,URINARY_TRACT,46930998,MK-2206,3.7458620071411133,2.7120158672332764
ACH-000973,639-V,639V_URINARY_TRACT,URINARY_TRACT,5330286,Palbociclib,3.9500699043273926,3.719231605529785
ACH-000973,639-V,639V_URINARY_TRACT,URINARY_TRACT,51001932,Taselisib,2.7658638954162598,1.8931485414505005
ACH-000973,639-V,639V_URINARY_TRACT,URINARY_TRACT,57345410,EPZ5676,4.4302849769592285,5.56532621383667
ACH-000973,639-V,639V_URINARY_TRACT,URINARY_TRACT,11977753,Dactolisib,-0.7183700203895569,-1.5090572834014893
ACH-000973,639-V,639V_URINARY_TRACT,URINARY_TRACT,17755052,Pictilisib,1.52668297290802,1.222720742225647
ACH-000973,639-V,639V_URINARY_TRACT,URINARY_TRACT,25262965,AZD8055,1.6225520372390747,0.10764649510383606
ACH-000973,639-V,639V_URINARY_TRACT,URINARY_TRACT,9826528,PD0325901,2.6834139823913574,3.121138095855713
ACH-000973,639-V,639V_URINARY_TRACT,URINARY_TRACT,24866313,SCH772984,3.127721071243286,3.8954644203186035
ACH-000973,639-V,639V_URINARY_TRACT,URINARY_TRACT,10127622,Selumetinib,3.3504600524902344,4.609057903289795
ACH-000973,639-V,639V_URINARY_TRACT,URINARY_TRACT,9927531,BIBR-1532,3.9308218955993652,5.030862808227539
ACH-000973,639-V,639V_URINARY_TRACT,URINARY_TRACT,2155128,IWP-2,1.436979055404663,2.946960210800171
ACH-000973,639-V,639V_URINARY_TRACT,URINARY_TRACT,3899,Leflunomide,5.460241794586182,5.096007347106934
ACH-000973,639-V,639V_URINARY_TRACT,URINARY_TRACT,2314623,CCT007093,5.250042915344238,5.189178943634033
ACH-000973,639-V,639V_URINARY_TRACT,URINARY_TRACT,11404337,Obatoclax Mesylate,-0.20880599319934845,0.690019965171814
ACH-000973,639-V,639V_URINARY_TRACT,URINARY_TRACT,9938202,EHT-1864,2.9432289600372314,3.7398533821105957
ACH-000973,639-V,639V_URINARY_TRACT,URINARY_TRACT,25227847,Pyridostatin,3.4058749675750732,3.5092101097106934
ACH-000973,639-V,639V_URINARY_TRACT,URINARY_TRACT,46883536,Avagacestat,5.470552921295166,4.86043119430542
ACH-000973,639-V,639V_URINARY_TRACT,URINARY_TRACT,3385,5-Fluorouracil,4.576423168182373,4.356020927429199
ACH-000973,639-V,639V_URINARY_TRACT,URINARY_TRACT,68947304,AMG-319,4.607891082763672,4.948781967163086
ACH-000973,639-V,639V_URINARY_TRACT,URINARY_TRACT,11634725,VX-11e,3.724252939224243,3.507390022277832
ACH-000973,639-V,639V_URINARY_TRACT,URINARY_TRACT,16224745,MK-8776,4.3278632164001465,3.06699275970459
ACH-000973,639-V,639V_URINARY_TRACT,URINARY_TRACT,3062316,Dasatinib,1.3919650316238403,1.0546066761016846
ACH-000973,639-V,639V_URINARY_TRACT,URINARY_TRACT,36314,Paclitaxel,-3.8806920051574707,-3.8496129512786865
ACH-000973,639-V,639V_URINARY_TRACT,URINARY_TRACT,4261,Entinostat,4.3102707862854,2.082951784133911
ACH-000973,639-V,639V_URINARY_TRACT,URINARY_TRACT,11626560,Crizotinib,3.5352730751037598,2.579082727432251
ACH-000973,639-V,639V_URINARY_TRACT,URINARY_TRACT,118704762,LJI308,5.040472030639648,5.020013332366943
ACH-000973,639-V,639V_URINARY_TRACT,URINARY_TRACT,216239,Sorafenib,2.118367910385132,2.5735106468200684
ACH-000973,639-V,639V_URINARY_TRACT,URINARY_TRACT,11364421,BI-2536,-2.3214030265808105,-2.3546648025512695
ACH-000973,639-V,639V_URINARY_TRACT,URINARY_TRACT,46926973,LGK974,3.3620550632476807,4.273930072784424
ACH-000973,639-V,639V_URINARY_TRACT,URINARY_TRACT,60838,Irinotecan,0.04468199983239174,1.7489452362060547
ACH-000973,639-V,639V_URINARY_TRACT,URINARY_TRACT,5310940,Oxaliplatin,2.176409959793091,3.5940635204315186
ACH-000973,639-V,639V_URINARY_TRACT,URINARY_TRACT,51000408,VE821,4.684924125671387,3.9215972423553467
ACH-000973,639-V,639V_URINARY_TRACT,URINARY_TRACT,25124816,GSK1904529A,4.135180950164795,4.338369369506836
ACH-000973,639-V,639V_URINARY_TRACT,URINARY_TRACT,59472121,VE-822,4.171535968780518,3.1044414043426514
ACH-000973,639-V,639V_URINARY_TRACT,URINARY_TRACT,72200024,WZ4003,4.891639232635498,4.159876346588135
ACH-000973,639-V,639V_URINARY_TRACT,URINARY_TRACT,42623951,CZC24832,5.167172908782959,5.176775932312012
ACH-000973,639-V,639V_URINARY_TRACT,URINARY_TRACT,49847690,AZD5582,3.6505188941955566,1.5967798233032227
ACH-000973,639-V,639V_URINARY_TRACT,URINARY_TRACT,53469448,GSK2606414,2.6118080615997314,3.9264488220214844
ACH-000973,639-V,639V_URINARY_TRACT,URINARY_TRACT,78243717,PFI3,5.062439918518066,5.417243003845215
ACH-000973,639-V,639V_URINARY_TRACT,URINARY_TRACT,24753719,PCI-34051,4.699274063110352,4.464808940887451
ACH-000973,639-V,639V_URINARY_TRACT,URINARY_TRACT,57519544,Wnt-C59,4.604793071746826,4.383256912231445
ACH-000973,639-V,639V_URINARY_TRACT,URINARY_TRACT,46943432,I-BET-762,2.8636460304260254,3.593780994415283
ACH-000973,639-V,639V_URINARY_TRACT,URINARY_TRACT,9936746,OTX015,3.1016690731048584,2.70125675201416
ACH-000973,639-V,639V_URINARY_TRACT,URINARY_TRACT,71268957,GSK343,1.5090689659118652,2.9807889461517334
ACH-000973,639-V,639V_URINARY_TRACT,URINARY_TRACT,60167849,ML323,4.252292156219482,4.514894485473633
ACH-000973,639-V,639V_URINARY_TRACT,URINARY_TRACT,59473233,Entospletinib,3.880573034286499,3.785719156265259
ACH-000973,639-V,639V_URINARY_TRACT,URINARY_TRACT,44462758,PRT062607,3.9403719902038574,3.43247389793396
ACH-000973,639-V,639V_URINARY_TRACT,URINARY_TRACT,44631912,Ribociclib,4.0289177894592285,3.7093286514282227
ACH-000973,639-V,639V_URINARY_TRACT,URINARY_TRACT,71299339,AGI-6780,3.660370111465454,4.356184482574463
ACH-000973,639-V,639V_URINARY_TRACT,URINARY_TRACT,1018,Picolinici-acid,4.883869171142578,5.30161714553833
ACH-000973,639-V,639V_URINARY_TRACT,URINARY_TRACT,52918385,PRIMA-1MET,4.403402805328369,4.637546539306641
ACH-000973,639-V,639V_URINARY_TRACT,URINARY_TRACT,11609586,Serdemetan,4.129405975341797,3.8534226417541504
ACH-000973,639-V,639V_URINARY_TRACT,URINARY_TRACT,42642645,Foretinib,0.39938798546791077,0.8495596647262573
ACH-000973,639-V,639V_URINARY_TRACT,URINARY_TRACT,46907787,JQ1,1.7279720306396484,1.9725539684295654
ACH-000973,639-V,639V_URINARY_TRACT,URINARY_TRACT,71271629,PFI-1,3.0124220848083496,4.225641250610352
ACH-000973,639-V,639V_URINARY_TRACT,URINARY_TRACT,56962337,SGC0946,2.2609479427337646,2.0888826847076416
ACH-000973,639-V,639V_URINARY_TRACT,URINARY_TRACT,176870,Erlotinib,2.5524160861968994,3.171839475631714
ACH-000973,639-V,639V_URINARY_TRACT,URINARY_TRACT,9931953,Rucaparib,4.741023063659668,4.040591716766357
ACH-000973,639-V,639V_URINARY_TRACT,URINARY_TRACT,24958200,Niraparib,4.7874250411987305,4.164237022399902
ACH-000973,639-V,639V_URINARY_TRACT,URINARY_TRACT,24856436,MK-1775,1.009577989578247,0.32050859928131104
ACH-000973,639-V,639V_URINARY_TRACT,URINARY_TRACT,46926350,Dinaciclib,-3.042293071746826,-3.0099637508392334
ACH-000973,639-V,639V_URINARY_TRACT,URINARY_TRACT,60750,Gemcitabine,-4.1424689292907715,-2.6084673404693604
ACH-000973,639-V,639V_URINARY_TRACT,URINARY_TRACT,387447,Bortezomib,-5.208505153656006,-4.622922897338867
ACH-000973,639-V,639V_URINARY_TRACT,URINARY_TRACT,2733526,Tamoxifen,3.120543956756592,4.0112504959106445
ACH-000973,639-V,639V_URINARY_TRACT,URINARY_TRACT,104741,Fulvestrant,2.527614116668701,3.086928129196167
ACH-000973,639-V,639V_URINARY_TRACT,URINARY_TRACT,56962336,EPZ004777,4.421652793884277,5.184178352355957
ACH-000973,639-V,639V_URINARY_TRACT,URINARY_TRACT,44632017,YK-4-279,1.5374070405960083,1.7652379274368286
ACH-000973,639-V,639V_URINARY_TRACT,URINARY_TRACT,9813758,BMS-345541,2.202126979827881,3.252542495727539
ACH-000973,639-V,639V_URINARY_TRACT,URINARY_TRACT,25099184,AZ960,1.976809024810791,1.209096074104309
ACH-000973,639-V,639V_URINARY_TRACT,URINARY_TRACT,51039095,AZD4547,1.6100200414657593,3.015742063522339
ACH-000973,639-V,639V_URINARY_TRACT,URINARY_TRACT,24821094,Ibrutinib,5.0500640869140625,4.347102642059326
ACH-000973,639-V,639V_URINARY_TRACT,URINARY_TRACT,70983932,GSK2830371,5.441340923309326,5.384049892425537
ACH-000973,639-V,639V_URINARY_TRACT,URINARY_TRACT,46236925,Sabutoclax,-1.3155219554901123,-0.29473772644996643
ACH-000973,639-V,639V_URINARY_TRACT,URINARY_TRACT,11655119,LY2109761,5.367496013641357,5.051328182220459
ACH-000973,639-V,639V_URINARY_TRACT,URINARY_TRACT,35397514,OF-1,3.936777114868164,4.1945109367370605
ACH-000973,639-V,639V_URINARY_TRACT,URINARY_TRACT,2802462,MN-64,5.032525062561035,4.681237697601318
ACH-000973,639-V,639V_URINARY_TRACT,URINARY_TRACT,73555129,KRAS (G12C) Inhibitor-12,3.1576900482177734,4.276256084442139
ACH-000973,639-V,639V_URINARY_TRACT,URINARY_TRACT,462382,MG-132,-1.3842560052871704,-1.112953543663025
ACH-000973,639-V,639V_URINARY_TRACT,URINARY_TRACT,11707110,Trametinib,1.4374690055847168,1.9453307390213013
ACH-000973,639-V,639V_URINARY_TRACT,URINARY_TRACT,44462760,Dabrafenib,5.378866195678711,4.5993852615356445
ACH-000973,639-V,639V_URINARY_TRACT,URINARY_TRACT,5394,Temozolomide,5.628864765167236,6.437453746795654
ACH-000973,639-V,639V_URINARY_TRACT,URINARY_TRACT,5460769,Bleomycin (50 uM),0.7564070224761963,2.7789859771728516
ACH-000973,639-V,639V_URINARY_TRACT,URINARY_TRACT,49846579,Venotoclax,3.59135103225708,2.9492886066436768
ACH-000973,639-V,639V_URINARY_TRACT,URINARY_TRACT,11228183,ABT737,4.4280171394348145,1.9164599180221558
ACH-000973,639-V,639V_URINARY_TRACT,URINARY_TRACT,46843057,Afuresertib,3.113039970397949,2.319962739944458
ACH-000973,639-V,639V_URINARY_TRACT,URINARY_TRACT,56645356,AGI-5198,3.9503068923950195,4.7541422843933105
ACH-000973,639-V,639V_URINARY_TRACT,URINARY_TRACT,78209992,AZD3759,3.3462440967559814,2.846693992614746
ACH-000973,639-V,639V_URINARY_TRACT,URINARY_TRACT,54761306,AZD6738,2.9208528995513916,1.8766050338745117
ACH-000973,639-V,639V_URINARY_TRACT,URINARY_TRACT,52913813,AZD8186,2.69779109954834,3.199690818786621
ACH-000973,639-V,639V_URINARY_TRACT,URINARY_TRACT,71496458,Osimertinib,2.029136896133423,2.072869062423706
ACH-000973,639-V,639V_URINARY_TRACT,URINARY_TRACT,9933475,Cediranib,1.706099033355713,2.343428134918213
ACH-000973,639-V,639V_URINARY_TRACT,URINARY_TRACT,24788740,Ipatasertib,3.4838058948516846,3.274244785308838
ACH-000973,639-V,639V_URINARY_TRACT,URINARY_TRACT,56941241,GDC0810,5.011046886444092,5.107516288757324
ACH-000973,639-V,639V_URINARY_TRACT,URINARY_TRACT,70676303,GNE-317,0.7827839851379395,0.6324729919433594
ACH-000973,639-V,639V_URINARY_TRACT,URINARY_TRACT,68107965,GSK2578215A,5.336672782897949,4.979984283447266
ACH-000973,639-V,639V_URINARY_TRACT,URINARY_TRACT,91668541,I-BRD9,3.487190008163452,4.469654560089111
ACH-000973,639-V,639V_URINARY_TRACT,URINARY_TRACT,10385095,Telomerase Inhibitor IX,-0.37563401460647583,0.6419512033462524
ACH-000973,639-V,639V_URINARY_TRACT,URINARY_TRACT,227681,MIRA-1,4.973255157470703,5.324825763702393
ACH-000973,639-V,639V_URINARY_TRACT,URINARY_TRACT,9825149,NVP-ADW742,3.7919859886169434,3.0222063064575195
ACH-000973,639-V,639V_URINARY_TRACT,URINARY_TRACT,46931953,P22077,2.866645097732544,4.433915138244629
ACH-000973,639-V,639V_URINARY_TRACT,URINARY_TRACT,68289010,Savolitinib,2.6179258823394775,2.671788215637207
ACH-000973,639-V,639V_URINARY_TRACT,URINARY_TRACT,992586,UMI-77,4.713359832763672,2.843374490737915
ACH-000973,639-V,639V_URINARY_TRACT,URINARY_TRACT,2984337,WIKI4,3.7850050926208496,3.8402903079986572
ACH-000973,639-V,639V_URINARY_TRACT,URINARY_TRACT,11178236,Sepantronium bromide,-5.5006937980651855,-4.62833833694458
ACH-000973,639-V,639V_URINARY_TRACT,URINARY_TRACT,71297207,WEHI-539,4.606743812561035,3.8332531452178955
ACH-000973,639-V,639V_URINARY_TRACT,URINARY_TRACT,104842,SN-38,-6.639479160308838,-4.541196823120117
ACH-000973,639-V,639V_URINARY_TRACT,URINARY_TRACT,25126798,Ruxolitinib,4.653649806976318,4.894656181335449
ACH-000973,639-V,639V_URINARY_TRACT,URINARY_TRACT,11640390,Linsitinib,4.596185207366943,4.078232288360596
ACH-000973,639-V,639V_URINARY_TRACT,URINARY_TRACT,41867,Epirubicin,-2.372180938720703,-1.399922251701355
ACH-000973,639-V,639V_URINARY_TRACT,URINARY_TRACT,2907,Cyclophosphamide,4.897453784942627,5.275374889373779
ACH-000973,639-V,639V_URINARY_TRACT,URINARY_TRACT,24360,Camptothecin,-5.143792152404785,-2.7319328784942627
ACH-000973,639-V,639V_URINARY_TRACT,URINARY_TRACT,6710780,Vinblastine,-3.986407995223999,-4.690522193908691
ACH-000973,639-V,639V_URINARY_TRACT,URINARY_TRACT,84691,Cisplatin,0.8560910224914551,2.4169299602508545
ACH-000973,639-V,639V_URINARY_TRACT,URINARY_TRACT,6253,Cytarabine,2.7296860218048096,0.8952230215072632
ACH-000973,639-V,639V_URINARY_TRACT,URINARY_TRACT,148124,Docetaxel,-5.062725067138672,-4.620469570159912
ACH-000973,639-V,639V_URINARY_TRACT,URINARY_TRACT,126941,Methotrexate,-1.6823760271072388,0.28770649433135986
ACH-000973,639-V,639V_URINARY_TRACT,URINARY_TRACT,123631,Gefitinib,2.552764892578125,3.4319398403167725
ACH-000973,639-V,639V_URINARY_TRACT,URINARY_TRACT,24978538,Navitoclax,1.732153058052063,1.6781318187713623
ACH-000973,639-V,639V_URINARY_TRACT,URINARY_TRACT,5311,Vorinostat,2.7344861030578613,1.636355996131897
ACH-000973,639-V,639V_URINARY_TRACT,URINARY_TRACT,644241,Nilotinib,3.977860927581787,3.630516290664673
ACH-000973,639-V,639V_URINARY_TRACT,URINARY_TRACT,44182295,Refametinib,3.173927068710327,3.8665878772735596
ACH-000973,639-V,639V_URINARY_TRACT,URINARY_TRACT,6918289,Temsirolimus,1.2485460042953491,0.8440936803817749
ACH-000973,639-V,639V_URINARY_TRACT,URINARY_TRACT,23725625,Olaparib,3.2444698810577393,4.128233909606934
ACH-000973,639-V,639V_URINARY_TRACT,URINARY_TRACT,11960529,Veliparib,5.008346080780029,5.255674362182617
ACH-000973,639-V,639V_URINARY_TRACT,URINARY_TRACT,5328940,Bosutinib,3.005275011062622,2.921963691711426
ACH-000973,639-V,639V_URINARY_TRACT,URINARY_TRACT,216326,Lenalidomide,5.421817779541016,5.234029293060303
ACH-000973,639-V,639V_URINARY_TRACT,URINARY_TRACT,6450551,Axitinib,2.5327980518341064,2.728447675704956
ACH-000973,639-V,639V_URINARY_TRACT,URINARY_TRACT,11152667,AZD7762,0.5249429941177368,-0.1081068217754364
ACH-000973,639-V,639V_URINARY_TRACT,URINARY_TRACT,9943465,GW441756,3.7083890438079834,3.3903238773345947
ACH-000547,HT-1197,HT1197_URINARY_TRACT,URINARY_TRACT,126565,Lestaurtinib,2.8553340435028076,-0.4079562723636627
ACH-000547,HT-1197,HT1197_URINARY_TRACT,URINARY_TRACT,176158,SB216763,4.950250148773193,4.605964183807373
ACH-000547,HT-1197,HT1197_URINARY_TRACT,URINARY_TRACT,6505803,Tanespimycin,1.4609580039978027,-0.7792463302612305
ACH-000547,HT-1197,HT1197_URINARY_TRACT,URINARY_TRACT,5311497,Vinorelbine,0.08060500025749207,-3.298661231994629
ACH-000547,HT-1197,HT1197_URINARY_TRACT,URINARY_TRACT,11667893,Motesanib,5.2511491775512695,5.004440784454346
ACH-000547,HT-1197,HT1197_URINARY_TRACT,URINARY_TRACT,5278396,KU-55933,6.454989910125732,4.3801374435424805
ACH-000547,HT-1197,HT1197_URINARY_TRACT,URINARY_TRACT,10184653,Afatinib,2.7981719970703125,1.2227479219436646
ACH-000547,HT-1197,HT1197_URINARY_TRACT,URINARY_TRACT,24776445,Vismodegib,5.412952899932861,4.477170467376709
ACH-000547,HT-1197,HT1197_URINARY_TRACT,URINARY_TRACT,24180719,PLX-4720,4.244784832000732,3.818591356277466
ACH-000547,HT-1197,HT1197_URINARY_TRACT,URINARY_TRACT,11327430,NU7441,3.6090259552001953,1.9323140382766724
ACH-000547,HT-1197,HT1197_URINARY_TRACT,URINARY_TRACT,16720766,Pevonedistat,2.5383949279785156,0.4258178770542145
ACH-000547,HT-1197,HT1197_URINARY_TRACT,URINARY_TRACT,11488320,Sapitinib,5.449159145355225,3.0239226818084717
ACH-000547,HT-1197,HT1197_URINARY_TRACT,URINARY_TRACT,156422,Doramapimod,5.813517093658447,4.50206995010376
ACH-000547,HT-1197,HT1197_URINARY_TRACT,URINARY_TRACT,11624601,JNK Inhibitor VIII,5.630399227142334,4.615626811981201
ACH-000547,HT-1197,HT1197_URINARY_TRACT,URINARY_TRACT,51042438,Uprosertib,1.258821964263916,1.405167579650879
ACH-000547,HT-1197,HT1197_URINARY_TRACT,URINARY_TRACT,24737642,LCL161,5.944250106811523,4.263035297393799
ACH-000547,HT-1197,HT1197_URINARY_TRACT,URINARY_TRACT,10384072,Wee1 Inhibitor,3.145339012145996,1.2292284965515137
ACH-000547,HT-1197,HT1197_URINARY_TRACT,URINARY_TRACT,11433190,Nutlin-3a (-),2.5074269771575928,3.7468738555908203
ACH-000547,HT-1197,HT1197_URINARY_TRACT,URINARY_TRACT,208908,Lapatinib,5.569136142730713,2.322230339050293
ACH-000547,HT-1197,HT1197_URINARY_TRACT,URINARY_TRACT,1401,PD173074,4.678122043609619,2.9731857776641846
ACH-000547,HT-1197,HT1197_URINARY_TRACT,URINARY_TRACT,9914412,ZM447439,3.200171947479248,1.7181473970413208
ACH-000547,HT-1197,HT1197_URINARY_TRACT,URINARY_TRACT,24771867,Alisertib,4.867373943328857,1.0555919408798218
ACH-000547,HT-1197,HT1197_URINARY_TRACT,URINARY_TRACT,56649450,Alpelisib,3.4437999725341797,2.0353035926818848
ACH-000547,HT-1197,HT1197_URINARY_TRACT,URINARY_TRACT,46930998,MK-2206,3.5826148986816406,1.3396897315979004
ACH-000547,HT-1197,HT1197_URINARY_TRACT,URINARY_TRACT,5330286,Palbociclib,5.08200216293335,2.414098024368286
ACH-000547,HT-1197,HT1197_URINARY_TRACT,URINARY_TRACT,51001932,Taselisib,1.5833849906921387,0.43677565455436707
ACH-000547,HT-1197,HT1197_URINARY_TRACT,URINARY_TRACT,57345410,EPZ5676,5.715662002563477,4.994472503662109
ACH-000547,HT-1197,HT1197_URINARY_TRACT,URINARY_TRACT,11977753,Dactolisib,-1.9023569822311401,-2.3060057163238525
ACH-000547,HT-1197,HT1197_URINARY_TRACT,URINARY_TRACT,17755052,Pictilisib,1.5909559726715088,0.1105622947216034
ACH-000547,HT-1197,HT1197_URINARY_TRACT,URINARY_TRACT,9826528,PD0325901,3.2702670097351074,0.33129483461380005
ACH-000547,HT-1197,HT1197_URINARY_TRACT,URINARY_TRACT,24866313,SCH772984,4.888915061950684,1.6284399032592773
ACH-000547,HT-1197,HT1197_URINARY_TRACT,URINARY_TRACT,10127622,Selumetinib,4.053089141845703,2.7194125652313232
ACH-000547,HT-1197,HT1197_URINARY_TRACT,URINARY_TRACT,9927531,BIBR-1532,4.1842851638793945,4.506210803985596
ACH-000547,HT-1197,HT1197_URINARY_TRACT,URINARY_TRACT,2155128,IWP-2,3.0286269187927246,2.339002847671509
ACH-000547,HT-1197,HT1197_URINARY_TRACT,URINARY_TRACT,3899,Leflunomide,5.924465179443359,4.537994384765625
ACH-000547,HT-1197,HT1197_URINARY_TRACT,URINARY_TRACT,2314623,CCT007093,5.801240921020508,4.657354831695557
ACH-000547,HT-1197,HT1197_URINARY_TRACT,URINARY_TRACT,11404337,Obatoclax Mesylate,-0.122468002140522,0.4015980064868927
ACH-000547,HT-1197,HT1197_URINARY_TRACT,URINARY_TRACT,9938202,EHT-1864,4.0951151847839355,3.368471384048462
ACH-000547,HT-1197,HT1197_URINARY_TRACT,URINARY_TRACT,25227847,Pyridostatin,4.585395812988281,3.4092915058135986
ACH-000547,HT-1197,HT1197_URINARY_TRACT,URINARY_TRACT,46883536,Avagacestat,5.304790019989014,4.228805065155029
ACH-000547,HT-1197,HT1197_URINARY_TRACT,URINARY_TRACT,3385,5-Fluorouracil,5.791834831237793,3.7556300163269043
ACH-000547,HT-1197,HT1197_URINARY_TRACT,URINARY_TRACT,68947304,AMG-319,6.306727886199951,4.219278812408447
ACH-000547,HT-1197,HT1197_URINARY_TRACT,URINARY_TRACT,11634725,VX-11e,4.995340824127197,1.7923271656036377
ACH-000547,HT-1197,HT1197_URINARY_TRACT,URINARY_TRACT,16224745,MK-8776,5.102621078491211,2.137557029724121
ACH-000547,HT-1197,HT1197_URINARY_TRACT,URINARY_TRACT,3062316,Dasatinib,1.7992420196533203,-1.3349522352218628
ACH-000547,HT-1197,HT1197_URINARY_TRACT,URINARY_TRACT,36314,Paclitaxel,-0.831367015838623,-3.129314422607422
ACH-000547,HT-1197,HT1197_URINARY_TRACT,URINARY_TRACT,4261,Entinostat,2.7064919471740723,1.5588383674621582
ACH-000547,HT-1197,HT1197_URINARY_TRACT,URINARY_TRACT,11626560,Crizotinib,4.992242813110352,1.533652901649475
ACH-000547,HT-1197,HT1197_URINARY_TRACT,URINARY_TRACT,118704762,LJI308,3.7257800102233887,4.467578887939453
ACH-000547,HT-1197,HT1197_URINARY_TRACT,URINARY_TRACT,216239,Sorafenib,3.2750511169433594,2.0412557125091553
ACH-000547,HT-1197,HT1197_URINARY_TRACT,URINARY_TRACT,11364421,BI-2536,4.240785121917725,-1.4007922410964966
ACH-000547,HT-1197,HT1197_URINARY_TRACT,URINARY_TRACT,46926973,LGK974,3.8767309188842773,3.8224551677703857
ACH-000547,HT-1197,HT1197_URINARY_TRACT,URINARY_TRACT,60838,Irinotecan,4.829862117767334,2.2614293098449707
ACH-000547,HT-1197,HT1197_URINARY_TRACT,URINARY_TRACT,5310940,Oxaliplatin,4.559463977813721,3.2990033626556396
ACH-000547,HT-1197,HT1197_URINARY_TRACT,URINARY_TRACT,117072552,GSK591,4.546448230743408,3.934666633605957
ACH-000547,HT-1197,HT1197_URINARY_TRACT,URINARY_TRACT,51000408,VE821,4.313726902008057,3.240605592727661
ACH-000547,HT-1197,HT1197_URINARY_TRACT,URINARY_TRACT,25124816,GSK1904529A,3.670452117919922,3.8036398887634277
ACH-000547,HT-1197,HT1197_URINARY_TRACT,URINARY_TRACT,59472121,VE-822,5.327520847320557,2.061884641647339
ACH-000547,HT-1197,HT1197_URINARY_TRACT,URINARY_TRACT,72200024,WZ4003,3.516386032104492,3.3597755432128906
ACH-000547,HT-1197,HT1197_URINARY_TRACT,URINARY_TRACT,42623951,CZC24832,6.3064680099487305,4.574681282043457
ACH-000547,HT-1197,HT1197_URINARY_TRACT,URINARY_TRACT,49847690,AZD5582,2.361232042312622,1.2604143619537354
ACH-000547,HT-1197,HT1197_URINARY_TRACT,URINARY_TRACT,53469448,GSK2606414,3.6457679271698,3.098320484161377
ACH-000547,HT-1197,HT1197_URINARY_TRACT,URINARY_TRACT,78243717,PFI3,5.990367889404297,4.840242385864258
ACH-000547,HT-1197,HT1197_URINARY_TRACT,URINARY_TRACT,24753719,PCI-34051,5.179574012756348,3.9824910163879395
ACH-000547,HT-1197,HT1197_URINARY_TRACT,URINARY_TRACT,57519544,Wnt-C59,4.332406997680664,3.801555633544922
ACH-000547,HT-1197,HT1197_URINARY_TRACT,URINARY_TRACT,46943432,I-BET-762,2.556236982345581,1.7909873723983765
ACH-000547,HT-1197,HT1197_URINARY_TRACT,URINARY_TRACT,9936746,OTX015,-0.04401399940252304,1.004141092300415
ACH-000547,HT-1197,HT1197_URINARY_TRACT,URINARY_TRACT,71268957,GSK343,3.4694368839263916,2.2353384494781494
ACH-000547,HT-1197,HT1197_URINARY_TRACT,URINARY_TRACT,60167849,ML323,4.467990875244141,4.006791591644287
ACH-000547,HT-1197,HT1197_URINARY_TRACT,URINARY_TRACT,59473233,Entospletinib,4.647712230682373,2.418757915496826
ACH-000547,HT-1197,HT1197_URINARY_TRACT,URINARY_TRACT,44462758,PRT062607,4.512833118438721,2.029466390609741
ACH-000547,HT-1197,HT1197_URINARY_TRACT,URINARY_TRACT,71299339,AGI-6780,5.385300159454346,3.837388515472412
ACH-000547,HT-1197,HT1197_URINARY_TRACT,URINARY_TRACT,1018,Picolinici-acid,5.8552069664001465,4.692870140075684
ACH-000547,HT-1197,HT1197_URINARY_TRACT,URINARY_TRACT,52918385,PRIMA-1MET,6.347689151763916,3.7643346786499023
ACH-000547,HT-1197,HT1197_URINARY_TRACT,URINARY_TRACT,11609586,Serdemetan,4.2827582359313965,3.2727813720703125
ACH-000547,HT-1197,HT1197_URINARY_TRACT,URINARY_TRACT,42642645,Foretinib,2.540924072265625,0.20842942595481873
ACH-000547,HT-1197,HT1197_URINARY_TRACT,URINARY_TRACT,46907787,JQ1,0.047543998807668686,0.8794389963150024
ACH-000547,HT-1197,HT1197_URINARY_TRACT,URINARY_TRACT,71271629,PFI-1,3.6474509239196777,3.400568723678589
ACH-000547,HT-1197,HT1197_URINARY_TRACT,URINARY_TRACT,56962337,SGC0946,2.144881010055542,1.8492176532745361
ACH-000547,HT-1197,HT1197_URINARY_TRACT,URINARY_TRACT,176870,Erlotinib,3.0774741172790527,2.3333263397216797
ACH-000547,HT-1197,HT1197_URINARY_TRACT,URINARY_TRACT,9931953,Rucaparib,4.017032146453857,3.5885345935821533
ACH-000547,HT-1197,HT1197_URINARY_TRACT,URINARY_TRACT,24958200,Niraparib,5.2029008865356445,3.956458330154419
ACH-000547,HT-1197,HT1197_URINARY_TRACT,URINARY_TRACT,24856436,MK-1775,2.6379880905151367,0.1620047390460968
ACH-000547,HT-1197,HT1197_URINARY_TRACT,URINARY_TRACT,46926350,Dinaciclib,-1.9333070516586304,-2.925280809402466
ACH-000547,HT-1197,HT1197_URINARY_TRACT,URINARY_TRACT,60750,Gemcitabine,4.286553859710693,-0.7716977596282959
ACH-000547,HT-1197,HT1197_URINARY_TRACT,URINARY_TRACT,387447,Bortezomib,-4.502592086791992,-4.67465877532959
ACH-000547,HT-1197,HT1197_URINARY_TRACT,URINARY_TRACT,2733526,Tamoxifen,2.4346768856048584,3.401337146759033
ACH-000547,HT-1197,HT1197_URINARY_TRACT,URINARY_TRACT,104741,Fulvestrant,4.139933109283447,2.6307687759399414
ACH-000547,HT-1197,HT1197_URINARY_TRACT,URINARY_TRACT,56962336,EPZ004777,6.1618452072143555,4.669609069824219
ACH-000547,HT-1197,HT1197_URINARY_TRACT,URINARY_TRACT,44632017,YK-4-279,3.559990882873535,1.4007903337478638
ACH-000547,HT-1197,HT1197_URINARY_TRACT,URINARY_TRACT,9813758,BMS-345541,5.558492183685303,2.357684373855591
ACH-000547,HT-1197,HT1197_URINARY_TRACT,URINARY_TRACT,25099184,AZ960,3.1843960285186768,1.1042649745941162
ACH-000547,HT-1197,HT1197_URINARY_TRACT,URINARY_TRACT,51039095,AZD4547,4.344459056854248,2.3573760986328125
ACH-000547,HT-1197,HT1197_URINARY_TRACT,URINARY_TRACT,24821094,Ibrutinib,6.1784892082214355,3.370544672012329
ACH-000547,HT-1197,HT1197_URINARY_TRACT,URINARY_TRACT,70983932,GSK2830371,6.051239967346191,4.863320827484131
ACH-000547,HT-1197,HT1197_URINARY_TRACT,URINARY_TRACT,46236925,Sabutoclax,-0.06574700027704239,-0.4737412631511688
ACH-000547,HT-1197,HT1197_URINARY_TRACT,URINARY_TRACT,11655119,LY2109761,6.298593044281006,4.511581897735596
ACH-000547,HT-1197,HT1197_URINARY_TRACT,URINARY_TRACT,35397514,OF-1,5.289330005645752,3.758983850479126
ACH-000547,HT-1197,HT1197_URINARY_TRACT,URINARY_TRACT,2802462,MN-64,5.568388938903809,4.077332973480225
ACH-000547,HT-1197,HT1197_URINARY_TRACT,URINARY_TRACT,73555129,KRAS (G12C) Inhibitor-12,5.918662071228027,3.9996633529663086
ACH-000547,HT-1197,HT1197_URINARY_TRACT,URINARY_TRACT,462382,MG-132,-1.0816270112991333,-1.4715367555618286
ACH-000547,HT-1197,HT1197_URINARY_TRACT,URINARY_TRACT,11707110,Trametinib,1.2494800090789795,-0.7685201168060303
ACH-000547,HT-1197,HT1197_URINARY_TRACT,URINARY_TRACT,44462760,Dabrafenib,4.003639221191406,3.745400905609131
ACH-000547,HT-1197,HT1197_URINARY_TRACT,URINARY_TRACT,5394,Temozolomide,7.07599401473999,5.958218097686768
ACH-000547,HT-1197,HT1197_URINARY_TRACT,URINARY_TRACT,5460769,Bleomycin (50 uM),2.8652451038360596,2.6826112270355225
ACH-000547,HT-1197,HT1197_URINARY_TRACT,URINARY_TRACT,49846579,Venotoclax,2.0779199600219727,2.172565221786499
ACH-000547,HT-1197,HT1197_URINARY_TRACT,URINARY_TRACT,11228183,ABT737,2.1526830196380615,1.4696969985961914
ACH-000547,HT-1197,HT1197_URINARY_TRACT,URINARY_TRACT,46843057,Afuresertib,1.173935055732727,1.146170735359192
ACH-000547,HT-1197,HT1197_URINARY_TRACT,URINARY_TRACT,56645356,AGI-5198,5.5514302253723145,4.247324466705322
ACH-000547,HT-1197,HT1197_URINARY_TRACT,URINARY_TRACT,78209992,AZD3759,3.1780660152435303,1.9859906435012817
ACH-000547,HT-1197,HT1197_URINARY_TRACT,URINARY_TRACT,54761306,AZD6738,2.622400999069214,1.2049129009246826
ACH-000547,HT-1197,HT1197_URINARY_TRACT,URINARY_TRACT,52913813,AZD8186,2.850332021713257,1.6003811359405518
ACH-000547,HT-1197,HT1197_URINARY_TRACT,URINARY_TRACT,71496458,Osimertinib,1.0756280422210693,1.2914540767669678
ACH-000547,HT-1197,HT1197_URINARY_TRACT,URINARY_TRACT,9933475,Cediranib,3.861509084701538,1.2451095581054688
ACH-000547,HT-1197,HT1197_URINARY_TRACT,URINARY_TRACT,24788740,Ipatasertib,2.001739978790283,1.7511260509490967
ACH-000547,HT-1197,HT1197_URINARY_TRACT,URINARY_TRACT,56941241,GDC0810,5.407283782958984,4.5134406089782715
ACH-000547,HT-1197,HT1197_URINARY_TRACT,URINARY_TRACT,70676303,GNE-317,-0.012946000322699547,-0.17000102996826172
ACH-000547,HT-1197,HT1197_URINARY_TRACT,URINARY_TRACT,68107965,GSK2578215A,4.884180068969727,4.468925952911377
ACH-000547,HT-1197,HT1197_URINARY_TRACT,URINARY_TRACT,91668541,I-BRD9,5.777341842651367,3.7031443119049072
ACH-000547,HT-1197,HT1197_URINARY_TRACT,URINARY_TRACT,10385095,Telomerase Inhibitor IX,2.90077805519104,0.4705515503883362
ACH-000547,HT-1197,HT1197_URINARY_TRACT,URINARY_TRACT,227681,MIRA-1,6.109804153442383,4.826988697052002
ACH-000547,HT-1197,HT1197_URINARY_TRACT,URINARY_TRACT,9825149,NVP-ADW742,2.529961109161377,1.7744358777999878
ACH-000547,HT-1197,HT1197_URINARY_TRACT,URINARY_TRACT,46931953,P22077,2.44732403755188,3.9090447425842285
ACH-000547,HT-1197,HT1197_URINARY_TRACT,URINARY_TRACT,68289010,Savolitinib,2.695301055908203,2.058669090270996
ACH-000547,HT-1197,HT1197_URINARY_TRACT,URINARY_TRACT,992586,UMI-77,1.8259810209274292,2.6796202659606934
ACH-000547,HT-1197,HT1197_URINARY_TRACT,URINARY_TRACT,2984337,WIKI4,3.082253932952881,3.1807830333709717
ACH-000547,HT-1197,HT1197_URINARY_TRACT,URINARY_TRACT,11178236,Sepantronium bromide,-4.622163772583008,-2.214066982269287
ACH-000547,HT-1197,HT1197_URINARY_TRACT,URINARY_TRACT,71297207,WEHI-539,4.967595100402832,3.5102787017822266
ACH-000547,HT-1197,HT1197_URINARY_TRACT,URINARY_TRACT,25126798,Ruxolitinib,5.516438961029053,4.330644130706787
ACH-000547,HT-1197,HT1197_URINARY_TRACT,URINARY_TRACT,11640390,Linsitinib,4.308854103088379,3.4157040119171143
ACH-000547,HT-1197,HT1197_URINARY_TRACT,URINARY_TRACT,41867,Epirubicin,-1.2735379934310913,-1.2608003616333008
ACH-000547,HT-1197,HT1197_URINARY_TRACT,URINARY_TRACT,2907,Cyclophosphamide,5.555369853973389,4.760574817657471
ACH-000547,HT-1197,HT1197_URINARY_TRACT,URINARY_TRACT,24360,Camptothecin,-1.33079195022583,-2.2648701667785645
ACH-000547,HT-1197,HT1197_URINARY_TRACT,URINARY_TRACT,6710780,Vinblastine,-1.6304409503936768,-3.94179368019104
ACH-000547,HT-1197,HT1197_URINARY_TRACT,URINARY_TRACT,84691,Cisplatin,3.666482925415039,2.7310874462127686
ACH-000547,HT-1197,HT1197_URINARY_TRACT,URINARY_TRACT,6253,Cytarabine,4.488382816314697,1.0876493453979492
ACH-000547,HT-1197,HT1197_URINARY_TRACT,URINARY_TRACT,148124,Docetaxel,-2.6878581047058105,-4.631076812744141
ACH-000547,HT-1197,HT1197_URINARY_TRACT,URINARY_TRACT,126941,Methotrexate,1.7727940082550049,-0.21449825167655945
ACH-000547,HT-1197,HT1197_URINARY_TRACT,URINARY_TRACT,123631,Gefitinib,4.0378031730651855,2.5329363346099854
ACH-000547,HT-1197,HT1197_URINARY_TRACT,URINARY_TRACT,24978538,Navitoclax,3.3730719089508057,1.2548246383666992
ACH-000547,HT-1197,HT1197_URINARY_TRACT,URINARY_TRACT,5311,Vorinostat,1.5775599479675293,1.311547875404358
ACH-000547,HT-1197,HT1197_URINARY_TRACT,URINARY_TRACT,644241,Nilotinib,5.268487930297852,2.2351908683776855
ACH-000547,HT-1197,HT1197_URINARY_TRACT,URINARY_TRACT,44182295,Refametinib,2.10709810256958,1.22116219997406
ACH-000547,HT-1197,HT1197_URINARY_TRACT,URINARY_TRACT,6918289,Temsirolimus,1.9004210233688354,0.3191852271556854
ACH-000547,HT-1197,HT1197_URINARY_TRACT,URINARY_TRACT,23725625,Olaparib,4.686779022216797,4.045226573944092
ACH-000547,HT-1197,HT1197_URINARY_TRACT,URINARY_TRACT,11960529,Veliparib,5.750503063201904,4.688318252563477
ACH-000547,HT-1197,HT1197_URINARY_TRACT,URINARY_TRACT,5328940,Bosutinib,2.4812839031219482,1.5951484441757202
ACH-000547,HT-1197,HT1197_URINARY_TRACT,URINARY_TRACT,216326,Lenalidomide,4.977867126464844,4.684597969055176
ACH-000547,HT-1197,HT1197_URINARY_TRACT,URINARY_TRACT,11152667,AZD7762,0.873744010925293,-0.3956960141658783
ACH-000547,HT-1197,HT1197_URINARY_TRACT,URINARY_TRACT,9943465,GW441756,3.3750159740448,2.819549322128296
ACH-000384,SW 780,SW780_URINARY_TRACT,URINARY_TRACT,126565,Lestaurtinib,1.5745160579681396,0.7420804500579834
ACH-000384,SW 780,SW780_URINARY_TRACT,URINARY_TRACT,176158,SB216763,5.703094005584717,4.887054443359375
ACH-000384,SW 780,SW780_URINARY_TRACT,URINARY_TRACT,6505803,Tanespimycin,0.23756100237369537,-0.23750287294387817
ACH-000384,SW 780,SW780_URINARY_TRACT,URINARY_TRACT,5311497,Vinorelbine,-2.849889039993286,-3.0890252590179443
ACH-000384,SW 780,SW780_URINARY_TRACT,URINARY_TRACT,11667893,Motesanib,6.128116130828857,5.24723482131958
ACH-000384,SW 780,SW780_URINARY_TRACT,URINARY_TRACT,5278396,KU-55933,6.137020111083984,4.794910430908203
ACH-000384,SW 780,SW780_URINARY_TRACT,URINARY_TRACT,10184653,Afatinib,3.4642510414123535,0.9375970363616943
ACH-000384,SW 780,SW780_URINARY_TRACT,URINARY_TRACT,24776445,Vismodegib,6.078440189361572,4.7077789306640625
ACH-000384,SW 780,SW780_URINARY_TRACT,URINARY_TRACT,24180719,PLX-4720,5.210628032684326,4.179701805114746
ACH-000384,SW 780,SW780_URINARY_TRACT,URINARY_TRACT,11327430,NU7441,4.718449115753174,2.9224042892456055
ACH-000384,SW 780,SW780_URINARY_TRACT,URINARY_TRACT,16720766,Pevonedistat,1.3464339971542358,2.0223195552825928
ACH-000384,SW 780,SW780_URINARY_TRACT,URINARY_TRACT,11488320,Sapitinib,5.877151966094971,2.2279272079467773
ACH-000384,SW 780,SW780_URINARY_TRACT,URINARY_TRACT,156422,Doramapimod,5.604337215423584,4.679636001586914
ACH-000384,SW 780,SW780_URINARY_TRACT,URINARY_TRACT,11624601,JNK Inhibitor VIII,5.822266101837158,4.781839370727539
ACH-000384,SW 780,SW780_URINARY_TRACT,URINARY_TRACT,51042438,Uprosertib,5.294519901275635,2.288666248321533
ACH-000384,SW 780,SW780_URINARY_TRACT,URINARY_TRACT,24737642,LCL161,4.805046081542969,4.471044540405273
ACH-000384,SW 780,SW780_URINARY_TRACT,URINARY_TRACT,10384072,Wee1 Inhibitor,3.8106260299682617,2.359187364578247
ACH-000384,SW 780,SW780_URINARY_TRACT,URINARY_TRACT,11433190,Nutlin-3a (-),3.57532000541687,4.646914005279541
ACH-000384,SW 780,SW780_URINARY_TRACT,URINARY_TRACT,208908,Lapatinib,4.681379795074463,2.2636334896087646
ACH-000384,SW 780,SW780_URINARY_TRACT,URINARY_TRACT,1401,PD173074,2.2670249938964844,3.8306429386138916
ACH-000384,SW 780,SW780_URINARY_TRACT,URINARY_TRACT,9914412,ZM447439,2.941514015197754,2.7417845726013184
ACH-000384,SW 780,SW780_URINARY_TRACT,URINARY_TRACT,24771867,Alisertib,2.9167370796203613,2.6609904766082764
ACH-000384,SW 780,SW780_URINARY_TRACT,URINARY_TRACT,56649450,Alpelisib,5.42832088470459,2.6043312549591064
ACH-000384,SW 780,SW780_URINARY_TRACT,URINARY_TRACT,46930998,MK-2206,3.666093111038208,2.407249689102173
ACH-000384,SW 780,SW780_URINARY_TRACT,URINARY_TRACT,5330286,Palbociclib,3.6269500255584717,3.6044137477874756
ACH-000384,SW 780,SW780_URINARY_TRACT,URINARY_TRACT,51001932,Taselisib,3.722256898880005,1.0333172082901
ACH-000384,SW 780,SW780_URINARY_TRACT,URINARY_TRACT,57345410,EPZ5676,6.325409889221191,5.208815097808838
ACH-000384,SW 780,SW780_URINARY_TRACT,URINARY_TRACT,11977753,Dactolisib,-1.9511189460754395,-1.1019997596740723
ACH-000384,SW 780,SW780_URINARY_TRACT,URINARY_TRACT,17755052,Pictilisib,2.166053056716919,0.931432843208313
ACH-000384,SW 780,SW780_URINARY_TRACT,URINARY_TRACT,25262965,AZD8055,-0.13729999959468842,0.2185860276222229
ACH-000384,SW 780,SW780_URINARY_TRACT,URINARY_TRACT,9826528,PD0325901,1.0389959812164307,0.5900733470916748
ACH-000384,SW 780,SW780_URINARY_TRACT,URINARY_TRACT,24866313,SCH772984,2.648937940597534,1.9401814937591553
ACH-000384,SW 780,SW780_URINARY_TRACT,URINARY_TRACT,10127622,Selumetinib,2.7992310523986816,2.7871100902557373
ACH-000384,SW 780,SW780_URINARY_TRACT,URINARY_TRACT,9927531,BIBR-1532,4.55230712890625,4.723638534545898
ACH-000384,SW 780,SW780_URINARY_TRACT,URINARY_TRACT,2155128,IWP-2,3.110714912414551,2.757270336151123
ACH-000384,SW 780,SW780_URINARY_TRACT,URINARY_TRACT,3899,Leflunomide,5.368053913116455,4.893805980682373
ACH-000384,SW 780,SW780_URINARY_TRACT,URINARY_TRACT,2314623,CCT007093,5.852826118469238,4.770813941955566
ACH-000384,SW 780,SW780_URINARY_TRACT,URINARY_TRACT,11404337,Obatoclax Mesylate,0.6617940068244934,1.1368024349212646
ACH-000384,SW 780,SW780_URINARY_TRACT,URINARY_TRACT,9938202,EHT-1864,3.2102279663085938,3.4728503227233887
ACH-000384,SW 780,SW780_URINARY_TRACT,URINARY_TRACT,25227847,Pyridostatin,4.116922855377197,3.8309175968170166
ACH-000384,SW 780,SW780_URINARY_TRACT,URINARY_TRACT,46883536,Avagacestat,5.135088920593262,4.4774885177612305
ACH-000384,SW 780,SW780_URINARY_TRACT,URINARY_TRACT,3385,5-Fluorouracil,4.648075103759766,4.458126544952393
ACH-000384,SW 780,SW780_URINARY_TRACT,URINARY_TRACT,68947304,AMG-319,5.835132122039795,4.803660869598389
ACH-000384,SW 780,SW780_URINARY_TRACT,URINARY_TRACT,11634725,VX-11e,2.9107120037078857,2.405853033065796
ACH-000384,SW 780,SW780_URINARY_TRACT,URINARY_TRACT,16224745,MK-8776,4.832377910614014,3.1498959064483643
ACH-000384,SW 780,SW780_URINARY_TRACT,URINARY_TRACT,3062316,Dasatinib,1.9863890409469604,1.205000638961792
ACH-000384,SW 780,SW780_URINARY_TRACT,URINARY_TRACT,36314,Paclitaxel,0.21757100522518158,-2.9174575805664062
ACH-000384,SW 780,SW780_URINARY_TRACT,URINARY_TRACT,4261,Entinostat,2.6254630088806152,2.247906446456909
ACH-000384,SW 780,SW780_URINARY_TRACT,URINARY_TRACT,11626560,Crizotinib,3.8860929012298584,2.69356632232666
ACH-000384,SW 780,SW780_URINARY_TRACT,URINARY_TRACT,118704762,LJI308,5.743002891540527,4.785607814788818
ACH-000384,SW 780,SW780_URINARY_TRACT,URINARY_TRACT,216239,Sorafenib,3.0141570568084717,2.623307704925537
ACH-000384,SW 780,SW780_URINARY_TRACT,URINARY_TRACT,11364421,BI-2536,-0.8591189980506897,0.5125951766967773
ACH-000384,SW 780,SW780_URINARY_TRACT,URINARY_TRACT,46926973,LGK974,4.239429950714111,3.8707799911499023
ACH-000384,SW 780,SW780_URINARY_TRACT,URINARY_TRACT,60838,Irinotecan,3.701848030090332,3.321662664413452
ACH-000384,SW 780,SW780_URINARY_TRACT,URINARY_TRACT,5310940,Oxaliplatin,3.7310938835144043,4.071108818054199
ACH-000384,SW 780,SW780_URINARY_TRACT,URINARY_TRACT,117072552,GSK591,3.9532599449157715,4.341789722442627
ACH-000384,SW 780,SW780_URINARY_TRACT,URINARY_TRACT,51000408,VE821,4.386480808258057,3.9542899131774902
ACH-000384,SW 780,SW780_URINARY_TRACT,URINARY_TRACT,25124816,GSK1904529A,4.927600860595703,4.133171081542969
ACH-000384,SW 780,SW780_URINARY_TRACT,URINARY_TRACT,59472121,VE-822,4.712924957275391,2.9675097465515137
ACH-000384,SW 780,SW780_URINARY_TRACT,URINARY_TRACT,72200024,WZ4003,5.97309684753418,3.9786250591278076
ACH-000384,SW 780,SW780_URINARY_TRACT,URINARY_TRACT,42623951,CZC24832,4.785089015960693,4.879676342010498
ACH-000384,SW 780,SW780_URINARY_TRACT,URINARY_TRACT,49847690,AZD5582,2.809206008911133,2.2324023246765137
ACH-000384,SW 780,SW780_URINARY_TRACT,URINARY_TRACT,53469448,GSK2606414,3.6358659267425537,3.7123444080352783
ACH-000384,SW 780,SW780_URINARY_TRACT,URINARY_TRACT,78243717,PFI3,5.366127967834473,5.070622444152832
ACH-000384,SW 780,SW780_URINARY_TRACT,URINARY_TRACT,24753719,PCI-34051,4.9903459548950195,4.632256031036377
ACH-000384,SW 780,SW780_URINARY_TRACT,URINARY_TRACT,57519544,Wnt-C59,4.2778239250183105,4.053341865539551
ACH-000384,SW 780,SW780_URINARY_TRACT,URINARY_TRACT,46943432,I-BET-762,5.3318939208984375,3.1216747760772705
ACH-000384,SW 780,SW780_URINARY_TRACT,URINARY_TRACT,9936746,OTX015,4.132246971130371,2.6226606369018555
ACH-000384,SW 780,SW780_URINARY_TRACT,URINARY_TRACT,71268957,GSK343,3.2551779747009277,2.8032851219177246
ACH-000384,SW 780,SW780_URINARY_TRACT,URINARY_TRACT,60167849,ML323,4.430141925811768,4.115678310394287
ACH-000384,SW 780,SW780_URINARY_TRACT,URINARY_TRACT,59473233,Entospletinib,3.876749038696289,3.3768272399902344
ACH-000384,SW 780,SW780_URINARY_TRACT,URINARY_TRACT,44462758,PRT062607,3.751655101776123,2.975391149520874
ACH-000384,SW 780,SW780_URINARY_TRACT,URINARY_TRACT,44631912,Ribociclib,4.671456813812256,3.6753060817718506
ACH-000384,SW 780,SW780_URINARY_TRACT,URINARY_TRACT,71299339,AGI-6780,5.331385135650635,4.084651470184326
ACH-000384,SW 780,SW780_URINARY_TRACT,URINARY_TRACT,1018,Picolinici-acid,4.52948522567749,4.90049409866333
ACH-000384,SW 780,SW780_URINARY_TRACT,URINARY_TRACT,52918385,PRIMA-1MET,6.733614921569824,4.751958847045898
ACH-000384,SW 780,SW780_URINARY_TRACT,URINARY_TRACT,11609586,Serdemetan,4.885930061340332,3.729689359664917
ACH-000384,SW 780,SW780_URINARY_TRACT,URINARY_TRACT,42642645,Foretinib,1.3630069494247437,1.2249906063079834
ACH-000384,SW 780,SW780_URINARY_TRACT,URINARY_TRACT,46907787,JQ1,4.20239782333374,2.484074831008911
ACH-000384,SW 780,SW780_URINARY_TRACT,URINARY_TRACT,71271629,PFI-1,4.788125038146973,3.9997711181640625
ACH-000384,SW 780,SW780_URINARY_TRACT,URINARY_TRACT,56962337,SGC0946,3.0212509632110596,2.1107676029205322
ACH-000384,SW 780,SW780_URINARY_TRACT,URINARY_TRACT,176870,Erlotinib,4.541067123413086,2.236717939376831
ACH-000384,SW 780,SW780_URINARY_TRACT,URINARY_TRACT,9931953,Rucaparib,4.986626148223877,3.9524104595184326
ACH-000384,SW 780,SW780_URINARY_TRACT,URINARY_TRACT,24958200,Niraparib,5.252647876739502,4.412986755371094
ACH-000384,SW 780,SW780_URINARY_TRACT,URINARY_TRACT,24856436,MK-1775,2.9420299530029297,1.258891224861145
ACH-000384,SW 780,SW780_URINARY_TRACT,URINARY_TRACT,46926350,Dinaciclib,-2.5520589351654053,-2.72151517868042
ACH-000384,SW 780,SW780_URINARY_TRACT,URINARY_TRACT,60750,Gemcitabine,1.1597130298614502,1.8933844566345215
ACH-000384,SW 780,SW780_URINARY_TRACT,URINARY_TRACT,387447,Bortezomib,-4.10016393661499,-4.4878363609313965
ACH-000384,SW 780,SW780_URINARY_TRACT,URINARY_TRACT,2733526,Tamoxifen,4.523173809051514,3.7308402061462402
ACH-000384,SW 780,SW780_URINARY_TRACT,URINARY_TRACT,104741,Fulvestrant,3.5250279903411865,2.9419567584991455
ACH-000384,SW 780,SW780_URINARY_TRACT,URINARY_TRACT,56962336,EPZ004777,6.177361965179443,4.942050457000732
ACH-000384,SW 780,SW780_URINARY_TRACT,URINARY_TRACT,44632017,YK-4-279,3.5916531085968018,2.480715751647949
ACH-000384,SW 780,SW780_URINARY_TRACT,URINARY_TRACT,9813758,BMS-345541,3.262821912765503,3.149149179458618
ACH-000384,SW 780,SW780_URINARY_TRACT,URINARY_TRACT,25099184,AZ960,5.202030181884766,2.586160898208618
ACH-000384,SW 780,SW780_URINARY_TRACT,URINARY_TRACT,51039095,AZD4547,1.084967017173767,3.341318368911743
ACH-000384,SW 780,SW780_URINARY_TRACT,URINARY_TRACT,24821094,Ibrutinib,5.669750213623047,3.1284070014953613
ACH-000384,SW 780,SW780_URINARY_TRACT,URINARY_TRACT,70983932,GSK2830371,5.395916938781738,5.18259334564209
ACH-000384,SW 780,SW780_URINARY_TRACT,URINARY_TRACT,46236925,Sabutoclax,0.8889189958572388,0.4342140257358551
ACH-000384,SW 780,SW780_URINARY_TRACT,URINARY_TRACT,11655119,LY2109761,4.689328193664551,4.71112585067749
ACH-000384,SW 780,SW780_URINARY_TRACT,URINARY_TRACT,35397514,OF-1,3.332585096359253,3.7774908542633057
ACH-000384,SW 780,SW780_URINARY_TRACT,URINARY_TRACT,2802462,MN-64,5.177605152130127,4.17395544052124
ACH-000384,SW 780,SW780_URINARY_TRACT,URINARY_TRACT,73555129,KRAS (G12C) Inhibitor-12,5.061830997467041,4.5051374435424805
ACH-000384,SW 780,SW780_URINARY_TRACT,URINARY_TRACT,462382,MG-132,-0.9646279811859131,-1.0156596899032593
ACH-000384,SW 780,SW780_URINARY_TRACT,URINARY_TRACT,11707110,Trametinib,-0.3409079909324646,-0.6392155885696411
ACH-000384,SW 780,SW780_URINARY_TRACT,URINARY_TRACT,44462760,Dabrafenib,6.117598056793213,4.353274345397949
ACH-000384,SW 780,SW780_URINARY_TRACT,URINARY_TRACT,5394,Temozolomide,7.306680202484131,6.2586541175842285
ACH-000384,SW 780,SW780_URINARY_TRACT,URINARY_TRACT,5460769,Bleomycin (50 uM),4.736242771148682,3.5689215660095215
ACH-000384,SW 780,SW780_URINARY_TRACT,URINARY_TRACT,49846579,Venotoclax,2.3905720710754395,2.8341574668884277
ACH-000384,SW 780,SW780_URINARY_TRACT,URINARY_TRACT,11228183,ABT737,1.9221220016479492,2.5454373359680176
ACH-000384,SW 780,SW780_URINARY_TRACT,URINARY_TRACT,46843057,Afuresertib,4.2607808113098145,2.087130308151245
ACH-000384,SW 780,SW780_URINARY_TRACT,URINARY_TRACT,56645356,AGI-5198,5.876727104187012,4.399435520172119
ACH-000384,SW 780,SW780_URINARY_TRACT,URINARY_TRACT,78209992,AZD3759,3.6066110134124756,2.016902446746826
ACH-000384,SW 780,SW780_URINARY_TRACT,URINARY_TRACT,54761306,AZD6738,3.9158549308776855,2.2704262733459473
ACH-000384,SW 780,SW780_URINARY_TRACT,URINARY_TRACT,52913813,AZD8186,5.545722007751465,2.6407558917999268
ACH-000384,SW 780,SW780_URINARY_TRACT,URINARY_TRACT,71496458,Osimertinib,2.3023910522460938,1.1588352918624878
ACH-000384,SW 780,SW780_URINARY_TRACT,URINARY_TRACT,9933475,Cediranib,1.1939480304718018,2.183497905731201
ACH-000384,SW 780,SW780_URINARY_TRACT,URINARY_TRACT,24788740,Ipatasertib,5.120469093322754,2.680645227432251
ACH-000384,SW 780,SW780_URINARY_TRACT,URINARY_TRACT,56941241,GDC0810,6.039646148681641,4.689464092254639
ACH-000384,SW 780,SW780_URINARY_TRACT,URINARY_TRACT,70676303,GNE-317,0.9012050032615662,0.7412992715835571
ACH-000384,SW 780,SW780_URINARY_TRACT,URINARY_TRACT,68107965,GSK2578215A,5.107525825500488,4.645089626312256
ACH-000384,SW 780,SW780_URINARY_TRACT,URINARY_TRACT,91668541,I-BRD9,5.019902229309082,4.404825210571289
ACH-000384,SW 780,SW780_URINARY_TRACT,URINARY_TRACT,10385095,Telomerase Inhibitor IX,0.8324310183525085,1.3008660078048706
ACH-000384,SW 780,SW780_URINARY_TRACT,URINARY_TRACT,227681,MIRA-1,5.879766941070557,5.216604232788086
ACH-000384,SW 780,SW780_URINARY_TRACT,URINARY_TRACT,9825149,NVP-ADW742,2.786855936050415,2.6407721042633057
ACH-000384,SW 780,SW780_URINARY_TRACT,URINARY_TRACT,46931953,P22077,4.910840034484863,4.373172760009766
ACH-000384,SW 780,SW780_URINARY_TRACT,URINARY_TRACT,68289010,Savolitinib,2.5628440380096436,2.6419882774353027
ACH-000384,SW 780,SW780_URINARY_TRACT,URINARY_TRACT,992586,UMI-77,5.637051105499268,2.8663346767425537
ACH-000384,SW 780,SW780_URINARY_TRACT,URINARY_TRACT,2984337,WIKI4,4.882052898406982,3.4940295219421387
ACH-000384,SW 780,SW780_URINARY_TRACT,URINARY_TRACT,11178236,Sepantronium bromide,-4.082190036773682,-2.63179087638855
ACH-000384,SW 780,SW780_URINARY_TRACT,URINARY_TRACT,71297207,WEHI-539,2.5219929218292236,3.7980220317840576
ACH-000384,SW 780,SW780_URINARY_TRACT,URINARY_TRACT,104842,SN-38,3.8084380626678467,0.959614634513855
ACH-000384,SW 780,SW780_URINARY_TRACT,URINARY_TRACT,25126798,Ruxolitinib,3.356260061264038,4.782726764678955
ACH-000384,SW 780,SW780_URINARY_TRACT,URINARY_TRACT,11640390,Linsitinib,5.073612213134766,3.746269702911377
ACH-000384,SW 780,SW780_URINARY_TRACT,URINARY_TRACT,41867,Epirubicin,-0.9670630097389221,0.11221423745155334
ACH-000384,SW 780,SW780_URINARY_TRACT,URINARY_TRACT,2907,Cyclophosphamide,5.872376918792725,4.9635725021362305
ACH-000384,SW 780,SW780_URINARY_TRACT,URINARY_TRACT,24360,Camptothecin,-1.4470510482788086,-1.3528077602386475
ACH-000384,SW 780,SW780_URINARY_TRACT,URINARY_TRACT,6710780,Vinblastine,-2.662616014480591,-3.5194716453552246
ACH-000384,SW 780,SW780_URINARY_TRACT,URINARY_TRACT,84691,Cisplatin,3.853247880935669,3.5566699504852295
ACH-000384,SW 780,SW780_URINARY_TRACT,URINARY_TRACT,6253,Cytarabine,3.4656920433044434,2.717353582382202
ACH-000384,SW 780,SW780_URINARY_TRACT,URINARY_TRACT,148124,Docetaxel,-3.2922420501708984,-4.3413825035095215
ACH-000384,SW 780,SW780_URINARY_TRACT,URINARY_TRACT,126941,Methotrexate,3.3152260780334473,0.712626576423645
ACH-000384,SW 780,SW780_URINARY_TRACT,URINARY_TRACT,123631,Gefitinib,4.005569934844971,2.422861337661743
ACH-000384,SW 780,SW780_URINARY_TRACT,URINARY_TRACT,24978538,Navitoclax,3.829077959060669,2.3660013675689697
ACH-000384,SW 780,SW780_URINARY_TRACT,URINARY_TRACT,5311,Vorinostat,2.9051809310913086,1.9648550748825073
ACH-000384,SW 780,SW780_URINARY_TRACT,URINARY_TRACT,644241,Nilotinib,4.075089931488037,3.3592441082000732
ACH-000384,SW 780,SW780_URINARY_TRACT,URINARY_TRACT,44182295,Refametinib,1.7720060348510742,1.491750955581665
ACH-000384,SW 780,SW780_URINARY_TRACT,URINARY_TRACT,6918289,Temsirolimus,0.7543389797210693,1.4638643264770508
ACH-000384,SW 780,SW780_URINARY_TRACT,URINARY_TRACT,23725625,Olaparib,5.04268217086792,4.433727741241455
ACH-000384,SW 780,SW780_URINARY_TRACT,URINARY_TRACT,11960529,Veliparib,5.5721588134765625,4.9116597175598145
ACH-000384,SW 780,SW780_URINARY_TRACT,URINARY_TRACT,5328940,Bosutinib,4.3973259925842285,2.8009777069091797
ACH-000384,SW 780,SW780_URINARY_TRACT,URINARY_TRACT,216326,Lenalidomide,5.964120864868164,5.005061626434326
ACH-000384,SW 780,SW780_URINARY_TRACT,URINARY_TRACT,6450551,Axitinib,2.764878034591675,3.2548744678497314
ACH-000384,SW 780,SW780_URINARY_TRACT,URINARY_TRACT,11152667,AZD7762,1.35098397731781,0.7864629030227661
ACH-000384,SW 780,SW780_URINARY_TRACT,URINARY_TRACT,9943465,GW441756,3.882033109664917,3.1762475967407227
ACH-000473,RT-112,RT112_URINARY_TRACT,URINARY_TRACT,126565,Lestaurtinib,0.1387770026922226,0.4247570335865021
ACH-000473,RT-112,RT112_URINARY_TRACT,URINARY_TRACT,176158,SB216763,5.455313205718994,4.666199207305908
ACH-000473,RT-112,RT112_URINARY_TRACT,URINARY_TRACT,6505803,Tanespimycin,-0.6894980072975159,-0.9575687646865845
ACH-000473,RT-112,RT112_URINARY_TRACT,URINARY_TRACT,5311497,Vinorelbine,-4.816524028778076,-3.604323625564575
ACH-000473,RT-112,RT112_URINARY_TRACT,URINARY_TRACT,11667893,Motesanib,4.922311782836914,5.042776584625244
ACH-000473,RT-112,RT112_URINARY_TRACT,URINARY_TRACT,5278396,KU-55933,5.568933010101318,4.484983921051025
ACH-000473,RT-112,RT112_URINARY_TRACT,URINARY_TRACT,10184653,Afatinib,2.2487149238586426,0.14101745188236237
ACH-000473,RT-112,RT112_URINARY_TRACT,URINARY_TRACT,24776445,Vismodegib,5.1384968757629395,4.4962358474731445
ACH-000473,RT-112,RT112_URINARY_TRACT,URINARY_TRACT,24180719,PLX-4720,5.722951889038086,4.019435882568359
ACH-000473,RT-112,RT112_URINARY_TRACT,URINARY_TRACT,11327430,NU7441,4.1471171379089355,2.3404831886291504
ACH-000473,RT-112,RT112_URINARY_TRACT,URINARY_TRACT,16720766,Pevonedistat,0.4374519884586334,1.8276246786117554
ACH-000473,RT-112,RT112_URINARY_TRACT,URINARY_TRACT,11488320,Sapitinib,4.527822017669678,1.1925400495529175
ACH-000473,RT-112,RT112_URINARY_TRACT,URINARY_TRACT,156422,Doramapimod,5.520974159240723,4.454739093780518
ACH-000473,RT-112,RT112_URINARY_TRACT,URINARY_TRACT,11624601,JNK Inhibitor VIII,5.307077884674072,4.584408283233643
ACH-000473,RT-112,RT112_URINARY_TRACT,URINARY_TRACT,51042438,Uprosertib,2.4037790298461914,1.3696627616882324
ACH-000473,RT-112,RT112_URINARY_TRACT,URINARY_TRACT,24737642,LCL161,4.799294948577881,4.228987693786621
ACH-000473,RT-112,RT112_URINARY_TRACT,URINARY_TRACT,10384072,Wee1 Inhibitor,1.2582789659500122,1.8176413774490356
ACH-000473,RT-112,RT112_URINARY_TRACT,URINARY_TRACT,11433190,Nutlin-3a (-),5.499488830566406,4.573571681976318
ACH-000473,RT-112,RT112_URINARY_TRACT,URINARY_TRACT,208908,Lapatinib,4.024825096130371,1.4524837732315063
ACH-000473,RT-112,RT112_URINARY_TRACT,URINARY_TRACT,1401,PD173074,0.007845999673008919,3.5460948944091797
ACH-000473,RT-112,RT112_URINARY_TRACT,URINARY_TRACT,9914412,ZM447439,1.5910710096359253,2.064518928527832
ACH-000473,RT-112,RT112_URINARY_TRACT,URINARY_TRACT,24771867,Alisertib,0.35396501421928406,2.339421510696411
ACH-000473,RT-112,RT112_URINARY_TRACT,URINARY_TRACT,56649450,Alpelisib,2.507378101348877,1.7819654941558838
ACH-000473,RT-112,RT112_URINARY_TRACT,URINARY_TRACT,46930998,MK-2206,3.005115032196045,1.515147089958191
ACH-000473,RT-112,RT112_URINARY_TRACT,URINARY_TRACT,5330286,Palbociclib,3.456244945526123,3.113680839538574
ACH-000473,RT-112,RT112_URINARY_TRACT,URINARY_TRACT,51001932,Taselisib,1.9959100484848022,0.07275471091270447
ACH-000473,RT-112,RT112_URINARY_TRACT,URINARY_TRACT,57345410,EPZ5676,5.733682155609131,5.016289234161377
ACH-000473,RT-112,RT112_URINARY_TRACT,URINARY_TRACT,11977753,Dactolisib,-1.3781869411468506,-1.3827577829360962
ACH-000473,RT-112,RT112_URINARY_TRACT,URINARY_TRACT,17755052,Pictilisib,1.3434590101242065,0.24252185225486755
ACH-000473,RT-112,RT112_URINARY_TRACT,URINARY_TRACT,25262965,AZD8055,-0.17780500650405884,-0.34204158186912537
ACH-000473,RT-112,RT112_URINARY_TRACT,URINARY_TRACT,9826528,PD0325901,0.3022199869155884,-1.1244208812713623
ACH-000473,RT-112,RT112_URINARY_TRACT,URINARY_TRACT,24866313,SCH772984,1.053244948387146,0.18141725659370422
ACH-000473,RT-112,RT112_URINARY_TRACT,URINARY_TRACT,10127622,Selumetinib,3.4627668857574463,1.1766513586044312
ACH-000473,RT-112,RT112_URINARY_TRACT,URINARY_TRACT,9927531,BIBR-1532,4.636876106262207,4.519032955169678
ACH-000473,RT-112,RT112_URINARY_TRACT,URINARY_TRACT,2155128,IWP-2,2.7506110668182373,2.405491352081299
ACH-000473,RT-112,RT112_URINARY_TRACT,URINARY_TRACT,3899,Leflunomide,5.389328956604004,4.7260026931762695
ACH-000473,RT-112,RT112_URINARY_TRACT,URINARY_TRACT,2314623,CCT007093,4.155299186706543,4.542206764221191
ACH-000473,RT-112,RT112_URINARY_TRACT,URINARY_TRACT,11404337,Obatoclax Mesylate,1.91696298122406,1.0025460720062256
ACH-000473,RT-112,RT112_URINARY_TRACT,URINARY_TRACT,9938202,EHT-1864,3.455909013748169,3.171722173690796
ACH-000473,RT-112,RT112_URINARY_TRACT,URINARY_TRACT,25227847,Pyridostatin,3.1065590381622314,3.605738878250122
ACH-000473,RT-112,RT112_URINARY_TRACT,URINARY_TRACT,46883536,Avagacestat,4.120397090911865,4.238288879394531
ACH-000473,RT-112,RT112_URINARY_TRACT,URINARY_TRACT,3385,5-Fluorouracil,3.552388906478882,3.8308210372924805
ACH-000473,RT-112,RT112_URINARY_TRACT,URINARY_TRACT,68947304,AMG-319,4.5398688316345215,4.579744815826416
ACH-000473,RT-112,RT112_URINARY_TRACT,URINARY_TRACT,11634725,VX-11e,2.276988983154297,1.0018800497055054
ACH-000473,RT-112,RT112_URINARY_TRACT,URINARY_TRACT,16224745,MK-8776,2.931344985961914,2.6470139026641846
ACH-000473,RT-112,RT112_URINARY_TRACT,URINARY_TRACT,3062316,Dasatinib,2.7008590698242188,1.2117451429367065
ACH-000473,RT-112,RT112_URINARY_TRACT,URINARY_TRACT,36314,Paclitaxel,-4.194179058074951,-3.4352521896362305
ACH-000473,RT-112,RT112_URINARY_TRACT,URINARY_TRACT,4261,Entinostat,2.3120150566101074,1.7000244855880737
ACH-000473,RT-112,RT112_URINARY_TRACT,URINARY_TRACT,11626560,Crizotinib,2.0299060344696045,1.950042724609375
ACH-000473,RT-112,RT112_URINARY_TRACT,URINARY_TRACT,118704762,LJI308,5.414350986480713,4.592086315155029
ACH-000473,RT-112,RT112_URINARY_TRACT,URINARY_TRACT,216239,Sorafenib,3.3743209838867188,2.2043018341064453
ACH-000473,RT-112,RT112_URINARY_TRACT,URINARY_TRACT,11364421,BI-2536,-3.1384360790252686,-0.4262743890285492
ACH-000473,RT-112,RT112_URINARY_TRACT,URINARY_TRACT,46926973,LGK974,4.349596977233887,3.6398167610168457
ACH-000473,RT-112,RT112_URINARY_TRACT,URINARY_TRACT,60838,Irinotecan,4.6480560302734375,3.2169110774993896
ACH-000473,RT-112,RT112_URINARY_TRACT,URINARY_TRACT,5310940,Oxaliplatin,5.4863200187683105,3.631408929824829
ACH-000473,RT-112,RT112_URINARY_TRACT,URINARY_TRACT,117072552,GSK591,4.873077869415283,4.005428314208984
ACH-000473,RT-112,RT112_URINARY_TRACT,URINARY_TRACT,51000408,VE821,3.6723549365997314,3.597273349761963
ACH-000473,RT-112,RT112_URINARY_TRACT,URINARY_TRACT,25124816,GSK1904529A,3.5539679527282715,3.862128973007202
ACH-000473,RT-112,RT112_URINARY_TRACT,URINARY_TRACT,59472121,VE-822,2.1378281116485596,2.3198885917663574
ACH-000473,RT-112,RT112_URINARY_TRACT,URINARY_TRACT,72200024,WZ4003,2.83772611618042,3.746890068054199
ACH-000473,RT-112,RT112_URINARY_TRACT,URINARY_TRACT,42623951,CZC24832,5.197317123413086,4.643556594848633
ACH-000473,RT-112,RT112_URINARY_TRACT,URINARY_TRACT,49847690,AZD5582,1.7704479694366455,1.5895394086837769
ACH-000473,RT-112,RT112_URINARY_TRACT,URINARY_TRACT,53469448,GSK2606414,3.179727077484131,3.3655693531036377
ACH-000473,RT-112,RT112_URINARY_TRACT,URINARY_TRACT,78243717,PFI3,5.3639960289001465,4.854915618896484
ACH-000473,RT-112,RT112_URINARY_TRACT,URINARY_TRACT,24753719,PCI-34051,5.03926420211792,4.334120273590088
ACH-000473,RT-112,RT112_URINARY_TRACT,URINARY_TRACT,57519544,Wnt-C59,4.07011604309082,3.7953484058380127
ACH-000473,RT-112,RT112_URINARY_TRACT,URINARY_TRACT,46943432,I-BET-762,4.819499969482422,2.17531681060791
ACH-000473,RT-112,RT112_URINARY_TRACT,URINARY_TRACT,9936746,OTX015,4.162933826446533,1.5108407735824585
ACH-000473,RT-112,RT112_URINARY_TRACT,URINARY_TRACT,71268957,GSK343,2.8902359008789062,2.389176368713379
ACH-000473,RT-112,RT112_URINARY_TRACT,URINARY_TRACT,60167849,ML323,3.9369049072265625,3.844904899597168
ACH-000473,RT-112,RT112_URINARY_TRACT,URINARY_TRACT,59473233,Entospletinib,3.1794419288635254,2.9593610763549805
ACH-000473,RT-112,RT112_URINARY_TRACT,URINARY_TRACT,44462758,PRT062607,2.548661947250366,2.2882742881774902
ACH-000473,RT-112,RT112_URINARY_TRACT,URINARY_TRACT,44631912,Ribociclib,3.176136016845703,3.3750879764556885
ACH-000473,RT-112,RT112_URINARY_TRACT,URINARY_TRACT,71299339,AGI-6780,3.8268940448760986,3.7858705520629883
ACH-000473,RT-112,RT112_URINARY_TRACT,URINARY_TRACT,1018,Picolinici-acid,5.521822929382324,4.659605026245117
ACH-000473,RT-112,RT112_URINARY_TRACT,URINARY_TRACT,52918385,PRIMA-1MET,6.1315789222717285,4.261642932891846
ACH-000473,RT-112,RT112_URINARY_TRACT,URINARY_TRACT,11609586,Serdemetan,3.8751580715179443,3.4838004112243652
ACH-000473,RT-112,RT112_URINARY_TRACT,URINARY_TRACT,42642645,Foretinib,-0.3328399956226349,0.7557626962661743
ACH-000473,RT-112,RT112_URINARY_TRACT,URINARY_TRACT,46907787,JQ1,3.266580104827881,1.4650859832763672
ACH-000473,RT-112,RT112_URINARY_TRACT,URINARY_TRACT,11455910,TW 37,2.321610927581787,1.4874541759490967
ACH-000473,RT-112,RT112_URINARY_TRACT,URINARY_TRACT,71271629,PFI-1,3.9601919651031494,3.649137020111084
ACH-000473,RT-112,RT112_URINARY_TRACT,URINARY_TRACT,56962337,SGC0946,1.4286409616470337,1.8639912605285645
ACH-000473,RT-112,RT112_URINARY_TRACT,URINARY_TRACT,176870,Erlotinib,1.922629952430725,1.5924625396728516
ACH-000473,RT-112,RT112_URINARY_TRACT,URINARY_TRACT,9931953,Rucaparib,4.3908538818359375,3.766374111175537
ACH-000473,RT-112,RT112_URINARY_TRACT,URINARY_TRACT,24958200,Niraparib,4.098229885101318,4.305166721343994
ACH-000473,RT-112,RT112_URINARY_TRACT,URINARY_TRACT,24856436,MK-1775,-0.2096720039844513,0.8647197484970093
ACH-000473,RT-112,RT112_URINARY_TRACT,URINARY_TRACT,46926350,Dinaciclib,-3.7421998977661133,-3.10451340675354
ACH-000473,RT-112,RT112_URINARY_TRACT,URINARY_TRACT,60750,Gemcitabine,-0.5531129837036133,2.040131092071533
ACH-000473,RT-112,RT112_URINARY_TRACT,URINARY_TRACT,387447,Bortezomib,-5.492545127868652,-4.5481767654418945
ACH-000473,RT-112,RT112_URINARY_TRACT,URINARY_TRACT,2733526,Tamoxifen,3.7749409675598145,3.4491207599639893
ACH-000473,RT-112,RT112_URINARY_TRACT,URINARY_TRACT,104741,Fulvestrant,2.4686319828033447,2.5410120487213135
ACH-000473,RT-112,RT112_URINARY_TRACT,URINARY_TRACT,56962336,EPZ004777,4.757404804229736,4.772646903991699
ACH-000473,RT-112,RT112_URINARY_TRACT,URINARY_TRACT,44632017,YK-4-279,1.3265609741210938,1.8780105113983154
ACH-000473,RT-112,RT112_URINARY_TRACT,URINARY_TRACT,6914657,Daporinad,-4.666711807250977,-2.101658821105957
ACH-000473,RT-112,RT112_URINARY_TRACT,URINARY_TRACT,9813758,BMS-345541,2.478342056274414,2.5311412811279297
ACH-000473,RT-112,RT112_URINARY_TRACT,URINARY_TRACT,25099184,AZ960,0.5211229920387268,2.3054306507110596
ACH-000473,RT-112,RT112_URINARY_TRACT,URINARY_TRACT,51039095,AZD4547,-1.0007120370864868,2.9931626319885254
ACH-000473,RT-112,RT112_URINARY_TRACT,URINARY_TRACT,24821094,Ibrutinib,2.8591420650482178,2.319087266921997
ACH-000473,RT-112,RT112_URINARY_TRACT,URINARY_TRACT,70983932,GSK2830371,5.568933010101318,5.011978626251221
ACH-000473,RT-112,RT112_URINARY_TRACT,URINARY_TRACT,46236925,Sabutoclax,0.2320999950170517,0.2698265612125397
ACH-000473,RT-112,RT112_URINARY_TRACT,URINARY_TRACT,11655119,LY2109761,5.484263896942139,4.499248504638672
ACH-000473,RT-112,RT112_URINARY_TRACT,URINARY_TRACT,35397514,OF-1,4.658441066741943,3.5965874195098877
ACH-000473,RT-112,RT112_URINARY_TRACT,URINARY_TRACT,2802462,MN-64,5.1902570724487305,3.9556539058685303
ACH-000473,RT-112,RT112_URINARY_TRACT,URINARY_TRACT,73555129,KRAS (G12C) Inhibitor-12,4.175878047943115,4.13016939163208
ACH-000473,RT-112,RT112_URINARY_TRACT,URINARY_TRACT,462382,MG-132,-1.8397680521011353,-1.117868185043335
ACH-000473,RT-112,RT112_URINARY_TRACT,URINARY_TRACT,11707110,Trametinib,-0.46171998977661133,-2.387659788131714
ACH-000473,RT-112,RT112_URINARY_TRACT,URINARY_TRACT,44462760,Dabrafenib,5.568933010101318,4.117571830749512
ACH-000473,RT-112,RT112_URINARY_TRACT,URINARY_TRACT,5394,Temozolomide,6.997517108917236,6.256475925445557
ACH-000473,RT-112,RT112_URINARY_TRACT,URINARY_TRACT,5460769,Bleomycin (50 uM),2.507917881011963,3.5166683197021484
ACH-000473,RT-112,RT112_URINARY_TRACT,URINARY_TRACT,49846579,Venotoclax,1.7373679876327515,2.5018105506896973
ACH-000473,RT-112,RT112_URINARY_TRACT,URINARY_TRACT,11228183,ABT737,5.104146957397461,2.3147451877593994
ACH-000473,RT-112,RT112_URINARY_TRACT,URINARY_TRACT,46843057,Afuresertib,2.5175070762634277,1.2210538387298584
ACH-000473,RT-112,RT112_URINARY_TRACT,URINARY_TRACT,56645356,AGI-5198,4.493473052978516,4.206999778747559
ACH-000473,RT-112,RT112_URINARY_TRACT,URINARY_TRACT,78209992,AZD3759,2.286284923553467,1.4547628164291382
ACH-000473,RT-112,RT112_URINARY_TRACT,URINARY_TRACT,54761306,AZD6738,1.0441579818725586,1.6718006134033203
ACH-000473,RT-112,RT112_URINARY_TRACT,URINARY_TRACT,52913813,AZD8186,3.9175660610198975,2.0216774940490723
ACH-000473,RT-112,RT112_URINARY_TRACT,URINARY_TRACT,71496458,Osimertinib,1.8894319534301758,0.41846349835395813
ACH-000473,RT-112,RT112_URINARY_TRACT,URINARY_TRACT,9933475,Cediranib,0.35033801198005676,1.557166337966919
ACH-000473,RT-112,RT112_URINARY_TRACT,URINARY_TRACT,24788740,Ipatasertib,4.022154808044434,1.9395756721496582
ACH-000473,RT-112,RT112_URINARY_TRACT,URINARY_TRACT,56941241,GDC0810,5.556644916534424,4.447122573852539
ACH-000473,RT-112,RT112_URINARY_TRACT,URINARY_TRACT,70676303,GNE-317,0.31281399726867676,0.31276699900627136
ACH-000473,RT-112,RT112_URINARY_TRACT,URINARY_TRACT,68107965,GSK2578215A,5.003219127655029,4.40986442565918
ACH-000473,RT-112,RT112_URINARY_TRACT,URINARY_TRACT,91668541,I-BRD9,5.546534061431885,4.039324760437012
ACH-000473,RT-112,RT112_URINARY_TRACT,URINARY_TRACT,10385095,Telomerase Inhibitor IX,1.2913899421691895,1.1711368560791016
ACH-000473,RT-112,RT112_URINARY_TRACT,URINARY_TRACT,227681,MIRA-1,5.076536178588867,5.06646203994751
ACH-000473,RT-112,RT112_URINARY_TRACT,URINARY_TRACT,9825149,NVP-ADW742,2.1472830772399902,1.8747557401657104
ACH-000473,RT-112,RT112_URINARY_TRACT,URINARY_TRACT,46931953,P22077,5.537817001342773,4.012402057647705
ACH-000473,RT-112,RT112_URINARY_TRACT,URINARY_TRACT,68289010,Savolitinib,3.078723907470703,2.2870736122131348
ACH-000473,RT-112,RT112_URINARY_TRACT,URINARY_TRACT,992586,UMI-77,3.176330089569092,2.6417462825775146
ACH-000473,RT-112,RT112_URINARY_TRACT,URINARY_TRACT,2984337,WIKI4,4.709178924560547,3.2981550693511963
ACH-000473,RT-112,RT112_URINARY_TRACT,URINARY_TRACT,11178236,Sepantronium bromide,-4.19550085067749,-2.6983933448791504
ACH-000473,RT-112,RT112_URINARY_TRACT,URINARY_TRACT,71297207,WEHI-539,4.509497165679932,3.663959503173828
ACH-000473,RT-112,RT112_URINARY_TRACT,URINARY_TRACT,104842,SN-38,3.0514590740203857,2.0666260719299316
ACH-000473,RT-112,RT112_URINARY_TRACT,URINARY_TRACT,25126798,Ruxolitinib,3.659778118133545,4.587618350982666
ACH-000473,RT-112,RT112_URINARY_TRACT,URINARY_TRACT,11640390,Linsitinib,3.159296989440918,3.2958006858825684
ACH-000473,RT-112,RT112_URINARY_TRACT,URINARY_TRACT,41867,Epirubicin,-0.6399980187416077,0.22739961743354797
ACH-000473,RT-112,RT112_URINARY_TRACT,URINARY_TRACT,2907,Cyclophosphamide,5.1543121337890625,4.782422065734863
ACH-000473,RT-112,RT112_URINARY_TRACT,URINARY_TRACT,24360,Camptothecin,-0.12337899953126907,-1.0143650770187378
ACH-000473,RT-112,RT112_URINARY_TRACT,URINARY_TRACT,6710780,Vinblastine,-5.713901042938232,-3.97978138923645
ACH-000473,RT-112,RT112_URINARY_TRACT,URINARY_TRACT,84691,Cisplatin,4.68611478805542,3.4367072582244873
ACH-000473,RT-112,RT112_URINARY_TRACT,URINARY_TRACT,6253,Cytarabine,1.470263957977295,2.615607500076294
ACH-000473,RT-112,RT112_URINARY_TRACT,URINARY_TRACT,148124,Docetaxel,-5.709147930145264,-4.451725006103516
ACH-000473,RT-112,RT112_URINARY_TRACT,URINARY_TRACT,126941,Methotrexate,0.21938300132751465,0.43840500712394714
ACH-000473,RT-112,RT112_URINARY_TRACT,URINARY_TRACT,123631,Gefitinib,3.1840219497680664,1.6888295412063599
ACH-000473,RT-112,RT112_URINARY_TRACT,URINARY_TRACT,24978538,Navitoclax,2.9456119537353516,2.140317916870117
ACH-000473,RT-112,RT112_URINARY_TRACT,URINARY_TRACT,5311,Vorinostat,1.6684319972991943,1.5661799907684326
ACH-000473,RT-112,RT112_URINARY_TRACT,URINARY_TRACT,644241,Nilotinib,4.201435089111328,2.9356353282928467
ACH-000473,RT-112,RT112_URINARY_TRACT,URINARY_TRACT,44182295,Refametinib,2.348517894744873,0.09406408667564392
ACH-000473,RT-112,RT112_URINARY_TRACT,URINARY_TRACT,6918289,Temsirolimus,0.49051201343536377,1.218874454498291
ACH-000473,RT-112,RT112_URINARY_TRACT,URINARY_TRACT,23725625,Olaparib,4.566047191619873,4.295844078063965
ACH-000473,RT-112,RT112_URINARY_TRACT,URINARY_TRACT,11960529,Veliparib,5.5665388107299805,4.700421333312988
ACH-000473,RT-112,RT112_URINARY_TRACT,URINARY_TRACT,5328940,Bosutinib,3.227534055709839,2.305272340774536
ACH-000473,RT-112,RT112_URINARY_TRACT,URINARY_TRACT,216326,Lenalidomide,5.466865062713623,4.779757976531982
ACH-000473,RT-112,RT112_URINARY_TRACT,URINARY_TRACT,6450551,Axitinib,0.8742669820785522,2.78078031539917
ACH-000473,RT-112,RT112_URINARY_TRACT,URINARY_TRACT,11152667,AZD7762,-0.03511900082230568,0.39521512389183044
ACH-000473,RT-112,RT112_URINARY_TRACT,URINARY_TRACT,9943465,GW441756,3.3907721042633057,2.8051254749298096
ACH-000802,BFTC-905,BFTC905_URINARY_TRACT,URINARY_TRACT,126565,Lestaurtinib,-1.9561649560928345,0.5471433401107788
ACH-000802,BFTC-905,BFTC905_URINARY_TRACT,URINARY_TRACT,176158,SB216763,5.1658148765563965,5.0967817306518555
ACH-000802,BFTC-905,BFTC905_URINARY_TRACT,URINARY_TRACT,6505803,Tanespimycin,-1.9520779848098755,-0.6376932859420776
ACH-000802,BFTC-905,BFTC905_URINARY_TRACT,URINARY_TRACT,5311497,Vinorelbine,-4.854797840118408,-4.0421528816223145
ACH-000802,BFTC-905,BFTC905_URINARY_TRACT,URINARY_TRACT,11667893,Motesanib,4.973312854766846,5.503631591796875
ACH-000802,BFTC-905,BFTC905_URINARY_TRACT,URINARY_TRACT,5278396,KU-55933,3.9570529460906982,5.136717319488525
ACH-000802,BFTC-905,BFTC905_URINARY_TRACT,URINARY_TRACT,10184653,Afatinib,1.2248070240020752,0.5633656978607178
ACH-000802,BFTC-905,BFTC905_URINARY_TRACT,URINARY_TRACT,24776445,Vismodegib,3.989377975463867,4.968605995178223
ACH-000802,BFTC-905,BFTC905_URINARY_TRACT,URINARY_TRACT,24180719,PLX-4720,4.303001880645752,4.454190731048584
ACH-000802,BFTC-905,BFTC905_URINARY_TRACT,URINARY_TRACT,11327430,NU7441,2.4531500339508057,3.210768222808838
ACH-000802,BFTC-905,BFTC905_URINARY_TRACT,URINARY_TRACT,16720766,Pevonedistat,-0.8587769865989685,1.1582555770874023
ACH-000802,BFTC-905,BFTC905_URINARY_TRACT,URINARY_TRACT,11488320,Sapitinib,3.604311943054199,1.2809685468673706
ACH-000802,BFTC-905,BFTC905_URINARY_TRACT,URINARY_TRACT,156422,Doramapimod,4.7422308921813965,5.003446578979492
ACH-000802,BFTC-905,BFTC905_URINARY_TRACT,URINARY_TRACT,11624601,JNK Inhibitor VIII,4.6210222244262695,5.057786464691162
ACH-000802,BFTC-905,BFTC905_URINARY_TRACT,URINARY_TRACT,51042438,Uprosertib,3.5771450996398926,2.560793161392212
ACH-000802,BFTC-905,BFTC905_URINARY_TRACT,URINARY_TRACT,24737642,LCL161,4.6730828285217285,4.7149529457092285
ACH-000802,BFTC-905,BFTC905_URINARY_TRACT,URINARY_TRACT,10384072,Wee1 Inhibitor,0.9023129940032959,2.02492094039917
ACH-000802,BFTC-905,BFTC905_URINARY_TRACT,URINARY_TRACT,11433190,Nutlin-3a (-),5.125518798828125,5.116479873657227
ACH-000802,BFTC-905,BFTC905_URINARY_TRACT,URINARY_TRACT,208908,Lapatinib,2.934638023376465,1.9304596185684204
ACH-000802,BFTC-905,BFTC905_URINARY_TRACT,URINARY_TRACT,1401,PD173074,3.864093065261841,4.019989490509033
ACH-000802,BFTC-905,BFTC905_URINARY_TRACT,URINARY_TRACT,9914412,ZM447439,1.6217830181121826,2.4420697689056396
ACH-000802,BFTC-905,BFTC905_URINARY_TRACT,URINARY_TRACT,24771867,Alisertib,0.2607490122318268,1.6701948642730713
ACH-000802,BFTC-905,BFTC905_URINARY_TRACT,URINARY_TRACT,56649450,Alpelisib,2.3255319595336914,2.70912766456604
ACH-000802,BFTC-905,BFTC905_URINARY_TRACT,URINARY_TRACT,46930998,MK-2206,2.245656967163086,2.7412729263305664
ACH-000802,BFTC-905,BFTC905_URINARY_TRACT,URINARY_TRACT,5330286,Palbociclib,1.6117010116577148,3.7372946739196777
ACH-000802,BFTC-905,BFTC905_URINARY_TRACT,URINARY_TRACT,51001932,Taselisib,0.04630900174379349,0.7082592248916626
ACH-000802,BFTC-905,BFTC905_URINARY_TRACT,URINARY_TRACT,57345410,EPZ5676,5.31852912902832,5.48189115524292
ACH-000802,BFTC-905,BFTC905_URINARY_TRACT,URINARY_TRACT,11977753,Dactolisib,-0.6809890270233154,-0.9300090074539185
ACH-000802,BFTC-905,BFTC905_URINARY_TRACT,URINARY_TRACT,17755052,Pictilisib,0.7011500000953674,0.8367235660552979
ACH-000802,BFTC-905,BFTC905_URINARY_TRACT,URINARY_TRACT,25262965,AZD8055,-0.7612079977989197,0.23743140697479248
ACH-000802,BFTC-905,BFTC905_URINARY_TRACT,URINARY_TRACT,9826528,PD0325901,-1.5781300067901611,0.11966276168823242
ACH-000802,BFTC-905,BFTC905_URINARY_TRACT,URINARY_TRACT,24866313,SCH772984,-0.29426801204681396,1.0913630723953247
ACH-000802,BFTC-905,BFTC905_URINARY_TRACT,URINARY_TRACT,10127622,Selumetinib,0.5447540283203125,1.9991481304168701
ACH-000802,BFTC-905,BFTC905_URINARY_TRACT,URINARY_TRACT,9927531,BIBR-1532,5.100038051605225,4.997939586639404
ACH-000802,BFTC-905,BFTC905_URINARY_TRACT,URINARY_TRACT,2155128,IWP-2,1.8698760271072388,2.848808765411377
ACH-000802,BFTC-905,BFTC905_URINARY_TRACT,URINARY_TRACT,3899,Leflunomide,5.120834827423096,5.238280296325684
ACH-000802,BFTC-905,BFTC905_URINARY_TRACT,URINARY_TRACT,2314623,CCT007093,5.007273197174072,5.074821472167969
ACH-000802,BFTC-905,BFTC905_URINARY_TRACT,URINARY_TRACT,11404337,Obatoclax Mesylate,-0.2689589858055115,1.1221544742584229
ACH-000802,BFTC-905,BFTC905_URINARY_TRACT,URINARY_TRACT,9938202,EHT-1864,3.280795097351074,3.449922561645508
ACH-000802,BFTC-905,BFTC905_URINARY_TRACT,URINARY_TRACT,25227847,Pyridostatin,2.493896007537842,3.706521987915039
ACH-000802,BFTC-905,BFTC905_URINARY_TRACT,URINARY_TRACT,46883536,Avagacestat,2.9225640296936035,4.736087799072266
ACH-000802,BFTC-905,BFTC905_URINARY_TRACT,URINARY_TRACT,3385,5-Fluorouracil,3.678338050842285,4.040595054626465
ACH-000802,BFTC-905,BFTC905_URINARY_TRACT,URINARY_TRACT,68947304,AMG-319,4.856605052947998,5.117240905761719
ACH-000802,BFTC-905,BFTC905_URINARY_TRACT,URINARY_TRACT,11634725,VX-11e,1.266487956047058,1.854507327079773
ACH-000802,BFTC-905,BFTC905_URINARY_TRACT,URINARY_TRACT,16224745,MK-8776,3.7327260971069336,3.2643887996673584
ACH-000802,BFTC-905,BFTC905_URINARY_TRACT,URINARY_TRACT,3062316,Dasatinib,-0.37717100977897644,1.1066302061080933
ACH-000802,BFTC-905,BFTC905_URINARY_TRACT,URINARY_TRACT,36314,Paclitaxel,-4.896914005279541,-3.8671767711639404
ACH-000802,BFTC-905,BFTC905_URINARY_TRACT,URINARY_TRACT,4261,Entinostat,2.7813339233398438,2.266789436340332
ACH-000802,BFTC-905,BFTC905_URINARY_TRACT,URINARY_TRACT,11626560,Crizotinib,1.1970839500427246,2.5261311531066895
ACH-000802,BFTC-905,BFTC905_URINARY_TRACT,URINARY_TRACT,118704762,LJI308,3.779428005218506,5.059032440185547
ACH-000802,BFTC-905,BFTC905_URINARY_TRACT,URINARY_TRACT,216239,Sorafenib,1.8660420179367065,2.6224310398101807
ACH-000802,BFTC-905,BFTC905_URINARY_TRACT,URINARY_TRACT,11364421,BI-2536,-5.256221771240234,-1.2646950483322144
ACH-000802,BFTC-905,BFTC905_URINARY_TRACT,URINARY_TRACT,46926973,LGK974,3.649898052215576,3.9386229515075684
ACH-000802,BFTC-905,BFTC905_URINARY_TRACT,URINARY_TRACT,60838,Irinotecan,0.8716570138931274,2.444859743118286
ACH-000802,BFTC-905,BFTC905_URINARY_TRACT,URINARY_TRACT,5310940,Oxaliplatin,2.647094964981079,3.7124199867248535
ACH-000802,BFTC-905,BFTC905_URINARY_TRACT,URINARY_TRACT,117072552,GSK591,2.4254419803619385,4.209583759307861
ACH-000802,BFTC-905,BFTC905_URINARY_TRACT,URINARY_TRACT,51000408,VE821,3.8807520866394043,3.932563543319702
ACH-000802,BFTC-905,BFTC905_URINARY_TRACT,URINARY_TRACT,25124816,GSK1904529A,3.687371015548706,4.241067409515381
ACH-000802,BFTC-905,BFTC905_URINARY_TRACT,URINARY_TRACT,59472121,VE-822,2.777409076690674,3.048049211502075
ACH-000802,BFTC-905,BFTC905_URINARY_TRACT,URINARY_TRACT,72200024,WZ4003,2.344970941543579,4.174542427062988
ACH-000802,BFTC-905,BFTC905_URINARY_TRACT,URINARY_TRACT,42623951,CZC24832,4.995927810668945,5.178099155426025
ACH-000802,BFTC-905,BFTC905_URINARY_TRACT,URINARY_TRACT,49847690,AZD5582,0.9139220118522644,2.213460922241211
ACH-000802,BFTC-905,BFTC905_URINARY_TRACT,URINARY_TRACT,53469448,GSK2606414,2.6607489585876465,3.741987943649292
ACH-000802,BFTC-905,BFTC905_URINARY_TRACT,URINARY_TRACT,78243717,PFI3,4.938158988952637,5.353312969207764
ACH-000802,BFTC-905,BFTC905_URINARY_TRACT,URINARY_TRACT,24753719,PCI-34051,4.114124774932861,4.755789756774902
ACH-000802,BFTC-905,BFTC905_URINARY_TRACT,URINARY_TRACT,57519544,Wnt-C59,5.081384181976318,4.254950523376465
ACH-000802,BFTC-905,BFTC905_URINARY_TRACT,URINARY_TRACT,46943432,I-BET-762,1.6017780303955078,3.6142804622650146
ACH-000802,BFTC-905,BFTC905_URINARY_TRACT,URINARY_TRACT,9936746,OTX015,-0.030703000724315643,3.039994478225708
ACH-000802,BFTC-905,BFTC905_URINARY_TRACT,URINARY_TRACT,71268957,GSK343,2.0467491149902344,2.8954436779022217
ACH-000802,BFTC-905,BFTC905_URINARY_TRACT,URINARY_TRACT,60167849,ML323,3.490062952041626,4.3242573738098145
ACH-000802,BFTC-905,BFTC905_URINARY_TRACT,URINARY_TRACT,59473233,Entospletinib,3.039921998977661,3.666649580001831
ACH-000802,BFTC-905,BFTC905_URINARY_TRACT,URINARY_TRACT,44462758,PRT062607,2.369986057281494,3.2636725902557373
ACH-000802,BFTC-905,BFTC905_URINARY_TRACT,URINARY_TRACT,44631912,Ribociclib,2.2913429737091064,3.770986557006836
ACH-000802,BFTC-905,BFTC905_URINARY_TRACT,URINARY_TRACT,71299339,AGI-6780,3.4075489044189453,4.2588043212890625
ACH-000802,BFTC-905,BFTC905_URINARY_TRACT,URINARY_TRACT,1018,Picolinici-acid,4.6147332191467285,5.1920881271362305
ACH-000802,BFTC-905,BFTC905_URINARY_TRACT,URINARY_TRACT,52918385,PRIMA-1MET,4.242667198181152,5.123446464538574
ACH-000802,BFTC-905,BFTC905_URINARY_TRACT,URINARY_TRACT,11609586,Serdemetan,1.0784080028533936,3.8371706008911133
ACH-000802,BFTC-905,BFTC905_URINARY_TRACT,URINARY_TRACT,42642645,Foretinib,0.524744987487793,0.8620929718017578
ACH-000802,BFTC-905,BFTC905_URINARY_TRACT,URINARY_TRACT,46907787,JQ1,-1.4053210020065308,2.6365036964416504
ACH-000802,BFTC-905,BFTC905_URINARY_TRACT,URINARY_TRACT,11455910,TW 37,-0.9311869740486145,1.5178251266479492
ACH-000802,BFTC-905,BFTC905_URINARY_TRACT,URINARY_TRACT,71271629,PFI-1,2.615679979324341,4.27927827835083
ACH-000802,BFTC-905,BFTC905_URINARY_TRACT,URINARY_TRACT,56962337,SGC0946,1.2802159786224365,2.025695323944092
ACH-000802,BFTC-905,BFTC905_URINARY_TRACT,URINARY_TRACT,176870,Erlotinib,3.7543818950653076,1.7366442680358887
ACH-000802,BFTC-905,BFTC905_URINARY_TRACT,URINARY_TRACT,9931953,Rucaparib,3.3323659896850586,4.010203838348389
ACH-000802,BFTC-905,BFTC905_URINARY_TRACT,URINARY_TRACT,24958200,Niraparib,5.065606117248535,4.46704626083374
ACH-000802,BFTC-905,BFTC905_URINARY_TRACT,URINARY_TRACT,24856436,MK-1775,-0.17806799709796906,0.7124975919723511
ACH-000802,BFTC-905,BFTC905_URINARY_TRACT,URINARY_TRACT,46926350,Dinaciclib,-3.409250020980835,-3.0577456951141357
ACH-000802,BFTC-905,BFTC905_URINARY_TRACT,URINARY_TRACT,60750,Gemcitabine,-4.826605796813965,-0.994330644607544
ACH-000802,BFTC-905,BFTC905_URINARY_TRACT,URINARY_TRACT,387447,Bortezomib,-5.789711952209473,-4.419928550720215
ACH-000802,BFTC-905,BFTC905_URINARY_TRACT,URINARY_TRACT,2733526,Tamoxifen,2.3704140186309814,3.818966865539551
ACH-000802,BFTC-905,BFTC905_URINARY_TRACT,URINARY_TRACT,104741,Fulvestrant,2.691915988922119,3.029691219329834
ACH-000802,BFTC-905,BFTC905_URINARY_TRACT,URINARY_TRACT,56962336,EPZ004777,4.785195827484131,5.247690677642822
ACH-000802,BFTC-905,BFTC905_URINARY_TRACT,URINARY_TRACT,44632017,YK-4-279,0.47522398829460144,2.0480077266693115
ACH-000802,BFTC-905,BFTC905_URINARY_TRACT,URINARY_TRACT,6914657,Daporinad,-4.9324421882629395,-2.9310526847839355
ACH-000802,BFTC-905,BFTC905_URINARY_TRACT,URINARY_TRACT,9813758,BMS-345541,2.9004440307617188,3.179448366165161
ACH-000802,BFTC-905,BFTC905_URINARY_TRACT,URINARY_TRACT,25099184,AZ960,1.2855089902877808,2.0605320930480957
ACH-000802,BFTC-905,BFTC905_URINARY_TRACT,URINARY_TRACT,51039095,AZD4547,3.3998429775238037,3.336423873901367
ACH-000802,BFTC-905,BFTC905_URINARY_TRACT,URINARY_TRACT,24821094,Ibrutinib,5.018956184387207,2.688885450363159
ACH-000802,BFTC-905,BFTC905_URINARY_TRACT,URINARY_TRACT,70983932,GSK2830371,4.4063801765441895,5.471058368682861
ACH-000802,BFTC-905,BFTC905_URINARY_TRACT,URINARY_TRACT,46236925,Sabutoclax,-0.9520249962806702,0.2941419184207916
ACH-000802,BFTC-905,BFTC905_URINARY_TRACT,URINARY_TRACT,11655119,LY2109761,5.079236030578613,4.9861369132995605
ACH-000802,BFTC-905,BFTC905_URINARY_TRACT,URINARY_TRACT,35397514,OF-1,3.723017930984497,3.850842237472534
ACH-000802,BFTC-905,BFTC905_URINARY_TRACT,URINARY_TRACT,2802462,MN-64,3.231239080429077,4.3343586921691895
ACH-000802,BFTC-905,BFTC905_URINARY_TRACT,URINARY_TRACT,73555129,KRAS (G12C) Inhibitor-12,3.487977981567383,4.366035461425781
ACH-000802,BFTC-905,BFTC905_URINARY_TRACT,URINARY_TRACT,462382,MG-132,-2.036639928817749,-0.9071193933486938
ACH-000802,BFTC-905,BFTC905_URINARY_TRACT,URINARY_TRACT,11707110,Trametinib,-3.436631917953491,-1.325028419494629
ACH-000802,BFTC-905,BFTC905_URINARY_TRACT,URINARY_TRACT,44462760,Dabrafenib,2.7828140258789062,4.663728713989258
ACH-000802,BFTC-905,BFTC905_URINARY_TRACT,URINARY_TRACT,5394,Temozolomide,4.917547225952148,6.480095863342285
ACH-000802,BFTC-905,BFTC905_URINARY_TRACT,URINARY_TRACT,5460769,Bleomycin (50 uM),-1.1244460344314575,2.6601781845092773
ACH-000802,BFTC-905,BFTC905_URINARY_TRACT,URINARY_TRACT,49846579,Venotoclax,2.1082100868225098,3.0632128715515137
ACH-000802,BFTC-905,BFTC905_URINARY_TRACT,URINARY_TRACT,11228183,ABT737,1.5041719675064087,2.4108779430389404
ACH-000802,BFTC-905,BFTC905_URINARY_TRACT,URINARY_TRACT,46843057,Afuresertib,2.4677610397338867,2.2452852725982666
ACH-000802,BFTC-905,BFTC905_URINARY_TRACT,URINARY_TRACT,56645356,AGI-5198,5.126511096954346,4.665247440338135
ACH-000802,BFTC-905,BFTC905_URINARY_TRACT,URINARY_TRACT,78209992,AZD3759,2.5370030403137207,1.6255455017089844
ACH-000802,BFTC-905,BFTC905_URINARY_TRACT,URINARY_TRACT,54761306,AZD6738,0.7890040278434753,1.864969253540039
ACH-000802,BFTC-905,BFTC905_URINARY_TRACT,URINARY_TRACT,52913813,AZD8186,2.991892099380493,2.919740676879883
ACH-000802,BFTC-905,BFTC905_URINARY_TRACT,URINARY_TRACT,71496458,Osimertinib,2.06290602684021,0.6893370151519775
ACH-000802,BFTC-905,BFTC905_URINARY_TRACT,URINARY_TRACT,9933475,Cediranib,1.579995036125183,2.018860101699829
ACH-000802,BFTC-905,BFTC905_URINARY_TRACT,URINARY_TRACT,24788740,Ipatasertib,3.299453020095825,2.9619898796081543
ACH-000802,BFTC-905,BFTC905_URINARY_TRACT,URINARY_TRACT,56941241,GDC0810,3.8393030166625977,5.001917839050293
ACH-000802,BFTC-905,BFTC905_URINARY_TRACT,URINARY_TRACT,70676303,GNE-317,0.32635900378227234,0.776186466217041
ACH-000802,BFTC-905,BFTC905_URINARY_TRACT,URINARY_TRACT,68107965,GSK2578215A,4.8173089027404785,4.893993377685547
ACH-000802,BFTC-905,BFTC905_URINARY_TRACT,URINARY_TRACT,91668541,I-BRD9,3.3153340816497803,4.765475273132324
ACH-000802,BFTC-905,BFTC905_URINARY_TRACT,URINARY_TRACT,10385095,Telomerase Inhibitor IX,-0.7919269800186157,1.1387027502059937
ACH-000802,BFTC-905,BFTC905_URINARY_TRACT,URINARY_TRACT,227681,MIRA-1,3.101154088973999,5.564014911651611
ACH-000802,BFTC-905,BFTC905_URINARY_TRACT,URINARY_TRACT,9825149,NVP-ADW742,1.963758945465088,2.6680288314819336
ACH-000802,BFTC-905,BFTC905_URINARY_TRACT,URINARY_TRACT,46931953,P22077,2.591949939727783,4.556831359863281
ACH-000802,BFTC-905,BFTC905_URINARY_TRACT,URINARY_TRACT,68289010,Savolitinib,2.7852749824523926,2.6775972843170166
ACH-000802,BFTC-905,BFTC905_URINARY_TRACT,URINARY_TRACT,992586,UMI-77,0.8981130123138428,2.8785150051116943
ACH-000802,BFTC-905,BFTC905_URINARY_TRACT,URINARY_TRACT,2984337,WIKI4,2.9976069927215576,3.455846071243286
ACH-000802,BFTC-905,BFTC905_URINARY_TRACT,URINARY_TRACT,11178236,Sepantronium bromide,-5.57122802734375,-4.190060615539551
ACH-000802,BFTC-905,BFTC905_URINARY_TRACT,URINARY_TRACT,71297207,WEHI-539,3.520292043685913,3.8587467670440674
ACH-000802,BFTC-905,BFTC905_URINARY_TRACT,URINARY_TRACT,104842,SN-38,-6.118357181549072,-3.0663933753967285
ACH-000802,BFTC-905,BFTC905_URINARY_TRACT,URINARY_TRACT,25126798,Ruxolitinib,5.223062038421631,5.055910110473633
ACH-000802,BFTC-905,BFTC905_URINARY_TRACT,URINARY_TRACT,11640390,Linsitinib,3.1754400730133057,3.7492523193359375
ACH-000802,BFTC-905,BFTC905_URINARY_TRACT,URINARY_TRACT,41867,Epirubicin,-2.226564884185791,-0.5182108879089355
ACH-000802,BFTC-905,BFTC905_URINARY_TRACT,URINARY_TRACT,2907,Cyclophosphamide,4.649979114532471,5.257518768310547
ACH-000802,BFTC-905,BFTC905_URINARY_TRACT,URINARY_TRACT,24360,Camptothecin,-4.2081098556518555,-2.003220796585083
ACH-000802,BFTC-905,BFTC905_URINARY_TRACT,URINARY_TRACT,6710780,Vinblastine,-6.288668155670166,-4.44216775894165
ACH-000802,BFTC-905,BFTC905_URINARY_TRACT,URINARY_TRACT,84691,Cisplatin,0.421764999628067,2.8762080669403076
ACH-000802,BFTC-905,BFTC905_URINARY_TRACT,URINARY_TRACT,6253,Cytarabine,-1.1212739944458008,1.9478119611740112
ACH-000802,BFTC-905,BFTC905_URINARY_TRACT,URINARY_TRACT,148124,Docetaxel,-6.548096179962158,-4.651995658874512
ACH-000802,BFTC-905,BFTC905_URINARY_TRACT,URINARY_TRACT,126941,Methotrexate,1.2178540229797363,0.5596089363098145
ACH-000802,BFTC-905,BFTC905_URINARY_TRACT,URINARY_TRACT,123631,Gefitinib,3.6285479068756104,1.9188549518585205
ACH-000802,BFTC-905,BFTC905_URINARY_TRACT,URINARY_TRACT,24978538,Navitoclax,3.2979559898376465,2.1377389430999756
ACH-000802,BFTC-905,BFTC905_URINARY_TRACT,URINARY_TRACT,5311,Vorinostat,1.773164987564087,1.8927688598632812
ACH-000802,BFTC-905,BFTC905_URINARY_TRACT,URINARY_TRACT,644241,Nilotinib,4.048252105712891,3.827861785888672
ACH-000802,BFTC-905,BFTC905_URINARY_TRACT,URINARY_TRACT,44182295,Refametinib,-2.0062549114227295,0.8802793025970459
ACH-000802,BFTC-905,BFTC905_URINARY_TRACT,URINARY_TRACT,6918289,Temsirolimus,0.3679429888725281,1.517887830734253
ACH-000802,BFTC-905,BFTC905_URINARY_TRACT,URINARY_TRACT,23725625,Olaparib,3.7570369243621826,4.369512557983398
ACH-000802,BFTC-905,BFTC905_URINARY_TRACT,URINARY_TRACT,11960529,Veliparib,5.0254621505737305,5.218215465545654
ACH-000802,BFTC-905,BFTC905_URINARY_TRACT,URINARY_TRACT,5328940,Bosutinib,0.16429300606250763,2.8004088401794434
ACH-000802,BFTC-905,BFTC905_URINARY_TRACT,URINARY_TRACT,216326,Lenalidomide,5.193335056304932,5.335245609283447
ACH-000802,BFTC-905,BFTC905_URINARY_TRACT,URINARY_TRACT,6450551,Axitinib,2.465606927871704,3.135708808898926
ACH-000802,BFTC-905,BFTC905_URINARY_TRACT,URINARY_TRACT,11152667,AZD7762,-0.22376300394535065,0.49003228545188904
ACH-000802,BFTC-905,BFTC905_URINARY_TRACT,URINARY_TRACT,9943465,GW441756,2.7678840160369873,3.202481746673584
ACH-000018,T24,T24_URINARY_TRACT,URINARY_TRACT,126565,Lestaurtinib,1.3695919513702393,0.8534359931945801
ACH-000018,T24,T24_URINARY_TRACT,URINARY_TRACT,176158,SB216763,5.996193885803223,5.640349864959717
ACH-000018,T24,T24_URINARY_TRACT,URINARY_TRACT,6505803,Tanespimycin,0.17879599332809448,0.4103953242301941
ACH-000018,T24,T24_URINARY_TRACT,URINARY_TRACT,5311497,Vinorelbine,-1.0322699546813965,-2.5716843605041504
ACH-000018,T24,T24_URINARY_TRACT,URINARY_TRACT,11667893,Motesanib,5.989251136779785,5.938226222991943
ACH-000018,T24,T24_URINARY_TRACT,URINARY_TRACT,5278396,KU-55933,5.99151086807251,5.553533554077148
ACH-000018,T24,T24_URINARY_TRACT,URINARY_TRACT,300471,Elesclomol,0.018695000559091568,-0.9737681150436401
ACH-000018,T24,T24_URINARY_TRACT,URINARY_TRACT,10184653,Afatinib,4.260079860687256,2.3269050121307373
ACH-000018,T24,T24_URINARY_TRACT,URINARY_TRACT,24776445,Vismodegib,4.520042896270752,5.4096360206604
ACH-000018,T24,T24_URINARY_TRACT,URINARY_TRACT,24180719,PLX-4720,3.648677110671997,4.633024215698242
ACH-000018,T24,T24_URINARY_TRACT,URINARY_TRACT,10077147,BX795,3.4374380111694336,3.239638090133667
ACH-000018,T24,T24_URINARY_TRACT,URINARY_TRACT,11327430,NU7441,2.768407106399536,3.615776538848877
ACH-000018,T24,T24_URINARY_TRACT,URINARY_TRACT,10459196,SL0101,5.014248847961426,5.3567023277282715
ACH-000018,T24,T24_URINARY_TRACT,URINARY_TRACT,16720766,Pevonedistat,2.1166539192199707,1.5889952182769775
ACH-000018,T24,T24_URINARY_TRACT,URINARY_TRACT,11488320,Sapitinib,4.687859058380127,4.913616180419922
ACH-000018,T24,T24_URINARY_TRACT,URINARY_TRACT,156422,Doramapimod,5.606537818908691,5.4903669357299805
ACH-000018,T24,T24_URINARY_TRACT,URINARY_TRACT,11624601,JNK Inhibitor VIII,5.132681846618652,5.570825576782227
ACH-000018,T24,T24_URINARY_TRACT,URINARY_TRACT,51042438,Uprosertib,5.974578857421875,3.487506151199341
ACH-000018,T24,T24_URINARY_TRACT,URINARY_TRACT,24737642,LCL161,5.854920864105225,5.213876247406006
ACH-000018,T24,T24_URINARY_TRACT,URINARY_TRACT,10384072,Wee1 Inhibitor,2.5477828979492188,2.3811354637145996
ACH-000018,T24,T24_URINARY_TRACT,URINARY_TRACT,11433190,Nutlin-3a (-),4.911149024963379,5.3187127113342285
ACH-000018,T24,T24_URINARY_TRACT,URINARY_TRACT,208908,Lapatinib,5.329930782318115,4.250211715698242
ACH-000018,T24,T24_URINARY_TRACT,URINARY_TRACT,1401,PD173074,4.786927223205566,4.260322570800781
ACH-000018,T24,T24_URINARY_TRACT,URINARY_TRACT,9914412,ZM447439,5.325591087341309,3.36887526512146
ACH-000018,T24,T24_URINARY_TRACT,URINARY_TRACT,24771867,Alisertib,2.865770101547241,2.6091740131378174
ACH-000018,T24,T24_URINARY_TRACT,URINARY_TRACT,56649450,Alpelisib,5.004475116729736,4.184908866882324
ACH-000018,T24,T24_URINARY_TRACT,URINARY_TRACT,46930998,MK-2206,5.044994831085205,3.498999834060669
ACH-000018,T24,T24_URINARY_TRACT,URINARY_TRACT,5330286,Palbociclib,4.451650142669678,4.262948989868164
ACH-000018,T24,T24_URINARY_TRACT,URINARY_TRACT,51001932,Taselisib,4.5567779541015625,2.726790189743042
ACH-000018,T24,T24_URINARY_TRACT,URINARY_TRACT,57345410,EPZ5676,5.953990936279297,5.984096527099609
ACH-000018,T24,T24_URINARY_TRACT,URINARY_TRACT,11977753,Dactolisib,-0.4858500063419342,-1.2659146785736084
ACH-000018,T24,T24_URINARY_TRACT,URINARY_TRACT,17755052,Pictilisib,3.4312469959259033,1.7744532823562622
ACH-000018,T24,T24_URINARY_TRACT,URINARY_TRACT,9826528,PD0325901,3.1573150157928467,1.2966605424880981
ACH-000018,T24,T24_URINARY_TRACT,URINARY_TRACT,24866313,SCH772984,4.3292388916015625,3.1554484367370605
ACH-000018,T24,T24_URINARY_TRACT,URINARY_TRACT,10127622,Selumetinib,3.7000160217285156,3.8286454677581787
ACH-000018,T24,T24_URINARY_TRACT,URINARY_TRACT,9927531,BIBR-1532,5.291787147521973,5.461740493774414
ACH-000018,T24,T24_URINARY_TRACT,URINARY_TRACT,2155128,IWP-2,3.677203893661499,3.2645885944366455
ACH-000018,T24,T24_URINARY_TRACT,URINARY_TRACT,3899,Leflunomide,6.504627227783203,5.484081268310547
ACH-000018,T24,T24_URINARY_TRACT,URINARY_TRACT,2314623,CCT007093,4.999086856842041,5.613469123840332
ACH-000018,T24,T24_URINARY_TRACT,URINARY_TRACT,9938202,EHT-1864,2.5504379272460938,4.199776649475098
ACH-000018,T24,T24_URINARY_TRACT,URINARY_TRACT,25227847,Pyridostatin,4.609551906585693,4.20497465133667
ACH-000018,T24,T24_URINARY_TRACT,URINARY_TRACT,46883536,Avagacestat,4.654257774353027,5.275664806365967
ACH-000018,T24,T24_URINARY_TRACT,URINARY_TRACT,3385,5-Fluorouracil,3.6766409873962402,5.269394874572754
ACH-000018,T24,T24_URINARY_TRACT,URINARY_TRACT,68947304,AMG-319,3.9812328815460205,5.331432819366455
ACH-000018,T24,T24_URINARY_TRACT,URINARY_TRACT,11634725,VX-11e,3.661968946456909,3.2995543479919434
ACH-000018,T24,T24_URINARY_TRACT,URINARY_TRACT,16224745,MK-8776,3.8089780807495117,3.6641266345977783
ACH-000018,T24,T24_URINARY_TRACT,URINARY_TRACT,3062316,Dasatinib,1.0578720569610596,-0.13222971558570862
ACH-000018,T24,T24_URINARY_TRACT,URINARY_TRACT,36314,Paclitaxel,-2.4630730152130127,-2.6590471267700195
ACH-000018,T24,T24_URINARY_TRACT,URINARY_TRACT,4261,Entinostat,2.8915610313415527,2.593844175338745
ACH-000018,T24,T24_URINARY_TRACT,URINARY_TRACT,11626560,Crizotinib,4.038558006286621,3.3398823738098145
ACH-000018,T24,T24_URINARY_TRACT,URINARY_TRACT,118704762,LJI308,4.506576061248779,5.424416542053223
ACH-000018,T24,T24_URINARY_TRACT,URINARY_TRACT,216239,Sorafenib,2.9283010959625244,3.0757532119750977
ACH-000018,T24,T24_URINARY_TRACT,URINARY_TRACT,11364421,BI-2536,-0.34064099192619324,0.24079564213752747
ACH-000018,T24,T24_URINARY_TRACT,URINARY_TRACT,46926973,LGK974,3.765726089477539,4.767698764801025
ACH-000018,T24,T24_URINARY_TRACT,URINARY_TRACT,60838,Irinotecan,2.1428980827331543,3.049075126647949
ACH-000018,T24,T24_URINARY_TRACT,URINARY_TRACT,5310940,Oxaliplatin,5.00833797454834,4.790870666503906
ACH-000018,T24,T24_URINARY_TRACT,URINARY_TRACT,117072552,GSK591,4.4390058517456055,4.81898832321167
ACH-000018,T24,T24_URINARY_TRACT,URINARY_TRACT,51000408,VE821,5.168353080749512,4.54308557510376
ACH-000018,T24,T24_URINARY_TRACT,URINARY_TRACT,25124816,GSK1904529A,3.800976037979126,4.839766025543213
ACH-000018,T24,T24_URINARY_TRACT,URINARY_TRACT,5494449,Tozasertib,4.331383228302002,2.8611714839935303
ACH-000018,T24,T24_URINARY_TRACT,URINARY_TRACT,59472121,VE-822,5.249813079833984,3.868868112564087
ACH-000018,T24,T24_URINARY_TRACT,URINARY_TRACT,72200024,WZ4003,5.697415828704834,4.446745872497559
ACH-000018,T24,T24_URINARY_TRACT,URINARY_TRACT,42623951,CZC24832,5.976076126098633,5.6521315574646
ACH-000018,T24,T24_URINARY_TRACT,URINARY_TRACT,49847690,AZD5582,5.755251884460449,2.1566684246063232
ACH-000018,T24,T24_URINARY_TRACT,URINARY_TRACT,53469448,GSK2606414,5.849689960479736,4.305239677429199
ACH-000018,T24,T24_URINARY_TRACT,URINARY_TRACT,78243717,PFI3,5.996193885803223,5.772088527679443
ACH-000018,T24,T24_URINARY_TRACT,URINARY_TRACT,24753719,PCI-34051,5.075807094573975,4.996725559234619
ACH-000018,T24,T24_URINARY_TRACT,URINARY_TRACT,57519544,Wnt-C59,5.850207805633545,4.833220958709717
ACH-000018,T24,T24_URINARY_TRACT,URINARY_TRACT,46943432,I-BET-762,4.707873821258545,3.6435723304748535
ACH-000018,T24,T24_URINARY_TRACT,URINARY_TRACT,9936746,OTX015,3.940778970718384,2.799602746963501
ACH-000018,T24,T24_URINARY_TRACT,URINARY_TRACT,71268957,GSK343,3.5637989044189453,3.306788921356201
ACH-000018,T24,T24_URINARY_TRACT,URINARY_TRACT,60167849,ML323,4.47076416015625,5.01753568649292
ACH-000018,T24,T24_URINARY_TRACT,URINARY_TRACT,59473233,Entospletinib,5.4928998947143555,3.907947063446045
ACH-000018,T24,T24_URINARY_TRACT,URINARY_TRACT,44462758,PRT062607,4.876910209655762,3.7074315547943115
ACH-000018,T24,T24_URINARY_TRACT,URINARY_TRACT,44631912,Ribociclib,4.535412788391113,4.185677528381348
ACH-000018,T24,T24_URINARY_TRACT,URINARY_TRACT,71299339,AGI-6780,4.823061943054199,4.850555419921875
ACH-000018,T24,T24_URINARY_TRACT,URINARY_TRACT,1018,Picolinici-acid,5.490814208984375,5.674587726593018
ACH-000018,T24,T24_URINARY_TRACT,URINARY_TRACT,51371303,PF-4708671,3.8626840114593506,4.1047210693359375
ACH-000018,T24,T24_URINARY_TRACT,URINARY_TRACT,52918385,PRIMA-1MET,6.2030720710754395,5.013204574584961
ACH-000018,T24,T24_URINARY_TRACT,URINARY_TRACT,11609586,Serdemetan,4.57316780090332,4.255091667175293
ACH-000018,T24,T24_URINARY_TRACT,URINARY_TRACT,44137675,AZD6482,4.243433952331543,3.9359652996063232
ACH-000018,T24,T24_URINARY_TRACT,URINARY_TRACT,42642645,Foretinib,3.6452128887176514,1.3384206295013428
ACH-000018,T24,T24_URINARY_TRACT,URINARY_TRACT,46907787,JQ1,3.510814905166626,2.615036964416504
ACH-000018,T24,T24_URINARY_TRACT,URINARY_TRACT,71271629,PFI-1,5.2655110359191895,4.543797492980957
ACH-000018,T24,T24_URINARY_TRACT,URINARY_TRACT,54685215,IOX2,2.875459909439087,2.898155689239502
ACH-000018,T24,T24_URINARY_TRACT,URINARY_TRACT,9956119,CHIR-99021,5.988362789154053,5.326040267944336
ACH-000018,T24,T24_URINARY_TRACT,URINARY_TRACT,56962337,SGC0946,2.948901891708374,2.2488694190979004
ACH-000018,T24,T24_URINARY_TRACT,URINARY_TRACT,176870,Erlotinib,4.176574230194092,3.762791872024536
ACH-000018,T24,T24_URINARY_TRACT,URINARY_TRACT,9931953,Rucaparib,5.089969158172607,4.542605876922607
ACH-000018,T24,T24_URINARY_TRACT,URINARY_TRACT,24958200,Niraparib,5.465353012084961,4.9014081954956055
ACH-000018,T24,T24_URINARY_TRACT,URINARY_TRACT,24856436,MK-1775,3.332611083984375,1.3879144191741943
ACH-000018,T24,T24_URINARY_TRACT,URINARY_TRACT,46926350,Dinaciclib,-1.877951979637146,-2.357349395751953
ACH-000018,T24,T24_URINARY_TRACT,URINARY_TRACT,60750,Gemcitabine,-2.447390079498291,0.48879364132881165
ACH-000018,T24,T24_URINARY_TRACT,URINARY_TRACT,387447,Bortezomib,-4.437943935394287,-4.648157596588135
ACH-000018,T24,T24_URINARY_TRACT,URINARY_TRACT,16095342,GSK269962A,2.9381070137023926,3.3840479850769043
ACH-000018,T24,T24_URINARY_TRACT,URINARY_TRACT,9858940,SB505124,5.744643211364746,4.181087493896484
ACH-000018,T24,T24_URINARY_TRACT,URINARY_TRACT,2733526,Tamoxifen,5.802646160125732,4.500278949737549
ACH-000018,T24,T24_URINARY_TRACT,URINARY_TRACT,104741,Fulvestrant,3.6781930923461914,3.463918685913086
ACH-000018,T24,T24_URINARY_TRACT,URINARY_TRACT,56962336,EPZ004777,5.218231201171875,5.639840602874756
ACH-000018,T24,T24_URINARY_TRACT,URINARY_TRACT,44632017,YK-4-279,2.3508870601654053,2.7760560512542725
ACH-000018,T24,T24_URINARY_TRACT,URINARY_TRACT,637858,Piperlongumine,3.409943103790283,2.8452913761138916
ACH-000018,T24,T24_URINARY_TRACT,URINARY_TRACT,6914657,Daporinad,-3.8099870681762695,-3.167637586593628
ACH-000018,T24,T24_URINARY_TRACT,URINARY_TRACT,9813758,BMS-345541,2.973090887069702,3.8990488052368164
ACH-000018,T24,T24_URINARY_TRACT,URINARY_TRACT,25099184,AZ960,2.3005969524383545,2.2709767818450928
ACH-000018,T24,T24_URINARY_TRACT,URINARY_TRACT,51039095,AZD4547,5.97790002822876,3.857837200164795
ACH-000018,T24,T24_URINARY_TRACT,URINARY_TRACT,24821094,Ibrutinib,5.572145938873291,5.100390434265137
ACH-000018,T24,T24_URINARY_TRACT,URINARY_TRACT,46236925,Sabutoclax,1.1446889638900757,0.5057299137115479
ACH-000018,T24,T24_URINARY_TRACT,URINARY_TRACT,11655119,LY2109761,3.8955600261688232,5.481133937835693
ACH-000018,T24,T24_URINARY_TRACT,URINARY_TRACT,35397514,OF-1,3.065938949584961,4.534496784210205
ACH-000018,T24,T24_URINARY_TRACT,URINARY_TRACT,2802462,MN-64,5.29893684387207,5.151193141937256
ACH-000018,T24,T24_URINARY_TRACT,URINARY_TRACT,73555129,KRAS (G12C) Inhibitor-12,4.963360786437988,5.1214070320129395
ACH-000018,T24,T24_URINARY_TRACT,URINARY_TRACT,462382,MG-132,-0.7304149866104126,-1.2190663814544678
ACH-000018,T24,T24_URINARY_TRACT,URINARY_TRACT,11707110,Trametinib,1.3299989700317383,-0.05218338966369629
ACH-000018,T24,T24_URINARY_TRACT,URINARY_TRACT,44462760,Dabrafenib,4.031216144561768,4.586348533630371
ACH-000018,T24,T24_URINARY_TRACT,URINARY_TRACT,5394,Temozolomide,6.696531772613525,6.956521987915039
ACH-000018,T24,T24_URINARY_TRACT,URINARY_TRACT,49846579,Venotoclax,4.46722412109375,3.2288453578948975
ACH-000018,T24,T24_URINARY_TRACT,URINARY_TRACT,11228183,ABT737,2.9223721027374268,2.4591715335845947
ACH-000018,T24,T24_URINARY_TRACT,URINARY_TRACT,46843057,Afuresertib,3.9214589595794678,3.0446670055389404
ACH-000018,T24,T24_URINARY_TRACT,URINARY_TRACT,56645356,AGI-5198,4.49174690246582,5.106535911560059
ACH-000018,T24,T24_URINARY_TRACT,URINARY_TRACT,78209992,AZD3759,3.0479578971862793,3.213149070739746
ACH-000018,T24,T24_URINARY_TRACT,URINARY_TRACT,54761306,AZD6738,3.15500807762146,2.525907278060913
ACH-000018,T24,T24_URINARY_TRACT,URINARY_TRACT,52913813,AZD8186,4.268136024475098,3.426203966140747
ACH-000018,T24,T24_URINARY_TRACT,URINARY_TRACT,71496458,Osimertinib,2.63692307472229,2.3625667095184326
ACH-000018,T24,T24_URINARY_TRACT,URINARY_TRACT,9933475,Cediranib,3.8288049697875977,2.6946756839752197
ACH-000018,T24,T24_URINARY_TRACT,URINARY_TRACT,24788740,Ipatasertib,4.994767189025879,3.986110210418701
ACH-000018,T24,T24_URINARY_TRACT,URINARY_TRACT,56941241,GDC0810,5.989416122436523,5.526171684265137
ACH-000018,T24,T24_URINARY_TRACT,URINARY_TRACT,70676303,GNE-317,1.8971370458602905,0.977434515953064
ACH-000018,T24,T24_URINARY_TRACT,URINARY_TRACT,68107965,GSK2578215A,5.301662921905518,5.428635120391846
ACH-000018,T24,T24_URINARY_TRACT,URINARY_TRACT,91668541,I-BRD9,5.214352130889893,4.95388126373291
ACH-000018,T24,T24_URINARY_TRACT,URINARY_TRACT,10385095,Telomerase Inhibitor IX,0.46764400601387024,1.3399559259414673
ACH-000018,T24,T24_URINARY_TRACT,URINARY_TRACT,227681,MIRA-1,5.831209182739258,5.798798084259033
ACH-000018,T24,T24_URINARY_TRACT,URINARY_TRACT,9825149,NVP-ADW742,5.540760040283203,3.4248533248901367
ACH-000018,T24,T24_URINARY_TRACT,URINARY_TRACT,46931953,P22077,5.804030895233154,5.105508804321289
ACH-000018,T24,T24_URINARY_TRACT,URINARY_TRACT,68289010,Savolitinib,3.6936089992523193,3.0554447174072266
ACH-000018,T24,T24_URINARY_TRACT,URINARY_TRACT,2984337,WIKI4,5.052802085876465,4.011050701141357
ACH-000018,T24,T24_URINARY_TRACT,URINARY_TRACT,11178236,Sepantronium bromide,-2.7931480407714844,-4.661801815032959
ACH-000018,T24,T24_URINARY_TRACT,URINARY_TRACT,71297207,WEHI-539,2.9172539710998535,4.302166938781738
ACH-000018,T24,T24_URINARY_TRACT,URINARY_TRACT,104842,SN-38,-3.845777988433838,-1.7123634815216064
ACH-000018,T24,T24_URINARY_TRACT,URINARY_TRACT,2375,Bicalutamide,4.649170875549316,5.244133949279785
ACH-000018,T24,T24_URINARY_TRACT,URINARY_TRACT,25126798,Ruxolitinib,5.763647079467773,5.357114791870117
ACH-000018,T24,T24_URINARY_TRACT,URINARY_TRACT,11640390,Linsitinib,5.169216156005859,4.640705108642578
ACH-000018,T24,T24_URINARY_TRACT,URINARY_TRACT,41867,Epirubicin,0.9339770078659058,-0.27756181359291077
ACH-000018,T24,T24_URINARY_TRACT,URINARY_TRACT,2907,Cyclophosphamide,5.702541828155518,5.681490898132324
ACH-000018,T24,T24_URINARY_TRACT,URINARY_TRACT,24360,Camptothecin,-2.7168118953704834,-1.7703800201416016
ACH-000018,T24,T24_URINARY_TRACT,URINARY_TRACT,148124,Docetaxel,-3.370758056640625,-4.495608806610107
ACH-000018,T24,T24_URINARY_TRACT,URINARY_TRACT,126941,Methotrexate,3.360930919647217,0.7797205448150635
ACH-000018,T24,T24_URINARY_TRACT,URINARY_TRACT,444795,Tretinoin,5.243287086486816,5.570723533630371
ACH-000018,T24,T24_URINARY_TRACT,URINARY_TRACT,123631,Gefitinib,3.9840989112854004,3.9626097679138184
ACH-000018,T24,T24_URINARY_TRACT,URINARY_TRACT,24978538,Navitoclax,1.7633800506591797,2.226362705230713
ACH-000018,T24,T24_URINARY_TRACT,URINARY_TRACT,5311,Vorinostat,2.6569929122924805,2.041046142578125
ACH-000018,T24,T24_URINARY_TRACT,URINARY_TRACT,644241,Nilotinib,4.839505195617676,3.7430977821350098
ACH-000018,T24,T24_URINARY_TRACT,URINARY_TRACT,44182295,Refametinib,3.3648629188537598,2.3392138481140137
ACH-000018,T24,T24_URINARY_TRACT,URINARY_TRACT,6918289,Temsirolimus,3.280677080154419,1.5207704305648804
ACH-000018,T24,T24_URINARY_TRACT,URINARY_TRACT,23725625,Olaparib,5.99609899520874,4.961863994598389
ACH-000018,T24,T24_URINARY_TRACT,URINARY_TRACT,11960529,Veliparib,5.948352813720703,5.677538871765137
ACH-000018,T24,T24_URINARY_TRACT,URINARY_TRACT,5328940,Bosutinib,3.033785104751587,3.0967822074890137
ACH-000018,T24,T24_URINARY_TRACT,URINARY_TRACT,216326,Lenalidomide,5.5270161628723145,5.731729507446289
ACH-000018,T24,T24_URINARY_TRACT,URINARY_TRACT,6450551,Axitinib,5.277682781219482,3.8405137062072754
ACH-000018,T24,T24_URINARY_TRACT,URINARY_TRACT,11152667,AZD7762,1.8375849723815918,0.9212734699249268
ACH-000018,T24,T24_URINARY_TRACT,URINARY_TRACT,9943465,GW441756,4.189939022064209,3.758051872253418
ACH-000905,5637,5637_URINARY_TRACT,URINARY_TRACT,126565,Lestaurtinib,-0.71629798412323,0.5882025957107544
ACH-000905,5637,5637_URINARY_TRACT,URINARY_TRACT,176158,SB216763,4.869955062866211,5.110006809234619
ACH-000905,5637,5637_URINARY_TRACT,URINARY_TRACT,6505803,Tanespimycin,-0.7220900058746338,0.21432310342788696
ACH-000905,5637,5637_URINARY_TRACT,URINARY_TRACT,5311497,Vinorelbine,-5.25221586227417,-2.9385621547698975
ACH-000905,5637,5637_URINARY_TRACT,URINARY_TRACT,11667893,Motesanib,5.823758125305176,5.534941673278809
ACH-000905,5637,5637_URINARY_TRACT,URINARY_TRACT,5278396,KU-55933,4.6997599601745605,5.097038269042969
ACH-000905,5637,5637_URINARY_TRACT,URINARY_TRACT,10184653,Afatinib,-0.07443500310182571,1.6410815715789795
ACH-000905,5637,5637_URINARY_TRACT,URINARY_TRACT,24776445,Vismodegib,5.663732051849365,4.973247051239014
ACH-000905,5637,5637_URINARY_TRACT,URINARY_TRACT,24180719,PLX-4720,4.0831451416015625,4.4311957359313965
ACH-000905,5637,5637_URINARY_TRACT,URINARY_TRACT,11327430,NU7441,2.7141120433807373,3.319734573364258
ACH-000905,5637,5637_URINARY_TRACT,URINARY_TRACT,16720766,Pevonedistat,0.21576200425624847,2.0693066120147705
ACH-000905,5637,5637_URINARY_TRACT,URINARY_TRACT,11488320,Sapitinib,1.4973759651184082,3.050027847290039
ACH-000905,5637,5637_URINARY_TRACT,URINARY_TRACT,156422,Doramapimod,5.2000579833984375,5.013586044311523
ACH-000905,5637,5637_URINARY_TRACT,URINARY_TRACT,11624601,JNK Inhibitor VIII,5.739344120025635,5.088104248046875
ACH-000905,5637,5637_URINARY_TRACT,URINARY_TRACT,51042438,Uprosertib,3.2257421016693115,3.0381019115448
ACH-000905,5637,5637_URINARY_TRACT,URINARY_TRACT,24737642,LCL161,5.148427963256836,4.788533687591553
ACH-000905,5637,5637_URINARY_TRACT,URINARY_TRACT,10384072,Wee1 Inhibitor,1.865172028541565,2.5418286323547363
ACH-000905,5637,5637_URINARY_TRACT,URINARY_TRACT,11433190,Nutlin-3a (-),5.086789131164551,5.279168128967285
ACH-000905,5637,5637_URINARY_TRACT,URINARY_TRACT,208908,Lapatinib,1.9606640338897705,3.1502606868743896
ACH-000905,5637,5637_URINARY_TRACT,URINARY_TRACT,1401,PD173074,4.349248886108398,3.9060580730438232
ACH-000905,5637,5637_URINARY_TRACT,URINARY_TRACT,9914412,ZM447439,0.9731889963150024,3.059483528137207
ACH-000905,5637,5637_URINARY_TRACT,URINARY_TRACT,24771867,Alisertib,0.004920000210404396,2.590583324432373
ACH-000905,5637,5637_URINARY_TRACT,URINARY_TRACT,56649450,Alpelisib,3.4661240577697754,3.3500378131866455
ACH-000905,5637,5637_URINARY_TRACT,URINARY_TRACT,46930998,MK-2206,4.1854047775268555,3.17456316947937
ACH-000905,5637,5637_URINARY_TRACT,URINARY_TRACT,5330286,Palbociclib,4.247769832611084,4.138957500457764
ACH-000905,5637,5637_URINARY_TRACT,URINARY_TRACT,51001932,Taselisib,1.7529480457305908,1.7324974536895752
ACH-000905,5637,5637_URINARY_TRACT,URINARY_TRACT,57345410,EPZ5676,6.087377071380615,5.557211399078369
ACH-000905,5637,5637_URINARY_TRACT,URINARY_TRACT,11977753,Dactolisib,-1.311018943786621,-0.9551907777786255
ACH-000905,5637,5637_URINARY_TRACT,URINARY_TRACT,17755052,Pictilisib,1.4368480443954468,1.343470573425293
ACH-000905,5637,5637_URINARY_TRACT,URINARY_TRACT,25262965,AZD8055,0.4061509966850281,0.4330771267414093
ACH-000905,5637,5637_URINARY_TRACT,URINARY_TRACT,9826528,PD0325901,1.278678059577942,0.6655274629592896
ACH-000905,5637,5637_URINARY_TRACT,URINARY_TRACT,24866313,SCH772984,2.180232048034668,2.1431338787078857
ACH-000905,5637,5637_URINARY_TRACT,URINARY_TRACT,10127622,Selumetinib,4.075946807861328,3.07303786277771
ACH-000905,5637,5637_URINARY_TRACT,URINARY_TRACT,9927531,BIBR-1532,4.936744213104248,4.971840858459473
ACH-000905,5637,5637_URINARY_TRACT,URINARY_TRACT,2155128,IWP-2,3.3220880031585693,2.841165781021118
ACH-000905,5637,5637_URINARY_TRACT,URINARY_TRACT,3899,Leflunomide,4.4411211013793945,5.113827705383301
ACH-000905,5637,5637_URINARY_TRACT,URINARY_TRACT,2314623,CCT007093,5.362502098083496,5.106659889221191
ACH-000905,5637,5637_URINARY_TRACT,URINARY_TRACT,11404337,Obatoclax Mesylate,0.09063400328159332,1.0829682350158691
ACH-000905,5637,5637_URINARY_TRACT,URINARY_TRACT,9938202,EHT-1864,3.9156980514526367,3.5048789978027344
ACH-000905,5637,5637_URINARY_TRACT,URINARY_TRACT,25227847,Pyridostatin,2.5935020446777344,3.881256341934204
ACH-000905,5637,5637_URINARY_TRACT,URINARY_TRACT,46883536,Avagacestat,5.70953893661499,4.823433876037598
ACH-000905,5637,5637_URINARY_TRACT,URINARY_TRACT,3385,5-Fluorouracil,3.119771957397461,4.921234607696533
ACH-000905,5637,5637_URINARY_TRACT,URINARY_TRACT,68947304,AMG-319,4.836080074310303,5.090125560760498
ACH-000905,5637,5637_URINARY_TRACT,URINARY_TRACT,11634725,VX-11e,2.7371020317077637,2.660297155380249
ACH-000905,5637,5637_URINARY_TRACT,URINARY_TRACT,16224745,MK-8776,3.670073986053467,3.433054208755493
ACH-000905,5637,5637_URINARY_TRACT,URINARY_TRACT,3062316,Dasatinib,-1.8290209770202637,0.11419500410556793
ACH-000905,5637,5637_URINARY_TRACT,URINARY_TRACT,36314,Paclitaxel,-4.4137420654296875,-3.0373575687408447
ACH-000905,5637,5637_URINARY_TRACT,URINARY_TRACT,4261,Entinostat,0.9830060005187988,2.4204466342926025
ACH-000905,5637,5637_URINARY_TRACT,URINARY_TRACT,11626560,Crizotinib,2.786628007888794,2.9100801944732666
ACH-000905,5637,5637_URINARY_TRACT,URINARY_TRACT,118704762,LJI308,5.417477130889893,5.096830368041992
ACH-000905,5637,5637_URINARY_TRACT,URINARY_TRACT,216239,Sorafenib,2.871748924255371,2.6331729888916016
ACH-000905,5637,5637_URINARY_TRACT,URINARY_TRACT,11364421,BI-2536,-2.853553056716919,0.15216434001922607
ACH-000905,5637,5637_URINARY_TRACT,URINARY_TRACT,46926973,LGK974,3.9663259983062744,4.033344745635986
ACH-000905,5637,5637_URINARY_TRACT,URINARY_TRACT,60838,Irinotecan,2.1610419750213623,3.7074532508850098
ACH-000905,5637,5637_URINARY_TRACT,URINARY_TRACT,5310940,Oxaliplatin,3.9465200901031494,4.393926620483398
ACH-000905,5637,5637_URINARY_TRACT,URINARY_TRACT,117072552,GSK591,2.974086046218872,4.62279748916626
ACH-000905,5637,5637_URINARY_TRACT,URINARY_TRACT,51000408,VE821,3.8339459896087646,4.269649982452393
ACH-000905,5637,5637_URINARY_TRACT,URINARY_TRACT,25124816,GSK1904529A,5.506965160369873,4.3391194343566895
ACH-000905,5637,5637_URINARY_TRACT,URINARY_TRACT,59472121,VE-822,4.620019912719727,3.5550718307495117
ACH-000905,5637,5637_URINARY_TRACT,URINARY_TRACT,72200024,WZ4003,4.365861892700195,4.20278787612915
ACH-000905,5637,5637_URINARY_TRACT,URINARY_TRACT,42623951,CZC24832,5.144300937652588,5.178891658782959
ACH-000905,5637,5637_URINARY_TRACT,URINARY_TRACT,49847690,AZD5582,2.294116973876953,2.3022685050964355
ACH-000905,5637,5637_URINARY_TRACT,URINARY_TRACT,53469448,GSK2606414,3.1103270053863525,3.865661382675171
ACH-000905,5637,5637_URINARY_TRACT,URINARY_TRACT,78243717,PFI3,5.598128795623779,5.344151496887207
ACH-000905,5637,5637_URINARY_TRACT,URINARY_TRACT,24753719,PCI-34051,5.811112880706787,4.816080093383789
ACH-000905,5637,5637_URINARY_TRACT,URINARY_TRACT,57519544,Wnt-C59,4.251821041107178,4.307571887969971
ACH-000905,5637,5637_URINARY_TRACT,URINARY_TRACT,46943432,I-BET-762,4.122460842132568,3.8762645721435547
ACH-000905,5637,5637_URINARY_TRACT,URINARY_TRACT,9936746,OTX015,2.7997069358825684,3.129917621612549
ACH-000905,5637,5637_URINARY_TRACT,URINARY_TRACT,71268957,GSK343,3.0473780632019043,2.941973924636841
ACH-000905,5637,5637_URINARY_TRACT,URINARY_TRACT,60167849,ML323,5.438440799713135,4.461648941040039
ACH-000905,5637,5637_URINARY_TRACT,URINARY_TRACT,59473233,Entospletinib,3.91499400138855,3.731440544128418
ACH-000905,5637,5637_URINARY_TRACT,URINARY_TRACT,44462758,PRT062607,3.3828299045562744,3.5911262035369873
ACH-000905,5637,5637_URINARY_TRACT,URINARY_TRACT,44631912,Ribociclib,4.347599029541016,3.932112216949463
ACH-000905,5637,5637_URINARY_TRACT,URINARY_TRACT,71299339,AGI-6780,4.580504894256592,4.271111011505127
ACH-000905,5637,5637_URINARY_TRACT,URINARY_TRACT,1018,Picolinici-acid,4.481904983520508,5.17561674118042
ACH-000905,5637,5637_URINARY_TRACT,URINARY_TRACT,52918385,PRIMA-1MET,3.935467004776001,5.038392543792725
ACH-000905,5637,5637_URINARY_TRACT,URINARY_TRACT,11609586,Serdemetan,4.012973785400391,3.9541497230529785
ACH-000905,5637,5637_URINARY_TRACT,URINARY_TRACT,42642645,Foretinib,0.4053190052509308,0.9296516180038452
ACH-000905,5637,5637_URINARY_TRACT,URINARY_TRACT,46907787,JQ1,1.7546919584274292,2.6495702266693115
ACH-000905,5637,5637_URINARY_TRACT,URINARY_TRACT,71271629,PFI-1,3.6984939575195312,4.173272609710693
ACH-000905,5637,5637_URINARY_TRACT,URINARY_TRACT,56962337,SGC0946,2.0609219074249268,2.1060752868652344
ACH-000905,5637,5637_URINARY_TRACT,URINARY_TRACT,176870,Erlotinib,0.727383017539978,2.512077808380127
ACH-000905,5637,5637_URINARY_TRACT,URINARY_TRACT,9931953,Rucaparib,3.438973903656006,4.06855583190918
ACH-000905,5637,5637_URINARY_TRACT,URINARY_TRACT,24958200,Niraparib,4.323887825012207,4.744466304779053
ACH-000905,5637,5637_URINARY_TRACT,URINARY_TRACT,24856436,MK-1775,-0.40276899933815,1.0558371543884277
ACH-000905,5637,5637_URINARY_TRACT,URINARY_TRACT,46926350,Dinaciclib,-1.895833969116211,-2.769413948059082
ACH-000905,5637,5637_URINARY_TRACT,URINARY_TRACT,60750,Gemcitabine,-1.7278809547424316,2.282310724258423
ACH-000905,5637,5637_URINARY_TRACT,URINARY_TRACT,387447,Bortezomib,-5.057753086090088,-4.4393439292907715
ACH-000905,5637,5637_URINARY_TRACT,URINARY_TRACT,2733526,Tamoxifen,3.9969279766082764,3.854483127593994
ACH-000905,5637,5637_URINARY_TRACT,URINARY_TRACT,104741,Fulvestrant,3.114370107650757,2.997421979904175
ACH-000905,5637,5637_URINARY_TRACT,URINARY_TRACT,56962336,EPZ004777,5.607262134552002,5.226088523864746
ACH-000905,5637,5637_URINARY_TRACT,URINARY_TRACT,44632017,YK-4-279,0.06422600150108337,3.0753374099731445
ACH-000905,5637,5637_URINARY_TRACT,URINARY_TRACT,9813758,BMS-345541,4.43186616897583,3.4878547191619873
ACH-000905,5637,5637_URINARY_TRACT,URINARY_TRACT,25099184,AZ960,2.0969960689544678,2.6956076622009277
ACH-000905,5637,5637_URINARY_TRACT,URINARY_TRACT,51039095,AZD4547,2.5848569869995117,3.3293280601501465
ACH-000905,5637,5637_URINARY_TRACT,URINARY_TRACT,24821094,Ibrutinib,3.8888230323791504,3.895535469055176
ACH-000905,5637,5637_URINARY_TRACT,URINARY_TRACT,70983932,GSK2830371,5.823758125305176,5.486566066741943
ACH-000905,5637,5637_URINARY_TRACT,URINARY_TRACT,46236925,Sabutoclax,0.2879349887371063,0.36918583512306213
ACH-000905,5637,5637_URINARY_TRACT,URINARY_TRACT,11655119,LY2109761,5.814685821533203,5.018153190612793
ACH-000905,5637,5637_URINARY_TRACT,URINARY_TRACT,35397514,OF-1,4.316372871398926,3.917903423309326
ACH-000905,5637,5637_URINARY_TRACT,URINARY_TRACT,2802462,MN-64,5.705697059631348,4.545708656311035
ACH-000905,5637,5637_URINARY_TRACT,URINARY_TRACT,73555129,KRAS (G12C) Inhibitor-12,3.6048309803009033,4.7662553787231445
ACH-000905,5637,5637_URINARY_TRACT,URINARY_TRACT,462382,MG-132,-1.4145580530166626,-1.149572491645813
ACH-000905,5637,5637_URINARY_TRACT,URINARY_TRACT,11707110,Trametinib,-0.2750979959964752,-0.3815061151981354
ACH-000905,5637,5637_URINARY_TRACT,URINARY_TRACT,44462760,Dabrafenib,4.675026893615723,4.611086368560791
ACH-000905,5637,5637_URINARY_TRACT,URINARY_TRACT,5394,Temozolomide,5.803221225738525,6.682969093322754
ACH-000905,5637,5637_URINARY_TRACT,URINARY_TRACT,5460769,Bleomycin (50 uM),0.8511019945144653,4.116066932678223
ACH-000905,5637,5637_URINARY_TRACT,URINARY_TRACT,49846579,Venotoclax,2.468903064727783,2.8730335235595703
ACH-000905,5637,5637_URINARY_TRACT,URINARY_TRACT,11228183,ABT737,2.5753440856933594,1.4101499319076538
ACH-000905,5637,5637_URINARY_TRACT,URINARY_TRACT,46843057,Afuresertib,4.149154186248779,2.663710117340088
ACH-000905,5637,5637_URINARY_TRACT,URINARY_TRACT,56645356,AGI-5198,4.444253921508789,4.652101993560791
ACH-000905,5637,5637_URINARY_TRACT,URINARY_TRACT,78209992,AZD3759,1.0114870071411133,2.125575542449951
ACH-000905,5637,5637_URINARY_TRACT,URINARY_TRACT,54761306,AZD6738,2.0271170139312744,2.6503448486328125
ACH-000905,5637,5637_URINARY_TRACT,URINARY_TRACT,52913813,AZD8186,3.703313112258911,3.2093536853790283
ACH-000905,5637,5637_URINARY_TRACT,URINARY_TRACT,71496458,Osimertinib,0.45610299706459045,1.6852997541427612
ACH-000905,5637,5637_URINARY_TRACT,URINARY_TRACT,9933475,Cediranib,2.6738250255584717,2.145189046859741
ACH-000905,5637,5637_URINARY_TRACT,URINARY_TRACT,24788740,Ipatasertib,4.903796195983887,3.4136040210723877
ACH-000905,5637,5637_URINARY_TRACT,URINARY_TRACT,56941241,GDC0810,4.292891979217529,4.9609904289245605
ACH-000905,5637,5637_URINARY_TRACT,URINARY_TRACT,70676303,GNE-317,0.6683170199394226,0.9740030765533447
ACH-000905,5637,5637_URINARY_TRACT,URINARY_TRACT,68107965,GSK2578215A,5.2740092277526855,4.90339994430542
ACH-000905,5637,5637_URINARY_TRACT,URINARY_TRACT,91668541,I-BRD9,5.6162238121032715,4.724560260772705
ACH-000905,5637,5637_URINARY_TRACT,URINARY_TRACT,10385095,Telomerase Inhibitor IX,0.0009660000214353204,1.302398920059204
ACH-000905,5637,5637_URINARY_TRACT,URINARY_TRACT,227681,MIRA-1,6.0653791427612305,5.522547721862793
ACH-000905,5637,5637_URINARY_TRACT,URINARY_TRACT,9825149,NVP-ADW742,3.1151421070098877,2.8902950286865234
ACH-000905,5637,5637_URINARY_TRACT,URINARY_TRACT,46931953,P22077,4.096179008483887,4.640557289123535
ACH-000905,5637,5637_URINARY_TRACT,URINARY_TRACT,68289010,Savolitinib,1.8658299446105957,2.6272361278533936
ACH-000905,5637,5637_URINARY_TRACT,URINARY_TRACT,992586,UMI-77,3.8538761138916016,2.8556740283966064
ACH-000905,5637,5637_URINARY_TRACT,URINARY_TRACT,2984337,WIKI4,3.462311029434204,3.4434244632720947
ACH-000905,5637,5637_URINARY_TRACT,URINARY_TRACT,11178236,Sepantronium bromide,-3.776555061340332,-4.45053243637085
ACH-000905,5637,5637_URINARY_TRACT,URINARY_TRACT,71297207,WEHI-539,3.2475790977478027,3.690248966217041
ACH-000905,5637,5637_URINARY_TRACT,URINARY_TRACT,104842,SN-38,-4.537336826324463,2.4211349487304688
ACH-000905,5637,5637_URINARY_TRACT,URINARY_TRACT,25126798,Ruxolitinib,5.718623161315918,5.018702507019043
ACH-000905,5637,5637_URINARY_TRACT,URINARY_TRACT,11640390,Linsitinib,4.181300163269043,3.9196910858154297
ACH-000905,5637,5637_URINARY_TRACT,URINARY_TRACT,41867,Epirubicin,-1.439445972442627,0.3791745603084564
ACH-000905,5637,5637_URINARY_TRACT,URINARY_TRACT,2907,Cyclophosphamide,5.2602691650390625,5.245434761047363
ACH-000905,5637,5637_URINARY_TRACT,URINARY_TRACT,24360,Camptothecin,-2.631817102432251,-0.9870736598968506
ACH-000905,5637,5637_URINARY_TRACT,URINARY_TRACT,84691,Cisplatin,1.9670720100402832,3.880894899368286
ACH-000905,5637,5637_URINARY_TRACT,URINARY_TRACT,6253,Cytarabine,2.336405038833618,3.0449843406677246
ACH-000905,5637,5637_URINARY_TRACT,URINARY_TRACT,148124,Docetaxel,-6.087374210357666,-4.45035982131958
ACH-000905,5637,5637_URINARY_TRACT,URINARY_TRACT,126941,Methotrexate,-3.7239439487457275,0.4265177547931671
ACH-000905,5637,5637_URINARY_TRACT,URINARY_TRACT,123631,Gefitinib,1.7533199787139893,2.715337038040161
ACH-000905,5637,5637_URINARY_TRACT,URINARY_TRACT,24978538,Navitoclax,2.542011022567749,1.1904113292694092
ACH-000905,5637,5637_URINARY_TRACT,URINARY_TRACT,5311,Vorinostat,1.4028489589691162,1.906541109085083
ACH-000905,5637,5637_URINARY_TRACT,URINARY_TRACT,644241,Nilotinib,4.35630989074707,3.5915284156799316
ACH-000905,5637,5637_URINARY_TRACT,URINARY_TRACT,44182295,Refametinib,2.078166961669922,1.5698139667510986
ACH-000905,5637,5637_URINARY_TRACT,URINARY_TRACT,6918289,Temsirolimus,1.8189079761505127,1.7269927263259888
ACH-000905,5637,5637_URINARY_TRACT,URINARY_TRACT,23725625,Olaparib,3.8370258808135986,4.642259120941162
ACH-000905,5637,5637_URINARY_TRACT,URINARY_TRACT,11960529,Veliparib,5.366004943847656,5.19716215133667
ACH-000905,5637,5637_URINARY_TRACT,URINARY_TRACT,5328940,Bosutinib,1.6132960319519043,2.650864839553833
ACH-000905,5637,5637_URINARY_TRACT,URINARY_TRACT,216326,Lenalidomide,5.154858112335205,5.304251670837402
ACH-000905,5637,5637_URINARY_TRACT,URINARY_TRACT,6450551,Axitinib,2.4197099208831787,3.3007705211639404
ACH-000905,5637,5637_URINARY_TRACT,URINARY_TRACT,11152667,AZD7762,0.3833779990673065,0.5570679903030396
ACH-000905,5637,5637_URINARY_TRACT,URINARY_TRACT,9943465,GW441756,2.8119919300079346,3.2558553218841553
ACH-000896,647-V,647V_URINARY_TRACT,URINARY_TRACT,126565,Lestaurtinib,-0.16669699549674988,1.049332618713379
ACH-000896,647-V,647V_URINARY_TRACT,URINARY_TRACT,176158,SB216763,4.9858598709106445,5.417431831359863
ACH-000896,647-V,647V_URINARY_TRACT,URINARY_TRACT,6505803,Tanespimycin,0.1064400002360344,0.5043860673904419
ACH-000896,647-V,647V_URINARY_TRACT,URINARY_TRACT,5311497,Vinorelbine,-1.8517459630966187,-2.1383562088012695
ACH-000896,647-V,647V_URINARY_TRACT,URINARY_TRACT,11667893,Motesanib,5.4181809425354,5.8759074211120605
ACH-000896,647-V,647V_URINARY_TRACT,URINARY_TRACT,5278396,KU-55933,4.113823890686035,5.417999744415283
ACH-000896,647-V,647V_URINARY_TRACT,URINARY_TRACT,10184653,Afatinib,1.5002789497375488,1.1802512407302856
ACH-000896,647-V,647V_URINARY_TRACT,URINARY_TRACT,24776445,Vismodegib,4.0,5.360255718231201
ACH-000896,647-V,647V_URINARY_TRACT,URINARY_TRACT,24180719,PLX-4720,5.348029136657715,4.696426868438721
ACH-000896,647-V,647V_URINARY_TRACT,URINARY_TRACT,11327430,NU7441,3.0041329860687256,3.717733383178711
ACH-000896,647-V,647V_URINARY_TRACT,URINARY_TRACT,16720766,Pevonedistat,-1.6664220094680786,2.5432755947113037
ACH-000896,647-V,647V_URINARY_TRACT,URINARY_TRACT,11488320,Sapitinib,3.8536510467529297,2.4408986568450928
ACH-000896,647-V,647V_URINARY_TRACT,URINARY_TRACT,156422,Doramapimod,4.662723064422607,5.352805137634277
ACH-000896,647-V,647V_URINARY_TRACT,URINARY_TRACT,11624601,JNK Inhibitor VIII,5.365157127380371,5.414560317993164
ACH-000896,647-V,647V_URINARY_TRACT,URINARY_TRACT,51042438,Uprosertib,4.26422119140625,3.1635184288024902
ACH-000896,647-V,647V_URINARY_TRACT,URINARY_TRACT,24737642,LCL161,5.306282043457031,5.068575859069824
ACH-000896,647-V,647V_URINARY_TRACT,URINARY_TRACT,10384072,Wee1 Inhibitor,1.3619439601898193,2.9638516902923584
ACH-000896,647-V,647V_URINARY_TRACT,URINARY_TRACT,11433190,Nutlin-3a (-),5.2182722091674805,5.4551920890808105
ACH-000896,647-V,647V_URINARY_TRACT,URINARY_TRACT,208908,Lapatinib,4.509513854980469,2.851606607437134
ACH-000896,647-V,647V_URINARY_TRACT,URINARY_TRACT,1401,PD173074,4.046604156494141,4.347225189208984
ACH-000896,647-V,647V_URINARY_TRACT,URINARY_TRACT,9914412,ZM447439,1.838384985923767,3.412548780441284
ACH-000896,647-V,647V_URINARY_TRACT,URINARY_TRACT,24771867,Alisertib,3.1986711025238037,2.729591131210327
ACH-000896,647-V,647V_URINARY_TRACT,URINARY_TRACT,56649450,Alpelisib,5.226755142211914,3.5971016883850098
ACH-000896,647-V,647V_URINARY_TRACT,URINARY_TRACT,46930998,MK-2206,3.6065878868103027,3.17905330657959
ACH-000896,647-V,647V_URINARY_TRACT,URINARY_TRACT,5330286,Palbociclib,5.057744979858398,4.527651786804199
ACH-000896,647-V,647V_URINARY_TRACT,URINARY_TRACT,51001932,Taselisib,2.343524932861328,1.5134334564208984
ACH-000896,647-V,647V_URINARY_TRACT,URINARY_TRACT,57345410,EPZ5676,4.710546970367432,5.917256832122803
ACH-000896,647-V,647V_URINARY_TRACT,URINARY_TRACT,11977753,Dactolisib,-1.1343380212783813,-0.5595097541809082
ACH-000896,647-V,647V_URINARY_TRACT,URINARY_TRACT,17755052,Pictilisib,1.0379739999771118,1.1463159322738647
ACH-000896,647-V,647V_URINARY_TRACT,URINARY_TRACT,25262965,AZD8055,0.4266279935836792,0.5875169038772583
ACH-000896,647-V,647V_URINARY_TRACT,URINARY_TRACT,9826528,PD0325901,2.2792301177978516,1.660722017288208
ACH-000896,647-V,647V_URINARY_TRACT,URINARY_TRACT,24866313,SCH772984,3.205440044403076,2.849081516265869
ACH-000896,647-V,647V_URINARY_TRACT,URINARY_TRACT,10127622,Selumetinib,3.9618029594421387,3.7508914470672607
ACH-000896,647-V,647V_URINARY_TRACT,URINARY_TRACT,9927531,BIBR-1532,4.44163703918457,5.35034704208374
ACH-000896,647-V,647V_URINARY_TRACT,URINARY_TRACT,2155128,IWP-2,2.8917360305786133,3.2320637702941895
ACH-000896,647-V,647V_URINARY_TRACT,URINARY_TRACT,3899,Leflunomide,5.569575786590576,5.465994834899902
ACH-000896,647-V,647V_URINARY_TRACT,URINARY_TRACT,2314623,CCT007093,4.140672206878662,5.429893970489502
ACH-000896,647-V,647V_URINARY_TRACT,URINARY_TRACT,11404337,Obatoclax Mesylate,-0.7791820168495178,1.4416583776474
ACH-000896,647-V,647V_URINARY_TRACT,URINARY_TRACT,9938202,EHT-1864,3.6759870052337646,4.046433448791504
ACH-000896,647-V,647V_URINARY_TRACT,URINARY_TRACT,25227847,Pyridostatin,2.703913927078247,4.354236125946045
ACH-000896,647-V,647V_URINARY_TRACT,URINARY_TRACT,46883536,Avagacestat,4.900767803192139,5.093649864196777
ACH-000896,647-V,647V_URINARY_TRACT,URINARY_TRACT,3385,5-Fluorouracil,5.704742908477783,5.188287734985352
ACH-000896,647-V,647V_URINARY_TRACT,URINARY_TRACT,68947304,AMG-319,5.225536823272705,5.388056755065918
ACH-000896,647-V,647V_URINARY_TRACT,URINARY_TRACT,11634725,VX-11e,3.8534529209136963,3.159679651260376
ACH-000896,647-V,647V_URINARY_TRACT,URINARY_TRACT,16224745,MK-8776,4.316356182098389,3.9752116203308105
ACH-000896,647-V,647V_URINARY_TRACT,URINARY_TRACT,3062316,Dasatinib,0.9892410039901733,-0.3827909529209137
ACH-000896,647-V,647V_URINARY_TRACT,URINARY_TRACT,36314,Paclitaxel,-1.039268970489502,-2.3104093074798584
ACH-000896,647-V,647V_URINARY_TRACT,URINARY_TRACT,4261,Entinostat,2.9092319011688232,3.080860137939453
ACH-000896,647-V,647V_URINARY_TRACT,URINARY_TRACT,11626560,Crizotinib,3.592705011367798,3.430081367492676
ACH-000896,647-V,647V_URINARY_TRACT,URINARY_TRACT,118704762,LJI308,5.318659782409668,5.379734992980957
ACH-000896,647-V,647V_URINARY_TRACT,URINARY_TRACT,216239,Sorafenib,2.895656108856201,3.1537530422210693
ACH-000896,647-V,647V_URINARY_TRACT,URINARY_TRACT,11364421,BI-2536,-1.8211239576339722,0.9580132961273193
ACH-000896,647-V,647V_URINARY_TRACT,URINARY_TRACT,46926973,LGK974,4.374359130859375,4.614719867706299
ACH-000896,647-V,647V_URINARY_TRACT,URINARY_TRACT,60838,Irinotecan,-0.01990799978375435,4.081944465637207
ACH-000896,647-V,647V_URINARY_TRACT,URINARY_TRACT,5310940,Oxaliplatin,3.794940948486328,4.84103536605835
ACH-000896,647-V,647V_URINARY_TRACT,URINARY_TRACT,117072552,GSK591,4.878599166870117,4.965853214263916
ACH-000896,647-V,647V_URINARY_TRACT,URINARY_TRACT,51000408,VE821,5.011198997497559,4.676448822021484
ACH-000896,647-V,647V_URINARY_TRACT,URINARY_TRACT,25124816,GSK1904529A,4.345797061920166,4.8545074462890625
ACH-000896,647-V,647V_URINARY_TRACT,URINARY_TRACT,59472121,VE-822,4.926216125488281,4.116179466247559
ACH-000896,647-V,647V_URINARY_TRACT,URINARY_TRACT,72200024,WZ4003,4.658872127532959,4.536102771759033
ACH-000896,647-V,647V_URINARY_TRACT,URINARY_TRACT,42623951,CZC24832,5.059213161468506,5.482641220092773
ACH-000896,647-V,647V_URINARY_TRACT,URINARY_TRACT,49847690,AZD5582,-3.1219570636749268,2.817289113998413
ACH-000896,647-V,647V_URINARY_TRACT,URINARY_TRACT,53469448,GSK2606414,3.5979809761047363,4.3008856773376465
ACH-000896,647-V,647V_URINARY_TRACT,URINARY_TRACT,78243717,PFI3,5.090775966644287,5.662806987762451
ACH-000896,647-V,647V_URINARY_TRACT,URINARY_TRACT,24753719,PCI-34051,4.550601005554199,5.238100051879883
ACH-000896,647-V,647V_URINARY_TRACT,URINARY_TRACT,57519544,Wnt-C59,5.37776517868042,4.866009712219238
ACH-000896,647-V,647V_URINARY_TRACT,URINARY_TRACT,46943432,I-BET-762,3.9350459575653076,4.0719313621521
ACH-000896,647-V,647V_URINARY_TRACT,URINARY_TRACT,9936746,OTX015,3.486345052719116,3.2628636360168457
ACH-000896,647-V,647V_URINARY_TRACT,URINARY_TRACT,71268957,GSK343,3.021682024002075,3.367816925048828
ACH-000896,647-V,647V_URINARY_TRACT,URINARY_TRACT,60167849,ML323,4.199263095855713,4.943746089935303
ACH-000896,647-V,647V_URINARY_TRACT,URINARY_TRACT,59473233,Entospletinib,3.9898641109466553,3.7960927486419678
ACH-000896,647-V,647V_URINARY_TRACT,URINARY_TRACT,44462758,PRT062607,4.80151891708374,3.8452022075653076
ACH-000896,647-V,647V_URINARY_TRACT,URINARY_TRACT,44631912,Ribociclib,4.010969161987305,4.438783645629883
ACH-000896,647-V,647V_URINARY_TRACT,URINARY_TRACT,71299339,AGI-6780,5.696102142333984,4.839601039886475
ACH-000896,647-V,647V_URINARY_TRACT,URINARY_TRACT,1018,Picolinici-acid,5.487062931060791,5.5090765953063965
ACH-000896,647-V,647V_URINARY_TRACT,URINARY_TRACT,52918385,PRIMA-1MET,5.5772857666015625,5.4287238121032715
ACH-000896,647-V,647V_URINARY_TRACT,URINARY_TRACT,11609586,Serdemetan,4.155110836029053,4.454260349273682
ACH-000896,647-V,647V_URINARY_TRACT,URINARY_TRACT,42642645,Foretinib,1.544389009475708,1.4155687093734741
ACH-000896,647-V,647V_URINARY_TRACT,URINARY_TRACT,46907787,JQ1,2.2606449127197266,2.986583948135376
ACH-000896,647-V,647V_URINARY_TRACT,URINARY_TRACT,71271629,PFI-1,5.303135871887207,4.717903137207031
ACH-000896,647-V,647V_URINARY_TRACT,URINARY_TRACT,56962337,SGC0946,1.1247739791870117,2.235119581222534
ACH-000896,647-V,647V_URINARY_TRACT,URINARY_TRACT,176870,Erlotinib,2.4432170391082764,2.517441749572754
ACH-000896,647-V,647V_URINARY_TRACT,URINARY_TRACT,9931953,Rucaparib,4.227860927581787,4.526284217834473
ACH-000896,647-V,647V_URINARY_TRACT,URINARY_TRACT,24958200,Niraparib,2.2411398887634277,5.012406349182129
ACH-000896,647-V,647V_URINARY_TRACT,URINARY_TRACT,24856436,MK-1775,0.3878290057182312,1.4874616861343384
ACH-000896,647-V,647V_URINARY_TRACT,URINARY_TRACT,46926350,Dinaciclib,-2.357261896133423,-1.902104139328003
ACH-000896,647-V,647V_URINARY_TRACT,URINARY_TRACT,60750,Gemcitabine,-3.547055959701538,1.619942307472229
ACH-000896,647-V,647V_URINARY_TRACT,URINARY_TRACT,387447,Bortezomib,-5.477788925170898,-4.196593284606934
ACH-000896,647-V,647V_URINARY_TRACT,URINARY_TRACT,2733526,Tamoxifen,3.8307080268859863,4.443164825439453
ACH-000896,647-V,647V_URINARY_TRACT,URINARY_TRACT,104741,Fulvestrant,2.6528639793395996,3.4928998947143555
ACH-000896,647-V,647V_URINARY_TRACT,URINARY_TRACT,56962336,EPZ004777,5.088592052459717,5.561107635498047
ACH-000896,647-V,647V_URINARY_TRACT,URINARY_TRACT,44632017,YK-4-279,3.0040669441223145,3.465125322341919
ACH-000896,647-V,647V_URINARY_TRACT,URINARY_TRACT,9813758,BMS-345541,3.367269992828369,4.1075921058654785
ACH-000896,647-V,647V_URINARY_TRACT,URINARY_TRACT,25099184,AZ960,3.4995970726013184,2.9097859859466553
ACH-000896,647-V,647V_URINARY_TRACT,URINARY_TRACT,51039095,AZD4547,2.438199996948242,3.917234182357788
ACH-000896,647-V,647V_URINARY_TRACT,URINARY_TRACT,24821094,Ibrutinib,5.2338409423828125,3.612337112426758
ACH-000896,647-V,647V_URINARY_TRACT,URINARY_TRACT,70983932,GSK2830371,5.4181809425354,5.844814777374268
ACH-000896,647-V,647V_URINARY_TRACT,URINARY_TRACT,46236925,Sabutoclax,-0.7650160193443298,0.7642947435379028
ACH-000896,647-V,647V_URINARY_TRACT,URINARY_TRACT,11655119,LY2109761,5.7421770095825195,5.3218231201171875
ACH-000896,647-V,647V_URINARY_TRACT,URINARY_TRACT,35397514,OF-1,4.569322109222412,4.386195182800293
ACH-000896,647-V,647V_URINARY_TRACT,URINARY_TRACT,2802462,MN-64,5.538926124572754,4.816711902618408
ACH-000896,647-V,647V_URINARY_TRACT,URINARY_TRACT,73555129,KRAS (G12C) Inhibitor-12,5.518497943878174,5.165676116943359
ACH-000896,647-V,647V_URINARY_TRACT,URINARY_TRACT,462382,MG-132,-1.7870229482650757,-0.8572477102279663
ACH-000896,647-V,647V_URINARY_TRACT,URINARY_TRACT,11707110,Trametinib,1.164391040802002,0.5607324838638306
ACH-000896,647-V,647V_URINARY_TRACT,URINARY_TRACT,44462760,Dabrafenib,5.392531871795654,4.930105209350586
ACH-000896,647-V,647V_URINARY_TRACT,URINARY_TRACT,5394,Temozolomide,4.418395042419434,7.125155448913574
ACH-000896,647-V,647V_URINARY_TRACT,URINARY_TRACT,5460769,Bleomycin (50 uM),2.7628660202026367,4.1793365478515625
ACH-000896,647-V,647V_URINARY_TRACT,URINARY_TRACT,49846579,Venotoclax,1.6436810493469238,3.2597148418426514
ACH-000896,647-V,647V_URINARY_TRACT,URINARY_TRACT,11228183,ABT737,3.443263053894043,2.344259738922119
ACH-000896,647-V,647V_URINARY_TRACT,URINARY_TRACT,46843057,Afuresertib,3.926140069961548,2.7518904209136963
ACH-000896,647-V,647V_URINARY_TRACT,URINARY_TRACT,56645356,AGI-5198,5.010793209075928,5.055576324462891
ACH-000896,647-V,647V_URINARY_TRACT,URINARY_TRACT,78209992,AZD3759,2.1604459285736084,2.2410354614257812
ACH-000896,647-V,647V_URINARY_TRACT,URINARY_TRACT,54761306,AZD6738,2.0835139751434326,2.7741658687591553
ACH-000896,647-V,647V_URINARY_TRACT,URINARY_TRACT,52913813,AZD8186,2.6638779640197754,2.8272104263305664
ACH-000896,647-V,647V_URINARY_TRACT,URINARY_TRACT,71496458,Osimertinib,2.066567897796631,1.2065261602401733
ACH-000896,647-V,647V_URINARY_TRACT,URINARY_TRACT,9933475,Cediranib,1.9010740518569946,2.3208096027374268
ACH-000896,647-V,647V_URINARY_TRACT,URINARY_TRACT,24788740,Ipatasertib,4.666543006896973,3.5377256870269775
ACH-000896,647-V,647V_URINARY_TRACT,URINARY_TRACT,56941241,GDC0810,5.327544212341309,5.34576940536499
ACH-000896,647-V,647V_URINARY_TRACT,URINARY_TRACT,70676303,GNE-317,0.5260019898414612,0.9904398918151855
ACH-000896,647-V,647V_URINARY_TRACT,URINARY_TRACT,68107965,GSK2578215A,4.869287014007568,5.278158664703369
ACH-000896,647-V,647V_URINARY_TRACT,URINARY_TRACT,91668541,I-BRD9,4.719776153564453,5.144277572631836
ACH-000896,647-V,647V_URINARY_TRACT,URINARY_TRACT,10385095,Telomerase Inhibitor IX,-0.10958100110292435,1.7080663442611694
ACH-000896,647-V,647V_URINARY_TRACT,URINARY_TRACT,227681,MIRA-1,5.7100629806518555,5.885855674743652
ACH-000896,647-V,647V_URINARY_TRACT,URINARY_TRACT,9825149,NVP-ADW742,2.8554790019989014,3.529705047607422
ACH-000896,647-V,647V_URINARY_TRACT,URINARY_TRACT,46931953,P22077,3.96560001373291,5.129981517791748
ACH-000896,647-V,647V_URINARY_TRACT,URINARY_TRACT,68289010,Savolitinib,1.1777160167694092,3.0622644424438477
ACH-000896,647-V,647V_URINARY_TRACT,URINARY_TRACT,992586,UMI-77,1.6987450122833252,3.270467758178711
ACH-000896,647-V,647V_URINARY_TRACT,URINARY_TRACT,2984337,WIKI4,3.820441961288452,3.7439804077148438
ACH-000896,647-V,647V_URINARY_TRACT,URINARY_TRACT,11178236,Sepantronium bromide,-5.770750999450684,-4.221436023712158
ACH-000896,647-V,647V_URINARY_TRACT,URINARY_TRACT,71297207,WEHI-539,3.5107688903808594,4.150997161865234
ACH-000896,647-V,647V_URINARY_TRACT,URINARY_TRACT,104842,SN-38,-6.631518840789795,-0.22084125876426697
ACH-000896,647-V,647V_URINARY_TRACT,URINARY_TRACT,25126798,Ruxolitinib,5.124530792236328,5.403561115264893
ACH-000896,647-V,647V_URINARY_TRACT,URINARY_TRACT,11640390,Linsitinib,4.173131942749023,4.559247970581055
ACH-000896,647-V,647V_URINARY_TRACT,URINARY_TRACT,41867,Epirubicin,-1.8477599620819092,0.6482081413269043
ACH-000896,647-V,647V_URINARY_TRACT,URINARY_TRACT,2907,Cyclophosphamide,5.386631011962891,5.580247402191162
ACH-000896,647-V,647V_URINARY_TRACT,URINARY_TRACT,24360,Camptothecin,-4.5780029296875,-0.7746131420135498
ACH-000896,647-V,647V_URINARY_TRACT,URINARY_TRACT,6710780,Vinblastine,-1.945654034614563,-2.769566059112549
ACH-000896,647-V,647V_URINARY_TRACT,URINARY_TRACT,84691,Cisplatin,1.193861961364746,4.267739295959473
ACH-000896,647-V,647V_URINARY_TRACT,URINARY_TRACT,6253,Cytarabine,1.0057669878005981,3.3300230503082275
ACH-000896,647-V,647V_URINARY_TRACT,URINARY_TRACT,148124,Docetaxel,-5.285679817199707,-4.042311668395996
ACH-000896,647-V,647V_URINARY_TRACT,URINARY_TRACT,126941,Methotrexate,1.3147820234298706,0.9798766374588013
ACH-000896,647-V,647V_URINARY_TRACT,URINARY_TRACT,123631,Gefitinib,3.360305070877075,2.8391342163085938
ACH-000896,647-V,647V_URINARY_TRACT,URINARY_TRACT,24978538,Navitoclax,2.318243980407715,2.15661358833313
ACH-000896,647-V,647V_URINARY_TRACT,URINARY_TRACT,5311,Vorinostat,1.866718053817749,2.320870876312256
ACH-000896,647-V,647V_URINARY_TRACT,URINARY_TRACT,644241,Nilotinib,4.361504077911377,4.086506366729736
ACH-000896,647-V,647V_URINARY_TRACT,URINARY_TRACT,44182295,Refametinib,3.2628159523010254,2.277153253555298
ACH-000896,647-V,647V_URINARY_TRACT,URINARY_TRACT,6918289,Temsirolimus,0.6549530029296875,1.606884241104126
ACH-000896,647-V,647V_URINARY_TRACT,URINARY_TRACT,23725625,Olaparib,2.347985029220581,5.011096000671387
ACH-000896,647-V,647V_URINARY_TRACT,URINARY_TRACT,11960529,Veliparib,4.8642659187316895,5.5388360023498535
ACH-000896,647-V,647V_URINARY_TRACT,URINARY_TRACT,5328940,Bosutinib,3.5242249965667725,2.896042823791504
ACH-000896,647-V,647V_URINARY_TRACT,URINARY_TRACT,216326,Lenalidomide,5.349917888641357,5.655811786651611
ACH-000896,647-V,647V_URINARY_TRACT,URINARY_TRACT,6450551,Axitinib,2.8094420433044434,3.9551758766174316
ACH-000896,647-V,647V_URINARY_TRACT,URINARY_TRACT,11152667,AZD7762,-0.10006599873304367,1.082390546798706
ACH-000896,647-V,647V_URINARY_TRACT,URINARY_TRACT,9943465,GW441756,2.334289073944092,3.7252743244171143
ACH-000566,SW-1710,SW1710_URINARY_TRACT,URINARY_TRACT,126565,Lestaurtinib,-0.041797999292612076,0.6478419303894043
ACH-000566,SW-1710,SW1710_URINARY_TRACT,URINARY_TRACT,176158,SB216763,5.643735885620117,5.392142295837402
ACH-000566,SW-1710,SW1710_URINARY_TRACT,URINARY_TRACT,6505803,Tanespimycin,0.24103400111198425,0.33339887857437134
ACH-000566,SW-1710,SW1710_URINARY_TRACT,URINARY_TRACT,5311497,Vinorelbine,-1.2530109882354736,-2.6296074390411377
ACH-000566,SW-1710,SW1710_URINARY_TRACT,URINARY_TRACT,11667893,Motesanib,6.216436862945557,5.780304908752441
ACH-000566,SW-1710,SW1710_URINARY_TRACT,URINARY_TRACT,5278396,KU-55933,5.916814804077148,5.285347938537598
ACH-000566,SW-1710,SW1710_URINARY_TRACT,URINARY_TRACT,10184653,Afatinib,2.7162110805511475,2.0438807010650635
ACH-000566,SW-1710,SW1710_URINARY_TRACT,URINARY_TRACT,24776445,Vismodegib,6.1577301025390625,5.308267116546631
ACH-000566,SW-1710,SW1710_URINARY_TRACT,URINARY_TRACT,24180719,PLX-4720,4.576447010040283,4.47635555267334
ACH-000566,SW-1710,SW1710_URINARY_TRACT,URINARY_TRACT,11327430,NU7441,4.812364101409912,3.1173222064971924
ACH-000566,SW-1710,SW1710_URINARY_TRACT,URINARY_TRACT,16720766,Pevonedistat,2.2749791145324707,1.3025140762329102
ACH-000566,SW-1710,SW1710_URINARY_TRACT,URINARY_TRACT,11488320,Sapitinib,4.919147968292236,4.280220985412598
ACH-000566,SW-1710,SW1710_URINARY_TRACT,URINARY_TRACT,156422,Doramapimod,5.310029029846191,5.362405300140381
ACH-000566,SW-1710,SW1710_URINARY_TRACT,URINARY_TRACT,11624601,JNK Inhibitor VIII,5.136165142059326,5.432243824005127
ACH-000566,SW-1710,SW1710_URINARY_TRACT,URINARY_TRACT,51042438,Uprosertib,2.891486883163452,2.9932596683502197
ACH-000566,SW-1710,SW1710_URINARY_TRACT,URINARY_TRACT,24737642,LCL161,5.697360038757324,5.071211338043213
ACH-000566,SW-1710,SW1710_URINARY_TRACT,URINARY_TRACT,10384072,Wee1 Inhibitor,2.171505928039551,2.314321994781494
ACH-000566,SW-1710,SW1710_URINARY_TRACT,URINARY_TRACT,11433190,Nutlin-3a (-),5.90339994430542,4.0193586349487305
ACH-000566,SW-1710,SW1710_URINARY_TRACT,URINARY_TRACT,208908,Lapatinib,3.1718339920043945,3.667959690093994
ACH-000566,SW-1710,SW1710_URINARY_TRACT,URINARY_TRACT,1401,PD173074,4.173937797546387,3.8716683387756348
ACH-000566,SW-1710,SW1710_URINARY_TRACT,URINARY_TRACT,9914412,ZM447439,3.0613040924072266,2.956395387649536
ACH-000566,SW-1710,SW1710_URINARY_TRACT,URINARY_TRACT,24771867,Alisertib,2.844182014465332,1.7444275617599487
ACH-000566,SW-1710,SW1710_URINARY_TRACT,URINARY_TRACT,56649450,Alpelisib,5.045416831970215,3.643484115600586
ACH-000566,SW-1710,SW1710_URINARY_TRACT,URINARY_TRACT,46930998,MK-2206,3.1334009170532227,2.8315165042877197
ACH-000566,SW-1710,SW1710_URINARY_TRACT,URINARY_TRACT,5330286,Palbociclib,3.035633087158203,3.373297929763794
ACH-000566,SW-1710,SW1710_URINARY_TRACT,URINARY_TRACT,51001932,Taselisib,3.119555950164795,1.8933947086334229
ACH-000566,SW-1710,SW1710_URINARY_TRACT,URINARY_TRACT,57345410,EPZ5676,6.485167026519775,5.799436569213867
ACH-000566,SW-1710,SW1710_URINARY_TRACT,URINARY_TRACT,11977753,Dactolisib,-1.780830979347229,-1.1099967956542969
ACH-000566,SW-1710,SW1710_URINARY_TRACT,URINARY_TRACT,17755052,Pictilisib,1.164410948753357,1.2894684076309204
ACH-000566,SW-1710,SW1710_URINARY_TRACT,URINARY_TRACT,25262965,AZD8055,0.3470419943332672,0.4202500879764557
ACH-000566,SW-1710,SW1710_URINARY_TRACT,URINARY_TRACT,9826528,PD0325901,1.7825549840927124,1.593973159790039
ACH-000566,SW-1710,SW1710_URINARY_TRACT,URINARY_TRACT,24866313,SCH772984,2.8394739627838135,2.9179909229278564
ACH-000566,SW-1710,SW1710_URINARY_TRACT,URINARY_TRACT,10127622,Selumetinib,4.113724231719971,3.745466470718384
ACH-000566,SW-1710,SW1710_URINARY_TRACT,URINARY_TRACT,9927531,BIBR-1532,5.087893962860107,5.35585355758667
ACH-000566,SW-1710,SW1710_URINARY_TRACT,URINARY_TRACT,2155128,IWP-2,3.3014519214630127,3.344139337539673
ACH-000566,SW-1710,SW1710_URINARY_TRACT,URINARY_TRACT,3899,Leflunomide,5.584776878356934,5.397904396057129
ACH-000566,SW-1710,SW1710_URINARY_TRACT,URINARY_TRACT,2314623,CCT007093,5.7642412185668945,5.501996040344238
ACH-000566,SW-1710,SW1710_URINARY_TRACT,URINARY_TRACT,11404337,Obatoclax Mesylate,0.9563930034637451,1.2562941312789917
ACH-000566,SW-1710,SW1710_URINARY_TRACT,URINARY_TRACT,9938202,EHT-1864,3.5338380336761475,4.249876022338867
ACH-000566,SW-1710,SW1710_URINARY_TRACT,URINARY_TRACT,25227847,Pyridostatin,4.137779235839844,4.175453186035156
ACH-000566,SW-1710,SW1710_URINARY_TRACT,URINARY_TRACT,46883536,Avagacestat,6.516471862792969,5.0357513427734375
ACH-000566,SW-1710,SW1710_URINARY_TRACT,URINARY_TRACT,3385,5-Fluorouracil,5.943667888641357,4.417604923248291
ACH-000566,SW-1710,SW1710_URINARY_TRACT,URINARY_TRACT,68947304,AMG-319,4.984046936035156,5.030689239501953
ACH-000566,SW-1710,SW1710_URINARY_TRACT,URINARY_TRACT,11634725,VX-11e,4.269446849822998,3.068380117416382
ACH-000566,SW-1710,SW1710_URINARY_TRACT,URINARY_TRACT,16224745,MK-8776,4.781424045562744,3.3138060569763184
ACH-000566,SW-1710,SW1710_URINARY_TRACT,URINARY_TRACT,3062316,Dasatinib,-2.0487821102142334,-1.146754264831543
ACH-000566,SW-1710,SW1710_URINARY_TRACT,URINARY_TRACT,36314,Paclitaxel,-4.124148845672607,-2.4576776027679443
ACH-000566,SW-1710,SW1710_URINARY_TRACT,URINARY_TRACT,4261,Entinostat,3.0800600051879883,2.720187187194824
ACH-000566,SW-1710,SW1710_URINARY_TRACT,URINARY_TRACT,11626560,Crizotinib,2.6623220443725586,2.726940393447876
ACH-000566,SW-1710,SW1710_URINARY_TRACT,URINARY_TRACT,118704762,LJI308,6.149133205413818,5.201061725616455
ACH-000566,SW-1710,SW1710_URINARY_TRACT,URINARY_TRACT,216239,Sorafenib,3.3160369396209717,3.068680763244629
ACH-000566,SW-1710,SW1710_URINARY_TRACT,URINARY_TRACT,11364421,BI-2536,-0.2985549867153168,-0.28939568996429443
ACH-000566,SW-1710,SW1710_URINARY_TRACT,URINARY_TRACT,46926973,LGK974,4.474775791168213,4.831902503967285
ACH-000566,SW-1710,SW1710_URINARY_TRACT,URINARY_TRACT,60838,Irinotecan,5.05373477935791,2.578742742538452
ACH-000566,SW-1710,SW1710_URINARY_TRACT,URINARY_TRACT,5310940,Oxaliplatin,6.4173197746276855,3.8166685104370117
ACH-000566,SW-1710,SW1710_URINARY_TRACT,URINARY_TRACT,117072552,GSK591,4.825768947601318,4.766239166259766
ACH-000566,SW-1710,SW1710_URINARY_TRACT,URINARY_TRACT,51000408,VE821,6.115762233734131,4.0658440589904785
ACH-000566,SW-1710,SW1710_URINARY_TRACT,URINARY_TRACT,25124816,GSK1904529A,4.1863532066345215,4.772465229034424
ACH-000566,SW-1710,SW1710_URINARY_TRACT,URINARY_TRACT,59472121,VE-822,3.637298107147217,3.4235281944274902
ACH-000566,SW-1710,SW1710_URINARY_TRACT,URINARY_TRACT,72200024,WZ4003,3.1041979789733887,4.184195518493652
ACH-000566,SW-1710,SW1710_URINARY_TRACT,URINARY_TRACT,42623951,CZC24832,4.569729804992676,5.38753604888916
ACH-000566,SW-1710,SW1710_URINARY_TRACT,URINARY_TRACT,49847690,AZD5582,3.3130319118499756,2.3505663871765137
ACH-000566,SW-1710,SW1710_URINARY_TRACT,URINARY_TRACT,53469448,GSK2606414,3.9306108951568604,4.02199649810791
ACH-000566,SW-1710,SW1710_URINARY_TRACT,URINARY_TRACT,78243717,PFI3,5.6089768409729,5.647841453552246
ACH-000566,SW-1710,SW1710_URINARY_TRACT,URINARY_TRACT,24753719,PCI-34051,4.668166160583496,4.800850868225098
ACH-000566,SW-1710,SW1710_URINARY_TRACT,URINARY_TRACT,57519544,Wnt-C59,4.046337127685547,4.811164379119873
ACH-000566,SW-1710,SW1710_URINARY_TRACT,URINARY_TRACT,46943432,I-BET-762,3.672430992126465,3.1567203998565674
ACH-000566,SW-1710,SW1710_URINARY_TRACT,URINARY_TRACT,9936746,OTX015,2.7679080963134766,2.275251626968384
ACH-000566,SW-1710,SW1710_URINARY_TRACT,URINARY_TRACT,71268957,GSK343,2.5565741062164307,3.304459571838379
ACH-000566,SW-1710,SW1710_URINARY_TRACT,URINARY_TRACT,60167849,ML323,5.633985996246338,4.984714508056641
ACH-000566,SW-1710,SW1710_URINARY_TRACT,URINARY_TRACT,59473233,Entospletinib,3.2117929458618164,3.5177814960479736
ACH-000566,SW-1710,SW1710_URINARY_TRACT,URINARY_TRACT,44462758,PRT062607,4.2187089920043945,3.2730824947357178
ACH-000566,SW-1710,SW1710_URINARY_TRACT,URINARY_TRACT,44631912,Ribociclib,4.819475173950195,3.810446262359619
ACH-000566,SW-1710,SW1710_URINARY_TRACT,URINARY_TRACT,71299339,AGI-6780,5.3889031410217285,4.83354377746582
ACH-000566,SW-1710,SW1710_URINARY_TRACT,URINARY_TRACT,1018,Picolinici-acid,5.875068187713623,5.546186447143555
ACH-000566,SW-1710,SW1710_URINARY_TRACT,URINARY_TRACT,52918385,PRIMA-1MET,3.358164072036743,4.668300628662109
ACH-000566,SW-1710,SW1710_URINARY_TRACT,URINARY_TRACT,11609586,Serdemetan,5.594223976135254,4.0434651374816895
ACH-000566,SW-1710,SW1710_URINARY_TRACT,URINARY_TRACT,42642645,Foretinib,1.278283953666687,1.0743389129638672
ACH-000566,SW-1710,SW1710_URINARY_TRACT,URINARY_TRACT,46907787,JQ1,3.3590850830078125,1.968666672706604
ACH-000566,SW-1710,SW1710_URINARY_TRACT,URINARY_TRACT,11455910,TW 37,3.5995430946350098,1.8011027574539185
ACH-000566,SW-1710,SW1710_URINARY_TRACT,URINARY_TRACT,71271629,PFI-1,3.689565896987915,4.358227252960205
ACH-000566,SW-1710,SW1710_URINARY_TRACT,URINARY_TRACT,56962337,SGC0946,1.9412490129470825,2.3805930614471436
ACH-000566,SW-1710,SW1710_URINARY_TRACT,URINARY_TRACT,176870,Erlotinib,3.951235055923462,3.3346993923187256
ACH-000566,SW-1710,SW1710_URINARY_TRACT,URINARY_TRACT,9931953,Rucaparib,5.486998081207275,4.327705383300781
ACH-000566,SW-1710,SW1710_URINARY_TRACT,URINARY_TRACT,24958200,Niraparib,4.821131229400635,4.451168060302734
ACH-000566,SW-1710,SW1710_URINARY_TRACT,URINARY_TRACT,24856436,MK-1775,1.3101680278778076,1.0295355319976807
ACH-000566,SW-1710,SW1710_URINARY_TRACT,URINARY_TRACT,46926350,Dinaciclib,-2.0354390144348145,-2.1609230041503906
ACH-000566,SW-1710,SW1710_URINARY_TRACT,URINARY_TRACT,60750,Gemcitabine,2.3023879528045654,-0.499066561460495
ACH-000566,SW-1710,SW1710_URINARY_TRACT,URINARY_TRACT,387447,Bortezomib,-5.528449058532715,-4.463846206665039
ACH-000566,SW-1710,SW1710_URINARY_TRACT,URINARY_TRACT,2733526,Tamoxifen,3.336277961730957,4.372426986694336
ACH-000566,SW-1710,SW1710_URINARY_TRACT,URINARY_TRACT,104741,Fulvestrant,2.809130907058716,3.608628511428833
ACH-000566,SW-1710,SW1710_URINARY_TRACT,URINARY_TRACT,56962336,EPZ004777,5.85548210144043,5.532898902893066
ACH-000566,SW-1710,SW1710_URINARY_TRACT,URINARY_TRACT,44632017,YK-4-279,2.525012969970703,2.6593525409698486
ACH-000566,SW-1710,SW1710_URINARY_TRACT,URINARY_TRACT,6914657,Daporinad,-4.164287090301514,-2.8747096061706543
ACH-000566,SW-1710,SW1710_URINARY_TRACT,URINARY_TRACT,9813758,BMS-345541,4.170219898223877,3.622894525527954
ACH-000566,SW-1710,SW1710_URINARY_TRACT,URINARY_TRACT,25099184,AZ960,1.4164060354232788,1.9643827676773071
ACH-000566,SW-1710,SW1710_URINARY_TRACT,URINARY_TRACT,51039095,AZD4547,3.2719240188598633,3.394821882247925
ACH-000566,SW-1710,SW1710_URINARY_TRACT,URINARY_TRACT,24821094,Ibrutinib,4.3782548904418945,4.475700855255127
ACH-000566,SW-1710,SW1710_URINARY_TRACT,URINARY_TRACT,70983932,GSK2830371,6.218151092529297,5.6933369636535645
ACH-000566,SW-1710,SW1710_URINARY_TRACT,URINARY_TRACT,46236925,Sabutoclax,1.2363159656524658,0.5445601940155029
ACH-000566,SW-1710,SW1710_URINARY_TRACT,URINARY_TRACT,11655119,LY2109761,6.1009039878845215,5.286975383758545
ACH-000566,SW-1710,SW1710_URINARY_TRACT,URINARY_TRACT,35397514,OF-1,4.071455001831055,4.729554653167725
ACH-000566,SW-1710,SW1710_URINARY_TRACT,URINARY_TRACT,2802462,MN-64,5.663185119628906,4.9741668701171875
ACH-000566,SW-1710,SW1710_URINARY_TRACT,URINARY_TRACT,73555129,KRAS (G12C) Inhibitor-12,6.035229206085205,4.855413913726807
ACH-000566,SW-1710,SW1710_URINARY_TRACT,URINARY_TRACT,462382,MG-132,-1.8905400037765503,-0.8660154342651367
ACH-000566,SW-1710,SW1710_URINARY_TRACT,URINARY_TRACT,11707110,Trametinib,0.7543690204620361,0.356934517621994
ACH-000566,SW-1710,SW1710_URINARY_TRACT,URINARY_TRACT,44462760,Dabrafenib,5.821900844573975,4.346026420593262
ACH-000566,SW-1710,SW1710_URINARY_TRACT,URINARY_TRACT,5394,Temozolomide,7.2928900718688965,6.7981767654418945
ACH-000566,SW-1710,SW1710_URINARY_TRACT,URINARY_TRACT,5460769,Bleomycin (50 uM),5.6409831047058105,3.1301896572113037
ACH-000566,SW-1710,SW1710_URINARY_TRACT,URINARY_TRACT,49846579,Venotoclax,3.4202609062194824,2.9825284481048584
ACH-000566,SW-1710,SW1710_URINARY_TRACT,URINARY_TRACT,11228183,ABT737,2.721369981765747,1.71671462059021
ACH-000566,SW-1710,SW1710_URINARY_TRACT,URINARY_TRACT,46843057,Afuresertib,2.5808730125427246,2.607100486755371
ACH-000566,SW-1710,SW1710_URINARY_TRACT,URINARY_TRACT,56645356,AGI-5198,5.952731132507324,5.081995964050293
ACH-000566,SW-1710,SW1710_URINARY_TRACT,URINARY_TRACT,78209992,AZD3759,3.152462959289551,3.0245468616485596
ACH-000566,SW-1710,SW1710_URINARY_TRACT,URINARY_TRACT,54761306,AZD6738,2.8513948917388916,2.342885971069336
ACH-000566,SW-1710,SW1710_URINARY_TRACT,URINARY_TRACT,52913813,AZD8186,3.6251590251922607,2.800042152404785
ACH-000566,SW-1710,SW1710_URINARY_TRACT,URINARY_TRACT,71496458,Osimertinib,3.108283042907715,2.1407508850097656
ACH-000566,SW-1710,SW1710_URINARY_TRACT,URINARY_TRACT,9933475,Cediranib,1.5521520376205444,2.245748996734619
ACH-000566,SW-1710,SW1710_URINARY_TRACT,URINARY_TRACT,24788740,Ipatasertib,3.536710023880005,3.350687265396118
ACH-000566,SW-1710,SW1710_URINARY_TRACT,URINARY_TRACT,56941241,GDC0810,5.175135135650635,5.417104721069336
ACH-000566,SW-1710,SW1710_URINARY_TRACT,URINARY_TRACT,70676303,GNE-317,0.9693840146064758,0.9131996631622314
ACH-000566,SW-1710,SW1710_URINARY_TRACT,URINARY_TRACT,68107965,GSK2578215A,5.825876235961914,5.320716857910156
ACH-000566,SW-1710,SW1710_URINARY_TRACT,URINARY_TRACT,91668541,I-BRD9,4.502060890197754,4.775976657867432
ACH-000566,SW-1710,SW1710_URINARY_TRACT,URINARY_TRACT,10385095,Telomerase Inhibitor IX,1.1769779920578003,1.3978006839752197
ACH-000566,SW-1710,SW1710_URINARY_TRACT,URINARY_TRACT,227681,MIRA-1,5.752678871154785,5.648936748504639
ACH-000566,SW-1710,SW1710_URINARY_TRACT,URINARY_TRACT,9825149,NVP-ADW742,3.7517619132995605,3.030557870864868
ACH-000566,SW-1710,SW1710_URINARY_TRACT,URINARY_TRACT,46931953,P22077,5.859182834625244,4.905734062194824
ACH-000566,SW-1710,SW1710_URINARY_TRACT,URINARY_TRACT,68289010,Savolitinib,3.7499279975891113,3.054821491241455
ACH-000566,SW-1710,SW1710_URINARY_TRACT,URINARY_TRACT,992586,UMI-77,3.6015000343322754,3.2912328243255615
ACH-000566,SW-1710,SW1710_URINARY_TRACT,URINARY_TRACT,2984337,WIKI4,2.747628927230835,3.932994842529297
ACH-000566,SW-1710,SW1710_URINARY_TRACT,URINARY_TRACT,11178236,Sepantronium bromide,-5.880353927612305,-4.236055374145508
ACH-000566,SW-1710,SW1710_URINARY_TRACT,URINARY_TRACT,71297207,WEHI-539,3.848607063293457,4.215625762939453
ACH-000566,SW-1710,SW1710_URINARY_TRACT,URINARY_TRACT,104842,SN-38,3.9105629920959473,-3.1163828372955322
ACH-000566,SW-1710,SW1710_URINARY_TRACT,URINARY_TRACT,25126798,Ruxolitinib,5.482669830322266,5.149157524108887
ACH-000566,SW-1710,SW1710_URINARY_TRACT,URINARY_TRACT,11640390,Linsitinib,4.40969181060791,4.425380706787109
ACH-000566,SW-1710,SW1710_URINARY_TRACT,URINARY_TRACT,41867,Epirubicin,-0.2560490071773529,-0.18153798580169678
ACH-000566,SW-1710,SW1710_URINARY_TRACT,URINARY_TRACT,2907,Cyclophosphamide,5.074257850646973,5.607921123504639
ACH-000566,SW-1710,SW1710_URINARY_TRACT,URINARY_TRACT,24360,Camptothecin,0.17216899991035461,-1.9047002792358398
ACH-000566,SW-1710,SW1710_URINARY_TRACT,URINARY_TRACT,6710780,Vinblastine,-4.720184803009033,-3.4979054927825928
ACH-000566,SW-1710,SW1710_URINARY_TRACT,URINARY_TRACT,84691,Cisplatin,6.279977798461914,3.076136350631714
ACH-000566,SW-1710,SW1710_URINARY_TRACT,URINARY_TRACT,6253,Cytarabine,3.0578598976135254,2.082481861114502
ACH-000566,SW-1710,SW1710_URINARY_TRACT,URINARY_TRACT,148124,Docetaxel,-5.193649768829346,-4.373232364654541
ACH-000566,SW-1710,SW1710_URINARY_TRACT,URINARY_TRACT,126941,Methotrexate,2.753156900405884,0.7882256507873535
ACH-000566,SW-1710,SW1710_URINARY_TRACT,URINARY_TRACT,123631,Gefitinib,4.3245720863342285,3.6532647609710693
ACH-000566,SW-1710,SW1710_URINARY_TRACT,URINARY_TRACT,24978538,Navitoclax,2.4008259773254395,1.5733683109283447
ACH-000566,SW-1710,SW1710_URINARY_TRACT,URINARY_TRACT,5311,Vorinostat,1.8853529691696167,2.113697052001953
ACH-000566,SW-1710,SW1710_URINARY_TRACT,URINARY_TRACT,644241,Nilotinib,5.067613124847412,3.3701250553131104
ACH-000566,SW-1710,SW1710_URINARY_TRACT,URINARY_TRACT,44182295,Refametinib,3.090506076812744,2.4288783073425293
ACH-000566,SW-1710,SW1710_URINARY_TRACT,URINARY_TRACT,6918289,Temsirolimus,2.1431829929351807,1.3163321018218994
ACH-000566,SW-1710,SW1710_URINARY_TRACT,URINARY_TRACT,23725625,Olaparib,4.994895935058594,4.618196964263916
ACH-000566,SW-1710,SW1710_URINARY_TRACT,URINARY_TRACT,11960529,Veliparib,6.147462844848633,5.533950328826904
ACH-000566,SW-1710,SW1710_URINARY_TRACT,URINARY_TRACT,5328940,Bosutinib,2.7785449028015137,2.334575653076172
ACH-000566,SW-1710,SW1710_URINARY_TRACT,URINARY_TRACT,216326,Lenalidomide,5.310171127319336,5.579820156097412
ACH-000566,SW-1710,SW1710_URINARY_TRACT,URINARY_TRACT,6450551,Axitinib,3.8842759132385254,3.237534761428833
ACH-000566,SW-1710,SW1710_URINARY_TRACT,URINARY_TRACT,11152667,AZD7762,0.2964639961719513,0.6424804925918579
ACH-000566,SW-1710,SW1710_URINARY_TRACT,URINARY_TRACT,9943465,GW441756,4.438855171203613,3.772211790084839
ACH-000142,CAL-29,CAL29_URINARY_TRACT,URINARY_TRACT,126565,Lestaurtinib,0.3249090015888214,0.8244848251342773
ACH-000142,CAL-29,CAL29_URINARY_TRACT,URINARY_TRACT,176158,SB216763,5.1483612060546875,5.0177412033081055
ACH-000142,CAL-29,CAL29_URINARY_TRACT,URINARY_TRACT,6505803,Tanespimycin,-2.381865978240967,-0.28112924098968506
ACH-000142,CAL-29,CAL29_URINARY_TRACT,URINARY_TRACT,5311497,Vinorelbine,-3.5688390731811523,-3.3315680027008057
ACH-000142,CAL-29,CAL29_URINARY_TRACT,URINARY_TRACT,11667893,Motesanib,5.492371082305908,5.464083194732666
ACH-000142,CAL-29,CAL29_URINARY_TRACT,URINARY_TRACT,5278396,KU-55933,5.492371082305908,4.907320976257324
ACH-000142,CAL-29,CAL29_URINARY_TRACT,URINARY_TRACT,10184653,Afatinib,0.7018229961395264,-0.04798920452594757
ACH-000142,CAL-29,CAL29_URINARY_TRACT,URINARY_TRACT,24776445,Vismodegib,5.492371082305908,4.923105239868164
ACH-000142,CAL-29,CAL29_URINARY_TRACT,URINARY_TRACT,24180719,PLX-4720,5.799248218536377,4.4396586418151855
ACH-000142,CAL-29,CAL29_URINARY_TRACT,URINARY_TRACT,11327430,NU7441,2.9758970737457275,2.7345197200775146
ACH-000142,CAL-29,CAL29_URINARY_TRACT,URINARY_TRACT,16720766,Pevonedistat,-0.42448800802230835,1.4677060842514038
ACH-000142,CAL-29,CAL29_URINARY_TRACT,URINARY_TRACT,11488320,Sapitinib,1.05492103099823,1.0630027055740356
ACH-000142,CAL-29,CAL29_URINARY_TRACT,URINARY_TRACT,156422,Doramapimod,5.35553503036499,4.903521537780762
ACH-000142,CAL-29,CAL29_URINARY_TRACT,URINARY_TRACT,11624601,JNK Inhibitor VIII,4.116908073425293,4.996161937713623
ACH-000142,CAL-29,CAL29_URINARY_TRACT,URINARY_TRACT,51042438,Uprosertib,1.4223109483718872,1.839442491531372
ACH-000142,CAL-29,CAL29_URINARY_TRACT,URINARY_TRACT,24737642,LCL161,5.397744178771973,4.599764823913574
ACH-000142,CAL-29,CAL29_URINARY_TRACT,URINARY_TRACT,10384072,Wee1 Inhibitor,1.5805089473724365,2.214390277862549
ACH-000142,CAL-29,CAL29_URINARY_TRACT,URINARY_TRACT,11433190,Nutlin-3a (-),5.690021991729736,4.87283992767334
ACH-000142,CAL-29,CAL29_URINARY_TRACT,URINARY_TRACT,208908,Lapatinib,2.1175129413604736,1.5305227041244507
ACH-000142,CAL-29,CAL29_URINARY_TRACT,URINARY_TRACT,1401,PD173074,3.973233938217163,3.822324514389038
ACH-000142,CAL-29,CAL29_URINARY_TRACT,URINARY_TRACT,9914412,ZM447439,1.0985150337219238,2.5736782550811768
ACH-000142,CAL-29,CAL29_URINARY_TRACT,URINARY_TRACT,24771867,Alisertib,3.4431800842285156,2.1071197986602783
ACH-000142,CAL-29,CAL29_URINARY_TRACT,URINARY_TRACT,56649450,Alpelisib,0.6590390205383301,2.196727752685547
ACH-000142,CAL-29,CAL29_URINARY_TRACT,URINARY_TRACT,46930998,MK-2206,1.4327460527420044,1.8497331142425537
ACH-000142,CAL-29,CAL29_URINARY_TRACT,URINARY_TRACT,5330286,Palbociclib,4.80742883682251,3.6968493461608887
ACH-000142,CAL-29,CAL29_URINARY_TRACT,URINARY_TRACT,51001932,Taselisib,-2.149139881134033,0.3749254643917084
ACH-000142,CAL-29,CAL29_URINARY_TRACT,URINARY_TRACT,57345410,EPZ5676,5.61210298538208,5.436558723449707
ACH-000142,CAL-29,CAL29_URINARY_TRACT,URINARY_TRACT,11977753,Dactolisib,-2.6326420307159424,-1.3033723831176758
ACH-000142,CAL-29,CAL29_URINARY_TRACT,URINARY_TRACT,17755052,Pictilisib,-0.44747599959373474,0.2668715715408325
ACH-000142,CAL-29,CAL29_URINARY_TRACT,URINARY_TRACT,25262965,AZD8055,-1.5044039487838745,-0.045660898089408875
ACH-000142,CAL-29,CAL29_URINARY_TRACT,URINARY_TRACT,9826528,PD0325901,0.7613279819488525,1.9520865678787231
ACH-000142,CAL-29,CAL29_URINARY_TRACT,URINARY_TRACT,24866313,SCH772984,1.9672720432281494,2.8235840797424316
ACH-000142,CAL-29,CAL29_URINARY_TRACT,URINARY_TRACT,10127622,Selumetinib,2.4669010639190674,3.563655376434326
ACH-000142,CAL-29,CAL29_URINARY_TRACT,URINARY_TRACT,9927531,BIBR-1532,5.136143207550049,4.924895763397217
ACH-000142,CAL-29,CAL29_URINARY_TRACT,URINARY_TRACT,2155128,IWP-2,3.0784080028533936,2.7613816261291504
ACH-000142,CAL-29,CAL29_URINARY_TRACT,URINARY_TRACT,3899,Leflunomide,4.8483710289001465,5.135506629943848
ACH-000142,CAL-29,CAL29_URINARY_TRACT,URINARY_TRACT,2314623,CCT007093,5.603949069976807,4.97733736038208
ACH-000142,CAL-29,CAL29_URINARY_TRACT,URINARY_TRACT,11404337,Obatoclax Mesylate,0.07438799738883972,1.143241047859192
ACH-000142,CAL-29,CAL29_URINARY_TRACT,URINARY_TRACT,9938202,EHT-1864,3.132675886154175,3.571394443511963
ACH-000142,CAL-29,CAL29_URINARY_TRACT,URINARY_TRACT,25227847,Pyridostatin,4.288043975830078,3.90228533744812
ACH-000142,CAL-29,CAL29_URINARY_TRACT,URINARY_TRACT,46883536,Avagacestat,5.5084547996521,4.659642219543457
ACH-000142,CAL-29,CAL29_URINARY_TRACT,URINARY_TRACT,3385,5-Fluorouracil,5.654607772827148,4.397834777832031
ACH-000142,CAL-29,CAL29_URINARY_TRACT,URINARY_TRACT,68947304,AMG-319,5.4095330238342285,4.904942989349365
ACH-000142,CAL-29,CAL29_URINARY_TRACT,URINARY_TRACT,11634725,VX-11e,2.3211379051208496,2.803814172744751
ACH-000142,CAL-29,CAL29_URINARY_TRACT,URINARY_TRACT,16224745,MK-8776,4.01224422454834,3.1656882762908936
ACH-000142,CAL-29,CAL29_URINARY_TRACT,URINARY_TRACT,3062316,Dasatinib,-0.6807019710540771,-0.4439985454082489
ACH-000142,CAL-29,CAL29_URINARY_TRACT,URINARY_TRACT,36314,Paclitaxel,-4.39238977432251,-3.215176582336426
ACH-000142,CAL-29,CAL29_URINARY_TRACT,URINARY_TRACT,4261,Entinostat,1.7729350328445435,2.339881658554077
ACH-000142,CAL-29,CAL29_URINARY_TRACT,URINARY_TRACT,11626560,Crizotinib,3.099574089050293,2.675736427307129
ACH-000142,CAL-29,CAL29_URINARY_TRACT,URINARY_TRACT,118704762,LJI308,5.4577717781066895,4.97627067565918
ACH-000142,CAL-29,CAL29_URINARY_TRACT,URINARY_TRACT,216239,Sorafenib,3.155872106552124,2.6542844772338867
ACH-000142,CAL-29,CAL29_URINARY_TRACT,URINARY_TRACT,11364421,BI-2536,-3.10679292678833,-0.09789372980594635
ACH-000142,CAL-29,CAL29_URINARY_TRACT,URINARY_TRACT,46926973,LGK974,4.459283828735352,4.024482727050781
ACH-000142,CAL-29,CAL29_URINARY_TRACT,URINARY_TRACT,60838,Irinotecan,1.5252350568771362,2.6940324306488037
ACH-000142,CAL-29,CAL29_URINARY_TRACT,URINARY_TRACT,5310940,Oxaliplatin,5.452499866485596,4.151699066162109
ACH-000142,CAL-29,CAL29_URINARY_TRACT,URINARY_TRACT,117072552,GSK591,4.7172088623046875,4.3842854499816895
ACH-000142,CAL-29,CAL29_URINARY_TRACT,URINARY_TRACT,51000408,VE821,3.3094539642333984,4.114884376525879
ACH-000142,CAL-29,CAL29_URINARY_TRACT,URINARY_TRACT,25124816,GSK1904529A,5.259982109069824,4.200164318084717
ACH-000142,CAL-29,CAL29_URINARY_TRACT,URINARY_TRACT,59472121,VE-822,2.466171979904175,2.986745595932007
ACH-000142,CAL-29,CAL29_URINARY_TRACT,URINARY_TRACT,72200024,WZ4003,5.422861099243164,4.104177474975586
ACH-000142,CAL-29,CAL29_URINARY_TRACT,URINARY_TRACT,42623951,CZC24832,4.533588886260986,5.072784423828125
ACH-000142,CAL-29,CAL29_URINARY_TRACT,URINARY_TRACT,49847690,AZD5582,1.6835230588912964,1.9608540534973145
ACH-000142,CAL-29,CAL29_URINARY_TRACT,URINARY_TRACT,53469448,GSK2606414,3.670797109603882,3.777381420135498
ACH-000142,CAL-29,CAL29_URINARY_TRACT,URINARY_TRACT,78243717,PFI3,5.328256130218506,5.284988880157471
ACH-000142,CAL-29,CAL29_URINARY_TRACT,URINARY_TRACT,24753719,PCI-34051,5.268093109130859,4.710989952087402
ACH-000142,CAL-29,CAL29_URINARY_TRACT,URINARY_TRACT,57519544,Wnt-C59,4.765589237213135,4.245993614196777
ACH-000142,CAL-29,CAL29_URINARY_TRACT,URINARY_TRACT,46943432,I-BET-762,2.96773099899292,3.1884608268737793
ACH-000142,CAL-29,CAL29_URINARY_TRACT,URINARY_TRACT,9936746,OTX015,2.7324581146240234,2.5949840545654297
ACH-000142,CAL-29,CAL29_URINARY_TRACT,URINARY_TRACT,71268957,GSK343,2.9805469512939453,2.7950172424316406
ACH-000142,CAL-29,CAL29_URINARY_TRACT,URINARY_TRACT,60167849,ML323,5.240062236785889,4.334918975830078
ACH-000142,CAL-29,CAL29_URINARY_TRACT,URINARY_TRACT,59473233,Entospletinib,3.3563520908355713,3.254953384399414
ACH-000142,CAL-29,CAL29_URINARY_TRACT,URINARY_TRACT,44462758,PRT062607,4.282882213592529,2.9954586029052734
ACH-000142,CAL-29,CAL29_URINARY_TRACT,URINARY_TRACT,44631912,Ribociclib,3.450165033340454,3.7320847511291504
ACH-000142,CAL-29,CAL29_URINARY_TRACT,URINARY_TRACT,71299339,AGI-6780,5.291497230529785,4.2593817710876465
ACH-000142,CAL-29,CAL29_URINARY_TRACT,URINARY_TRACT,1018,Picolinici-acid,5.181783199310303,5.088144302368164
ACH-000142,CAL-29,CAL29_URINARY_TRACT,URINARY_TRACT,52918385,PRIMA-1MET,6.419977188110352,4.764588356018066
ACH-000142,CAL-29,CAL29_URINARY_TRACT,URINARY_TRACT,11609586,Serdemetan,4.087025165557861,3.844958782196045
ACH-000142,CAL-29,CAL29_URINARY_TRACT,URINARY_TRACT,42642645,Foretinib,1.8232229948043823,1.0474060773849487
ACH-000142,CAL-29,CAL29_URINARY_TRACT,URINARY_TRACT,46907787,JQ1,2.7656970024108887,2.3491246700286865
ACH-000142,CAL-29,CAL29_URINARY_TRACT,URINARY_TRACT,71271629,PFI-1,4.130283832550049,4.147937297821045
ACH-000142,CAL-29,CAL29_URINARY_TRACT,URINARY_TRACT,56962337,SGC0946,2.0778589248657227,2.0338845252990723
ACH-000142,CAL-29,CAL29_URINARY_TRACT,URINARY_TRACT,176870,Erlotinib,2.0338799953460693,1.718548059463501
ACH-000142,CAL-29,CAL29_URINARY_TRACT,URINARY_TRACT,9931953,Rucaparib,4.632289886474609,4.057084560394287
ACH-000142,CAL-29,CAL29_URINARY_TRACT,URINARY_TRACT,24958200,Niraparib,4.119994163513184,4.519796371459961
ACH-000142,CAL-29,CAL29_URINARY_TRACT,URINARY_TRACT,24856436,MK-1775,-0.10532400012016296,1.0617549419403076
ACH-000142,CAL-29,CAL29_URINARY_TRACT,URINARY_TRACT,46926350,Dinaciclib,-3.5193560123443604,-2.8422091007232666
ACH-000142,CAL-29,CAL29_URINARY_TRACT,URINARY_TRACT,60750,Gemcitabine,-3.8902029991149902,-0.4722013771533966
ACH-000142,CAL-29,CAL29_URINARY_TRACT,URINARY_TRACT,387447,Bortezomib,-5.119187831878662,-4.591625213623047
ACH-000142,CAL-29,CAL29_URINARY_TRACT,URINARY_TRACT,2733526,Tamoxifen,3.054516077041626,3.7742581367492676
ACH-000142,CAL-29,CAL29_URINARY_TRACT,URINARY_TRACT,104741,Fulvestrant,2.189073085784912,2.958543539047241
ACH-000142,CAL-29,CAL29_URINARY_TRACT,URINARY_TRACT,56962336,EPZ004777,5.046050071716309,5.162749290466309
ACH-000142,CAL-29,CAL29_URINARY_TRACT,URINARY_TRACT,44632017,YK-4-279,2.7238380908966064,2.085810899734497
ACH-000142,CAL-29,CAL29_URINARY_TRACT,URINARY_TRACT,9813758,BMS-345541,3.3491289615631104,3.1441845893859863
ACH-000142,CAL-29,CAL29_URINARY_TRACT,URINARY_TRACT,25099184,AZ960,2.611496925354004,2.0840611457824707
ACH-000142,CAL-29,CAL29_URINARY_TRACT,URINARY_TRACT,51039095,AZD4547,2.446258068084717,3.12740421295166
ACH-000142,CAL-29,CAL29_URINARY_TRACT,URINARY_TRACT,24821094,Ibrutinib,2.345698118209839,2.2820546627044678
ACH-000142,CAL-29,CAL29_URINARY_TRACT,URINARY_TRACT,70983932,GSK2830371,5.481247901916504,5.420869827270508
ACH-000142,CAL-29,CAL29_URINARY_TRACT,URINARY_TRACT,46236925,Sabutoclax,-0.6676350235939026,0.5585936307907104
ACH-000142,CAL-29,CAL29_URINARY_TRACT,URINARY_TRACT,11655119,LY2109761,4.611893177032471,4.916024684906006
ACH-000142,CAL-29,CAL29_URINARY_TRACT,URINARY_TRACT,35397514,OF-1,4.179588794708252,3.9252023696899414
ACH-000142,CAL-29,CAL29_URINARY_TRACT,URINARY_TRACT,2802462,MN-64,5.433255195617676,4.249018669128418
ACH-000142,CAL-29,CAL29_URINARY_TRACT,URINARY_TRACT,73555129,KRAS (G12C) Inhibitor-12,3.4079198837280273,4.509491443634033
ACH-000142,CAL-29,CAL29_URINARY_TRACT,URINARY_TRACT,462382,MG-132,-1.3729389905929565,-1.0214236974716187
ACH-000142,CAL-29,CAL29_URINARY_TRACT,URINARY_TRACT,11707110,Trametinib,-0.32547399401664734,0.6140915155410767
ACH-000142,CAL-29,CAL29_URINARY_TRACT,URINARY_TRACT,44462760,Dabrafenib,4.604075908660889,4.651937961578369
ACH-000142,CAL-29,CAL29_URINARY_TRACT,URINARY_TRACT,5394,Temozolomide,6.528542995452881,6.582824230194092
ACH-000142,CAL-29,CAL29_URINARY_TRACT,URINARY_TRACT,5460769,Bleomycin (50 uM),2.0219950675964355,2.9272210597991943
ACH-000142,CAL-29,CAL29_URINARY_TRACT,URINARY_TRACT,49846579,Venotoclax,2.7866480350494385,2.8468832969665527
ACH-000142,CAL-29,CAL29_URINARY_TRACT,URINARY_TRACT,11228183,ABT737,2.6843979358673096,2.5146055221557617
ACH-000142,CAL-29,CAL29_URINARY_TRACT,URINARY_TRACT,46843057,Afuresertib,1.8355120420455933,1.4946510791778564
ACH-000142,CAL-29,CAL29_URINARY_TRACT,URINARY_TRACT,56645356,AGI-5198,4.574553966522217,4.6177825927734375
ACH-000142,CAL-29,CAL29_URINARY_TRACT,URINARY_TRACT,78209992,AZD3759,1.2030830383300781,1.6023998260498047
ACH-000142,CAL-29,CAL29_URINARY_TRACT,URINARY_TRACT,54761306,AZD6738,0.9702990055084229,2.0017871856689453
ACH-000142,CAL-29,CAL29_URINARY_TRACT,URINARY_TRACT,52913813,AZD8186,1.8925470113754272,2.05902361869812
ACH-000142,CAL-29,CAL29_URINARY_TRACT,URINARY_TRACT,71496458,Osimertinib,0.5710579752922058,0.06239341199398041
ACH-000142,CAL-29,CAL29_URINARY_TRACT,URINARY_TRACT,9933475,Cediranib,1.5185199975967407,1.775645136833191
ACH-000142,CAL-29,CAL29_URINARY_TRACT,URINARY_TRACT,24788740,Ipatasertib,2.680622100830078,2.1287357807159424
ACH-000142,CAL-29,CAL29_URINARY_TRACT,URINARY_TRACT,56941241,GDC0810,4.842227935791016,4.86620569229126
ACH-000142,CAL-29,CAL29_URINARY_TRACT,URINARY_TRACT,70676303,GNE-317,-0.8124009966850281,0.32642921805381775
ACH-000142,CAL-29,CAL29_URINARY_TRACT,URINARY_TRACT,68107965,GSK2578215A,5.386911869049072,4.817049503326416
ACH-000142,CAL-29,CAL29_URINARY_TRACT,URINARY_TRACT,91668541,I-BRD9,5.415669918060303,4.567708969116211
ACH-000142,CAL-29,CAL29_URINARY_TRACT,URINARY_TRACT,10385095,Telomerase Inhibitor IX,0.45061901211738586,1.2457642555236816
ACH-000142,CAL-29,CAL29_URINARY_TRACT,URINARY_TRACT,227681,MIRA-1,5.33895206451416,5.43681526184082
ACH-000142,CAL-29,CAL29_URINARY_TRACT,URINARY_TRACT,9825149,NVP-ADW742,3.268336057662964,2.662764549255371
ACH-000142,CAL-29,CAL29_URINARY_TRACT,URINARY_TRACT,46931953,P22077,2.405385971069336,4.518601417541504
ACH-000142,CAL-29,CAL29_URINARY_TRACT,URINARY_TRACT,68289010,Savolitinib,1.8357850313186646,2.6433217525482178
ACH-000142,CAL-29,CAL29_URINARY_TRACT,URINARY_TRACT,992586,UMI-77,3.602992057800293,2.9509072303771973
ACH-000142,CAL-29,CAL29_URINARY_TRACT,URINARY_TRACT,2984337,WIKI4,4.099746227264404,3.3873250484466553
ACH-000142,CAL-29,CAL29_URINARY_TRACT,URINARY_TRACT,11178236,Sepantronium bromide,-4.79157018661499,-3.498411178588867
ACH-000142,CAL-29,CAL29_URINARY_TRACT,URINARY_TRACT,71297207,WEHI-539,3.579345941543579,3.750164031982422
ACH-000142,CAL-29,CAL29_URINARY_TRACT,URINARY_TRACT,104842,SN-38,-5.533148765563965,-3.2162652015686035
ACH-000142,CAL-29,CAL29_URINARY_TRACT,URINARY_TRACT,25126798,Ruxolitinib,5.28848123550415,4.942791938781738
ACH-000142,CAL-29,CAL29_URINARY_TRACT,URINARY_TRACT,11640390,Linsitinib,5.680065155029297,3.8679051399230957
ACH-000142,CAL-29,CAL29_URINARY_TRACT,URINARY_TRACT,41867,Epirubicin,-1.4266690015792847,-0.2078653872013092
ACH-000142,CAL-29,CAL29_URINARY_TRACT,URINARY_TRACT,2907,Cyclophosphamide,5.334855079650879,5.204287052154541
ACH-000142,CAL-29,CAL29_URINARY_TRACT,URINARY_TRACT,24360,Camptothecin,-3.7872159481048584,-1.7398097515106201
ACH-000142,CAL-29,CAL29_URINARY_TRACT,URINARY_TRACT,6710780,Vinblastine,-3.2078630924224854,-3.9148385524749756
ACH-000142,CAL-29,CAL29_URINARY_TRACT,URINARY_TRACT,84691,Cisplatin,3.2781219482421875,3.145108461380005
ACH-000142,CAL-29,CAL29_URINARY_TRACT,URINARY_TRACT,6253,Cytarabine,3.146872043609619,2.2723612785339355
ACH-000142,CAL-29,CAL29_URINARY_TRACT,URINARY_TRACT,148124,Docetaxel,-5.888062000274658,-4.656322956085205
ACH-000142,CAL-29,CAL29_URINARY_TRACT,URINARY_TRACT,126941,Methotrexate,0.6776589751243591,0.8215336799621582
ACH-000142,CAL-29,CAL29_URINARY_TRACT,URINARY_TRACT,123631,Gefitinib,1.9372730255126953,1.962575912475586
ACH-000142,CAL-29,CAL29_URINARY_TRACT,URINARY_TRACT,24978538,Navitoclax,1.9964359998703003,2.3545429706573486
ACH-000142,CAL-29,CAL29_URINARY_TRACT,URINARY_TRACT,5311,Vorinostat,1.0700039863586426,1.9480375051498413
ACH-000142,CAL-29,CAL29_URINARY_TRACT,URINARY_TRACT,644241,Nilotinib,4.392303943634033,3.436708927154541
ACH-000142,CAL-29,CAL29_URINARY_TRACT,URINARY_TRACT,44182295,Refametinib,1.1910400390625,2.4818198680877686
ACH-000142,CAL-29,CAL29_URINARY_TRACT,URINARY_TRACT,6918289,Temsirolimus,0.5236740112304688,1.0370557308197021
ACH-000142,CAL-29,CAL29_URINARY_TRACT,URINARY_TRACT,23725625,Olaparib,4.982428073883057,4.496119499206543
ACH-000142,CAL-29,CAL29_URINARY_TRACT,URINARY_TRACT,11960529,Veliparib,5.365032196044922,5.152617931365967
ACH-000142,CAL-29,CAL29_URINARY_TRACT,URINARY_TRACT,5328940,Bosutinib,2.707153081893921,2.5610804557800293
ACH-000142,CAL-29,CAL29_URINARY_TRACT,URINARY_TRACT,216326,Lenalidomide,5.429192066192627,5.2431769371032715
ACH-000142,CAL-29,CAL29_URINARY_TRACT,URINARY_TRACT,6450551,Axitinib,3.1647109985351562,3.161669969558716
ACH-000142,CAL-29,CAL29_URINARY_TRACT,URINARY_TRACT,11152667,AZD7762,-0.20251299440860748,0.6897838115692139
ACH-000142,CAL-29,CAL29_URINARY_TRACT,URINARY_TRACT,9943465,GW441756,3.5228519439697266,3.173645496368408
