,11178236,44137675,9858940,51371303,5494449,10077147,16095342,300471,637858,2375,10459196,444795,54685215,9956119,6505803,11634725,24866313,10127622,44182295,9826528,11707110,24180719,44462760,78209992,176870,123631,24821094,71496458,11488320,10184653,208908,992586,2984337,71297207,49846579,11228183,24978538,24737642,49847690,35397514,9938202,46926973,52913813,56649450,51001932,17755052,51042438,46930998,46843057,24788740,6918289,25262965,11977753,70676303,644241,3062316,5328940,11404337,5460769,387447,462382,11655119,2802462,68289010,56962337,176158,9943465,52918385,71271629,46907787,46943432,9936746,59473233,44462758,59472121,24753719,73555129,25099184,46926350,9813758,25124816,25126798,53469448,3899,71299339,57519544,60167849,2155128,1018,71268957,42623951,78243717,25227847,46236925,10385095,11626560,42642645,9914412,24771867,6450551,11364421,6710780,36314,44632017,5311497,148124,126565,16224745,51000408,54761306,11152667,10384072,24856436,11433190,11609586,5330286,44631912,3385,5310940,16720766,24958200,23725625,84691,6253,41867,104842,60750,60838,24360,4261,5311,216239,46931953,118704762,117072552,56645356,46883536,156422,11624601,2314623,5278396,11327430,9931953,24776445,11960529,216326,11667893,70983932,5394,227681,57345410,56962336,9927531,2907,104741,56941241,68107965,68947304,91668541,72200024,2733526,9825149,11640390,9933475,1401,51039095,126941,11455910,6914657
ACH-000350,-1.999363,,6.147632,,,,,,,,,,,,1.258396,2.128282,1.761105,2.949964,1.570585,-0.243942,-0.762828,9.074254,8.259405,2.464421,3.20675,3.856659,5.060858,2.994404,3.690684,3.150646,4.925356,7.265493,5.121848,7.789084,5.049185,4.98187,3.684813,8.209053,6.966944,4.446121,6.702309,7.622776,5.813954,7.083738,5.294318,5.523456,6.766106,7.298569,6.95508,7.30295,5.292374,4.957577,5.092531,5.627711,7.821712,3.616151,3.203053,2.130706,4.65714,-1.530042,0.222292,6.023572,7.475696,4.805124,3.907802,8.777897,5.732762,8.929702,6.058804,3.480021,7.704501,5.251621,6.848929,6.791721,7.090301,8.143599,8.56109,7.630116,0.438361,7.837604,8.559419,7.789188,6.742589,7.787788,8.015894,7.410268,7.678511,5.684817,7.609017,5.723281,7.806522,8.028704,4.66641,2.06479,3.828825,4.867179,1.710197,4.96615,5.888973,7.423831,3.650206,3.888674,2.961028,8.439288,2.632235,0.584884,2.007419,7.328563,7.717183,7.240609,5.085481,8.571781,3.931655,5.302004,5.126352,5.39884,5.074335,9.541368,7.802713,4.792344,8.124019,7.539403,8.385916,6.678187,0.783996,6.044389,4.993579,8.304616,3.712453,5.94501,5.155483,5.460257,6.856437,6.681125,6.824261,6.822467,5.718403,8.099731,7.951223,8.267967,8.279821,6.984993,5.374078,7.101719,6.802678,4.812159,7.610925,7.753301,9.624756,9.199099,8.101521,8.330315,7.096546,8.715326,6.013069,8.670138,8.67,8.094194,8.324464,7.317588,6.277562,3.798424,6.487927,2.914382,7.006066,5.742838,-1.314916,,
ACH-000674,-1.345766,,,,,,,,,,,,,,1.981415,3.658995,0.518755,1.434197,1.658028,0.08875,-0.948188,7.620562,7.261049,1.10564,2.525426,3.879165,2.542887,1.315027,1.822903,0.514003,2.76097,7.174585,4.659759,7.25064,4.991205,2.873545,3.614334,7.265393,2.17849,6.334276,7.238082,6.699065,5.53534,4.655177,3.321547,2.782798,5.291619,5.824114,5.872457,5.151317,1.21805,3.407619,2.140105,3.260179,6.345456,3.142715,2.762221,3.737822,6.11698,-3.678118,-0.018418,4.253071,7.228839,2.031275,3.371604,7.107947,5.605141,7.11879,3.864305,1.723707,2.460814,1.244544,4.319072,3.183721,4.41864,6.663095,5.495586,5.20694,-0.233957,5.146351,7.271925,6.737157,4.469344,8.449759,5.492737,6.597146,5.185423,4.830665,6.551811,4.388095,5.556429,7.125928,5.921281,0.488952,3.032926,6.859047,3.095218,4.347777,5.790081,5.486191,0.49405,2.239614,1.426666,5.650433,-1.415935,-1.766121,1.828088,3.818667,5.773371,4.038226,4.363313,6.444717,2.731801,5.288565,6.037094,5.279965,5.908181,7.37828,5.256746,4.534564,4.887877,6.37627,5.828483,5.651445,1.023594,4.715227,4.577895,5.628491,-0.014391,1.159463,0.887945,5.255251,7.133113,6.936156,6.07231,6.103329,8.076846,6.916758,7.217262,7.10827,6.052991,2.01781,5.878463,7.24601,7.219021,6.300185,7.261911,7.084386,8.242874,6.768893,7.372375,7.311265,7.100924,6.013107,4.237354,5.129613,4.51317,6.469275,3.319676,4.824271,6.542399,6.165106,8.413103,1.462026,6.967788,5.847672,-0.670112,,
ACH-000236,-3.509236,,3.361506,,,,,,,,,,,,0.544545,3.083041,-0.050415,1.957186,0.01977,-1.302212,-2.339191,3.715964,1.970762,3.860908,5.630803,5.318089,7.449974,3.371433,4.595482,4.96457,6.382581,3.358808,3.807083,-0.775153,5.252605,0.740619,-1.134299,6.789995,4.707278,5.989853,4.959234,5.716062,3.87002,4.826846,2.618191,1.986877,4.16079,5.572026,4.078061,5.282437,1.830114,0.340285,1.205173,1.737903,6.13046,2.832459,3.766485,1.497763,7.733294,-3.157059,-0.159256,7.386656,6.181048,5.649409,4.380233,9.115948,6.098481,7.591742,5.430072,1.888509,4.353979,2.802219,4.905663,7.223745,6.566032,7.631951,8.15621,3.905235,1.40989,6.990351,5.67203,6.211296,4.532952,6.696508,5.871455,5.994052,6.418138,4.61573,6.414022,5.524236,7.211414,6.683117,5.890111,1.760747,2.616369,3.804742,2.123936,4.476463,4.266697,6.237724,5.721359,0.762406,1.392153,5.787268,0.21176,-0.015727,0.156029,6.760084,7.314254,3.48386,2.055474,4.540499,1.310974,9.372174,5.735204,5.309813,5.920469,6.345249,6.918676,7.677957,7.155007,7.061728,7.311202,5.986712,2.247353,1.740747,2.936442,5.175902,0.809215,3.840926,2.908633,4.897146,8.014318,5.870046,7.902205,5.747356,5.416877,6.899557,7.836143,8.020538,6.570127,5.919073,6.383885,7.373894,7.725279,6.772999,8.065129,8.080881,7.457221,8.326891,8.444707,7.168708,7.571811,7.988724,5.198184,5.626135,7.011127,7.806741,7.180932,6.946065,5.759196,5.384079,4.679652,4.903737,5.565248,7.053535,2.870398,2.145314,-0.351687
ACH-000222,-2.85415,,,,,,,,,,,,,,2.413602,3.573957,3.254194,2.328351,1.707434,0.503113,0.181218,8.719757,6.564963,4.933398,6.045084,4.165947,7.851258,4.628097,4.87924,4.969809,5.937863,8.702059,7.828912,6.825007,10.273111,5.598132,3.050998,8.74362,6.356729,5.754389,5.467707,5.637119,6.600916,6.064709,4.798985,3.372783,5.539304,5.021469,5.921051,5.77597,4.253521,3.088374,0.162417,2.201896,4.689587,6.915985,5.792677,3.127451,9.582365,1.862887,3.015297,7.415778,7.594822,6.436993,3.983811,7.874034,6.247642,9.704025,7.563444,6.843484,7.238021,6.952361,6.015246,5.659542,6.205823,7.655249,8.359449,7.691973,2.352248,7.038813,8.389092,8.851626,8.200591,7.344855,7.308882,6.377764,6.382594,4.373309,6.757564,5.826928,8.065156,8.423965,5.947961,2.10767,5.831898,7.424727,3.161246,6.768641,5.220244,7.12541,6.322343,2.921412,0.18619,7.541925,2.983869,0.558922,3.55156,3.740964,6.26308,5.336019,3.151574,6.537046,4.005402,7.976876,6.770187,7.282826,7.367087,8.83403,8.716544,8.18562,8.078002,9.058758,8.919883,4.090417,3.021728,6.359964,3.8187,8.786887,2.947896,4.535578,4.084032,3.988862,8.581719,8.509594,6.600715,8.735909,7.990416,8.136194,8.237787,7.712332,8.523306,7.735122,5.65541,8.268158,8.18496,8.517535,8.750003,8.750003,9.811507,8.524605,8.751356,7.791384,6.938678,7.129301,5.682106,7.875861,7.342022,7.658769,7.150139,7.601574,7.748961,6.242152,5.37311,5.432986,7.332014,7.268887,2.766324,,
ACH-000722,-0.992732,,2.882738,,,,,,,,,,,,0.211253,2.035481,-1.569336,1.21069,1.073838,-1.525776,-2.636317,6.363701,4.36382,4.279741,4.135304,4.223119,5.308512,4.015917,6.898904,3.409841,5.527402,5.513878,5.424982,2.230605,4.437182,2.2638,1.105191,5.199467,3.934801,5.024187,2.797807,4.127237,5.387113,4.099076,0.340254,1.811389,1.866035,1.330317,0.567877,2.227599,3.292419,0.739774,0.326346,0.969381,3.933907,4.331449,2.428889,1.958878,6.943074,-3.638212,-1.058131,5.655764,4.588785,3.46428,2.47969,4.740807,4.756285,7.402074,6.194006,3.653902,3.708506,3.180078,5.386003,3.360878,2.74565,6.651483,6.352503,6.00665,-2.783173,3.5483,5.10246,5.422647,5.410039,5.48656,5.169608,5.094375,5.384547,3.983196,6.313175,4.122849,6.055026,6.79175,4.056437,0.58037,4.374605,1.82656,1.512101,3.624686,5.798677,3.688622,4.540943,-1.129352,-1.439887,5.475205,-2.315054,-0.352465,0.030751,3.266947,4.556343,4.065369,-0.837449,3.432905,1.61007,6.52302,3.500611,4.079928,4.980646,4.080307,4.200623,3.297239,5.96715,5.139924,5.944965,4.534688,4.966746,3.982287,3.12504,6.379777,0.80367,0.485483,2.304719,4.142289,5.838486,5.700214,5.130171,5.03614,5.131656,5.514464,4.820902,5.772517,4.614753,3.533933,4.669795,4.860446,5.45236,5.849503,5.794736,5.59258,7.870979,6.532299,6.578701,6.213961,6.279662,5.97651,4.482173,6.11849,5.368156,6.001524,5.567224,4.90186,3.741247,1.530817,1.981397,6.218729,5.142064,2.614678,1.477321,3.024298,-3.66168
ACH-000775,-3.040682,,,,,,,,,,,,,,1.470216,1.356237,-0.122973,-0.22419,-0.409747,-2.381518,-3.868843,4.659251,3.798034,3.097095,5.240952,2.678971,6.376094,3.95585,5.208167,2.858553,5.828155,1.924671,4.884946,4.86403,4.888334,1.021537,2.355088,5.802041,6.301645,4.611402,1.707562,4.284797,6.510851,5.469548,2.045474,1.610307,3.676362,3.214202,2.102544,3.241715,1.506522,2.828044,-0.179111,1.721313,3.383882,1.930119,2.996402,1.995707,8.269778,-2.545046,-0.582774,6.612544,5.899554,4.323794,2.5517,5.630073,2.986831,7.120319,4.331654,6.098736,5.84625,4.736548,4.723908,3.794803,4.205804,4.913652,7.253888,4.490723,1.238367,6.483066,5.056476,5.982619,4.616848,5.43114,4.285452,4.4378,4.23994,3.775312,5.764224,3.723429,6.275568,6.409911,5.31688,3.913686,1.8844,2.933756,0.906594,5.016812,4.579327,4.325912,4.833495,-0.641668,0.058068,5.508684,0.599496,-1.539005,2.574376,3.662526,3.39016,2.621687,-0.069148,1.442155,2.384434,6.075654,3.279509,3.298852,4.445086,7.908644,4.697578,3.502966,6.128062,4.820308,5.581303,3.325947,4.164732,3.556335,2.345659,4.012142,1.063479,3.868104,2.939738,2.497041,6.629398,6.396239,4.475675,6.331094,4.41604,6.631427,5.355952,5.087836,6.554979,6.158761,4.319003,4.644961,4.85293,6.646496,6.664325,6.539612,8.352732,5.982555,6.6618,6.925897,5.237686,6.663702,3.995018,6.432294,6.638672,6.349304,5.974372,6.25178,4.353155,2.468145,2.526451,3.438774,4.658282,4.449596,-0.320085,2.119047,-4.979311
ACH-001190,-4.760392,,,,,,,,,,,,,,-0.027171,1.124065,0.538241,1.21067,0.175932,-1.463637,-3.612934,5.772654,5.47252,2.806784,4.078132,3.313117,5.425375,1.450218,4.169373,1.513965,4.772509,2.267017,5.47252,5.408489,4.231278,4.64403,3.583106,4.312743,1.91069,5.424996,,5.736806,4.696693,5.197531,5.116095,5.403968,5.426992,3.560352,4.827609,5.001609,3.169935,1.528014,0.813835,2.490102,4.314619,2.282213,1.899959,1.552983,5.863412,-5.473301,-1.382514,4.417486,4.846142,2.827969,,2.984448,3.438219,6.511423,,0.827164,4.690597,5.165694,5.341532,5.371977,4.699635,5.218702,6.081386,5.47252,-2.332426,5.255337,5.734672,5.004209,5.446486,6.884014,4.657838,5.453659,6.143635,2.786609,4.903591,2.881039,5.414274,5.308395,5.010239,1.259106,-0.952986,4.148322,1.920455,,5.497537,5.774363,3.874936,-4.298238,-3.948686,1.706586,-0.807561,-2.63371,-0.388339,4.480093,4.791747,1.038911,-0.037465,1.054731,0.588649,4.434642,4.534761,5.234175,4.03054,7.027349,6.072395,-0.110296,5.403639,5.052952,5.475338,1.290509,-0.541553,4.034837,5.3372,3.248884,1.006795,1.655468,0.977022,2.014321,3.283931,5.47252,4.211547,4.477265,4.924902,5.260141,4.93562,,5.471506,,4.460944,5.083651,4.841989,3.754118,5.246725,5.461494,6.908808,4.034446,5.419277,5.403446,4.995898,4.068771,2.950115,4.514652,3.745726,5.381125,4.846174,5.200272,4.824589,5.110649,4.70281,1.683231,4.509485,4.057424,1.637845,4.758673,-3.433751
ACH-000644,-4.671614,,,,,,,,,,,,,,0.353271,2.924037,0.108459,1.498235,0.319934,-1.96029,-2.992138,0.673339,,3.963701,4.047989,4.759362,6.795797,2.921065,5.80362,4.484998,6.89532,2.20496,4.361691,6.744921,2.55279,4.398748,7.1515,6.1898,2.858389,4.94627,5.386674,6.182008,3.030522,6.370214,4.753936,3.728849,4.739833,5.096355,3.900968,4.50713,3.726074,1.772215,0.164278,1.42774,4.253177,0.647253,1.127867,3.078972,6.243937,-4.570907,-0.678927,6.994809,6.095606,3.251024,3.737826,3.09058,4.353768,6.050378,6.158222,5.673902,6.084738,7.142689,5.562089,3.493721,2.853066,7.049113,7.81108,3.323973,-1.181302,5.750279,6.582112,6.259132,6.258956,6.157292,7.019861,6.471409,5.919391,4.605483,7.03986,4.764203,7.176649,7.191945,4.57403,0.321388,2.450087,3.714598,1.091934,4.828297,4.098562,5.676656,6.050282,-0.538114,1.439008,3.295126,1.996141,0.509813,0.782881,4.412941,3.285809,1.659742,1.354734,3.190827,4.088436,5.861853,5.463951,3.414155,5.524423,9.228342,7.527377,1.092548,5.134071,4.091293,6.344622,5.028654,-1.083337,-2.369347,1.743078,3.61935,-1.230277,2.515638,2.001631,3.811346,5.288013,7.116403,4.725034,4.738438,6.68623,6.650013,6.02518,6.324018,7.303995,6.947681,6.316713,7.287877,7.132268,4.777983,6.845746,7.260445,9.081764,6.757762,7.060415,6.208489,5.822038,6.202695,4.278154,6.305934,5.916903,6.955259,5.068632,4.893176,4.283141,2.656735,5.143164,2.270401,7.262161,3.886715,-2.447443,,
ACH-000121,-3.271602,,,,,,,,,,,,,,2.148406,3.212782,1.815981,3.350871,1.308881,0.308874,-2.279338,4.751116,4.083338,5.244619,3.45943,4.788545,7.864301,3.332208,4.771742,6.329593,7.868141,4.805693,3.385114,4.689164,3.451503,3.126509,3.614818,7.404336,7.43393,4.986807,5.678847,6.08847,4.455987,7.51356,5.879573,5.998257,6.384506,6.372287,6.439291,4.523919,1.579616,1.942683,0.916726,1.682544,4.754048,3.118085,5.332077,2.483115,7.72644,-2.560779,0.271207,6.702612,6.352016,2.75831,4.869611,7.551157,4.401575,8.493841,6.768528,6.82846,4.961254,4.681885,6.547133,7.217607,6.266326,7.399952,7.250753,6.812832,1.329994,6.730199,5.888038,7.429359,7.951224,6.625522,7.276499,6.85893,7.459093,5.459213,7.572747,5.157291,6.326722,8.049802,5.695488,1.099884,1.926262,6.43646,2.538125,7.420791,4.819181,5.047895,4.275812,3.234326,2.298697,6.542606,3.125552,0.346067,3.951006,4.499611,4.65967,3.292003,2.135547,5.258371,4.021182,8.050381,6.532666,5.854554,6.619516,9.433396,8.497746,1.35316,7.261143,5.611667,6.625789,2.644246,1.343594,-0.836324,1.618854,5.13436,-0.54292,4.471812,3.622238,3.608637,6.951236,4.97678,6.222163,4.901515,7.589798,5.546708,7.803634,7.396053,7.980877,7.81164,5.590324,6.795248,7.712983,7.996927,8.037884,7.806105,8.534632,8.27995,8.252377,6.056351,6.422102,5.740938,4.495839,5.758061,5.502202,6.871064,4.858011,7.833445,4.746084,7.717878,6.646444,4.72199,6.630476,4.142774,4.837138,,
ACH-000082,-2.034612,,,,,,,,,,,,,,3.580486,6.380989,4.87019,6.253015,3.68646,2.962521,0.459951,4.401656,6.397759,3.508582,4.648332,4.794927,5.444129,1.854098,4.836608,2.583598,4.989043,3.447598,5.342323,0.467888,2.189453,0.974343,0.995206,6.435489,1.993641,4.542081,4.464384,5.343984,1.583035,2.168654,0.054295,0.4244,5.160323,3.753003,3.465116,2.519226,2.170933,0.416551,-1.265598,-0.298112,4.626483,0.515003,4.525579,1.867126,6.032196,-4.478765,-0.620879,5.857398,5.275504,4.168694,2.457787,5.182524,4.254933,7.529317,4.239942,4.961771,4.197102,2.829396,3.66128,3.347006,5.753674,5.03918,6.85776,1.206987,0.829047,5.566192,6.345739,4.936731,3.982826,6.453255,3.821012,4.397679,5.099517,3.711085,5.931875,2.542991,6.15682,5.692119,3.602877,0.384678,1.151293,1.951187,0.396197,4.77664,2.495788,1.224588,2.350547,-0.988763,-0.258393,3.665524,-0.380643,-3.396102,3.303969,5.604021,5.851972,3.222174,0.320111,3.77801,3.482426,5.71179,5.157734,4.975346,2.474009,7.346006,6.926729,6.471279,6.379095,4.622341,3.814608,4.521285,0.452704,-1.962864,4.545889,5.70884,1.157001,4.158826,2.87183,3.337905,5.050327,5.952964,5.107827,5.221322,4.630036,6.262219,6.469957,5.808974,4.798761,3.446403,4.813303,5.70158,5.462326,6.270773,6.192724,6.471279,6.273179,6.042638,6.899667,5.634519,5.160522,5.160847,2.838914,4.786445,3.686811,4.977236,4.240036,3.777967,3.395448,0.559501,2.512589,0.167936,-0.715916,-0.737994,-0.512469,5.498874,-3.840045
ACH-000480,0.022677,,,,,,,,,,,,,,1.776652,3.538966,3.826419,3.240956,1.353389,1.216825,0.141579,5.630983,5.969604,3.919536,4.010434,4.45368,5.713727,2.462087,4.53143,4.811169,5.368674,4.648146,3.869302,3.729631,2.283633,1.846821,0.909261,5.601772,6.100727,1.292858,3.27277,2.994756,4.245897,5.466738,2.81004,2.162043,3.796429,4.581288,3.535858,4.821669,0.885213,2.987766,-0.176111,3.962338,4.995491,3.949357,4.041487,0.599416,4.66823,-3.07434,0.524586,6.053638,5.508617,3.177071,2.052633,4.469089,2.769064,7.148711,3.569475,5.875068,4.661792,4.050605,3.396197,4.229476,5.419285,4.664624,5.880351,3.402232,0.346518,4.616856,4.564457,5.834218,3.361735,6.761414,4.343301,3.217655,3.701647,3.787791,5.522585,3.78195,4.994145,6.154589,3.572731,-0.680837,1.666885,4.238309,0.912874,4.763871,2.471364,2.323626,2.880417,-0.637877,0.325966,4.331758,-0.134497,-2.065129,4.417373,3.553198,6.154086,3.575371,3.297222,6.199935,3.660673,5.374608,4.329112,4.751316,3.042149,7.533417,6.272869,-0.065749,5.774167,4.36172,5.280797,3.195211,1.796693,3.866584,3.438757,5.915845,1.243734,5.648811,2.479657,1.427535,3.438908,5.747929,4.728066,5.625318,6.239631,5.357135,5.594283,5.097971,6.193606,3.188411,3.091594,4.9163,5.179124,6.204449,6.203902,6.20072,7.729,5.575335,6.127822,5.955151,5.606162,6.168134,3.998934,6.155073,4.635248,5.418019,6.082927,5.031792,5.030305,2.051926,3.649041,1.748681,0.846394,0.055422,0.847022,,
ACH-000491,0.13608,,1.78159,,,,,,,,,,,,-1.117718,1.570547,0.731876,2.734975,0.73049,-0.377512,-2.05904,4.615415,4.169607,4.049787,2.517232,4.517668,1.232449,2.946655,5.05148,2.966906,5.373763,5.307496,4.860605,4.789882,4.540728,2.091608,-0.214591,6.127106,5.293766,3.822754,4.478884,5.345267,1.788852,4.300246,1.698002,1.457396,4.235267,1.774771,2.225895,4.429537,2.239506,-0.170133,-0.122348,2.267681,4.339438,1.405061,3.017903,0.546562,6.312653,-4.842511,-1.684555,5.365387,4.834055,1.002927,3.112222,7.057338,2.989898,7.225718,4.750209,1.359889,3.888936,3.215223,3.429589,4.302722,5.433959,6.054735,4.051659,-0.141055,-2.00443,2.782986,5.002604,2.808016,1.72147,6.193339,4.496919,5.66478,4.890394,3.821153,6.094157,3.824521,5.977216,6.127106,4.538467,-1.60785,0.723756,1.202223,-1.960921,1.264046,0.318605,0.108463,-1.56163,-1.81962,0.060773,3.988235,-1.925504,-2.824996,-1.338134,2.065663,4.548984,2.191102,-0.835532,2.941641,0.481665,5.24668,4.324023,2.072573,3.098388,6.019736,3.794209,0.874432,5.662071,4.97127,4.527176,2.619373,1.5857,-1.504446,3.87044,3.16935,0.335987,1.556653,2.393639,0.74414,3.564395,5.426275,5.515285,6.098034,5.101839,4.038816,5.597772,6.127106,4.830504,2.488432,3.764647,5.19655,5.851236,6.10682,3.485318,4.232103,7.766424,6.575115,6.031777,4.952369,5.527599,5.700222,4.174521,6.105525,4.97878,4.230168,5.861989,4.010312,5.843925,1.922944,1.791488,-1.787362,-2.868416,-5.247272,-2.255753,,
ACH-000793,-4.822128,,,,,,,,,,,,,,0.250034,3.21573,1.262657,5.453346,2.226557,1.658459,0.184837,5.747012,5.13135,3.682744,4.4398,5.28419,1.815875,3.819502,4.653206,5.139331,5.15713,4.566554,3.338696,6.228928,3.291556,4.295035,2.501621,5.971946,3.292477,2.880402,3.048429,3.535346,5.492081,5.327579,4.886933,3.559093,3.120677,4.426529,2.810224,4.040792,3.973086,2.152872,2.051821,2.970428,5.237904,2.16221,3.556531,0.783719,4.867286,-3.55063,-1.108273,5.215111,6.85617,4.464187,3.46918,6.966575,5.363365,5.93356,5.747399,4.594496,5.147473,3.321113,5.615368,4.542567,6.184591,5.823483,6.678572,1.552475,-0.949322,4.046588,3.708374,2.067315,1.464749,4.598679,4.538147,5.212138,4.410097,3.328935,6.111379,3.812089,6.550751,5.599428,5.07791,0.974419,2.159766,3.493772,-0.584768,4.680437,1.416977,0.983835,1.721001,-0.519591,0.144722,4.165127,0.463945,-2.079599,-0.200309,3.281296,5.345626,4.592471,1.398838,3.632165,3.114559,7.37972,5.289405,2.948251,5.260795,3.234887,5.831154,3.560796,6.293279,4.369181,7.091792,3.19115,2.704246,4.120179,4.944583,6.569225,2.272485,2.733992,1.797471,2.333963,6.972803,6.846195,6.261533,5.241438,5.267984,6.383284,6.972803,5.621048,6.595305,4.939874,5.737359,5.262683,5.22371,6.963006,3.839328,6.810348,7.96325,6.919973,7.462112,7.222175,6.069572,6.294209,4.052127,4.863308,5.433976,5.967171,4.738649,5.248675,3.510795,5.994206,5.257762,-0.329361,-0.025065,-2.237611,-1.148862,1.901481,-4.056445
ACH-000111,-2.644641,5.485883,,4.307152,2.723568,,4.007745,,,,,,,,1.123948,3.357521,5.129827,2.981207,2.53823,2.534668,2.224069,5.621832,4.237743,2.715288,2.657153,3.531042,3.753852,1.838929,4.5124,2.114522,5.226374,1.680654,3.294059,3.721744,2.357071,2.635721,3.631228,4.693227,2.102031,1.867286,2.006491,3.50382,2.962224,4.544423,3.117261,1.8699,5.225641,2.863975,3.021917,3.469112,3.028516,3.028371,1.501885,2.705014,4.136108,4.08714,3.768649,0.961346,3.593406,-5.861439,-1.75193,3.579169,1.676433,0.930695,0.972519,5.027237,1.735457,4.49101,4.965094,2.157325,5.368564,2.450644,5.37156,5.365382,4.089903,5.36909,2.57404,-0.567657,-4.278836,2.106861,3.583419,3.216758,5.3779,4.455464,5.363345,5.118689,3.883954,2.731991,5.348774,3.067073,5.372303,5.37664,4.473329,-1.81297,1.855446,2.360932,0.283828,1.913961,,2.828859,2.636376,0.235893,-4.759723,3.528618,-5.635735,-4.624768,-0.60322,4.68494,5.336525,3.923796,1.531383,4.236263,1.677484,4.548689,3.94718,4.28742,4.114708,6.877451,2.975087,2.671186,4.111744,4.46089,4.081945,3.324362,3.36159,3.408685,6.224837,5.244333,1.24064,2.708007,2.691515,2.294081,4.050165,5.043637,5.332401,4.203456,4.56973,4.091357,3.309183,4.210185,4.996237,4.097348,3.672112,5.202197,5.135328,5.36641,5.312486,5.369101,6.795984,4.984464,5.117681,5.419712,4.527652,4.745389,3.353803,4.244449,4.729749,5.361198,4.449705,5.375016,3.57288,4.088299,3.394223,3.869727,4.424597,1.30757,-2.552635,,
ACH-000363,-1.283624,,,,,,,,,,,,,,2.229997,4.431204,4.881231,5.690967,3.861598,2.18267,4.054218,5.537159,3.377319,3.815862,4.68743,4.19804,5.805096,3.069941,5.376273,4.166738,5.802269,5.244938,5.79373,4.1431,-6.646907,-5.324666,-2.659341,5.608184,1.631327,0.984329,4.213291,3.251197,4.872382,3.326092,2.32792,2.12089,3.643216,3.09704,2.14193,3.736164,1.962567,2.263404,-0.372517,1.564851,4.705151,3.916023,1.925318,1.371015,7.37547,-5.084925,-2.023862,5.748291,5.001474,3.411438,2.811746,4.36802,3.811772,3.239339,1.474513,1.552628,2.928355,2.056276,4.927974,5.617472,0.436636,2.938223,6.344197,0.106447,-3.333977,3.723664,5.963256,4.530627,2.993471,3.342448,4.062536,2.602086,2.799764,3.07594,5.745872,3.183774,5.53331,5.502607,5.195077,-1.963405,1.850954,3.017749,2.804453,5.694039,-0.010548,3.587319,0.96891,-0.686575,-0.362954,6.149106,1.202308,-1.106159,2.362888,5.110529,5.751654,5.300093,2.092291,4.341026,3.932718,5.924395,5.036012,4.416715,4.370152,4.773071,3.548313,-0.275417,2.907727,4.902383,3.114954,2.68485,1.831606,3.61395,3.222951,0.600389,-2.353123,0.573948,0.596209,2.775763,4.777543,5.753962,5.804164,5.457586,5.812906,5.766243,4.571309,5.42988,4.98312,2.621409,4.428341,5.513175,5.114154,5.507594,5.748695,5.556979,5.80448,6.032149,5.496477,5.907981,4.542371,5.798702,3.019575,5.790539,5.285,5.019576,2.488998,5.004191,2.715537,2.181352,3.235274,3.930261,5.15551,2.989689,0.606341,3.669693,-4.248828
ACH-000352,-4.65418,6.957665,,4.746411,5.269577,,5.269587,,,,,,,,1.512491,5.130975,5.307169,5.429098,6.116663,4.420502,3.926922,6.14268,7.79121,5.073774,5.093337,4.298544,6.785545,4.392846,6.062396,2.486797,3.692818,4.985677,5.641208,5.049927,4.752022,1.664629,1.162105,6.536978,5.11708,5.017513,3.87342,4.411843,6.892947,7.527219,6.362009,6.62024,5.861192,5.872305,6.521016,6.810573,4.552931,3.267116,0.820315,3.706177,1.90427,4.380433,3.82551,-0.091681,7.883298,-3.061619,1.185323,6.891906,6.775369,3.190356,3.861141,6.930055,3.921759,5.618214,6.174041,1.310515,4.372677,2.581521,5.593463,6.799383,5.71793,5.264859,7.695458,5.165761,1.227568,5.485268,5.16169,5.551343,5.480474,6.227838,4.834295,5.247685,4.621996,3.483247,5.85423,4.016709,6.693578,5.881552,5.43211,-0.142928,2.247136,3.683716,2.108831,5.456757,4.085097,4.186394,1.28232,-0.768323,0.67055,5.95857,-0.291612,-1.947966,1.813938,5.312342,6.919436,5.852978,2.848686,2.489763,2.464553,7.618017,5.889988,5.436229,5.57303,8.116667,7.156517,2.617829,5.857034,5.878531,7.368434,4.882335,2.93462,4.849083,7.383369,5.742023,1.573806,0.958461,0.198149,2.964883,3.517649,6.999919,6.837303,6.523558,6.110517,4.912445,6.977245,5.501728,6.180796,3.116585,5.531056,6.714181,6.397865,6.784915,6.946501,7.000234,9.046347,7.02129,5.837232,6.551389,6.321733,6.949729,3.2337,5.978934,7.008242,6.367863,5.339825,5.807653,5.515248,2.885808,6.208153,3.372914,5.457807,3.886073,-0.625806,,
ACH-000349,-0.769193,,,3.100931,3.900638,,2.528819,,,,,,,,-0.092102,3.367191,2.85995,4.47874,4.416714,3.683327,1.425655,5.359713,6.172429,2.080993,3.207059,3.692702,4.558831,2.591923,5.423272,1.232027,4.555204,3.170611,4.859187,3.170352,-3.578153,-2.838928,-1.97577,5.399489,0.751224,3.606208,4.209134,3.615028,5.383181,5.069138,4.151807,3.437194,4.819736,5.356452,4.110413,2.875087,0.886279,0.079446,0.14479,3.182517,2.380526,3.001981,3.414947,1.272726,5.703838,-5.939577,-1.918824,5.469467,5.280052,2.095638,2.339501,5.343967,2.772161,4.884593,4.566798,2.82676,4.680026,3.997764,4.816,1.91597,4.80074,4.54201,5.600447,2.42361,0.009402,3.804754,5.305467,5.251154,4.09958,5.641675,3.949243,3.614012,4.492312,2.932216,5.270102,2.723278,4.799093,5.483765,,-0.717738,1.212372,4.708967,,3.41528,4.887628,3.285776,1.394878,-3.47455,-0.402659,4.993688,-1.684772,-2.279195,1.598182,,5.369375,3.866061,3.507198,2.182493,2.167659,2.454581,4.84894,4.655206,3.977203,5.229113,4.714671,2.182769,5.324772,4.600589,4.577588,3.729045,-0.517987,3.832924,3.02859,4.140883,-0.467036,0.520156,1.611262,1.907023,3.433106,5.052999,4.107319,3.841937,5.049116,3.947854,4.964525,4.909205,5.368943,2.908054,4.111445,4.162649,4.195821,5.274604,5.459044,4.711544,6.267088,4.988759,5.308962,5.65178,,4.2802,2.860207,4.179326,5.475841,,4.802582,2.314747,3.380385,1.911729,5.862011,2.066033,4.135166,2.271547,2.156825,,
ACH-000514,-1.640257,,,,,,,,,,,,,,2.499322,5.211881,5.310657,6.553572,6.408803,3.793089,3.066492,6.452091,5.936127,3.779341,2.760149,3.528203,6.05254,2.281523,4.448444,3.134938,5.516714,3.393667,3.70921,5.150988,-0.012632,-0.220622,0.381928,4.600513,2.130037,4.70688,4.954785,5.541696,5.479366,5.3363,4.160231,3.416845,4.917057,5.103358,4.252496,6.089605,3.018383,2.045227,0.978207,3.218203,4.751596,4.621955,2.962708,1.329129,7.689159,-4.887244,-1.430172,6.17096,5.742235,3.333604,3.157628,5.829292,2.939908,3.299865,5.881235,3.968235,5.685831,6.135181,5.089871,4.22866,5.059503,6.159398,6.404451,4.4656,-1.049377,4.255828,5.96203,6.07822,5.518859,6.401804,4.245701,4.702696,4.660996,3.782167,6.012136,3.394516,6.149636,4.568742,3.057793,-0.481844,1.722636,4.632256,2.281726,4.887011,1.758152,3.39388,-0.652785,-1.843983,0.331565,3.825883,-2.531957,-2.320514,1.660346,4.133956,6.152776,4.739928,2.432222,4.277268,1.823992,6.196772,5.640875,5.239231,4.737417,6.780707,4.732767,2.989678,5.668333,5.641318,4.925501,4.562144,1.679987,4.272535,4.710696,3.679815,-0.636365,1.494498,0.911173,2.660232,4.124517,6.144427,5.988337,5.134963,5.03144,5.831831,5.655159,6.539994,6.124451,5.413794,5.858725,5.971437,6.028385,3.997089,5.775843,4.041545,7.079257,6.691271,5.869917,6.404531,4.241323,6.150072,3.834825,5.796995,4.106983,4.613147,5.478157,5.197252,4.211438,4.000693,4.236185,3.928535,5.715188,4.199622,0.535204,,
ACH-000186,-4.698345,5.572819,5.796209,4.12211,3.078198,5.537906,3.971843,1.436596,4.860686,5.097666,5.921248,6.681618,3.44586,5.723416,4.473494,4.544452,5.960435,5.83101,5.849417,5.873092,4.459721,5.804515,5.229873,3.556394,5.389871,4.580261,4.727973,3.709754,4.268761,4.697129,5.556617,,3.921501,3.431869,2.962621,3.662786,2.962845,6.551903,6.697293,4.525359,4.080365,5.288693,4.586902,5.413607,4.457262,5.064485,5.795721,5.384945,5.053394,5.422656,4.351286,,2.315481,3.36503,6.713601,2.438184,4.680731,,,0.486914,1.301097,5.182991,4.919506,4.47063,1.084173,6.776079,4.807166,5.82618,6.344666,4.88797,5.033069,4.179328,5.561721,5.92601,5.959789,6.631084,7.306115,4.153665,2.8353,5.174321,6.384605,5.503975,6.776079,7.590101,6.322873,6.502273,5.475208,4.473494,6.746817,3.649615,5.945944,6.776079,6.752563,2.624713,3.894155,5.610263,4.008698,5.292148,4.82508,5.763655,2.125215,,0.568933,3.687703,0.271736,0.423808,3.280672,4.628856,4.832406,5.521893,4.553799,4.655247,5.313425,6.721155,6.160391,6.115811,5.449768,6.334661,6.745725,5.581972,6.492256,5.148227,,,5.309053,4.153041,6.732958,4.935435,2.64024,3.836278,3.161079,3.51277,6.773363,3.270478,4.503475,6.565401,5.789513,4.804225,6.393527,6.612864,6.776079,3.832166,4.899273,6.329899,6.596878,6.725759,6.776079,,7.208886,6.748286,6.764059,4.906156,6.5165,6.747036,4.473494,6.715308,5.553902,6.633859,4.53389,6.758455,6.429789,6.612771,6.211483,6.030002,6.721111,6.776079,4.248476,,2.241254
ACH-000399,-2.321699,2.809581,1.592342,3.239025,2.612809,3.97896,3.203479,-0.597234,2.154568,6.194557,5.465104,4.915202,2.797016,5.937791,-1.060391,4.338491,4.846796,3.358644,3.738066,2.54997,2.796755,4.591519,4.880414,3.478151,5.828612,4.197462,5.07789,1.748121,3.974444,1.421556,4.642972,,5.824261,2.546047,-0.316651,-1.01153,-1.685115,2.988395,1.124271,3.503658,3.357869,3.462775,2.425725,2.041219,0.849668,0.656684,2.051897,1.031225,2.153606,2.328532,-1.01073,,-1.997935,0.476686,2.230901,4.464589,4.694752,,,-2.584217,-0.634735,5.086909,5.355414,3.544374,1.948497,6.255889,4.29284,3.196216,5.88631,5.286072,5.955928,5.95919,3.994902,3.320192,1.748733,4.875371,4.326616,4.838718,-0.119121,3.666004,5.832245,5.842294,4.236061,4.207912,5.287535,5.170714,5.908157,3.732047,5.95919,3.656605,4.981076,5.95919,5.228046,0.934672,0.993877,3.670551,0.81,2.273181,4.706151,2.210644,3.534953,,-0.942521,3.246408,-2.270773,-3.207776,1.855856,2.527904,3.262696,1.046973,-0.525745,2.052051,0.254195,5.877661,2.239746,5.695029,3.473663,4.585183,4.169499,6.349652,3.200602,3.7018,,,0.385672,-1.976412,0.942439,0.162154,-3.077403,-0.222147,0.89936,2.681215,2.900423,3.866251,5.069167,4.741368,4.636657,4.959979,5.775347,5.849745,6.340414,4.656837,4.602415,5.959083,6.206949,6.236521,5.999047,,5.787608,5.890083,6.065816,4.541873,4.798439,6.000438,3.571653,6.155631,5.12987,5.257075,3.379604,5.784967,5.197708,3.331768,4.635619,1.708005,4.437647,4.463498,2.083762,,2.754988
ACH-000177,-3.50261,3.5192,2.788433,4.071239,4.614148,3.55885,3.736962,-0.138194,2.279527,5.087131,4.579551,4.895717,2.240863,5.319335,2.715145,5.033385,4.766808,5.331881,5.124839,3.947876,2.433705,4.681936,3.926252,1.978541,5.0332,2.586501,5.342205,1.696427,4.069227,2.459583,4.048964,,4.280086,3.795927,-0.215924,-1.120802,-1.238057,4.627291,1.90152,4.444926,4.05107,4.815443,4.005133,3.412795,3.187493,2.780218,3.518677,2.989955,2.792303,3.191064,2.179416,,1.079995,2.887513,4.014597,3.745897,3.567415,,,-4.209786,-0.629953,3.487976,5.049364,2.797799,1.740036,5.293946,3.112108,5.681982,5.296176,4.23671,4.799893,4.878661,5.043747,4.658161,3.99301,4.83696,5.786541,4.858527,2.392706,4.567191,4.892095,4.499908,5.361502,5.329359,5.345981,4.50751,5.728367,2.672766,5.27926,2.756217,5.152569,5.36133,3.450875,1.655765,1.666913,4.539712,2.595458,4.273894,4.792804,4.694023,2.135582,,0.248296,4.092615,-0.300091,-1.414952,1.343517,4.052637,4.551123,3.709281,1.218169,3.275467,3.139519,4.923241,5.252402,3.496087,3.816293,5.268168,4.381885,3.173901,4.421616,5.315434,,,3.320957,2.854814,3.015187,3.481922,0.623068,0.440531,0.472147,2.665449,2.237742,4.470094,4.536224,4.292678,4.853276,3.081509,5.031972,4.751576,5.360653,5.308548,3.315347,5.188578,4.534437,5.212644,5.348619,,5.714448,5.009548,5.36106,4.591326,3.547658,4.777957,3.058561,5.115112,4.703172,5.091929,5.231184,5.325584,5.001976,4.072083,4.747479,4.221624,4.784091,5.316614,2.612125,,1.933903
ACH-000559,-2.554285,5.96075,2.36055,6.210062,2.377579,3.236309,5.715228,1.210323,3.292871,4.84939,5.412996,6.601006,3.620778,6.999837,3.82687,3.521975,6.192166,5.281991,5.89531,5.993052,4.443099,6.491484,5.098729,3.971878,6.915784,4.678837,6.144992,4.382929,4.414605,2.637478,5.525914,,6.183972,0.279925,2.382816,0.434997,-1.327651,6.377059,2.241946,6.750725,4.777711,5.392308,5.072302,3.880021,3.808287,4.156387,5.854293,3.903557,4.69033,5.307001,4.421883,,1.357167,3.148818,4.377086,4.743874,4.997648,,,-0.745765,0.472684,5.68435,5.547671,4.645376,1.546876,6.543341,5.385815,5.5912,5.704166,5.40393,6.413858,6.156074,5.205549,3.603902,2.864801,5.707785,6.617893,3.24344,-0.789008,4.997237,5.147788,6.868129,5.404927,5.403521,6.137136,5.405459,6.769915,3.754954,5.235958,4.697251,6.828879,6.990287,4.758576,1.77214,1.667938,4.057658,2.662566,4.921037,3.632161,3.612983,3.404198,,-0.796513,2.96628,-1.598483,-2.907485,1.166919,3.459931,5.15411,2.605926,1.787338,2.355192,1.993043,6.999611,5.465091,6.385118,5.406017,7.365151,6.360587,4.19726,6.622807,6.943133,,,2.193899,-0.34256,3.815285,3.345746,1.064241,0.589946,1.380237,3.958278,5.264489,4.230501,5.303793,6.151558,6.653425,4.716431,6.639826,6.531085,6.969447,5.617474,5.494604,5.979788,6.999837,6.231586,6.635195,,7.072771,6.467125,5.237664,3.894392,5.785606,6.212252,4.662393,6.456123,5.767324,6.653205,5.156066,6.548693,6.461321,3.517141,4.531661,5.314774,6.268959,6.25052,3.264251,,1.147113
ACH-000698,-1.390459,,,,,,,,,,,,,,3.906582,1.871955,2.932721,3.680657,3.332378,2.522813,0.623483,4.874056,3.914363,3.560395,2.360254,3.445345,5.855134,1.933852,5.661031,2.598832,6.276859,2.191143,3.309521,4.524439,-0.672518,-1.931527,-2.939483,5.82051,5.645685,1.839365,1.360789,1.787843,5.062268,5.070145,4.138186,3.288152,3.981619,4.298847,4.11381,5.456804,2.851822,2.370548,0.987495,2.5823,3.826703,4.10847,4.101739,0.895842,6.548197,-3.637172,-0.306977,5.797205,4.865657,2.52972,1.116513,5.558567,3.129653,6.352461,5.728688,5.866496,4.593059,4.185497,5.239183,5.452135,4.662832,3.591048,4.897755,4.02487,-1.814257,5.524583,3.965639,4.362785,3.244532,5.212242,3.208272,3.606328,3.449676,2.829339,5.001377,3.265494,5.429403,5.497156,2.936392,-0.075301,0.949455,4.102368,0.905585,5.654727,2.84849,2.136549,3.466384,0.868145,-0.030706,4.197291,0.428304,-1.394378,1.853129,3.764731,5.327754,4.664682,2.83679,2.980278,2.115987,5.391042,3.754481,3.405426,4.164552,6.614169,3.633233,2.438483,3.951325,4.02572,3.342054,1.567744,-0.283128,-5.03313,-0.347369,1.705087,-3.19397,3.105015,2.639682,1.454187,4.644198,5.243245,4.755638,3.974334,5.104736,5.560657,5.414794,5.564584,5.76764,5.821501,3.944263,4.335939,5.22073,5.84338,5.745283,5.329114,6.978054,6.032798,6.066266,5.207727,4.36834,5.223985,2.426466,5.42559,5.444791,5.457573,5.835078,5.652333,3.696306,4.20879,3.226954,2.526884,4.084549,2.026537,1.479833,,
ACH-000803,-1.29277,,,,,,,,,,,,,,-0.436881,2.327384,2.68295,3.360914,2.119104,0.491403,-0.153346,5.737708,5.355138,2.629258,3.206258,3.019811,5.359071,2.056056,4.623433,2.38255,4.016589,2.377012,3.956289,4.072528,2.092967,-0.323818,-0.283873,4.989719,5.63022,2.199229,3.743435,3.545711,3.51329,3.152915,2.423332,1.598118,2.907799,2.555871,1.892667,3.038789,1.832647,1.741427,-0.71548,1.074258,3.975187,4.094192,3.4125,0.715663,4.597966,-3.262323,-0.598012,4.331711,4.477683,3.368586,2.536839,5.665674,3.007655,6.404084,5.46104,3.891788,5.328602,4.881649,3.695801,2.18685,4.378591,4.076876,4.226917,3.030679,-1.110853,3.918979,3.842786,4.653185,5.607246,5.590639,3.479465,4.545592,4.613077,2.943539,5.547686,3.223869,5.30592,5.62708,3.477513,-0.403469,0.94842,2.081279,1.769709,5.456058,5.578821,3.269459,2.119929,-1.506745,-0.821824,4.434915,-0.71212,-2.489808,0.401604,4.894787,5.279555,2.484957,-0.201552,2.404701,1.454751,5.657778,3.152388,3.958715,4.272526,4.695712,1.823008,0.849214,2.962338,3.591291,2.122855,-2.548432,-1.641993,-5.341857,-2.114253,1.289546,-3.535657,1.95501,0.846244,2.43356,4.676321,5.577147,4.524922,4.18899,4.50326,5.671298,5.652734,5.188006,5.671147,4.87173,3.460874,4.587992,5.636541,5.610106,5.660406,5.671298,5.895328,4.608597,5.131681,5.753621,5.371125,5.043311,3.029526,4.707346,5.636456,5.080475,3.563551,5.134895,4.260038,1.267921,2.168483,2.026959,3.358587,4.241009,-2.255271,1.013178,-2.949618
ACH-000508,-4.911286,,,,,,,,,,,,,,1.247059,4.065755,4.975798,3.379852,4.315412,2.770053,2.620157,5.17042,5.797719,3.526476,4.032631,3.804673,,1.203643,5.191857,2.026094,3.977976,2.108542,4.984476,4.146632,0.896041,-0.895956,-0.80166,,,,3.566582,3.958364,5.701274,4.634748,5.349586,3.765239,,4.007535,3.932955,4.397433,2.238176,2.674834,0.260747,2.68567,4.717432,4.323337,4.074006,2.600298,4.19672,-2.220986,-0.361865,,,3.390495,2.763113,5.762182,4.192497,,5.631725,4.488793,,,,,,,,,,,4.188168,,,,,,,,,,,,2.355106,,0.35543,2.635052,2.093047,3.979183,4.349278,2.955256,4.511753,0.387455,-2.03704,5.382173,0.368423,-2.722797,1.514397,3.55749,5.286265,3.21917,0.166165,2.019123,1.026132,6.125816,3.623043,5.166463,4.22545,5.440577,4.122073,3.207755,,3.705763,4.386885,1.166748,2.429563,3.646079,1.015335,3.257431,-1.10389,,0.536132,4.254233,3.537597,5.675985,5.705784,5.389307,4.084248,4.763318,5.178317,5.521338,5.804117,4.251178,3.275428,3.255195,5.64272,5.650075,4.959286,4.425607,6.679224,4.110531,5.837016,4.941026,5.294249,4.220112,3.118436,4.500194,4.285115,5.210911,3.835428,,3.349695,2.0239,4.323417,1.614214,3.256449,4.462648,0.904467,0.532761,-3.377976
ACH-000335,-2.577359,,,,,,,,,,,,,,0.605619,4.831489,1.8423,4.450369,3.208219,0.855738,1.19164,3.511914,4.583816,2.723285,2.589216,1.514015,3.938113,1.416821,3.88582,4.29323,4.619911,2.651248,3.903417,4.505372,3.778345,0.481297,-2.121329,4.965419,3.096992,5.360936,3.276319,3.461299,3.215123,5.028679,3.223044,2.119141,2.244052,4.83483,3.17469,3.92072,3.516998,2.36413,-0.475696,1.798252,4.592198,4.106935,2.662911,0.681946,5.52922,-3.930552,-0.837409,4.797975,3.400126,3.51496,2.339871,5.739151,3.731644,6.40402,5.316153,5.792493,5.707133,4.850757,3.138892,2.35455,2.397864,4.505601,4.17922,1.492653,-3.069435,3.124586,2.840614,4.458132,4.250373,5.317879,5.387484,4.315008,4.286643,2.803493,5.728815,3.523189,5.732564,5.821233,3.101186,-1.377758,-0.635461,4.829122,1.504317,3.901078,2.833406,3.279467,4.451301,-0.083336,-1.207397,6.521292,1.222568,-1.976991,0.566185,2.349297,5.64863,4.399554,-0.253888,1.404754,2.613012,4.954296,5.059874,4.381955,4.0405,6.184966,5.473751,0.668396,3.212657,5.051296,3.911169,-1.217546,-0.368336,3.291383,-0.960388,2.188189,-2.665258,0.933027,1.16141,1.646648,5.75773,5.761703,4.753488,3.813869,4.764343,5.432161,4.694495,5.087074,4.485783,3.426038,5.014009,4.753293,5.828144,4.296612,5.828054,5.828144,6.448842,4.751845,4.817397,4.656157,3.908427,3.820324,2.100455,5.537756,4.819923,3.40672,3.095686,5.523196,2.430914,3.768016,3.925488,2.377632,3.494888,0.831675,-1.445151,1.861442,-2.247037
ACH-001321,-1.032875,,,,,,,,,,,,,,1.126017,6.266329,4.207102,4.179394,2.192906,2.445255,1.375062,7.18058,6.126877,4.197009,5.879759,5.404059,,3.663116,3.690741,3.674055,6.935261,7.023829,4.242072,7.160273,3.200473,5.660443,2.715559,,,,4.621978,6.259,4.055549,6.379814,3.127768,3.68593,,3.49562,3.959327,5.669026,2.280259,0.474637,1.715059,3.018258,6.005598,6.295679,5.917807,2.925615,5.197727,-4.945395,-2.179655,,,5.241592,3.396892,7.339927,4.453762,,3.773721,3.897539,,,,,,,,,,,4.741858,,,,,,,,,,,,4.731063,,2.205694,4.555493,-0.405433,4.097311,4.496313,4.224477,4.863657,-0.055462,1.593528,8.138643,2.52123,0.845597,-1.629785,3.704483,5.415133,5.73235,2.435686,4.614123,3.276393,5.507001,3.114289,3.750864,4.772066,5.976056,3.380312,5.57215,,5.857909,5.981424,4.229522,0.359026,-2.94719,1.376014,7.158824,-1.009693,,1.815011,4.64713,7.262995,7.035882,6.107732,5.652926,7.692299,2.542945,7.475994,6.950577,7.474428,6.952838,4.111349,6.059826,7.381119,6.342366,7.544177,7.544177,7.637289,6.23789,7.531905,7.055382,5.571762,6.830363,4.531135,5.922694,4.4761,5.566861,4.490383,,5.78457,5.353757,3.327401,3.163759,6.301172,4.007986,3.921019,4.840278,-0.638389
ACH-000155,-3.350126,,,,,,,,,,,,,,-1.604495,3.58592,3.187631,3.085665,2.284828,1.371933,1.092214,5.588469,5.342396,3.897696,4.155336,4.092526,,2.226894,4.261218,3.317825,3.970064,3.654291,5.307203,5.063134,3.735594,3.765022,2.3708,,,,2.706007,3.55823,5.173784,5.823363,2.951283,2.079909,,5.118238,3.823746,4.567415,2.146057,1.069729,-0.601569,1.939047,5.282903,2.52076,4.517457,0.707141,6.548292,-5.397165,-1.466545,,,3.949263,1.532389,6.154684,4.08175,,5.623605,6.119897,,,,,,,,,,,4.024866,5.953058,,,,,,,,,,,4.480901,,1.316433,6.105704,4.20945,5.522369,3.935705,4.225072,2.758412,-1.132553,-1.411721,5.184589,1.144764,-1.61395,0.2661,1.856328,5.076416,2.755691,-0.354888,3.097981,1.449607,5.186822,4.777188,5.450907,5.484493,5.370016,5.169652,1.630003,,4.736682,3.75772,3.242372,0.190611,-2.381399,1.493504,4.665589,-1.18603,,4.549693,2.436262,6.274664,6.394519,3.498312,4.619002,5.993076,6.119974,5.17356,5.83728,5.517356,6.320247,3.701305,5.30568,5.51758,6.150312,6.878408,6.909284,6.854378,6.150482,6.274694,5.444211,5.7245,5.035083,3.047681,4.569884,4.897047,5.632876,4.742562,,4.538692,6.194994,4.950726,4.217037,5.748606,4.817758,1.77517,2.744062,-1.019552
ACH-000396,-0.87347,,,,,,,,,,,,,,2.537182,4.153615,4.537242,3.634389,3.489695,3.599618,2.398632,5.379602,6.380072,2.632868,3.14481,4.369603,6.264217,2.375905,5.700521,3.330376,5.030765,5.42133,3.787254,3.734534,2.947929,1.783223,2.834141,4.76178,2.727846,4.037205,5.751507,3.818704,4.573156,5.29335,3.063442,2.228605,4.940493,4.48325,3.382956,4.343011,0.660531,-0.008646,2.442406,4.550438,5.246262,4.210022,4.515862,-0.137126,4.080997,-4.222809,-1.077162,6.167327,5.76563,2.72215,2.747434,5.542812,4.147662,7.145938,4.260266,5.194696,5.211606,3.792216,4.304691,5.659384,3.168043,5.583867,5.444887,4.47065,1.651594,5.631035,4.349389,5.438139,4.184135,4.117014,4.02722,5.144615,5.162887,2.735501,5.078525,3.342121,5.721611,6.311928,6.365123,0.770096,2.186005,4.444663,2.217238,5.052398,3.388023,3.883975,2.685432,1.679035,0.609754,5.896773,-0.151197,-1.450324,3.931628,3.756219,6.193705,4.479112,1.664616,5.434162,2.071315,6.115422,4.684939,5.948701,4.892901,5.080442,4.493039,4.485787,5.935677,4.947003,2.707978,4.41109,2.742332,-3.755531,-0.448913,3.336528,-3.044122,3.481698,4.703021,5.597114,5.606231,5.478441,5.850788,5.21889,5.408546,5.414204,6.078837,6.278585,6.382915,3.890743,4.052484,5.289866,6.015632,6.273389,6.375233,6.370517,7.93923,6.198778,5.922181,5.497056,6.026849,4.875391,4.004762,4.990893,4.828089,6.368342,5.961633,6.197634,4.978697,5.552173,5.148777,4.602916,3.962424,1.099867,-0.102864,,
ACH-000638,-2.518923,,,,,,,,,,,,,,4.650273,4.030059,4.471106,4.925342,4.895609,3.33565,2.117638,7.397951,7.30918,4.758367,3.355085,4.931518,7.935102,5.482789,5.33765,2.057096,6.515949,6.046353,5.818956,7.20826,5.230473,3.617427,3.347974,7.289859,1.353694,7.604566,5.942749,6.588563,5.796108,6.406292,2.82692,1.807082,5.117136,5.646902,5.18783,6.419622,2.902845,3.77702,2.252831,4.80605,6.710428,3.758927,6.125106,3.852186,7.691833,-0.743247,0.248364,8.093212,7.925994,5.098653,3.056169,7.942353,5.74548,7.589743,7.444084,3.84038,6.07758,3.788688,4.876368,3.372783,6.897603,6.98066,8.443061,5.492794,0.464284,7.13193,7.971867,6.915159,7.005655,5.614585,7.151398,6.524743,7.19177,4.396393,6.613839,4.560828,7.246092,7.683748,6.961345,2.43147,4.685027,4.123423,4.115076,8.122367,5.092146,6.744129,6.691713,1.505864,0.935384,6.57251,2.325635,-1.685267,5.50897,6.380594,6.838844,6.20929,2.976884,7.001048,3.940662,6.976502,6.097664,4.887699,3.9876,7.406275,7.929032,6.770832,6.297609,5.946284,5.493607,4.530152,2.949396,-1.950867,2.564926,4.85079,-0.840022,4.158139,3.956534,6.568805,8.044402,7.867828,6.317041,7.617692,7.170231,7.220586,7.763258,7.271387,8.002906,6.692132,5.804344,6.963029,6.853729,7.482499,8.136262,8.136262,8.891349,7.623791,8.401918,6.972571,8.059198,8.056248,5.857828,7.784319,6.507137,7.193098,7.414371,5.676596,6.701931,5.28786,5.318866,5.839151,3.844007,5.795439,0.99872,6.633757,0.249697
ACH-000362,-4.592019,,,,,,,,,,,,,,-1.986415,0.123616,-0.411911,1.616798,-0.790055,-1.500121,-3.698075,2.87147,1.826052,1.577483,0.196948,1.053675,0.173508,-0.414853,2.548928,0.488608,2.400481,2.655457,2.789336,3.137099,-5.755289,-4.166814,-1.816034,2.835594,-3.679032,3.346974,2.895549,0.447222,1.703517,2.138865,0.816534,-0.266308,1.208824,1.073548,1.04969,1.679028,-6.105825,-2.20049,-4.035667,-1.219007,0.997927,-0.279696,-0.176153,-1.399707,-0.061736,-5.987392,-1.961184,4.169793,2.455929,0.610581,1.168568,3.507736,-0.289124,2.20338,1.851113,-2.183757,-0.106015,-1.475454,-0.417504,0.325176,-1.763647,3.057266,3.003832,-1.221334,-4.185231,1.211781,3.905191,1.88825,-1.873251,2.625334,2.409942,2.129197,3.451941,1.603573,4.112255,1.649442,3.597976,4.166943,1.5376,-2.539247,-0.930608,0.051336,-5.858566,-0.867009,-3.383436,-0.217299,-3.963933,-6.350083,-5.876668,-0.13629,-6.027097,-6.245749,-4.993875,-1.076247,0.344132,-0.592729,-5.899393,-0.72906,-1.983418,-0.868025,0.39035,-1.412963,0.941851,-0.000871,-0.260433,-3.050162,0.664778,2.037457,0.118104,-2.240739,-4.573252,-6.501934,-4.665136,-0.855356,-4.890055,-0.776872,-0.926833,-5.481198,0.656143,2.299698,2.846315,3.26368,3.069429,3.726926,3.991117,2.634016,4.169793,1.4274,1.062028,3.486423,3.158756,2.964317,2.221368,2.285628,4.082286,2.909907,3.165265,3.422117,3.379083,4.016451,2.000382,3.64194,3.894,2.643385,1.993938,0.455045,2.091366,-1.049737,2.787728,1.348525,2.469595,-1.229949,-4.428809,,
ACH-000081,-1.867947,,,,,,,,,,,,,,-0.922616,2.404504,2.044136,2.142329,2.000729,0.599627,0.205934,4.132202,2.001709,2.918628,2.052843,2.196709,4.889933,-0.394961,2.339663,0.273934,3.472292,1.934605,2.213263,1.698747,-3.611171,-2.959815,-3.21496,4.75018,-0.570244,5.159032,3.937311,1.72672,-0.240367,0.526079,-2.860386,-2.117121,2.295153,-0.803553,2.122744,2.293581,-0.325171,-1.279219,-1.871767,-1.04575,-1.373478,-4.716455,-0.683868,0.409778,3.288,-5.903687,-1.421523,3.836043,5.123906,1.927288,1.660786,5.007276,2.431873,2.182985,2.64654,-1.076688,0.694562,-0.632368,0.429161,1.12522,1.976587,2.989613,5.798069,-0.67996,-4.044436,1.434222,2.451209,1.724726,1.003042,4.008837,2.863607,2.559162,2.902584,2.165236,4.035531,0.674336,2.454323,4.124399,5.159032,-1.238545,0.908129,-0.32585,-2.30037,-1.149174,-2.181367,-1.879551,-3.598539,-5.359779,-3.699558,0.036283,-4.238411,-5.12341,-3.146497,1.152165,1.902111,1.366755,-3.954087,0.380229,-1.008871,0.37348,2.720226,1.145073,3.294255,2.790975,0.50458,-1.61042,2.637015,2.339076,1.465791,-1.934275,-2.209521,-6.623429,-1.784015,0.583202,-4.351101,0.714198,-0.160605,-1.973901,3.247843,4.880534,4.019607,4.170399,5.139456,5.093063,5.011128,5.082664,4.435582,-0.222915,2.269486,5.159032,5.025787,2.979837,-2.054168,2.064458,3.925343,3.594357,4.521819,3.413851,2.945552,5.12451,3.060554,4.68678,4.728321,3.480963,2.32725,2.146631,1.918863,-0.627683,0.466312,0.750249,1.474899,-0.688332,-1.112468,,
ACH-000326,,,,,,,,,,,,,,,-2.405906,-1.451215,-1.832235,0.100022,-2.049368,-3.504024,-5.040605,3.167147,1.663544,1.996274,,,1.134626,,2.729432,0.583422,2.683791,,,-0.486574,,,0.336735,4.547081,-3.350423,3.843821,2.401141,3.26327,,3.460149,2.859692,1.36162,2.710982,2.106768,,,-0.912576,-1.671558,,,,-8.08648,-5.070664,0.433303,3.272139,,-1.67739,3.141564,3.826736,,1.562779,4.599519,2.038459,2.876118,2.592264,-1.066466,1.964869,1.181905,2.609604,1.654082,-2.419783,4.597342,2.691608,-0.335375,-3.599383,1.934618,4.427039,2.538919,1.226893,3.168127,3.832951,3.838319,5.294471,2.017052,4.60246,2.249375,4.549434,4.599619,1.5082,-1.939329,,-1.221777,-2.470722,0.546731,-1.208741,-2.02171,-3.66025,,,,-5.63005,-5.936394,-3.006488,-0.807739,-0.274802,,,,-2.046287,3.745618,1.202472,-1.497696,0.899691,2.096209,1.770292,,2.014499,2.586297,0.290653,,,-5.420462,-5.78003,0.803432,-4.475616,0.290861,,,,3.101795,3.076435,,3.391884,4.587681,3.303283,4.563627,4.5907,1.442467,2.375161,3.524452,4.285875,2.700139,2.792298,3.101425,3.34516,2.967877,4.413812,3.445344,3.435834,,2.300585,,,4.384272,,2.432812,,,2.917945,,2.506134,,-4.516796,,
ACH-000551,-5.595489,,,,,,,,,,,,,,-1.071959,2.542765,2.036308,3.180458,2.187016,0.906263,0.123919,3.843808,2.780106,2.360399,3.846709,3.06143,3.408909,1.948789,4.502555,2.040157,2.239862,2.496561,3.689353,4.296849,2.768341,1.918021,1.905505,5.34928,1.64173,2.289892,2.821732,2.565137,5.172772,5.098853,3.622019,2.735586,3.82361,3.154231,3.328897,4.238765,1.391946,0.041707,-0.94069,2.500939,-3.406503,-5.702194,-1.891008,1.72443,5.607793,-4.260081,-0.918563,5.34928,3.45434,2.252208,2.327845,5.308557,3.73499,5.454885,3.565521,2.425855,3.651184,3.106533,4.300608,2.835687,4.64835,5.146582,4.337152,2.26667,-2.302781,3.82053,3.39143,3.867189,3.279121,4.729559,3.217511,3.060157,3.360497,1.84962,4.79724,2.685168,5.192378,5.331354,3.914025,0.025182,-0.224403,0.3727,-0.626415,3.332835,2.049937,-0.146775,-1.290923,-5.266924,-3.609454,0.487469,-3.595513,-4.564753,0.895178,1.774164,3.611141,1.063693,-0.682076,1.041627,-0.371816,4.25237,3.187809,3.824356,4.240833,5.182604,3.666398,0.540723,4.919806,3.788237,3.491496,1.945654,-0.419449,-3.648621,1.647395,2.624302,-1.761973,2.630287,0.745867,1.453297,5.34928,5.673215,4.701886,4.553072,4.719547,4.97696,5.345938,5.324342,4.78918,3.560158,3.348217,3.804479,5.210348,5.061304,5.34928,5.093708,6.232941,5.596523,5.687702,5.047393,5.128689,5.243371,3.339798,4.857495,3.783823,4.197918,4.250428,2.80955,2.829207,3.101293,4.606586,1.750922,4.463819,3.102687,-2.95307,-0.107925,-4.95568
ACH-000301,-3.90993,,,,,,,,,,,,,,-1.516167,0.166461,-0.52101,0.659713,-1.094894,-2.166905,-4.230786,2.340127,0.374457,1.735853,1.463316,2.922625,0.876836,1.704524,3.310501,0.937092,3.344873,2.970448,3.517094,0.438495,2.411808,0.753516,-0.047035,4.076563,-2.300769,3.740471,2.591156,2.627018,4.532062,3.687801,3.114993,2.062298,3.452065,2.603192,2.152237,4.301814,0.555631,-0.773816,-2.636059,0.319157,-5.787253,-8.280412,-4.727406,1.050468,3.444372,-5.539199,-2.034693,3.422311,3.953621,1.193168,1.796676,4.532062,2.620556,2.959732,3.549521,-0.011867,0.44396,-0.92823,1.822784,1.497543,0.897181,3.096325,2.406949,-0.105024,-3.716438,2.501215,4.412441,2.852986,1.736986,3.675197,2.567071,2.837368,2.866305,0.945893,3.82762,1.234029,4.29186,4.37983,3.090148,-1.576029,0.015797,-0.559593,-2.136803,2.04198,-1.117569,-1.873738,-4.196349,-5.22274,-3.774716,0.610482,-4.149034,-5.0657,-1.456525,0.324536,1.445621,0.481814,-1.993375,0.99649,-0.899579,3.261953,2.285509,1.251258,2.262206,2.827569,2.128707,-1.30579,3.214975,3.246282,1.330546,-2.655546,-1.19685,2.128936,-3.828697,0.927402,-4.052976,0.710211,0.428136,1.216744,4.532062,3.906043,2.556025,3.577688,3.348128,3.485559,4.055991,3.801876,3.143535,2.768863,2.575734,3.109355,4.038498,3.277401,4.532062,4.532062,4.593147,4.074805,4.687593,4.513811,4.532062,4.244833,0.804956,4.513912,3.957995,3.186075,2.174898,1.312392,2.519912,2.202001,3.95296,0.984706,2.722486,2.442905,-3.450255,1.149514,-6.487398
ACH-000072,-3.745261,,,,,,,,,,,,,,0.980882,1.5136,0.625711,1.603697,-1.039712,-1.637065,-3.189663,3.077041,1.047628,2.558544,1.866198,3.491285,1.136071,1.305637,3.448868,1.158642,3.848897,3.185151,3.415355,0.473427,2.026987,-0.131458,0.117842,3.742367,1.392448,4.311757,3.082325,3.023114,4.655806,4.479022,3.807084,3.688315,4.07053,3.260694,2.485155,5.144974,0.723917,-0.872696,-1.629793,3.206385,-5.960691,-8.658382,-4.621391,0.963879,4.511767,-5.375433,-1.877758,3.814041,4.042895,1.680205,1.5721,4.460786,2.997346,3.070346,2.716403,-0.633141,0.796328,-0.726351,2.531269,1.466074,1.85513,4.634834,3.766738,0.217598,-3.602323,2.318666,3.829137,3.24805,1.90134,4.571824,2.560007,3.903031,4.382125,2.507127,4.458596,2.706001,5.126538,5.067898,4.482058,-2.293076,-0.411365,-0.654784,-2.014838,0.947498,-1.108887,-1.753524,-3.292895,-5.419038,-2.644057,0.245056,-4.709119,-5.474692,-1.984497,1.302975,1.080735,-0.104113,-2.184048,1.0179,-1.13056,3.706494,2.740289,3.751004,3.68518,3.873938,2.253053,0.742461,3.295159,3.114977,1.653252,-0.310658,-1.522629,-4.381261,-2.797849,1.54974,-3.404197,1.031431,0.88065,1.551293,5.145214,5.383648,3.228719,3.609321,4.867044,5.07194,5.145214,5.145214,4.201997,2.291726,3.285056,4.649625,5.091757,4.072309,5.094172,4.332224,3.928293,2.99174,5.079222,4.961736,5.10915,5.145214,2.088563,5.143135,5.145214,5.145214,3.199079,1.775875,3.062669,2.9961,4.930711,1.154334,2.420519,2.14801,-2.324141,-0.780464,-6.277953
ACH-000074,-3.581516,,,,,,,,,,,,,,-1.141227,-0.750698,-1.390808,-0.055061,-2.308914,-3.620863,-5.569001,2.962851,1.542211,0.881639,0.859294,3.188711,1.208412,1.139478,3.394718,0.944001,3.297189,4.090654,4.370219,1.867824,1.358989,0.805251,1.361226,2.990241,1.871444,3.318229,1.741558,2.689316,4.852003,4.161771,3.440584,1.629663,2.314443,1.872474,1.73629,3.533151,0.189807,-1.153915,-2.448897,0.610652,-6.456847,-8.580479,-4.874536,-0.044881,4.221696,-5.393349,-1.710085,3.273078,3.046313,2.709226,1.917917,4.958884,2.64968,4.072846,2.491952,-0.992744,0.733349,-0.956954,2.209762,2.299146,0.778192,3.549486,2.818438,-0.134736,-3.776405,1.737197,3.895705,3.612197,1.09404,3.850718,2.903002,2.869166,3.850995,2.014507,4.153492,1.754097,4.434623,5.006658,2.709246,-1.98858,-0.268561,-1.176712,-2.607312,1.220605,-1.695089,-2.195141,-3.569187,-6.076633,-4.633015,0.372381,-5.236336,-5.681657,-0.651814,1.852163,0.39522,0.406695,-1.912578,1.066092,-0.906253,3.292816,2.635843,1.435711,1.787921,4.663714,1.904009,-0.430658,1.448775,3.339242,1.283613,-3.327393,-1.276065,-2.757449,-3.83554,1.302745,-3.197333,0.879225,0.662889,1.121799,5.011812,4.149476,2.75732,4.280853,4.979135,4.779399,3.797526,5.003329,3.400145,2.344529,2.462971,3.56607,4.482592,4.012789,5.011812,4.738273,4.13037,3.454323,4.951859,5.272974,5.009918,4.096282,2.155496,4.619547,4.056646,4.193278,2.614723,2.682334,2.42474,2.25382,2.907907,0.4148,2.106636,3.266186,-1.254838,0.042492,-6.230256
ACH-000983,-3.466025,,,,,,,,,,,,,,-1.573333,1.898324,1.208381,2.366657,0.234944,-0.636047,-1.121268,3.886798,2.784181,2.374022,2.149432,3.201199,2.872119,2.093837,4.369237,1.279034,3.602837,2.902583,2.817658,3.414658,2.16913,0.572373,0.703888,4.729204,-4.419683,3.609685,2.792966,3.104427,4.085094,3.170876,2.689904,1.109311,2.469986,1.926423,2.544687,3.504732,-0.603044,-1.501546,-3.202196,0.884889,-3.914426,-7.02181,-2.823068,-0.54083,1.891745,-5.610416,-1.937504,4.713591,4.725804,0.989437,2.140483,4.831101,2.883572,2.286241,4.179234,-0.595371,1.986649,0.938635,2.303468,2.315224,1.562326,2.995565,1.810427,0.357455,-3.80865,1.367206,3.064595,3.154465,1.963445,3.483862,2.252509,4.175039,3.628648,1.409066,3.386447,2.155173,4.728047,4.676117,3.41308,0.261672,-0.213439,0.348171,-0.584888,0.91492,2.205293,-0.641167,-3.219616,-6.098558,-4.174946,0.607486,-5.175426,-5.816595,-1.239119,1.27806,1.242475,0.051957,-1.521045,1.498007,-0.56528,3.778804,1.679513,1.528927,2.301693,3.1401,2.476413,-1.217789,2.653533,3.264486,1.358745,-2.036061,-1.858357,-4.327504,-3.442252,2.202622,-3.023604,0.912925,0.754873,1.892001,3.504684,4.371463,3.598234,3.798148,3.534498,4.83669,4.764283,4.564493,3.523912,0.92864,2.460546,4.688498,4.607863,3.703641,4.102341,4.167369,5.531208,4.899216,4.430789,4.452817,4.158278,4.284323,2.371827,4.834291,4.83669,3.724233,3.556975,3.729698,3.304807,2.334325,3.096779,1.857121,3.792321,0.327386,-3.375566,,
ACH-000295,-5.636083,,,,,,,,,,,,,,-0.875047,1.814011,0.371473,1.959312,1.292265,-1.439979,-0.977062,3.410782,1.894694,2.62634,1.577176,3.159066,2.900044,1.211154,4.82056,1.762916,4.518575,1.99325,3.396348,2.54061,1.751633,-1.027468,-1.677952,3.321954,0.864706,4.267491,2.943123,3.233934,3.448942,3.427658,3.143728,2.454198,2.133169,2.803548,3.195604,3.695298,0.608081,0.418488,-0.402284,3.134325,-3.56775,-6.379525,-3.706966,-0.790595,2.994702,-5.461553,-2.312495,4.658368,4.317323,0.612061,1.767672,3.776061,2.074074,2.933895,2.601476,-1.155109,1.084073,-0.465571,3.679611,2.829409,2.571181,4.883428,3.020529,-0.039989,-4.001707,1.136805,4.639961,2.880881,1.827754,3.281831,3.687761,3.965394,4.050907,1.171538,4.517747,2.288142,4.940521,4.035683,3.496121,0.032729,1.182687,-0.217621,-1.529558,-0.927927,-3.276439,-0.929351,-4.014879,-4.304938,-3.599153,2.327482,-3.969646,-5.952777,-1.810076,0.211326,2.291095,0.591751,-1.068201,0.472351,-0.809757,4.140195,2.913191,2.770188,2.272467,2.984831,3.062501,-2.176917,2.345978,3.366772,2.870173,-2.011349,-2.619212,-5.873663,-2.925078,0.481266,-4.284411,0.307712,0.598865,0.900277,2.991521,4.134295,3.410822,4.785038,4.101216,4.760585,4.784794,4.780469,4.442707,1.915205,3.060523,4.477954,4.721039,2.95692,3.95477,2.553867,6.023902,3.657693,4.181483,4.912707,4.576101,4.452737,2.782691,4.759885,4.753332,3.439656,3.630797,3.896725,3.998316,1.832483,3.675982,1.827824,4.508292,1.426265,-3.754424,,
ACH-000920,-2.806301,,,,,,,,,,,,,,0.751942,2.169502,0.966551,2.544408,1.697973,-0.770076,-0.51789,2.513999,2.012932,2.006806,1.51893,2.629227,1.425248,1.78497,2.927607,1.260577,2.409596,2.223099,3.802448,-0.704663,1.315053,-0.40912,-1.335649,3.188535,-1.651956,3.955587,2.731565,2.967594,3.771601,2.412965,3.595944,2.505519,2.417886,1.064618,2.472213,3.939672,0.060783,-1.003948,-2.312114,-0.446655,-5.135633,-7.033751,-3.545478,-0.397098,0.002799,-5.828718,-1.85535,4.479698,3.613054,2.177112,1.448539,4.466347,2.743657,1.80744,4.477119,1.135921,2.216158,1.837812,2.171126,1.789689,1.388663,1.994639,2.550431,-0.064275,-3.825861,2.010123,3.318841,2.75482,0.863924,2.702758,2.737896,2.996674,3.208345,1.605947,3.753471,1.930797,3.296901,4.479395,0.388948,-1.140405,-0.994758,-0.507999,-2.373821,1.166781,-2.335296,-1.067416,-4.89368,-6.451136,-5.457797,-0.004191,-5.284385,-5.469114,-1.686979,-0.29379,1.842939,-0.260543,-2.098984,0.230799,-0.807404,0.990881,1.27104,0.003468,2.086481,2.850447,1.090187,-1.706296,0.886051,1.704026,0.949195,-4.295975,-3.706492,-7.710037,-4.420266,-1.142904,-5.881433,0.384388,-0.275274,1.454358,2.143353,4.475734,3.63464,3.51011,3.328671,4.472749,4.47956,4.416813,4.474544,2.052123,2.115679,2.950587,4.468514,3.754079,4.479698,4.307976,4.712961,2.080692,3.686557,3.447282,3.940222,3.304082,1.548545,4.048886,3.33542,2.834317,2.845813,1.981291,3.431695,1.733446,3.17934,0.429045,2.934922,2.74934,-3.209772,-0.743284,-6.348827
ACH-000105,-0.099892,,,,,,,,,,,,,,0.596751,2.358454,3.426175,3.607037,3.338481,1.943849,1.440975,3.590811,2.755308,2.208017,1.103128,2.456959,2.080426,1.172254,3.56688,0.731728,1.843235,2.749987,3.063853,-2.687358,-2.88503,-2.166976,-2.676849,4.575213,-2.388901,3.981754,2.913055,3.763004,3.760973,3.120661,2.282898,1.37107,2.397592,1.497039,1.388915,4.173938,0.778205,1.919693,-0.79496,1.910582,-6.012432,-7.071049,-3.808473,-0.147083,2.067639,-5.602673,-0.882848,4.127411,4.438783,1.017102,1.834112,3.919737,2.349604,2.248476,3.171896,0.278248,3.489819,2.552658,2.95526,2.689981,0.828919,2.89689,2.017963,0.029672,-3.118337,2.151335,2.404099,4.022743,2.666759,4.296923,3.550188,3.727095,4.046467,1.880515,4.417042,2.119539,4.571495,4.575223,3.007017,-1.454097,0.604483,-1.073002,-2.175762,-0.726621,-2.359611,-1.113652,-4.197265,-6.739243,-4.580665,-0.867316,-5.080492,-5.778017,-2.279464,1.076397,2.179924,0.665263,-1.827429,0.684781,-0.371157,4.02208,2.347778,2.274395,3.093103,4.696465,2.025077,-1.06667,2.07524,2.857022,1.873587,-2.803646,-2.640723,-6.794664,-3.305517,0.150117,-4.515756,-0.538146,0.119952,0.519245,2.175563,4.80837,4.79834,3.70759,2.70764,4.487158,3.801306,4.044888,4.387057,2.631974,2.274868,3.408304,3.42033,3.302166,4.30325,4.480897,4.95025,2.932635,3.671954,4.608863,4.510119,4.509077,2.305853,4.575233,4.575233,4.724694,3.393509,4.561278,3.524325,0.908791,2.353142,1.130314,2.910302,1.050281,-2.539006,,
ACH-000432,-5.673937,,,,,,,,,,,,,,-0.637913,1.872511,1.075642,1.91187,-0.03853,-1.369708,-1.862529,2.995332,1.905611,2.66678,1.943692,2.708382,,0.866934,3.348192,0.576125,1.259333,1.654345,2.16461,1.819212,-3.025933,-2.765518,-3.232697,3.858514,,,2.72392,2.993822,4.540842,4.46513,2.932329,1.727503,2.278343,1.166462,2.384482,2.967979,-2.602767,-1.584899,-3.154286,0.058873,-4.722363,-6.001648,-4.183455,0.504236,-2.377059,-5.996294,-1.685281,,,1.779723,1.65626,2.725272,1.796276,2.508503,3.284408,-2.01996,,,,,,,,-0.989035,,1.696137,2.397931,3.02547,,3.323018,,,,0.723585,,,,,2.073892,,-0.120725,-0.646758,-1.641455,-0.916682,-3.581242,-1.137081,-4.823347,-5.612224,-5.56625,-0.174775,-5.944696,-6.324436,-4.134792,0.269723,0.298567,-0.81831,-1.581887,0.326078,-1.473859,0.182611,0.412553,1.095018,1.758107,2.229731,-0.868357,-2.123841,0.604343,1.306411,0.193129,-4.220749,-3.681625,-7.02376,-3.133666,-0.285639,-4.959861,,-0.172402,1.009487,1.852079,3.369448,3.850594,3.079088,3.236555,4.205378,4.312731,4.694383,3.683231,1.313624,0.786764,3.806711,3.111667,3.810501,2.412266,2.209052,6.002478,2.944489,4.107205,4.176873,2.805545,4.78023,2.775912,4.482257,4.521972,4.364244,2.963217,,2.751803,1.583743,2.568404,1.257842,1.518464,2.355879,,,
ACH-000059,-5.55216,,,,,,,,,,,,,,1.468268,2.242226,1.766784,3.146968,2.469426,0.186851,-0.396179,4.541871,2.472696,2.146151,2.148101,2.796993,1.288043,1.559663,4.041147,1.796882,2.775928,1.006488,3.666109,2.365981,-6.33158,-5.181898,-3.765102,4.409711,1.27827,3.410217,3.705068,4.197091,3.161171,4.033405,3.583478,3.0489,4.292466,2.880573,2.878002,4.041336,0.966273,-0.311364,-2.117555,1.248137,-0.425183,-4.016195,-0.864093,-1.725853,1.795776,-5.855694,-1.866614,3.77124,4.197007,0.572898,1.414597,4.405718,2.318928,3.350207,4.235451,-0.566392,2.056585,1.221848,4.254515,3.194863,2.361517,4.380049,2.188396,2.210236,-4.643017,2.172297,3.827142,4.369396,2.96974,5.013582,3.375964,4.38105,3.775385,2.031909,4.200943,2.092749,3.659393,4.337885,2.484878,0.06599,0.825147,0.446989,-0.645807,-0.019707,-3.351525,-0.215838,,-4.679826,-4.130647,1.207446,-4.649549,-4.520901,-1.609751,1.596337,2.146113,0.749023,-0.507614,0.889425,-0.056767,-0.51261,1.465609,2.645221,2.373661,2.163303,0.429745,-0.965234,-0.719388,0.369004,0.694355,-3.118424,-3.184985,-6.672844,-3.243534,-0.558829,-5.022006,1.44994,0.290806,1.356545,3.386581,4.394844,4.41068,4.129438,4.055386,4.41068,4.397424,4.383183,4.208014,1.655019,0.944231,3.9783,2.9795,3.701773,4.41068,3.552106,5.170229,4.652275,4.610742,4.646261,3.919746,4.091006,2.295648,3.356527,4.410611,3.590575,3.37541,3.904143,3.38712,3.519386,4.422918,2.648244,4.037045,0.322141,,,
ACH-000614,0.692272,2.60039,3.789243,3.751829,4.8353,4.499925,4.238204,1.600511,5.084641,3.453468,4.744082,5.445166,2.668913,5.874851,3.413626,1.830374,2.160114,2.364634,2.415511,0.254919,-1.78025,2.819193,3.130805,1.738356,4.072384,3.325247,3.619916,1.290613,5.399257,4.70836,4.754192,,4.299649,5.637176,3.113146,3.118891,4.48058,5.374387,5.046112,2.566384,3.308282,4.779143,1.175353,5.454095,3.448345,2.988657,3.752972,2.768495,1.696279,2.63305,3.100707,,0.389261,1.659313,5.582225,4.261707,3.661098,,,-5.018194,-1.002878,2.486101,4.515827,3.572266,2.497645,5.807619,3.883981,5.966425,5.135558,5.872742,5.271342,4.70418,2.862662,3.590535,5.156387,5.462693,5.819685,5.581974,-3.54325,4.100368,5.09562,5.241012,5.732483,6.100047,5.674613,5.361853,5.058747,2.932389,5.874851,3.06607,5.739941,5.874851,4.899206,0.406944,2.1822,5.831057,2.603808,4.306052,5.289932,4.451149,3.851132,,0.084555,4.350679,-1.621075,-0.980251,1.267398,4.141509,4.172578,2.365445,2.252338,3.402985,4.179231,4.904508,4.126151,5.15372,4.279988,5.082335,5.474361,5.542613,4.506963,5.2599,,,0.50559,-0.481986,3.977598,3.771009,-0.973172,1.965972,3.307928,2.949489,5.870307,3.318462,3.519406,4.800901,4.442162,5.648696,5.407705,5.305821,5.874851,4.622471,3.701067,5.441899,5.736026,5.771122,5.737187,,5.355585,5.874851,5.798821,4.90704,5.652857,5.410157,3.531328,5.874061,4.491879,4.782813,4.505086,5.863736,5.536506,4.939092,5.305739,4.539249,3.753188,5.746997,3.130755,,0.128226
ACH-000484,-1.369598,4.851485,7.063928,4.626493,5.191405,4.601086,3.577777,2.611517,3.625586,5.807671,5.644343,6.564294,4.401322,4.936052,4.367041,3.282186,5.022642,5.243762,3.967325,3.937233,1.72637,5.618929,5.184853,2.381629,4.751972,4.923118,3.901261,2.207382,6.272369,3.961854,2.055702,,3.432027,3.691575,3.369143,1.56252,2.391159,5.433511,7.281262,4.039111,2.923937,6.287599,3.382814,5.0052,3.918793,3.430731,4.502904,3.314043,2.823393,4.076808,4.979549,,3.275426,2.82856,4.180031,0.164765,3.520404,,,-5.185609,-1.504392,4.560769,4.986824,4.980999,4.229549,6.979248,5.630459,6.367205,4.986159,2.997435,3.798114,2.668954,5.279482,5.660192,4.309083,6.005627,5.897164,2.637397,-1.00709,4.448333,5.461806,6.335001,6.727937,5.907119,6.271825,5.030676,6.569372,4.756289,6.996533,4.862057,7.204022,7.446098,6.073713,0.904891,1.916599,4.303735,1.22487,2.793759,4.048406,4.89612,2.618229,,-0.117618,3.583228,0.136839,-1.027092,2.775806,3.606998,4.411173,3.197013,2.966476,1.252166,1.549491,5.986974,4.508465,5.865502,5.657558,2.275197,6.501686,3.501579,6.08948,6.488338,,,2.753883,1.344816,5.683663,6.609039,2.156346,4.188915,2.839459,2.983316,6.63461,5.081117,3.989344,4.224533,4.822241,5.442234,4.908611,5.323549,6.645232,2.77916,5.302376,5.934321,7.178092,6.771121,7.339048,,8.225902,6.397798,7.129294,6.950433,5.041039,6.782117,5.151193,6.913974,4.932039,5.356683,4.095596,7.232182,6.539257,3.650079,7.198917,2.308266,3.43439,5.755257,3.714802,,-3.457088
ACH-000188,-2.617054,5.497231,3.782163,2.634042,4.504647,4.453896,3.153905,1.657946,3.626085,3.688797,5.490194,3.645579,2.632741,5.63469,-0.191477,2.786468,2.561839,3.876566,2.37617,2.111689,-0.013298,3.712235,4.34874,1.974788,3.397752,3.217761,3.71455,1.397648,3.65237,3.859591,3.334643,,2.936321,2.671447,2.414163,2.084981,1.286612,5.46171,3.841216,3.181834,2.64338,3.806115,5.029579,2.964773,2.597466,3.566924,4.217814,4.404307,3.225077,5.435945,2.481005,,1.785073,3.067832,5.596864,-0.868995,3.636723,,,-3.800971,-0.738173,5.096783,3.404521,3.332105,2.505661,5.63469,3.754656,5.044425,5.595988,5.402117,4.506814,4.157983,4.897002,5.279637,4.6876,5.221133,6.002465,4.973034,-3.242421,3.672224,5.178337,4.19073,3.981624,5.209076,4.190185,3.466423,3.410318,3.237475,5.616442,2.736662,5.620302,5.63469,5.1248,1.716478,4.535379,3.524443,1.662993,4.491762,3.892196,3.145854,3.979221,,-0.824075,3.523195,0.04547,-1.68702,2.459766,4.119631,4.716332,4.401497,2.857183,5.059624,5.515694,4.644222,3.720904,4.92529,4.125891,5.930289,5.574656,0.863092,5.387823,3.665958,,,1.608132,-0.147172,4.278767,4.378197,1.157302,4.154497,3.356544,1.453106,5.197444,4.751392,5.166677,4.714259,4.118214,4.731978,3.943483,4.740663,5.027961,4.93428,4.495161,4.33066,5.564827,5.518636,5.63469,,6.683318,5.00996,5.506739,4.34207,4.976609,5.63469,3.332105,5.575439,5.570501,5.541032,4.91624,5.256271,5.469693,5.119132,4.755042,3.226057,5.557171,5.110267,3.156359,,-2.200322
ACH-000200,-3.777625,7.648391,7.740286,5.306174,7.308824,5.415116,5.821608,1.691177,6.005247,8.117291,6.482158,8.176652,5.501089,6.767733,2.993986,5.447062,7.15717,6.51081,4.0294,3.619292,1.361039,3.9903,4.032386,5.033885,5.210012,5.891703,7.304088,4.047133,7.442474,5.970772,7.524287,,4.870494,6.433767,7.04498,1.675709,0.89538,7.706898,8.280673,5.912094,5.181219,8.467301,4.64145,7.024014,4.550459,4.333317,8.33867,6.162018,5.926444,7.164515,6.090144,,1.080849,2.720341,6.303727,0.06067,6.713732,,,-1.254738,0.735852,4.651593,6.091747,6.396597,5.387988,7.41496,6.710332,8.03158,7.540411,5.949575,5.701576,5.911762,5.01844,7.025758,7.616237,7.463533,7.087252,2.063508,4.241255,6.175743,7.763119,7.534854,8.12842,6.814097,8.169103,8.332483,6.554698,5.881534,8.659282,5.971222,8.362557,8.712154,6.170284,1.093547,4.119111,5.753827,2.750447,7.092157,4.048929,8.339311,4.475608,,-1.175567,5.556136,0.158929,-1.603737,2.62406,6.258751,5.428264,4.066343,4.605177,5.529773,5.550112,5.50512,6.07066,7.353235,6.354066,7.314671,8.029448,7.524239,7.162835,6.744823,,,3.541296,0.830044,1.0411,3.925507,0.47367,6.383215,3.697083,5.03846,8.504367,6.101906,6.165427,6.565189,6.125887,6.32899,6.777294,8.282499,8.663429,9.191778,6.443998,7.20978,8.368149,8.458469,8.598532,,8.461194,8.096327,8.150264,8.251777,7.627169,8.679555,6.374407,8.642349,6.729647,7.264279,7.344675,8.057112,8.433143,6.83034,7.898188,6.211264,6.934098,8.010468,5.282698,,-3.604349
ACH-000546,-4.039398,,,,,,,,,,,,,,0.579566,4.782167,3.672066,3.15594,2.039353,2.122024,1.069194,5.639216,4.977985,1.560586,0.55037,0.797335,4.149801,0.514041,2.251089,2.125735,2.692471,1.707611,4.287153,5.103721,3.27499,3.290195,1.885352,5.103368,5.387745,0.171659,1.381713,2.315214,2.804866,5.018503,1.868923,1.705952,2.936592,3.789832,1.388316,2.210132,3.26006,1.382536,-0.249365,1.405387,4.008171,0.011397,0.657706,0.468095,2.231582,-3.99675,-0.646424,5.055699,5.308868,2.039098,1.119796,4.518579,2.667594,6.69851,4.372778,3.009067,5.608336,5.137887,4.580967,5.418374,3.326649,5.600662,5.645595,3.368353,-3.272451,5.598506,4.512497,4.965731,5.585849,4.340056,5.084492,2.753077,2.990739,3.067648,5.561203,3.271074,5.649661,5.591886,3.629878,-1.13091,0.363631,4.562439,1.935945,4.409859,2.328055,3.56792,0.490935,-1.168879,-3.000655,4.688953,0.558715,-3.696232,-0.292075,1.860161,4.341024,1.332783,-0.332731,3.000648,1.748868,4.906594,4.602366,5.845333,4.254997,3.296117,4.792523,-0.785741,5.493471,3.981602,2.015363,1.661483,-0.989004,-5.641375,-3.318106,1.322209,-3.110484,4.207735,2.420415,2.064604,4.837662,5.098867,5.003313,5.4079,3.636605,4.587308,5.124939,5.644196,5.312457,3.475153,4.851734,4.606597,5.549922,4.654996,5.371035,4.767266,7.132952,6.00286,5.042619,5.883654,4.960936,5.652027,2.728996,5.652027,5.650878,4.397015,5.212375,5.650063,3.866176,3.701524,5.583487,1.95593,4.253469,3.789659,-0.239003,,
ACH-000548,-3.441041,5.009734,5.090351,2.198145,4.759069,3.469046,3.594498,1.611159,3.931126,4.352571,5.272314,5.666098,2.823625,5.935139,0.342629,3.525259,3.73627,5.413843,3.335762,2.987771,1.206361,3.641207,5.423853,1.3081,2.153159,1.180218,2.684491,0.785346,1.37786,1.414736,2.408565,,3.998931,2.491427,3.814569,2.562714,0.0219,5.049328,4.667806,1.848258,2.627003,4.54206,3.159338,3.834513,1.453708,1.696417,4.970936,5.85047,3.70208,4.890913,3.672974,,0.331222,1.685085,4.377745,-0.810931,3.55561,,,-5.0776,-1.711151,4.011987,3.742346,3.720238,2.924418,5.919274,3.901687,5.971687,6.003623,4.934467,5.308321,4.923828,4.794813,4.08602,4.717821,5.482531,4.495518,1.583337,-2.476448,5.222043,5.014402,5.729078,5.244942,5.542857,5.581711,4.962637,4.19356,3.540565,5.85603,3.478409,5.555035,6.022823,4.310997,0.416472,1.051191,3.361185,1.58211,3.2581,2.394547,3.988063,1.058762,,-2.261335,3.557667,-0.943523,-2.521729,1.342491,4.119363,3.996419,3.536617,1.823295,2.214164,2.712311,5.132605,4.084411,5.251321,4.610502,4.22173,4.229109,3.31829,4.50793,5.248715,,,0.49236,-2.742993,-0.180477,2.361638,-2.079795,3.952821,2.647333,2.824048,5.426906,5.92508,4.090078,5.116213,4.132847,4.255586,4.328027,5.221884,6.022823,4.166001,4.753814,5.679185,6.00388,5.980081,6.022823,,6.315943,4.548436,5.980375,6.022823,4.818595,5.960721,3.720184,5.622858,3.595483,5.427046,5.586656,5.934545,5.226729,4.062978,4.087708,2.97735,5.139375,5.640032,3.36176,,-1.618651
ACH-000018,-2.793148,4.243434,5.744643,3.862684,4.331383,3.437438,2.938107,0.018695,3.409943,4.649171,5.014249,5.243287,2.87546,5.988363,0.178796,3.661969,4.329239,3.700016,3.364863,3.157315,1.329999,3.648677,4.031216,3.047958,4.176574,3.984099,5.572146,2.636923,4.687859,4.26008,5.329931,,5.052802,2.917254,4.467224,2.922372,1.76338,5.854921,5.755252,3.065939,2.550438,3.765726,4.268136,5.004475,4.556778,3.431247,5.974579,5.044995,3.921459,4.994767,3.280677,,-0.48585,1.897137,4.839505,1.057872,3.033785,,,-4.437944,-0.730415,3.89556,5.298937,3.693609,2.948902,5.996194,4.189939,6.203072,5.265511,3.510815,4.707874,3.940779,5.4929,4.87691,5.249813,5.075807,4.963361,2.300597,-1.877952,2.973091,3.800976,5.763647,5.84969,6.504627,4.823062,5.850208,4.470764,3.677204,5.490814,3.563799,5.976076,5.996194,4.609552,1.144689,0.467644,4.038558,3.645213,5.325591,2.86577,5.277683,-0.340641,,-2.463073,2.350887,-1.03227,-3.370758,1.369592,3.808978,5.168353,3.155008,1.837585,2.547783,3.332611,4.911149,4.573168,4.45165,4.535413,3.676641,5.008338,2.116654,5.465353,5.996099,,,0.933977,-3.845778,-2.44739,2.142898,-2.716812,2.891561,2.656993,2.928301,5.804031,4.506576,4.439006,4.491747,4.654258,5.606538,5.132682,4.999087,5.991511,2.768407,5.089969,4.520043,5.948353,5.527016,5.989251,,6.696532,5.831209,5.953991,5.218231,5.291787,5.702542,3.678193,5.989416,5.301663,3.981233,5.214352,5.697416,5.802646,5.54076,5.169216,3.828805,4.786927,5.9779,3.360931,,-3.809987
ACH-000356,-3.367641,,,,,,,,,,,,,,-1.263135,1.821465,0.092827,2.474551,0.872958,-0.555212,-2.152919,5.587687,3.891156,4.013822,5.242019,4.713581,6.324062,4.00962,6.752633,2.8929,3.846876,4.826829,5.597427,6.422503,4.284855,6.206005,6.081443,6.040585,3.040295,5.077456,3.909286,4.940869,3.718071,3.195821,2.314128,1.123533,0.975102,2.42761,1.425183,2.666703,4.02765,2.322469,-2.011485,-0.152516,2.524522,4.185675,4.685597,-0.389258,8.157289,-4.640389,-1.286803,6.236875,6.311692,-4.72987,2.667863,5.442745,4.271859,3.835877,4.924296,3.907753,3.298338,2.302031,4.616047,2.060208,0.620005,3.001783,3.428173,3.977732,-3.431166,2.716898,5.579242,5.756959,5.079698,4.921837,5.191194,5.240191,4.729294,2.728426,5.95761,3.632464,6.100337,6.210328,3.251943,-1.050506,0.059843,-2.030469,-3.341709,3.724093,2.342771,4.927781,1.321849,-3.361787,-3.406138,4.126617,-2.164488,-3.965115,2.544991,0.626603,2.916714,1.311335,-1.166382,0.796152,0.343072,2.25927,5.238476,3.985648,3.618786,3.78776,2.594212,-0.204725,4.558923,5.363822,4.883256,0.916202,-1.111717,3.86406,1.380883,1.877131,-2.24965,3.324211,2.498338,3.222733,6.229258,5.982685,4.203264,5.5149,5.994882,5.787427,5.37084,6.218074,3.528819,2.832206,5.109651,4.555799,4.915561,6.272254,6.320996,6.322029,7.96147,6.538086,5.737008,6.112376,6.309856,6.258839,4.163303,5.414563,5.189683,6.32165,4.46773,3.718857,4.752008,3.97663,6.550061,3.157876,4.544715,4.424168,-1.984161,-0.104454,-5.061008
ACH-000563,-4.150106,,,,,,,,,,,,,,-0.492977,1.028978,0.220913,0.706187,-1.05446,-2.758695,-3.942544,5.751599,4.654318,3.449083,3.151403,4.131149,4.435102,1.169379,4.728702,2.696678,3.595189,1.648667,3.41309,0.072992,1.942294,0.244046,-0.548349,4.738661,3.773476,4.173691,4.380595,4.423766,1.980459,4.737697,2.130206,0.974886,3.20509,2.172644,2.284796,3.002529,1.33094,0.248482,-2.456773,-0.268604,4.68259,3.130379,3.743739,0.399262,5.660307,-5.781058,-1.4802,4.90997,5.013363,-5.46285,1.555819,3.601396,3.745551,5.952796,2.377313,-0.404792,2.700203,1.419586,3.325347,3.994042,4.226182,5.216553,5.634038,4.035714,-1.822009,3.557124,4.871303,5.507524,3.804394,4.614279,4.041726,4.889639,5.084619,3.544667,5.29603,1.983578,4.255299,4.41832,3.188067,0.186066,0.399981,-2.857016,-4.737467,4.585626,2.562176,3.86243,0.997104,-2.720089,-3.191949,2.100904,-2.481604,-3.765298,1.285461,4.319246,5.74211,2.629374,2.628173,2.544327,2.159743,5.288107,4.38128,3.139387,4.015141,6.503493,4.884367,-1.440002,3.799203,4.301708,5.561093,2.184831,-1.173447,-6.060292,-1.9641,0.091124,-4.232704,0.762875,1.084052,2.441386,2.924707,5.714556,5.167729,4.47206,4.764888,5.305966,5.434417,5.838973,4.449987,2.118227,3.900787,5.28471,5.548681,5.825197,6.029217,6.029217,7.422992,6.276066,5.855557,5.46306,4.971935,5.066622,3.718342,3.897726,5.301585,4.4593,3.549681,2.944942,3.54098,2.49281,4.841521,2.438924,4.684689,2.02295,-0.080474,,
ACH-000303,-3.932876,,,,,,,,,,,,,,-1.304144,1.828118,0.981743,1.86577,0.225906,-1.724214,-2.309834,5.140779,4.77072,2.756509,3.149117,3.614119,4.624679,2.500144,5.630939,2.769522,4.937914,3.002557,3.334163,4.936419,1.183971,2.01704,1.977411,5.380471,1.352563,3.203629,2.929617,3.039562,1.991339,3.764522,1.837281,0.470309,2.759972,3.401168,3.324561,3.294182,-0.365721,-0.786214,-2.016543,-0.398402,3.875779,3.338864,2.253502,0.142823,1.913656,-4.908349,-0.976192,5.064507,5.02232,-4.521946,1.908241,5.37626,3.572633,3.283281,4.957302,2.238336,3.487986,2.960321,3.700347,3.091826,1.668483,3.223586,3.049997,4.197864,-3.540572,2.729223,3.328106,3.655895,3.512882,5.231169,3.168521,2.724916,3.327889,2.498212,5.129822,1.934697,4.544313,4.5886,2.667947,-0.548679,0.314056,-2.535007,-3.009354,4.859743,3.100107,2.674003,-1.862552,-4.361992,-2.517983,2.69177,-3.348683,-4.491216,-0.685199,1.272505,3.125413,0.052157,-1.441865,1.133062,0.14857,4.838829,4.04944,3.517303,3.327614,1.756694,2.479911,-0.340442,4.486695,4.617832,1.391289,0.05553,-1.371687,-6.200482,-3.658809,0.444264,-4.784818,1.70002,1.615349,2.5968,5.344798,3.894325,4.926915,4.644611,4.720908,5.37128,5.063826,5.37039,4.889053,2.699168,3.59532,5.137022,5.028376,4.829178,5.271577,5.330009,5.448631,5.710614,5.698802,5.305354,3.218562,4.640846,3.264305,5.380931,5.264692,3.721064,4.622197,4.521243,3.64717,3.891546,4.476368,2.800786,5.070448,3.271885,-1.511431,,
ACH-000718,-5.835147,4.012367,8.042134,5.185948,3.882229,4.756365,5.024445,3.209096,5.169596,7.292844,7.204872,7.568221,4.253436,7.249168,1.63189,0.724982,-0.795565,0.685474,-0.695671,-2.719257,-3.178431,7.084759,7.150458,2.91208,4.158757,3.536306,4.384724,1.806488,4.318514,1.746027,4.16387,,2.353006,2.446805,3.621415,2.447451,2.116602,6.205246,4.287885,6.311055,5.735024,7.835745,2.033178,3.32556,1.485212,1.441935,3.932611,2.880874,2.793645,3.657505,3.123678,,0.12481,1.377776,4.374461,1.213459,4.938965,,,-4.411036,-1.612983,4.938299,5.468295,4.946583,3.503521,8.02091,6.163651,7.42892,5.948326,2.775518,3.616497,2.16119,5.206464,3.022031,7.101884,5.565224,6.304965,2.882942,0.618752,3.409979,7.063317,7.970853,6.212039,6.693818,6.979339,5.993276,6.762509,5.578743,7.227532,4.231363,6.822938,7.233589,7.000361,1.302384,2.612038,4.023567,0.930707,3.548821,4.431868,7.752471,3.663377,,-0.74957,5.688313,-0.483567,-1.507075,0.781578,5.377576,5.855924,2.977612,1.875701,5.230774,3.281715,6.859119,4.01284,3.862795,4.864568,4.624965,6.241196,3.288099,6.759051,6.662011,,,1.839815,1.393411,2.502668,4.499719,0.497611,1.055978,3.071115,4.432525,2.903227,4.906234,3.565113,5.802147,7.233655,7.273557,5.95317,6.426691,6.659313,3.395939,7.221661,7.18315,7.571676,7.311484,8.09977,,8.355888,6.559826,6.429262,7.54855,7.122122,7.718776,5.326158,7.102111,6.823466,6.285631,6.48975,7.591342,6.921427,4.214644,5.914986,5.113295,4.614963,5.708185,4.406887,,-0.92972
ACH-000465,-1.531683,,,,,,,,,,,,,,2.599728,1.788697,0.715674,-0.172246,-0.827395,-3.645495,-4.335112,2.531307,-0.724904,4.341928,5.066046,4.643348,,3.897712,6.600786,2.907982,3.105922,3.398677,6.181315,3.967301,4.142843,2.161129,2.806178,,,,3.528129,3.998287,6.189836,5.416124,4.364737,5.961984,,6.55135,5.600826,5.428104,2.484309,0.140174,0.122762,3.018831,4.974911,4.742371,2.414365,-0.638481,5.386956,-1.678083,-0.611133,,,2.682708,2.765153,6.097088,4.506619,,4.925106,4.446838,,,,,,,,,,,5.979991,,,,,,,,,,,,4.08836,,0.546419,2.294691,1.90373,2.683524,3.722167,3.44631,0.056611,0.263392,0.136179,5.743815,-0.772342,-1.502618,-1.005477,2.84899,5.942267,4.504995,2.533059,2.500511,2.897146,5.224461,3.99127,3.977011,4.882159,5.48683,4.633517,2.887646,,5.120003,2.89901,4.635599,1.968228,-4.406193,0.890634,3.918763,-2.308334,,2.008729,2.057557,6.22333,3.815072,6.017711,5.801983,6.622529,5.153187,5.869639,5.538099,5.331419,4.84229,4.407602,4.74678,6.193781,5.896266,6.255458,6.224382,5.608839,5.106183,5.409651,6.109862,5.937506,6.219765,3.685999,4.979565,5.897224,5.151104,6.218658,,2.771856,4.519784,4.897853,5.979821,5.334756,2.859961,2.722654,3.422739,-3.346397
ACH-000822,-2.937303,,,,,,,,,,,,,,-1.959247,2.251066,1.909649,1.309641,0.555087,-1.053176,-1.799171,1.62717,0.367239,3.691729,4.681135,4.143349,4.069624,2.998668,5.475371,2.243629,2.43004,2.766954,3.564915,5.381181,3.953946,4.338478,4.712259,5.230051,3.515312,5.452412,4.278625,5.280485,4.264089,5.124126,2.389486,1.652814,1.799266,2.928965,1.923937,3.90614,0.318153,0.896529,-0.351159,4.449676,4.282101,2.054305,4.717586,-0.83185,2.900969,-2.130469,-0.836686,6.187451,5.819884,3.695346,2.863127,4.736185,3.394429,6.451856,3.929023,3.225994,3.100538,1.700451,3.917441,2.376542,5.376331,5.404304,6.848819,3.359817,-2.704385,4.893203,5.319849,6.036628,3.912265,5.838598,4.602385,3.698249,5.034966,2.780199,5.639383,3.29134,4.936186,6.09018,6.039793,0.385092,2.647823,1.926351,1.125768,1.835669,1.631811,4.236129,1.586978,-1.347503,-0.352313,4.370871,-2.727735,-3.317544,0.070766,5.123016,5.537855,4.63624,2.011582,4.245247,2.712328,3.628529,2.652927,3.519482,4.328921,5.82231,5.969498,2.416078,4.717645,5.060885,3.007946,1.840911,-0.506601,-5.262088,-1.485322,1.999106,-2.958411,3.971009,3.599549,4.306034,6.266529,5.055624,5.660011,4.941128,5.232341,6.270948,6.008054,6.283592,4.315588,2.681317,3.921833,5.632232,5.573012,6.137711,6.330887,6.330887,7.311616,5.823826,6.562754,5.921285,5.550929,6.123873,3.333022,6.298431,5.909978,6.019442,4.979218,1.830839,3.595315,2.628766,5.388718,2.228404,3.860818,3.566168,2.53897,1.693147,-0.076641
ACH-000304,-3.478388,,,,,,,,,,,,,,-2.994419,2.040231,1.625379,2.220697,0.42465,-0.317708,-1.744982,1.805362,1.131071,3.868672,5.245509,4.579477,5.624845,3.081701,6.358014,2.874554,5.621043,2.132736,5.188627,5.555588,4.059464,2.604363,2.725429,5.284718,1.540767,5.592792,5.710762,6.747978,1.283385,3.711587,1.729912,0.869669,2.072966,2.539509,2.752311,3.188439,-0.302118,-0.527411,-1.154631,0.814942,4.470095,3.349504,4.307168,0.576851,4.269191,-4.434528,-1.524753,6.339663,4.392213,2.686344,2.124071,5.863487,4.384343,3.75993,4.72051,5.037303,2.854818,2.025912,4.202335,3.774502,5.266244,5.514525,5.456591,3.638173,-1.821286,6.073866,6.307837,5.215395,5.202107,8.136093,4.668978,5.746332,6.941486,4.054297,6.351316,3.948461,5.786245,6.113985,3.768204,-0.98654,0.533536,3.439481,1.657398,4.924697,4.217865,4.673707,3.151189,-1.698931,-2.369972,2.952025,-2.387264,-3.524844,4.03662,4.188747,6.408181,3.211653,2.386946,5.121249,2.744191,2.730216,3.417308,4.311748,5.064913,5.665052,6.302194,3.554435,4.859961,4.648416,2.55321,1.537451,-0.3486,-2.18069,0.673061,3.963587,-1.272038,2.363998,3.060582,4.228315,6.323526,6.191871,5.146497,6.191744,5.014779,6.435695,5.81783,5.932403,3.988224,2.352429,3.15051,6.143016,6.199286,5.474284,6.44552,5.473321,7.631727,5.50587,6.791805,5.996096,6.333818,6.393785,4.188768,6.176418,5.416969,3.743118,6.225008,2.731422,5.023433,4.52859,7.071428,2.58785,6.641597,4.963024,2.897932,2.690444,-1.299241
ACH-000985,-3.039903,,2.9583,,,,,,,,,,,,-1.296002,0.322381,-0.659049,1.260844,-0.024742,-2.017109,-3.515369,2.107426,2.112488,4.32318,5.077457,4.493318,6.206194,3.112251,6.688576,1.619794,4.735053,2.390652,4.85573,5.734173,4.067891,1.523625,1.851758,6.16681,2.947614,3.431197,5.214713,5.180194,5.308521,5.378917,2.110037,1.74112,1.027203,3.886354,0.881086,1.885701,3.493036,-0.96611,-2.303294,0.303442,4.186807,4.906036,4.361054,0.338357,7.808892,-4.057602,-1.005338,5.709801,5.280113,3.788178,2.752904,6.488222,2.422053,4.738998,4.764816,1.978291,2.750187,2.072182,4.167086,3.237987,3.462253,5.679841,4.530831,2.983465,-3.242542,2.713722,4.44963,6.212694,4.732354,6.160286,4.623164,5.392397,5.090743,3.887764,6.217629,3.849877,6.142298,6.005621,3.710905,-1.45134,0.401705,2.063723,0.397766,3.921843,3.92628,4.025664,0.627352,-3.786762,-2.38438,4.084172,-2.213164,-1.995289,0.140629,1.495973,3.799274,0.503155,-1.063827,0.420501,-0.295124,6.995259,5.37152,3.42307,4.200666,3.652628,2.738368,0.26778,5.048298,6.465873,5.067057,1.350253,-0.05403,3.504799,0.371995,4.080797,-0.268273,2.870866,0.890685,1.304589,2.426259,6.061584,6.19992,6.218784,5.921256,6.167782,5.62533,5.966303,6.188179,4.521408,5.069641,5.812945,5.389456,6.028929,6.205566,6.217223,6.891758,5.836271,6.58913,6.656961,4.974272,6.175201,4.077468,5.706389,6.219174,5.302783,4.994635,5.268278,2.950074,0.386213,3.729703,2.612232,4.684636,4.557609,-2.219383,,
ACH-000579,-6.093093,,,,,,,,,,,,,,1.625391,1.725696,-0.296045,-0.467714,-1.427572,-2.754053,-3.414336,1.772871,-0.036295,4.269081,3.136275,4.261719,6.05885,3.471249,5.859091,2.889576,6.051722,2.59673,4.363495,6.254562,3.839939,3.189721,5.438008,6.454962,2.375254,5.830837,4.536638,4.770298,4.950406,5.878328,3.731392,2.053683,5.143772,3.490013,3.031956,5.656783,3.51188,1.482134,-0.157139,2.336516,3.829428,3.872604,4.432408,0.951171,6.109147,-4.315751,-1.137674,6.087459,6.193425,3.274481,3.284514,5.452659,2.311513,7.113345,4.804452,4.883057,5.477778,5.43446,6.12764,4.507826,5.130348,4.969861,5.227182,5.981635,-1.425116,5.488761,5.284433,6.116814,4.84487,5.210329,5.613905,4.914285,4.947481,4.050098,6.15449,3.916853,6.310701,6.35114,4.42388,1.144168,1.243181,2.700668,1.403776,3.727672,3.526007,4.188923,3.668281,-1.531425,-0.450472,4.827061,1.188172,-2.687881,2.127204,5.29089,5.999388,6.132681,3.597606,6.422451,4.206032,4.690849,5.247001,3.664101,4.457349,7.33804,5.984842,3.120884,6.32491,4.78417,4.559046,3.325304,-0.413646,4.226793,2.901238,4.688852,0.167252,2.432847,1.667183,2.969692,4.803069,4.769265,6.023957,5.314803,4.882984,6.478805,5.722117,5.615315,6.480317,5.512156,4.383605,6.171688,5.637442,6.493608,6.492141,6.485565,7.812714,6.481634,6.287446,6.22799,5.282972,6.09182,3.056421,5.957542,6.009611,5.511309,6.480946,2.443683,4.236666,2.184553,4.979338,2.555855,4.537877,3.8173,-1.907237,,
ACH-000572,-2.982553,,,,,,,,,,,,,,0.569644,1.118322,-0.419381,0.016069,-0.520542,-2.523139,-3.768964,1.145635,-0.65037,3.056641,2.590696,3.234647,5.61247,2.314433,5.737313,2.02173,2.020223,1.914925,2.618816,3.844308,1.572522,2.533179,1.417238,4.665177,1.876124,3.988795,2.632688,2.876886,2.734789,5.114663,2.86193,1.868398,3.331272,2.705474,2.529102,4.251486,1.639526,0.82884,-1.119922,1.00002,2.991979,3.996209,3.107624,-1.666811,3.669088,-6.089272,-2.403417,5.45178,5.581003,2.121183,2.452836,5.606117,3.113369,5.269223,3.525563,2.094145,2.211613,0.960543,3.221024,2.095573,4.554022,3.320624,6.114843,2.786924,-3.075572,4.063504,3.158867,3.754239,2.117499,5.021171,3.597315,2.842911,3.008321,2.343422,4.84823,2.73195,4.566191,4.735484,3.429392,-0.019431,0.590004,1.96218,0.951272,1.708379,3.420647,3.765215,0.174954,-3.456952,-1.627489,3.849082,-2.188104,-3.944354,0.381645,3.830508,3.687237,2.290761,1.674107,1.876555,1.588373,4.429929,2.06644,2.855746,4.20727,6.549653,4.392015,1.041094,4.368044,3.985348,3.354675,1.238378,-1.232384,3.152629,0.634662,3.049934,-1.656052,0.04354,0.58982,1.702636,4.158042,3.798874,3.770661,4.396049,4.755336,4.258881,5.595326,5.156187,4.004836,3.881638,3.255491,5.308451,4.675408,5.435152,5.626722,5.626856,6.335086,5.341504,5.296804,5.116149,4.053705,5.450464,3.562893,5.626856,4.692236,5.359026,4.141227,2.054465,1.837312,2.009968,4.113774,2.130857,2.871939,2.181286,-3.034412,,
ACH-000322,-3.232457,,,,,,,,,,,,,,-0.963296,-0.24591,-1.856239,-0.133315,-1.51788,-3.155829,-5.055839,0.0646,-3.075333,3.429241,2.556608,3.079782,4.652546,3.079961,4.456273,1.461052,1.91192,1.628045,3.471942,3.688341,3.130636,2.949303,3.563587,4.447136,2.111439,3.739729,4.628383,5.110269,3.961813,4.403635,2.082535,1.017284,1.07198,2.892958,2.113814,3.544574,1.300939,-0.139381,-1.208621,1.366994,2.17665,4.307936,2.437087,-1.32589,2.027434,-5.302676,-1.499351,5.140274,4.482694,2.183235,2.265911,4.764375,2.687117,3.975081,4.530594,1.710863,2.58735,2.735047,4.402715,2.351317,0.93392,4.836661,4.026804,1.942891,-3.491678,1.58889,4.286268,5.334612,2.957085,4.56219,4.708856,2.601685,3.663887,3.085051,5.287507,2.465537,4.504895,5.304109,2.380692,-1.66743,-0.275866,1.868039,0.157444,2.339812,2.854763,3.060017,-0.290726,-4.045466,-3.057748,3.108382,-4.647506,-4.511505,-0.480426,3.694462,1.752366,1.95945,1.113989,1.901159,1.226775,2.251035,4.851895,2.928205,4.069435,5.486499,4.123067,1.596658,3.910992,4.532441,3.448744,3.698511,-0.91792,-3.123026,2.417328,2.751869,-1.967934,1.189615,1.580954,1.286493,4.352617,5.207467,3.716024,5.029037,4.955314,5.361604,4.029985,4.043332,5.498383,3.79066,3.713127,5.494202,5.16341,5.19723,5.498383,5.498383,6.74863,5.079823,5.690013,5.262878,4.397687,5.31578,3.196698,4.90641,5.262141,5.262994,3.773644,1.849194,2.581091,1.864875,4.598703,2.061873,2.984581,3.538048,-2.150681,,
ACH-000258,-3.01909,3.983511,,2.805962,-0.047089,,2.281692,,,,,,,,-2.414236,-1.661187,-4.031391,-2.515673,-3.314128,-5.658343,-7.425647,-0.924845,-5.139568,2.168184,1.890835,1.980587,3.951724,0.552419,3.486309,1.660815,1.078824,1.57821,2.625793,,0.163965,-3.611975,-1.125184,4.055518,2.600436,3.69537,0.464247,2.76675,3.577474,3.845277,3.466323,2.137846,2.423129,2.402137,2.624173,3.202611,0.962146,-0.676289,-1.864883,0.568777,0.348358,1.195438,1.464443,-0.962611,0.531476,-6.086278,-2.948287,3.015906,3.062113,0.67861,1.357432,4.384235,1.570403,5.525127,4.356514,0.119966,2.955435,2.119197,2.321662,1.551,2.125773,4.071499,2.279513,0.163737,-3.671014,2.352663,1.772286,3.223911,3.515997,4.396686,2.162926,3.051525,3.527479,2.018517,4.248618,1.845868,3.393826,4.426793,2.452337,-2.312451,-1.2097,0.988963,0.13803,1.722333,1.242049,1.081764,-2.828049,-3.728667,-3.051282,0.664876,-2.502947,-5.664158,-2.398373,2.616954,1.884903,0.639322,-0.894693,0.423081,-0.077663,0.706924,1.769889,3.747994,3.257842,2.266473,1.767806,-3.955006,1.646796,2.093593,1.541165,-1.608919,-3.76188,-6.595832,-3.382788,0.3914,-4.328214,-1.101907,-0.044685,0.918608,2.516456,3.016659,3.533817,3.742732,2.841189,4.802841,4.320031,4.330054,3.339141,2.190824,1.425232,3.216673,2.979518,3.227117,4.404975,3.157718,5.658927,4.676635,4.144614,4.09797,3.619711,4.179315,1.851929,4.124564,4.182319,3.413317,3.57609,1.580425,2.659481,1.225465,1.9582,1.562467,3.312538,0.433115,,,
ACH-000650,-0.431145,,,,,,,,,,,,,,0.408388,0.370855,-0.765235,-0.803811,-2.702946,-4.473636,-5.641128,-0.32442,-3.210294,3.002321,3.285253,2.633832,5.388113,2.788057,5.724749,2.474027,4.901485,4.02612,4.81614,4.019368,2.796613,3.911873,2.88655,5.446843,1.849487,3.160357,4.05561,3.697103,3.023323,4.853898,1.699496,0.37225,2.263206,3.06182,2.105466,5.01831,1.482418,-1.173514,-1.966677,,3.195664,4.157119,2.0558,-0.13667,4.727347,-4.958244,-1.497266,4.464351,4.30933,2.675326,2.31948,5.411532,3.651064,3.10169,3.336892,2.383196,2.981239,1.937273,4.697,2.14515,4.13672,5.330201,3.26221,3.627037,-3.619317,2.916122,4.340731,4.691106,3.964271,4.525724,3.489079,3.5244,4.388041,3.0435,5.183956,3.113259,4.285021,5.427899,4.080465,-0.547962,0.663937,2.530059,1.105632,3.988552,4.10774,3.764026,-0.77713,-4.65023,-0.709286,1.475172,-4.019204,-3.978712,-1.507713,1.471028,3.091386,1.571098,-0.660904,2.502051,0.181815,5.5978,4.324205,3.822043,4.026803,5.153902,4.008013,1.147421,4.918452,4.874029,3.108741,0.450098,-0.305474,3.328255,-2.637032,2.438511,-3.061858,2.476521,1.420021,2.960044,5.216389,3.81725,4.326113,4.092156,5.062386,4.461312,5.415476,4.873677,4.486476,3.682169,4.235263,4.394988,5.288629,5.244217,5.440387,5.447699,6.588226,5.485731,5.773842,5.018773,5.104047,5.130312,3.19248,5.442639,5.326948,4.55358,5.201445,2.140706,3.661747,2.093022,4.37454,2.339499,4.081481,3.893774,2.030569,1.735135,-3.309125
ACH-000580,-2.665186,4.765004,5.032589,3.97096,2.350834,3.513734,3.18494,0.559857,3.705308,5.906769,5.047729,4.502522,3.891033,7.269656,-2.965876,1.30248,-1.321184,-1.097271,-2.015841,-4.298846,-5.283689,0.035633,-3.358189,3.222445,5.002212,3.969865,6.025751,2.414859,5.916005,3.609277,5.469207,2.536863,4.552124,4.612205,2.320788,2.742455,2.49801,5.82117,2.481591,5.650627,4.287868,5.570781,3.969531,5.23155,3.576739,2.218829,3.102529,3.9577,3.080416,4.014265,2.480103,0.695812,-0.407641,1.887552,3.363232,3.818937,5.090598,0.264837,4.348946,-4.759165,-1.061898,5.834486,5.489567,4.012287,2.668319,6.516649,3.709558,6.120244,5.768477,5.032398,4.529648,4.01391,4.346034,3.245468,3.409118,5.09535,5.091649,2.291933,-2.224389,2.902007,5.423073,6.327135,5.520427,5.925588,5.761968,5.109283,5.688191,4.035322,6.347122,4.0649,6.087103,6.941341,4.761133,-0.262571,0.468401,3.661368,0.749533,4.232668,3.773521,3.811511,-0.215771,-1.761858,-2.176793,3.616788,-1.910791,-2.830046,-0.294422,2.309722,3.797516,1.845095,0.228176,2.620935,1.855088,4.668599,4.162478,4.632183,5.627416,6.577168,5.394691,3.212924,5.570116,4.990253,2.185474,-1.495931,-0.648374,-4.896661,-2.699203,1.858572,-2.968371,4.228059,3.375319,3.348946,6.43032,5.89721,5.069469,4.831944,4.899992,5.113455,6.178735,5.1088,7.542864,5.330099,4.299888,5.15405,6.372298,6.925114,7.270983,7.13349,6.541094,6.6075,6.219263,5.390405,4.525489,5.710546,3.98899,5.902875,5.49256,5.794232,5.952261,3.664741,5.215579,3.411075,5.142668,4.209296,5.861738,5.769704,2.864522,0.800255,0.952889
ACH-000805,-5.905125,,,,,,,,,,,,,,-0.553808,0.404383,-1.687367,-1.203951,-2.429424,-3.82933,-5.817345,0.167805,-2.200948,2.61603,4.555363,3.800832,6.049649,3.258953,6.187782,2.71685,6.856534,2.005069,5.442632,4.67832,3.404707,2.777911,3.791895,5.20821,2.271701,5.146373,5.210056,5.230787,4.239661,4.912206,3.676813,2.379719,3.427696,5.505016,2.909138,4.305233,2.61022,-0.195977,-0.907778,3.05416,2.074933,5.112057,3.774053,1.645649,3.195366,-5.348807,-1.804583,4.410139,5.104632,3.048364,3.084468,6.122502,4.530323,6.813049,4.011207,3.531203,3.339808,2.217867,5.100453,2.969045,4.699546,4.681341,5.100363,4.854533,-2.74368,3.806964,6.157751,5.900296,4.685199,6.243792,4.467237,5.654136,5.619143,3.705494,6.059497,3.282071,4.383524,5.555966,3.424906,-1.323464,-0.088755,3.527079,1.379532,4.497724,4.722918,3.835657,1.327726,-1.36366,-1.423238,4.754979,-0.92437,-3.590455,-1.193963,2.751051,4.183136,1.72178,-0.951865,2.184663,2.280314,4.181942,2.93871,4.956474,4.399335,4.898257,4.820499,-0.797805,5.144632,4.795756,3.041196,1.910148,-1.799359,-2.863906,-3.642794,3.023572,-2.434225,3.218875,2.448632,2.820555,5.974669,4.443459,4.661641,5.65803,5.284889,4.74809,6.160955,5.575428,6.130541,4.269314,3.190487,5.628367,5.380147,5.88684,6.11302,6.14038,6.952687,6.117455,6.546811,5.542578,5.909166,5.561792,3.991266,4.970897,6.165659,5.413319,5.845695,2.778478,6.008041,1.956592,4.316406,2.316547,3.851633,4.244269,0.148797,1.442289,-3.944332
ACH-000441,-4.115614,,,,,,,,,,,,,,-1.165963,-0.648502,-1.765225,-1.166175,-2.724716,-4.307948,-5.998971,0.216637,-3.143505,3.619863,4.484682,3.782301,6.018483,3.709528,5.930364,2.574381,4.523746,2.006596,4.57321,4.373066,3.1685,4.165319,4.235395,5.985783,2.038103,5.511943,3.788037,5.2522,5.639022,5.364119,4.175784,2.633821,3.874102,5.278473,4.104866,4.339669,0.327679,-0.767516,-2.198604,0.406585,2.689809,4.817147,2.595178,0.555403,5.325561,-5.693438,-2.15657,4.722319,4.761478,2.843522,2.613932,5.768408,4.284723,3.425672,3.466299,1.051527,2.397147,1.652852,5.505283,2.588042,5.183444,4.621513,5.298625,4.464922,-2.533423,3.750088,6.031741,5.804783,4.060459,5.525376,4.925594,4.49948,4.726889,3.214794,5.980512,2.648519,5.090073,5.270394,3.333299,1.360811,0.652385,2.43399,1.664923,4.038845,4.447434,4.360864,0.236846,-2.882548,-2.735946,3.623002,-2.779411,-3.72725,-1.722939,3.673745,4.004934,4.458253,1.203487,1.946174,1.085271,3.546549,2.631651,2.789805,2.300115,4.700389,3.447447,0.668103,5.08171,5.078442,2.999782,2.172173,-0.827587,-3.413781,-1.324479,3.427001,-1.980368,2.448632,1.58627,2.43529,6.018583,2.846147,4.099448,5.627935,5.057563,5.805021,4.397243,5.636181,5.856385,3.723123,2.727042,5.463407,5.336966,4.973787,6.018583,6.008814,6.709197,5.721678,6.442874,5.458767,5.073051,6.006611,3.039873,5.501819,5.089474,3.984616,3.960341,1.929314,5.101978,2.389895,5.627823,2.802255,3.869224,3.823055,2.502421,2.900358,-2.901646
ACH-000425,-3.443577,,,,,,,,,,,,,,-1.804857,0.706215,-1.421029,-1.51997,-2.804469,-4.550845,-5.726796,-0.490654,-3.077164,2.403907,3.576115,4.041144,4.07602,2.396248,5.758059,2.17416,4.201779,2.206306,3.623129,4.890433,4.014482,4.718237,2.613439,5.26111,2.103461,4.74436,4.482782,4.394014,1.375553,4.264611,1.389826,1.102851,3.102664,2.645215,2.327663,3.42691,0.226679,-1.629685,-1.982021,0.133245,2.232866,3.26269,2.616118,0.480402,3.54676,-4.713988,-1.471259,5.026194,5.60324,3.316392,2.34554,5.596735,4.068539,3.474545,3.268022,0.789765,2.448021,1.919945,3.364519,3.603316,4.468615,5.016219,5.271758,4.735337,-3.508869,5.756903,5.601117,5.768294,3.913589,5.495926,5.087064,3.716618,6.022094,3.271585,5.671279,3.04604,5.299852,4.840823,3.278733,-0.634926,-0.615579,2.682908,1.034375,2.201332,3.82486,4.89835,0.149288,-4.085895,-2.819029,3.114457,-2.092743,-3.453556,-1.916231,4.244069,3.522319,3.254341,1.850791,3.331681,2.049481,3.464342,3.237409,3.237664,3.137195,4.902924,4.673975,-0.079443,4.259355,5.517597,3.697451,2.95085,-0.932178,-4.435817,-2.373835,1.240759,-3.454892,2.777514,1.754555,3.339764,5.772879,3.420138,3.349665,5.324002,3.583314,5.775,5.774891,5.240751,5.775,2.327075,4.807954,4.900008,5.293339,5.645299,5.510056,5.775,6.245804,4.544887,6.126403,5.566484,5.12616,4.532576,3.600951,5.425632,3.743466,3.823147,4.274242,2.396399,4.041452,3.325015,4.326988,1.603676,4.163129,4.135139,3.411884,1.167262,-1.21035
ACH-000401,-4.193864,2.210572,4.995796,5.580514,2.319815,4.65682,5.546888,-0.323426,2.373685,5.114119,4.212447,5.103857,2.634644,3.236863,-0.07655,-0.045635,-1.425846,-0.425733,-1.351997,-3.526498,-4.847171,-0.185403,-2.187127,1.734284,3.192651,3.393511,3.664283,2.785002,4.085778,3.128546,2.772196,,3.130361,3.530973,2.754155,3.227983,2.551172,3.92868,1.800768,5.474659,4.436575,5.635821,2.982357,3.538805,1.743282,1.995215,3.144159,2.674935,2.328526,2.960444,2.319488,,-0.539967,1.344698,1.947094,2.863927,3.889057,,,-4.925687,-1.188207,3.789311,4.602777,3.189093,2.253583,5.578062,3.997561,5.28091,4.956954,4.10172,3.654114,3.372823,2.937199,3.458707,2.293086,3.617892,5.077576,2.962466,-3.039663,3.247643,4.101363,5.634532,3.736179,7.021326,5.064796,5.361072,4.376126,3.333367,5.36248,1.860913,5.588518,5.597125,4.488237,-0.151829,0.56878,2.873372,0.746686,2.298156,3.305225,4.980101,-1.218477,,-2.613231,2.487128,-3.684348,-3.554524,2.004467,0.785577,2.878142,1.111843,-0.663884,2.532866,2.432572,4.576694,3.902797,4.734654,4.145049,5.065749,5.635952,2.880307,4.288293,4.490382,,,-0.665891,-1.994966,-1.171953,2.084188,-2.111793,0.585237,1.93062,3.387269,4.570326,4.287704,4.949013,3.933122,4.020156,2.405456,3.897163,5.064787,5.301733,3.124182,4.840197,3.529974,5.550303,5.505102,5.635587,,5.980798,5.635118,5.37751,4.971154,4.639995,5.514156,3.328761,5.587729,5.430623,4.455043,4.827804,4.547913,5.63064,2.182032,5.60364,2.483559,3.665627,3.471937,2.358519,,-3.543666
ACH-000450,-1.481175,2.622379,4.267101,4.018975,2.885744,2.780738,3.443663,1.015164,1.338582,5.285949,4.009959,3.703563,2.137313,5.588441,1.370288,0.50434,-1.604676,-1.354479,-1.98583,-3.691174,-5.003693,-0.426652,-2.618384,2.132098,4.13645,3.266919,2.856753,1.10482,3.625786,3.221465,1.996817,,3.463896,4.117404,2.455155,2.034325,1.481713,3.354953,2.38472,5.328045,3.85666,4.293104,1.673698,3.67489,1.449395,0.687292,1.401059,1.013162,0.944745,2.489257,-0.868215,,-2.508804,0.254185,1.82758,2.858769,3.204277,,,-4.671841,-1.254656,2.716966,4.266769,3.285856,2.346415,5.584388,3.939738,2.817719,4.281809,2.365589,2.012989,2.162751,4.298704,1.816976,3.173162,2.817934,5.804674,3.972751,-3.510135,3.30947,5.006471,5.22818,3.672371,5.038538,5.238263,3.556797,4.654013,2.906249,5.492038,2.272413,5.477312,5.588441,4.009383,0.534059,1.317913,2.766784,0.861594,1.775993,4.045629,3.7321,0.885203,,-2.181395,2.030529,-2.40517,-4.138069,0.90338,4.261844,3.711164,2.539206,1.658885,1.977844,3.49089,3.329857,2.394621,3.146762,4.128776,3.708885,3.925523,0.731859,4.680373,5.751696,,,-0.55256,-1.383431,1.231072,2.970761,-1.189563,0.283719,0.420028,2.446123,3.168811,3.663888,4.254039,4.347823,3.324628,2.977872,4.30285,3.650961,5.588441,1.332654,4.538107,3.725802,5.555762,5.361361,5.316197,,4.954786,5.588441,5.047629,5.23737,5.020275,5.584153,3.28031,5.582097,3.643487,4.274865,4.369261,4.709201,4.029826,1.66704,5.132627,2.035215,2.919643,2.436702,1.094012,,-2.525563
ACH-000814,-5.007859,2.491856,2.801833,3.865311,2.267228,3.79877,4.268382,-3.178696,1.544144,3.348258,5.486747,4.578356,2.725527,4.3257,-1.697835,0.610888,-0.536015,-1.130938,-1.006204,-3.061498,-4.028929,-1.147222,-2.213117,2.047998,5.120238,2.968664,2.978494,1.596326,4.76121,2.73162,4.43449,,4.737957,3.910321,3.151078,2.027406,3.329297,2.751229,1.974926,4.445383,4.152675,4.385527,1.812894,2.839655,1.825921,0.915589,1.418247,2.098767,1.297061,2.836537,-0.497918,,-2.694056,-0.256662,1.501999,4.060278,3.466527,,,-5.442579,-2.079603,4.117082,4.834818,3.69664,2.50976,5.771665,4.183517,3.042672,5.194221,2.345093,2.994912,2.231877,5.35264,2.041735,3.102298,4.344661,3.832264,1.880575,-3.989098,2.615438,3.96632,5.836756,4.538419,5.517831,5.044695,4.599522,4.756968,3.599055,5.988596,3.007007,5.475326,5.999225,3.866987,-1.224352,-0.520109,3.800169,1.262238,1.983655,4.179373,4.682607,0.372698,,-3.09061,1.976549,-3.090142,-3.948531,-0.195463,2.518258,4.537573,2.024363,1.6806,1.990845,3.34009,2.626971,4.005109,3.797803,3.282127,4.908153,4.511295,0.687999,3.79332,4.906497,,,-1.242632,-1.912883,1.69806,1.922356,-2.202532,0.8217,1.48036,2.078105,5.652585,3.336898,4.602317,5.059357,3.899617,2.065323,4.306722,4.681602,5.375136,2.615745,4.23233,5.262025,5.436862,5.662325,5.999225,,5.661098,5.934084,5.209107,5.094286,5.451929,5.996273,3.417481,6.601265,5.962543,3.675555,5.115051,5.989922,5.793814,2.234878,5.77574,1.701574,3.537265,4.774122,2.760227,,3.501588
ACH-000615,-5.02841,2.844036,3.956054,4.225718,2.658823,3.798874,4.149405,-0.075128,1.032901,4.616449,4.835977,5.382503,2.558243,5.903827,-1.553171,0.117276,-1.613546,-1.556399,-1.071633,-4.328333,-5.032644,-2.061855,-4.439009,2.801892,1.84281,3.813882,5.43118,2.569357,5.090095,5.203994,5.396124,,3.730657,4.456748,3.509859,3.314127,4.545853,4.629322,2.579998,5.311962,5.618164,4.847355,2.40186,3.205977,1.33796,1.072585,2.621934,3.160515,1.455038,2.983312,0.475481,,-2.93679,1.28353,1.760653,3.273879,2.607752,,,-6.067756,-2.043255,4.643673,5.873319,3.596895,2.349063,5.894844,4.154002,3.418767,3.672265,2.209792,4.099319,1.769603,3.672588,2.44404,5.186157,5.458033,6.349264,1.697718,-3.849347,3.611321,2.799702,5.547996,5.154292,4.04065,5.877919,5.172956,5.223832,2.573128,5.872094,3.256282,5.274195,5.90505,5.149175,0.140498,0.792405,3.251072,1.037496,2.70881,3.344785,3.767398,-0.577932,,-3.090342,2.43154,-3.10482,-4.858378,-0.144218,3.717681,3.554083,3.094667,3.128037,3.745936,2.698761,5.713057,3.577907,2.101699,3.964521,4.46892,2.615288,-0.00871,5.827455,4.883368,,,-0.60206,-1.032353,-0.681457,2.423451,-1.823864,1.085016,1.830848,2.736831,3.781846,4.045585,2.982959,4.111875,4.838348,5.877831,5.716259,5.637404,4.817772,3.586371,3.358982,4.884373,5.850555,5.710686,5.90051,,2.321905,5.90501,3.109017,5.691479,4.828111,3.533567,3.457883,5.086382,4.650311,4.335202,4.974543,5.88484,5.400775,2.699592,4.704888,3.14146,4.315852,5.760078,3.592619,,1.122717
ACH-000730,-4.65634,3.407006,4.365637,3.986565,4.078783,3.849191,3.539961,0.093759,3.612748,5.574848,3.856918,4.737853,3.026722,6.382901,3.695288,2.413721,1.374633,1.108483,1.188814,-1.11796,-1.820833,2.631268,1.921617,2.637639,5.156006,3.573777,4.956179,2.527086,5.762392,3.630654,4.846524,,4.917606,4.400676,2.862319,3.537419,3.591113,4.566321,0.344296,3.825266,2.899824,4.822426,3.573181,4.04429,2.827559,1.332131,3.42962,3.492241,1.841674,4.332624,2.659504,,-1.493739,0.754558,2.991849,3.536486,4.69447,-0.535333,,-4.755893,-1.074339,4.561439,5.231846,3.781522,2.280113,6.365778,3.722561,4.127905,6.178962,3.973684,4.563853,3.911475,4.450586,3.278467,5.340055,5.270564,6.850083,2.867301,-2.500248,4.146659,5.202208,5.154135,4.671523,6.014918,5.73645,4.566316,4.285001,4.213556,6.07866,3.195275,6.342572,6.242763,4.637831,-0.149624,0.459236,4.147367,1.432808,2.605787,5.542447,4.786091,0.893491,,-2.580857,2.002385,-2.521131,-3.760505,0.083964,3.573489,5.082456,3.366905,2.139569,2.089469,2.194084,5.266622,2.572818,3.73617,4.815026,5.266047,3.496744,2.693131,4.43154,5.981381,,,-0.55598,-2.970006,0.205444,2.347188,-2.284089,0.93189,0.878801,2.033771,5.762075,3.79709,3.381421,3.623429,3.349417,4.800637,4.841096,4.854183,5.692934,4.151956,4.652481,4.701153,6.390663,6.135355,6.338359,,6.100237,5.455274,6.164167,5.205261,5.451001,6.017984,3.17271,5.893312,5.37301,4.986538,6.088404,4.000223,6.119473,2.194287,5.254485,4.150191,4.293089,6.011367,2.841764,,2.51998
ACH-000423,-4.114065,2.385057,3.068296,5.235426,2.024169,3.80349,3.534036,-0.190261,1.965161,3.640505,4.94053,4.374962,2.103702,4.494915,2.341188,2.42789,1.245075,1.757607,1.603847,1.035676,-0.37644,1.995082,0.723397,2.366628,3.220878,3.739752,4.402911,1.255022,4.932203,3.381193,3.773392,,5.479123,4.874241,4.091613,2.969144,3.430902,4.585251,1.657975,5.640769,3.68548,5.555131,2.869332,1.647131,1.290349,1.519247,1.222662,1.497256,1.154095,2.79145,0.684391,,-1.412671,-0.320291,2.079704,2.737776,3.057242,,,-4.800315,-0.853679,4.292173,4.127322,3.279949,2.655765,5.654921,4.04385,6.00937,4.087828,2.00942,3.685123,1.787038,3.416704,1.84713,3.013475,3.86935,3.226531,1.411542,-3.036551,1.408214,3.665337,4.692866,5.066967,3.868292,4.368795,5.55239,4.517598,2.991466,5.478026,2.402441,4.755031,5.577742,2.751906,0.601367,0.538463,2.106734,0.599485,1.795385,3.357868,4.599109,2.539887,,-2.908907,2.577336,-2.737211,-4.043519,-0.649638,3.949858,4.373131,3.418715,0.886231,1.885242,1.684696,4.821361,1.668847,2.823468,2.651827,3.993543,4.986409,1.546117,2.808604,4.89353,,,-0.370777,-1.841962,2.685931,2.219147,-1.59448,0.712615,1.600109,2.269341,4.587008,4.606223,3.298868,5.311321,2.732955,1.790563,5.290665,5.457694,5.658814,3.12698,3.449277,5.605812,5.554911,5.61679,5.654106,,5.715554,5.121356,,5.128878,5.445,5.167803,3.356229,5.316709,5.145901,4.068793,3.706915,5.108091,4.748961,1.098694,3.437276,1.8537,3.251174,2.36507,2.864433,,-2.97444
ACH-000103,-7.342696,,,,,,,,,,,,,,2.290769,1.906806,-0.061213,2.204867,0.173079,-0.87613,-2.752998,,6.522048,2.802299,2.239739,2.85893,,1.388376,4.534089,1.929696,2.276902,1.574114,1.331715,4.572717,3.111787,2.080658,2.645927,,,,2.80788,4.076658,3.915451,3.479407,3.450543,1.854143,,1.846296,3.917467,4.34995,1.215868,0.67864,-0.534853,0.241246,4.271193,4.547026,3.419026,-0.067145,3.437336,-5.484258,-1.81814,,,4.378212,1.808137,5.919034,3.190076,,3.606233,1.772487,,,,,,,,,,,3.72245,,,,,,,,,,,,3.787138,,-0.679637,3.368312,1.319859,3.519345,0.926715,3.709741,2.218779,-1.858728,-1.883496,2.801678,-1.409091,-2.885875,1.084828,1.963442,3.667216,1.121659,-0.7233,1.373016,-0.542118,7.111493,3.117376,4.420362,4.234488,5.8601,5.25089,-0.003221,,5.112735,3.40206,2.992002,-0.55952,-3.548343,-1.026276,0.795903,-2.473381,,1.442388,2.160102,2.300671,5.243398,4.883893,5.035049,4.69586,6.038391,5.975593,5.910164,6.016319,3.248706,4.534487,5.035012,6.275539,4.602328,6.214796,6.681863,6.878776,6.074254,6.681863,5.1141,6.393235,5.968931,3.784233,6.361278,5.911697,5.388366,4.646521,,3.629462,2.819974,5.294475,0.845488,2.328979,2.073989,3.075019,2.098625,-0.781059
ACH-000812,-3.919372,3.232562,1.339133,3.493207,1.938445,4.474647,4.470138,-2.11849,1.221315,4.891827,5.672954,5.232056,2.670031,5.282327,0.528566,1.073982,-1.599636,-1.06742,-1.077644,-2.547427,-3.421973,0.426175,,2.518579,3.234658,4.044917,3.632244,2.037197,2.205013,1.47189,2.910002,,2.833539,4.46658,2.663944,1.690004,0.363144,2.939967,1.756398,4.577167,3.602225,4.632961,2.741691,2.124532,1.203008,1.584376,2.536647,2.287765,1.972271,3.104366,2.212397,,-0.563575,1.435605,1.709085,4.053247,4.067087,,,-5.676077,-1.404591,4.96645,4.967292,3.37394,2.27851,5.030694,4.045022,3.531353,4.093617,2.434557,1.993094,2.24141,2.476473,1.434173,0.69567,4.906536,5.741731,2.542398,-3.71567,1.110939,3.687233,5.451276,5.045546,4.787071,4.823862,5.493635,4.884295,2.021042,5.554778,3.206711,4.968306,5.656404,4.868967,0.173275,1.228337,2.489622,0.870387,3.000077,5.358214,5.100462,2.20073,,-3.997615,1.042067,-3.207836,-4.008158,0.895822,2.130243,1.737073,1.925279,-1.015867,1.795637,1.82154,5.049757,2.180475,4.071099,3.780118,4.69156,5.424758,-0.74652,4.426279,4.744622,,,-1.22505,-2.805071,-2.102073,3.307743,-2.309183,0.419502,2.167427,2.325918,5.21728,3.606636,4.105691,4.287623,4.849424,4.35328,4.805841,4.307757,5.528971,4.573002,4.578304,4.515273,5.626208,5.546054,5.557391,,4.701673,4.006471,4.114779,4.952969,5.490295,5.307554,3.37394,5.657262,5.268603,4.142422,2.848832,4.892778,5.631396,1.263623,2.490251,1.786059,5.669668,3.164438,2.657908,,-2.966378
ACH-000810,-6.032954,4.642612,5.673824,4.328206,1.528585,3.98914,3.287906,-2.797788,1.601001,4.949355,5.356702,5.359482,2.843624,6.123227,0.250018,0.740505,-1.340867,-0.801615,-1.298767,-2.36039,-4.090757,3.971082,4.625284,3.284873,3.591606,3.234028,4.443068,2.325418,5.139999,1.600125,2.482896,,3.314189,3.515414,2.867812,4.25492,3.591582,2.733599,0.848829,5.855067,5.218459,5.514918,4.569755,3.564716,2.381016,2.166339,2.570009,2.478855,2.316624,3.799446,1.204547,,-1.928527,2.058075,1.815886,4.087264,3.57439,,,-5.357702,-1.649934,5.482559,5.441937,3.820642,0.555871,5.704248,4.098917,3.170917,3.242732,0.878332,2.315758,1.158423,4.066053,2.290141,1.082972,3.762623,4.510809,3.315329,-3.973485,1.782629,4.171501,5.667213,5.718632,6.560476,6.016991,6.035975,6.345214,2.498495,6.083832,3.781562,5.67367,6.120971,3.929136,0.107977,1.176578,2.565913,1.557702,1.770714,3.20493,4.189248,-0.97204,,-4.002157,1.970203,-3.037239,-4.500033,1.545923,1.123838,2.213763,1.485815,-1.243926,0.926494,0.044167,5.089909,2.27512,2.933815,4.601358,3.655023,3.37731,-0.161666,3.583383,5.352856,,,-1.538265,-1.426775,1.222266,3.670222,-0.797929,0.835817,1.524233,2.1959,3.26216,2.556315,2.396057,5.429089,4.825478,1.881869,4.517733,4.976779,5.560691,3.087161,4.510019,5.550442,5.532898,5.707225,5.713633,,6.78977,5.885402,5.578686,5.600576,4.421128,5.212215,3.416046,5.214579,5.662388,4.337817,4.577854,5.718632,4.702892,2.111842,5.654476,1.67768,3.16659,4.437914,2.745189,,-2.356989
ACH-000915,-5.659602,3.092573,2.446525,3.601868,1.688941,2.987235,3.308294,-2.753014,1.782426,5.186138,4.693091,3.505719,1.449858,4.230736,-1.553345,0.348487,-1.560487,-2.803361,-2.81963,-4.710816,-5.652344,2.332768,2.264564,3.010419,2.569739,2.601258,4.277195,2.54925,4.107484,1.553934,2.491258,,4.062666,5.351106,2.406576,3.090945,2.381391,3.159811,2.110037,5.44092,4.475063,5.499804,3.186202,3.073371,2.511296,0.982964,3.530633,3.082695,2.665636,5.191184,-0.840389,,-2.844744,0.307853,1.836456,3.835496,1.957529,,,-4.887478,-1.448211,4.012179,4.162186,2.973478,1.789292,5.225549,3.067842,2.877604,3.473616,0.88668,1.001329,0.382914,2.529336,1.767635,1.33123,2.340509,5.91406,1.77958,-4.221068,2.352119,4.951202,5.50383,2.064291,5.521564,4.695906,3.212655,4.419531,2.961837,4.01281,1.868142,4.677923,5.483037,4.14482,-0.543799,0.71835,3.197698,0.946418,1.685332,2.166797,3.155259,-0.46412,,-3.990002,1.194338,-3.031493,-5.339417,-1.451124,0.840827,2.704626,1.44853,-0.771797,0.339478,-0.762959,5.439217,2.820771,1.913962,3.461856,2.534117,3.841378,0.895081,5.477889,5.441701,,,-1.368652,-1.850986,-2.588974,2.360823,-2.22853,0.180164,1.300594,2.383156,3.19005,2.664611,3.208889,4.074622,4.645141,3.873648,4.471174,3.951044,5.491146,2.110543,4.585811,4.080796,5.256022,5.009319,4.160752,,6.010914,5.288721,4.000655,4.074012,4.460665,4.24368,3.201245,5.702154,3.463074,4.084007,4.153057,5.443402,4.864391,1.984911,4.879823,2.191044,2.826273,2.872376,1.749015,,-3.681642
ACH-000664,-5.5435,2.957186,3.488333,3.184898,0.896369,3.293285,2.509361,-4.135636,0.932893,3.713485,4.334156,4.447512,1.990028,3.075672,-1.239889,0.87921,-1.809595,2.606516,-1.841586,0.53411,-1.093194,3.81454,4.814377,2.217491,,3.252791,4.774392,,4.243215,1.535327,2.295292,,3.279608,4.534568,2.798868,2.816214,3.551498,4.383493,0.566705,4.28479,3.419618,3.433082,-0.404539,2.898314,2.54046,1.371246,1.971275,1.739082,1.771949,4.477608,1.409759,,-1.140219,1.059696,,,2.332934,,,-5.557236,-2.333115,,4.98576,2.596808,1.719951,4.622955,3.316722,1.541182,3.502569,0.768127,1.941974,0.876443,0.095363,1.614365,0.569941,2.92572,2.509197,-0.973477,-3.910138,1.667522,3.620937,3.738674,4.570384,3.750383,3.499753,4.208245,0.078157,2.214332,4.960484,1.751931,4.98576,4.879269,2.780401,-1.301089,-0.20682,-1.136825,-1.974754,3.304154,,2.319119,-3.606942,,-6.922022,-0.043729,-6.047138,-5.875129,-1.029434,1.370696,2.733535,0.331299,-0.8206,-1.341489,-0.629299,4.98576,2.356044,1.973648,3.513094,0.993342,1.0593,-1.444758,4.98576,4.527744,,,-3.603242,-5.871108,-5.446299,-0.272977,-4.215837,-1.122926,0.49659,1.745838,2.679589,2.750448,1.306057,4.486225,3.666483,2.550322,,4.504863,4.023256,2.181609,4.207547,4.283115,4.712041,1.968063,4.98576,,6.084373,3.353939,,4.857843,4.98576,4.98576,2.395684,4.604708,4.025869,4.487746,2.891463,4.944207,4.841282,2.64418,3.673364,2.956027,4.98576,1.943883,2.482588,,-2.528379
ACH-000218,-2.693307,2.00352,4.44529,3.717396,0.789309,2.45112,0.421133,-2.049209,1.671774,4.636427,4.108663,3.540744,1.706602,5.004309,-0.619376,1.191222,-0.501373,-0.734621,-0.803014,-1.905701,-3.651134,3.849811,3.638117,2.625721,3.645597,2.79414,4.430823,1.204044,4.445918,1.198128,3.588774,,2.927554,4.0997,2.66635,1.397846,1.684422,2.53058,-3.420687,4.48411,3.455579,4.320228,1.786561,1.945213,-1.367921,-0.686146,1.734992,0.722353,1.582914,2.197699,-0.299246,,-2.510751,0.551415,1.78854,1.822401,1.854415,,,-5.055541,-0.788755,3.863755,3.619756,2.701724,1.969754,4.377569,2.389587,2.875201,2.793057,0.134009,1.215605,0.158781,3.001579,1.160797,1.068935,3.013978,3.901718,-0.673842,-4.815417,1.628592,3.367759,3.710192,3.528058,3.957817,3.878396,3.962396,3.981305,2.626322,4.907337,2.670888,4.331393,5.004309,4.082225,-1.498248,0.639947,1.485341,0.143157,0.927125,1.609368,2.256389,-4.817595,,-5.677384,0.608172,-5.627724,-6.056038,-2.221997,-0.602765,2.366659,0.836099,-2.224611,-0.128659,-1.225085,2.923368,2.967121,0.112364,1.54996,3.144135,2.616596,-1.831793,2.712181,3.456465,,,-1.586858,-4.66286,-2.939807,0.488307,-3.387205,-0.54653,0.227244,1.676581,3.79915,3.068637,3.346462,4.622723,4.979804,2.890176,2.94299,4.472267,4.596366,1.529705,4.259069,4.622434,4.072291,4.515026,4.732501,,3.734784,2.56462,4.998556,4.87672,4.48809,4.692109,2.701724,4.960783,3.683221,3.637801,3.136878,4.994094,3.927187,1.256193,1.996732,4.272043,2.045956,2.812524,2.582828,,-2.037745
ACH-000294,-5.577631,1.634482,3.041099,3.106664,-3.546549,0.780593,1.880181,-6.202263,0.10995,3.463798,3.168158,2.542387,1.107824,3.764008,-2.696735,-0.597167,-2.530275,-3.450664,-2.828449,-4.89679,-6.145526,2.63691,1.422848,1.268726,2.383277,2.359423,1.686786,1.34957,3.129496,-0.51242,2.248561,,3.069401,3.360714,0.037223,0.358547,0.226718,-1.07493,-5.511329,3.793256,3.034319,2.915612,1.094268,0.535742,-0.869443,-0.205188,1.925777,1.323808,1.693899,3.035836,0.422411,,-2.815644,-0.184214,1.438853,1.41467,0.423822,,,-5.561538,-1.930861,3.499897,4.098976,1.796557,-0.222885,3.064584,2.461565,1.554892,1.397736,-2.267353,-1.096823,-2.52993,3.994386,0.965612,-1.253693,2.001416,-0.142201,-1.454881,-4.650469,1.277941,3.499902,3.295544,2.206416,3.156606,3.664709,2.325114,3.087135,1.56453,4.099787,0.681952,3.183876,4.103408,1.817883,-0.502771,-0.415746,0.657322,-0.1713,-0.183726,-3.830133,0.600254,-5.192253,,-6.199156,-1.237728,-6.914614,-7.098851,-2.616346,-0.281842,0.863776,-1.185591,-2.698547,-0.668626,-1.774055,3.987468,1.312976,-1.18734,-0.589576,1.397463,0.926925,-2.89065,1.193397,1.514196,,,-3.829024,-5.660185,-5.937691,-0.27728,-5.128379,-1.756734,-0.933934,0.939097,1.572061,2.169015,-1.562021,3.127296,3.320853,1.817368,3.293848,3.101935,2.52895,0.760144,2.210276,2.298196,3.081951,3.465024,4.103557,,3.410356,3.531423,2.683737,2.825906,4.103557,4.103551,1.800972,4.103539,3.953421,3.453389,1.826463,4.084312,3.659709,0.307569,1.124742,1.809122,1.471645,1.866567,1.670129,,-5.52602
ACH-000336,-4.368835,,,,,,,,,,,,,,-0.436111,-0.289107,-2.340749,-1.912432,-3.772135,-4.593498,-5.993544,5.348403,2.742387,3.041183,3.771875,3.382764,4.490438,0.868884,4.074971,0.734725,3.604488,2.369256,3.283886,4.960679,0.12355,1.806932,2.444161,4.007329,0.003469,2.824043,,2.617786,2.448185,2.069648,-0.326515,0.399707,2.062656,1.672336,1.313005,2.404031,0.413419,-0.99045,-2.035365,0.247218,1.112707,2.223595,1.199594,0.88015,3.399947,-5.48042,-1.976382,4.971385,5.007929,2.129287,,5.00735,3.346525,2.381604,,-2.029499,-0.921011,-2.177546,3.599064,0.676264,1.244279,3.058566,4.390859,-0.406548,-4.063142,1.889911,3.626031,4.400624,1.964394,3.771706,2.571698,2.308984,2.357957,1.516705,3.397069,0.623286,2.001911,4.011691,2.414434,-0.491482,-0.440416,1.859174,0.861604,,0.610669,1.704932,-4.733853,-6.231383,-4.942548,0.609013,-5.224094,-5.764618,-1.717126,1.363555,2.963381,1.14057,-0.6552,0.593785,-0.28271,1.227783,1.779185,0.824848,2.588723,0.947743,1.358585,-1.829485,2.947247,3.814758,1.348378,1.652439,-2.597164,-4.259883,-5.063989,1.2366,-3.549659,-0.357501,0.592708,1.10807,2.01336,2.597099,4.029567,4.240932,3.508029,4.996874,4.620356,,4.99991,,3.169124,4.007918,4.478113,4.779812,5.007929,3.739539,5.762216,5.015212,5.099398,4.772135,5.001483,4.998216,1.610446,4.449309,3.192056,1.680306,1.093791,2.670553,2.364373,1.352089,3.119393,1.529143,2.60929,3.277358,,0.055644,-6.361433
ACH-000113,-3.11422,,,,,,,,,,,,,,-2.785293,-0.799419,-2.947088,-3.766058,-4.918293,-5.954631,-7.777173,3.559063,2.085872,0.955719,1.994706,2.639959,4.285336,1.528427,3.697036,1.119857,2.783307,1.818642,2.484958,3.736822,-5.096418,-3.099006,-2.648851,3.419944,1.326883,2.957075,2.419603,2.408547,3.26272,2.81982,2.343696,1.586867,1.913143,2.106236,2.539935,3.392615,0.093741,-1.897551,-1.596168,1.157398,1.676241,1.820475,0.193608,0.11936,2.15633,-5.472308,-1.811325,4.285591,3.909625,1.315518,1.286388,4.283793,2.419899,2.987643,1.932483,-2.366149,-0.153765,-1.794479,3.068895,1.744658,1.139383,3.085155,1.634796,-0.533851,-4.127366,2.021515,3.306174,2.844178,3.066116,4.218775,2.669618,2.791024,3.274653,1.065599,3.891834,0.521446,2.905371,4.279465,2.966556,-1.066196,-0.943863,0.658718,-0.082839,0.40568,,1.495199,-4.482498,-6.281977,-4.999136,0.568227,-4.917201,-5.650378,-3.842946,0.590453,1.662576,0.427466,-1.335122,0.615364,-1.104151,0.181459,1.19757,0.234203,2.773485,0.723331,0.671142,-2.143446,1.852763,1.778299,0.303971,-1.899882,-2.637427,-6.432805,-5.221226,0.182441,-4.907033,1.602164,0.469944,0.752386,2.416843,1.732432,2.833153,2.856766,2.955547,4.285591,3.658672,4.285591,3.450832,0.891821,1.810686,3.620657,2.971933,3.807319,4.285591,2.473675,3.647879,3.59453,4.423302,4.003946,4.285573,4.285555,1.21355,4.282935,3.584326,3.680951,2.367339,2.498657,2.810409,3.589419,2.818494,1.767507,1.550062,0.799057,,0.103592,-6.841315
ACH-000146,-3.602156,1.571486,5.144484,3.110816,0.798259,3.570024,3.100024,-1.521042,1.563039,3.959513,3.711413,4.208694,2.044136,5.144484,0.415789,1.419025,0.682363,0.649301,1.604003,-0.095676,-1.341186,5.143636,3.607662,1.533442,4.499108,3.07339,3.972782,0.561725,4.602386,0.641912,4.164057,,3.088424,4.337297,0.824632,1.235732,1.513197,4.683185,1.386658,3.364762,3.759898,3.07555,1.256593,1.441216,0.366275,0.495149,1.677902,1.016154,1.13072,1.943901,1.629913,,-1.185055,0.497042,3.01681,2.481046,2.544909,,,-5.396119,-1.421899,4.464426,5.144484,2.829856,1.481606,5.144484,3.27671,3.088368,1.772508,-1.005044,0.235484,-1.512456,4.425896,1.211255,0.90491,4.092947,5.511712,1.508576,-3.79781,1.567277,4.605522,4.017635,3.00615,4.604832,4.340272,3.27177,3.834489,2.591257,5.144484,2.579485,2.965498,5.082819,2.470533,0.040989,0.768939,2.528136,1.002348,3.445599,2.723456,2.188656,-0.670908,,-3.115744,1.814241,-3.735707,-4.043851,-0.426101,0.641276,2.15169,0.943711,-1.237062,1.475288,0.066295,5.099553,2.656651,2.185332,2.481189,1.497902,2.005613,-1.780134,2.230987,4.066614,,,-2.535593,-3.948896,-4.153003,1.526325,-2.706756,1.274951,0.560631,1.925388,2.001112,3.704719,4.034706,3.348077,3.005019,4.713046,4.685188,4.134584,4.359129,1.500528,4.391607,4.943969,5.144484,5.121117,5.110504,,4.715262,5.126508,4.746713,4.143115,4.633036,4.711847,2.838862,4.435623,3.18816,2.003354,1.704446,4.389748,4.316031,2.267388,4.409507,1.971349,3.525303,3.558727,2.407871,,-5.981461
ACH-000373,-4.247345,2.309375,3.405765,2.876521,-0.159423,2.19002,2.038024,-1.175167,1.177841,4.166733,4.360968,1.334683,1.29548,3.519346,-1.664835,0.243248,-2.169062,-2.737447,-2.964614,-4.667616,-4.871626,3.194399,3.181368,1.843725,3.154272,2.606182,4.183332,0.230031,3.740299,0.992605,4.068986,,3.04893,4.416744,0.355478,-0.332489,0.228829,4.091697,1.15078,3.187877,2.371545,3.996599,1.577082,2.335445,-0.158545,-0.370052,2.384951,2.296218,1.522275,2.852463,2.245744,,-1.607493,-0.09587,1.634655,1.707785,1.167121,-0.006656,,-5.458266,-1.366704,4.49679,3.993937,2.168322,1.302291,4.533837,2.81531,2.981375,1.998445,-1.898432,0.449536,-1.147517,3.009264,1.52805,1.454443,4.006173,3.061404,0.10711,-4.432884,1.623319,3.036,3.894413,2.548498,4.410334,3.069722,3.83285,3.52775,2.276557,4.358669,2.073673,4.191945,4.373127,-0.234253,-1.257409,-0.056759,0.81715,-0.0783,1.070753,1.51783,2.038687,-4.20666,,-4.869877,0.586183,-5.797241,-5.455459,-1.914129,-0.231696,1.889431,0.41374,-1.740108,0.121925,-1.255095,4.551481,1.897638,0.748434,1.132613,1.118044,0.973212,-1.928019,2.756119,2.868162,,,-3.59304,-5.686956,-3.572945,0.257395,-4.361708,-0.185664,0.169092,1.702699,1.797685,3.232012,3.351384,4.536113,2.936075,3.590079,3.849025,3.860701,3.527764,1.143518,3.858334,4.188563,3.751002,4.013988,4.23214,,2.674859,2.56611,4.159155,3.699983,4.551481,3.599385,1.020029,3.679519,4.469552,4.151726,2.056502,3.212365,3.236105,0.048374,1.575626,1.912136,1.495206,2.015876,-1.184782,,-5.593391
ACH-000168,-2.611698,,,,,,,,,,,,,,0.827182,2.053571,-0.606185,0.999614,,-3.638064,-4.060165,5.282585,4.380881,2.711585,2.675719,3.361069,4.950934,1.262608,3.886467,1.066022,3.473883,4.970144,3.32733,5.273547,0.325121,1.918465,0.965443,4.547685,-1.47355,3.548702,3.421067,2.967901,2.779591,2.018777,0.731189,1.015288,3.803151,2.916474,2.544995,4.315009,1.645317,0.430937,-1.726593,0.415784,3.544798,2.546539,3.141796,0.8056,3.787064,-4.182668,-0.70443,4.834826,4.741039,2.667921,1.724675,4.933882,3.361069,3.849573,2.116382,0.973141,0.666631,-0.881762,3.309051,2.613244,2.060534,4.894757,3.409307,1.575634,-3.859248,3.153549,4.13398,4.646653,3.113467,4.857152,2.891528,4.004774,4.576406,1.879289,4.783005,2.45592,4.606747,4.961609,2.805714,-1.834371,-0.00847,1.719142,0.459866,1.314705,0.850238,1.957112,-2.588562,-4.615508,-4.682721,0.791429,-4.897269,-4.972367,-0.902246,1.328416,1.799593,0.594801,-1.854499,0.767572,-1.178114,4.254187,3.07057,2.24167,3.481724,1.53785,2.437089,-1.649357,2.328646,3.371577,1.203244,0.572426,-1.991495,-5.770768,-3.926869,0.708629,-3.639164,2.211333,1.327706,2.219902,4.722557,4.66411,4.190465,3.449487,4.78906,4.970506,4.954993,4.80337,4.334698,1.817164,2.788218,3.979471,4.337089,4.370475,4.970225,4.830753,4.570787,4.423588,5.218781,4.117216,4.576333,4.35094,2.623436,4.338719,4.657439,4.173055,2.784915,3.709263,3.33684,2.313184,3.296772,1.760173,3.098432,3.173922,-3.444451,0.558675,-7.689895
ACH-000247,-0.41122,,,,,,,,,,,,,,-2.525569,-1.142405,-2.626572,-2.13037,-2.613719,-4.80201,-6.577493,4.1936,5.961921,3.672849,5.199482,4.310909,6.866846,3.889622,5.691109,4.194048,6.342354,2.932112,5.693623,3.141118,3.411582,0.381961,-0.27905,5.13532,-1.405101,5.204991,5.423064,4.066104,4.65192,3.348975,2.619641,3.001494,1.580831,2.81086,3.059929,3.875827,0.658251,-0.03623,-0.550103,2.288921,4.515317,3.809074,2.980704,1.752598,3.678706,-1.781585,-0.890924,6.611932,6.579509,2.453894,3.077245,6.453899,4.819569,5.771162,5.110772,4.011577,2.584074,2.40696,3.810398,2.825484,1.615334,4.688826,4.473221,3.230522,-2.427212,3.718127,5.264202,4.759338,3.610554,5.446903,4.361612,4.981138,4.548962,2.911134,5.513698,2.361334,5.653373,5.859361,5.155428,1.834293,0.521967,2.747573,0.866522,2.840177,3.114347,3.45306,4.465386,-1.940568,-0.719662,5.286678,-0.342075,-3.478016,-1.616671,1.679419,1.928115,1.495338,-0.218359,1.522722,1.859558,0.857351,5.483843,4.429211,5.028286,4.101037,3.275409,5.020732,3.153466,5.375109,5.148493,1.094896,0.530019,-3.773098,-1.212016,1.544143,-2.448346,2.645361,1.454618,3.801443,6.464423,6.394667,5.156192,5.389909,4.575487,6.466352,6.466352,5.586735,6.466352,6.395541,2.681152,5.784028,4.527726,5.499616,6.466352,6.466352,7.397008,6.065708,5.892017,5.446988,5.802455,6.293634,3.956767,6.185883,6.078998,5.605861,5.222482,3.589356,5.387525,3.795508,3.319419,4.945483,4.49562,4.584724,4.121017,2.722972,-4.72917
ACH-000249,-1.011504,,4.725338,,,,,,,,,,,,2.712757,-0.577606,0.367351,-0.830855,-1.749946,-3.118838,-4.974457,6.57643,5.13303,4.230131,5.69723,5.116532,6.955818,2.800677,7.292766,2.991575,4.97206,3.197558,4.415773,3.801016,3.874167,1.687693,0.642392,6.787419,6.375471,5.253486,4.416406,6.046885,4.094534,4.359651,3.463324,2.356937,3.676668,4.656927,3.820125,5.065921,1.562119,1.291212,0.268798,2.463961,4.788857,2.777993,4.892348,-1.004767,3.176159,-5.105328,-2.076222,6.332346,5.366943,3.352042,3.749827,6.481093,4.537042,3.425472,3.861034,0.393509,3.148211,1.848358,4.688342,4.807751,3.680088,4.865563,5.967151,2.438257,-0.257309,4.982635,5.64105,5.970113,3.923798,5.539296,6.17276,4.901227,4.930698,4.078185,6.52266,4.047948,5.006375,4.996158,6.625126,0.491317,1.689275,2.394495,0.10531,2.190266,-1.092149,1.368949,-0.257176,-0.173767,1.034424,2.336114,-1.276109,-2.539083,-0.446411,2.848246,2.522946,1.573494,0.004808,3.230247,0.637764,6.16522,5.195289,4.409959,4.291736,6.886499,5.054907,2.375769,4.591663,6.452799,3.922438,2.199201,1.326433,-3.523626,-2.046594,4.846223,-1.961786,3.427241,1.248853,2.728116,5.275817,5.254132,3.583449,4.775961,5.767201,6.543028,5.973974,6.327833,5.470165,2.209906,4.501985,6.130893,6.695347,6.753312,7.00607,7.019977,8.212306,6.16635,7.018874,6.201841,6.753341,5.19227,4.553764,5.774467,6.583592,6.892455,6.692139,4.014026,4.241495,4.037368,4.156795,2.696768,5.329754,6.132315,0.699868,,
ACH-000120,-2.679777,,,,,,,,,,,,,,-1.512897,-1.090706,-2.237389,-2.639098,-3.383539,-5.518353,-6.609588,4.911395,5.342542,3.303125,3.21292,2.539568,5.444738,2.301296,2.86721,1.385145,2.901758,4.544191,3.311747,4.04745,2.044322,1.224931,0.963953,4.175179,4.260159,3.772917,3.807686,3.551429,2.965757,1.667957,-0.11841,-0.068839,2.990609,3.167665,2.213261,3.675133,1.279547,-0.322467,-1.498466,,3.179982,-1.833294,2.195822,0.388399,-0.133112,-5.218465,-1.688033,5.495655,4.652655,2.229694,1.304169,3.910292,3.756407,4.017748,2.785223,-0.724812,1.58153,0.511127,2.906185,2.085405,1.339098,4.175324,2.335184,0.058535,-1.607898,2.808651,3.786599,4.566263,5.328768,5.37503,4.95326,5.030833,4.779882,2.979297,5.443224,2.514837,4.038721,5.499937,3.544361,-0.616578,-0.278336,1.160487,-0.950368,0.587064,-2.824443,0.638494,-1.560021,-5.236637,-2.740469,0.557342,-4.948106,-5.394224,-1.654241,2.390368,2.759324,0.76495,-0.578279,1.612971,-0.828271,1.461033,2.838957,1.093969,1.506562,2.912004,2.466903,1.846632,2.211989,3.046196,2.283465,-2.492302,-2.148026,-5.282299,-4.621769,1.137978,-3.899345,0.02025,0.020563,2.223609,4.643894,2.718296,3.351096,4.9143,4.473177,5.302438,5.25088,5.365211,4.424438,2.198644,3.260411,5.072147,4.80162,5.045461,5.498978,3.64932,3.789292,5.715821,4.332273,4.859857,5.372395,5.500045,3.211059,4.881571,5.109862,5.477811,4.885355,3.083217,3.492867,1.75632,2.405686,3.697635,1.807634,1.599749,2.430838,,
ACH-000610,-5.893204,3.068345,3.177192,3.752515,-2.065981,3.020319,1.355423,-2.370743,2.061877,4.074132,6.112408,6.185967,1.589598,6.231669,2.077458,2.842432,3.199604,2.054116,1.834931,1.411306,0.526067,6.713901,4.730645,1.748701,3.28091,4.704431,6.775003,0.121459,5.039521,4.111702,6.250826,,3.610231,2.640282,1.851301,2.160263,1.170907,4.970183,1.534034,6.432043,5.379662,4.761287,6.191575,4.317071,3.896742,4.258439,4.991661,6.090565,5.342664,2.975475,3.504537,,-0.519932,2.41579,6.313869,4.677499,4.704431,4.030394,,-5.44312,-1.585116,6.562939,6.763891,3.923973,0.906296,6.313869,4.704431,4.887263,1.746731,-0.404616,2.159094,0.969532,5.875558,2.624794,5.968107,3.736361,5.482729,1.070712,-2.270929,3.001855,5.686222,5.285642,5.084368,4.32433,6.423028,6.408081,7.037458,3.475134,6.220312,4.46935,5.510173,5.905697,1.985986,-0.587499,0.412397,2.416572,-1.155134,1.425683,-0.429301,1.368963,-1.87255,,-4.501369,1.066925,-3.487805,-4.483528,0.015992,2.77463,3.940125,3.63786,1.591609,4.011968,1.374001,6.3135,4.023583,5.679548,4.913212,6.445234,2.486045,-1.687571,2.723041,3.310216,,,-1.871901,-4.864078,-3.159256,0.70149,-3.733597,0.317153,0.522277,2.754927,4.248625,4.17554,5.461829,6.282842,6.170333,6.307447,6.313869,6.301355,6.313869,3.364781,2.826243,6.312459,6.313869,6.311623,6.313869,,3.99558,6.313869,5.841794,4.874084,5.769795,5.461613,3.925578,5.445784,6.313869,3.008162,3.956657,4.183333,5.603548,4.015385,4.164245,0.662648,0.960492,2.009102,3.847814,,-4.982094
ACH-000560,-5.726802,,,,,,,,,,,,,,2.75203,2.497409,-0.423801,3.943936,1.437332,0.791734,-0.410192,3.552855,4.749778,2.848162,1.860388,2.288311,5.044651,1.208051,4.721901,1.05905,1.637073,1.662047,3.801301,2.821816,-0.940262,-1.301388,-1.797347,4.172519,0.65893,4.699215,1.971859,4.534078,4.969334,3.318483,2.331087,1.075789,3.301389,2.960139,3.706566,4.554291,1.278187,0.404456,-1.929604,1.465997,2.452151,3.798923,3.239119,1.182261,4.543013,-5.50862,-2.231742,5.00228,4.571057,2.025219,1.535641,4.497014,2.643469,4.093976,2.973488,2.469527,3.398412,2.360924,3.211963,1.834993,4.303513,3.667962,2.731216,-0.005456,-3.80574,1.965461,3.420755,4.991552,3.447342,4.58903,3.338724,3.022781,3.764084,2.696329,4.551879,2.117969,4.779335,4.828436,2.266867,-2.825856,-0.31736,1.345801,0.551217,0.13212,-0.828702,1.649551,3.364571,-4.793361,-5.160288,1.447808,-3.832026,-5.575983,-0.32929,2.346458,5.038938,3.651134,1.217052,1.319963,0.277412,4.894571,3.291999,3.505969,3.598434,4.774924,4.131579,-3.018869,4.944876,3.887821,4.080387,1.474299,-1.977727,-3.683271,1.404839,1.862463,-3.058915,-0.405267,0.095824,1.20104,4.008955,4.994098,5.042505,3.086405,3.681817,4.967063,4.747342,4.222382,5.044651,2.548284,3.364924,4.035839,4.081276,4.683897,5.030766,4.866291,5.324839,5.314962,5.041906,4.84376,3.845082,4.58813,1.356587,4.895001,3.996094,3.43918,1.929055,1.736153,3.155497,1.591969,2.549417,1.458643,1.448454,0.389298,-0.989955,-0.367825,-0.667465
ACH-000267,-1.993113,,,,,,,,,,,,,,-1.010395,3.628651,4.51878,4.672014,4.517343,3.143922,2.657305,4.13107,1.818606,2.771868,1.233129,3.651298,4.576817,2.806577,5.34372,1.260006,3.61815,2.265778,1.942038,2.097977,-0.186474,-1.536004,-1.627271,5.335422,1.834272,4.559613,3.348787,3.873498,5.387957,5.202651,3.642511,1.986085,3.6813,3.436538,2.037212,4.804157,0.613866,-0.733922,-0.185915,1.519574,2.627838,2.597913,1.514304,1.85862,4.153175,-5.287398,-1.199221,5.144615,5.241463,2.426893,1.8398,5.270202,3.40706,6.48667,3.071304,2.422054,4.400982,3.979619,3.821304,4.263023,2.761066,4.316139,3.824475,0.479338,-3.571679,3.641888,3.330768,2.259567,2.722199,5.619008,4.324764,4.970658,4.734858,2.412417,5.354079,2.96595,5.203018,5.377776,2.809344,2.380762,2.300724,2.637339,1.217711,2.051433,4.49257,2.571294,,-5.678614,-3.303187,0.868019,-4.971661,-3.950354,0.010897,2.83801,3.399881,2.322313,0.390357,0.973749,0.07703,4.508062,2.924183,2.627235,4.287973,3.777213,4.107045,0.722734,5.16569,4.271942,3.104269,1.758966,0.570694,-3.877243,0.550648,1.724528,-2.589766,2.19077,0.88784,2.883333,5.388057,4.787971,5.386691,3.201101,4.81432,5.235669,5.388057,5.382681,2.73783,3.307287,2.01615,5.233549,4.633875,5.076272,5.219158,5.297302,5.830046,5.297858,5.683578,5.216576,5.388057,5.388057,1.780189,5.372791,5.286067,5.092284,5.224553,3.464186,2.47405,3.25251,5.066251,2.18759,2.278928,0.454489,-0.243767,1.92752,-5.435327
ACH-000439,-1.366119,,,,,,,,,,,,,,1.872073,2.813063,2.122545,2.275999,1.896396,-0.076716,0.05442,4.945397,3.223121,2.589693,2.804771,3.634983,5.246044,1.352001,5.324394,1.203665,4.820424,2.973018,3.810454,4.598228,-5.198708,-3.597562,-3.355133,5.236092,-1.056998,3.936434,3.980954,4.780585,5.147869,5.024902,5.253559,3.441904,5.245447,4.849249,3.991106,4.768562,1.132744,-0.529314,-0.809924,1.721058,2.785017,3.426488,1.54115,3.180227,6.225239,-5.462976,-1.10245,5.106856,4.558643,2.942815,2.115812,5.233449,3.54159,3.120822,3.467391,1.369981,2.882455,2.474996,4.823835,3.580118,4.552897,5.246044,4.031933,3.417953,-2.724486,3.434168,4.868597,4.887411,4.340536,5.240816,4.310631,5.246044,5.837755,2.760148,5.244873,2.942916,5.245643,5.246044,4.890886,0.921077,0.696599,3.54406,2.755741,4.73794,4.46935,3.164997,,-3.445931,-1.867953,2.386871,-1.573066,-2.142292,0.994498,3.290621,4.658153,2.346813,0.329078,1.383061,0.574114,4.775861,4.019497,3.752793,3.838075,5.804649,4.907032,1.621995,4.84681,3.934523,3.349315,0.418455,0.531069,-3.996612,-0.83107,3.103032,-1.77013,1.881483,0.745373,1.900262,3.926457,4.712828,5.24526,4.09284,3.834637,5.015205,5.046657,5.168503,4.231665,4.100327,3.066845,4.443862,4.669636,5.176817,5.08586,4.466993,5.150974,5.099604,4.899834,4.905343,4.999537,4.639195,2.81937,4.552059,4.822493,5.238384,3.789698,5.235715,3.380555,4.944947,4.579524,2.596121,2.617963,3.197248,1.63479,0.765449,-4.508732
ACH-000386,0.038789,,,,,,,,,,,,,,1.727081,2.472781,3.003182,2.864332,2.145867,1.163028,0.574039,4.455043,2.649955,2.87908,2.405245,3.349407,2.830215,2.625027,3.985892,1.662464,4.850576,3.084951,2.856582,4.541165,-1.494587,-1.804676,-2.478625,4.47357,0.200492,4.696268,2.874945,3.678431,3.23582,4.472397,3.295211,2.836096,4.561674,3.516382,4.126543,4.959041,0.500086,1.535663,0.126707,2.253068,2.484771,0.971364,1.852677,0.981068,4.734941,-5.410711,-0.838355,4.952641,4.705135,2.449315,1.890287,4.939631,2.599336,3.092298,2.983418,-0.404649,2.056127,2.4603,3.777038,3.407569,1.802734,4.747201,3.879587,0.418451,-3.358991,2.807744,3.740482,3.614344,2.06159,5.264348,4.41399,4.068827,4.494677,2.574215,4.9475,2.626917,4.971321,4.969999,4.959035,-1.571505,0.828753,2.704641,-0.176201,1.969118,0.570172,0.104521,-1.579207,-5.680666,-1.223609,0.448603,-2.841845,-3.946182,-1.960499,2.189417,2.455884,1.531988,-0.034951,1.042771,0.323259,4.300503,3.509695,2.75583,3.530459,5.286551,2.951152,0.251139,2.824479,4.303145,2.599089,-0.145275,-0.307152,-4.95048,-2.113772,1.58796,-3.40149,1.171976,0.251491,1.07763,3.077995,4.194826,4.97083,4.648287,3.630301,4.9454,4.292913,4.670223,4.384235,2.331209,2.984433,4.188611,4.800366,3.628279,3.975414,4.546673,6.136646,4.596532,4.916702,5.074623,4.847371,4.972253,2.817328,4.906802,4.972253,4.971708,4.312204,3.542763,3.979804,3.014253,4.750727,1.602543,0.118924,-1.239049,-0.225446,,
ACH-000345,-3.129105,4.197519,3.758403,3.864066,0.366146,1.686701,2.229827,-0.68421,2.556722,4.348904,4.074713,5.399053,2.391476,5.134326,-0.344808,2.466162,0.970127,3.16861,5.173779,3.787429,1.830569,5.490057,5.028353,2.926662,3.617916,3.462695,4.34036,1.460117,1.951403,2.438718,0.961398,,3.5643,2.570316,-2.654769,-2.776565,-3.843187,5.365149,1.843221,5.640846,4.10822,4.559355,3.708568,3.023173,1.891687,1.027857,4.063766,3.221019,2.825409,3.172184,3.189518,,1.747287,2.130932,0.825749,3.875026,3.479446,,,-4.489598,-1.073915,4.440001,4.263581,3.510471,2.210913,5.249385,3.632349,2.976686,4.545598,2.16627,3.704367,3.564037,2.15486,2.062553,1.256437,4.58547,4.196169,1.369058,-0.977183,0.357906,1.144655,3.163061,4.522159,4.832386,5.806055,5.401771,5.580049,3.184003,5.564455,3.465273,3.661892,5.847622,3.418531,-0.005621,0.40392,2.524059,1.468161,1.342333,1.880205,1.279602,-1.747924,,-2.358842,2.062235,-3.524395,-3.949139,0.263715,1.95969,2.234545,2.172264,0.193564,0.964423,1.048259,1.190047,3.490423,4.812671,2.52722,3.179847,3.709783,1.219247,2.684368,2.072328,,,0.067289,-1.658916,0.028833,-0.03244,-3.999432,-0.013053,1.070336,2.04042,5.134713,4.478038,4.241868,4.630409,4.910042,3.746638,4.475185,5.4342,5.343227,4.457523,4.301229,5.329318,5.342257,5.434794,4.172487,,6.051961,5.803852,3.824773,2.84346,3.979063,4.807512,2.965212,4.980414,3.826803,5.664282,3.647272,5.040014,4.683489,1.779646,2.167551,4.051371,3.715907,3.411545,1.372188,,-5.854718
ACH-000225,-1.117514,5.202188,1.9725,3.215704,2.177363,3.020028,3.412018,-3.255981,1.754526,4.556562,3.872794,4.706327,0.822642,5.006894,-0.110087,2.681461,4.28754,4.181588,5.052487,4.224781,2.665347,5.09029,4.431067,1.731212,5.20822,3.593431,4.329641,1.285844,4.706136,1.329227,4.211661,,3.835884,4.138079,0.689034,-0.548418,-1.455045,4.451964,2.080581,3.158484,3.043359,3.003618,4.870217,4.10815,3.950713,1.824942,3.248076,2.489481,2.49887,3.550646,2.529289,,-0.18859,2.427678,4.089114,3.580807,3.583521,2.398962,,-4.012003,-0.409703,4.725075,4.013914,2.883658,1.309146,5.170876,3.61128,3.161034,4.940043,1.204065,2.937149,1.107603,4.488023,2.493688,3.458777,3.495832,3.90199,3.469343,-3.260922,2.207502,4.658374,4.499045,3.665984,4.184837,4.555774,4.69848,3.915091,1.883549,5.054489,2.376237,5.145385,5.221482,3.041519,0.623129,1.585631,3.080716,2.409857,3.830601,4.188348,2.175387,1.281115,,-1.462617,2.133398,-2.43441,-3.029035,0.989124,2.695972,3.47969,2.847771,-0.201546,0.726404,-0.101656,5.160868,5.005322,4.480065,3.716052,4.166219,3.577101,-0.458873,3.313392,4.330746,,,0.214171,-0.135528,2.900775,2.639949,-1.102048,-0.626711,-0.057673,1.748155,3.893596,3.214543,3.8388,4.686462,3.387626,2.811542,4.877264,4.819681,5.221482,3.786605,3.865494,5.057918,5.217583,4.349911,5.056364,,6.3195,5.095761,5.110627,4.428365,5.221112,4.769919,2.918897,4.239701,3.399131,5.21825,4.021633,5.221023,4.756834,2.514394,3.16366,1.948919,4.318564,4.228006,2.126815,,-5.142827
ACH-000506,-5.646632,5.603435,3.402889,3.156083,1.453895,2.493888,1.997466,-2.34541,2.100877,3.715171,3.932838,4.932837,1.762154,5.668043,0.25692,3.58411,3.749168,4.687036,4.537933,3.728177,2.302198,3.483261,4.407024,3.341725,3.32368,3.800289,4.064785,1.603608,5.13834,1.078987,2.548869,,3.25152,-1.080451,-0.345648,-2.23768,-2.783891,5.310848,2.012681,4.031124,2.872611,4.833762,5.082524,3.622992,3.432687,2.345776,3.521902,2.745366,3.442519,4.652238,0.329598,,-2.148024,0.692242,2.614132,3.237857,3.075422,,,-4.924829,-1.259203,4.909134,5.211346,2.864778,2.014679,5.880987,4.267804,3.981674,4.122652,0.279394,2.517626,0.944283,4.134874,1.885956,4.425436,2.898774,4.500784,2.230332,-3.76297,2.03284,2.84951,4.510341,3.525753,5.265076,3.974842,4.749937,4.213697,3.598757,4.160279,3.22688,5.846322,5.527107,2.613915,0.432447,0.39613,3.10733,1.516987,2.582555,2.248533,2.424052,-1.532715,,-2.19133,2.558391,-2.334079,-2.909871,-0.025453,2.414715,3.925815,2.421189,0.550611,0.1476,0.211023,4.408538,3.280936,3.272229,3.987825,3.657896,2.40065,-0.833203,3.532639,3.06168,,,-0.147009,-2.756189,-2.358643,0.893964,-2.960427,-1.810497,-0.000713,1.23668,3.427862,4.239314,2.93577,3.624073,3.572423,2.533555,4.194727,4.947767,5.87682,2.649539,3.10286,5.278959,5.392121,5.076853,5.717909,,5.159104,5.76915,4.947133,3.938753,5.872511,5.331158,2.554232,5.514699,5.60846,5.563576,3.658144,5.703216,4.364471,2.314921,4.177161,1.825081,3.098564,3.663788,3.401159,,-5.09377
ACH-000703,-4.218856,4.17062,4.777383,3.725168,2.793177,4.047399,3.108853,0.962265,2.44912,5.354901,5.078153,4.893187,1.718879,3.928077,-0.008523,3.595707,4.570788,4.965693,5.267936,3.944974,2.440841,4.94901,5.177223,3.052644,4.438812,2.759205,5.487738,3.028322,5.122489,3.096126,5.294232,,4.914379,2.122289,2.879356,-0.419371,-1.289498,5.603582,1.161571,4.34136,3.998605,4.510203,5.00731,3.627495,3.308768,2.664144,2.030225,2.158459,2.366331,2.916062,1.431254,,-0.817072,2.713695,3.729872,3.597738,3.544811,3.374906,,-3.817788,-0.487268,5.447663,5.511013,3.05399,2.29337,5.296334,3.482863,5.583614,3.68333,1.653375,4.731776,2.791823,4.995503,3.177251,3.966414,4.762151,5.372436,3.553479,-2.74338,2.821757,5.185169,5.177268,4.951016,4.45746,4.568965,3.944575,5.427874,3.006552,5.248857,3.279605,5.627093,5.664362,2.511542,-0.241435,0.895012,3.764527,2.753046,3.495855,4.904308,3.890702,0.296811,,-1.446353,3.574409,-0.08168,-3.391533,0.356751,3.896023,3.843722,2.415543,0.673191,2.912171,2.082115,5.270711,2.12123,3.958655,3.957952,3.137061,1.892412,2.213886,1.382973,1.608047,,,-2.205686,-4.960267,-2.531328,0.101505,-3.955131,-0.159027,1.0978,2.958164,4.288968,4.938472,3.898547,4.955177,5.289625,4.108326,4.410048,5.225179,5.116889,4.322183,2.744404,4.613186,4.654308,4.617401,5.344408,,5.236434,5.356575,5.081541,5.11264,4.154077,5.22369,3.048234,5.356575,5.000212,1.711656,4.723091,4.791687,5.354766,5.350436,4.865643,4.394635,5.259271,5.354693,1.834976,,-3.146089
ACH-000743,,,,,,,,,,,,,,,0.597251,5.364943,,3.562574,5.732563,3.718796,2.933731,,,3.626361,,,,,4.658328,1.112029,3.778844,,,1.635075,,,-1.431584,,,,2.753412,,,,2.645772,1.921216,,2.761763,,,3.189117,1.647781,,,,4.412817,4.207984,1.137845,4.853504,,-0.509588,,,,1.71352,6.045252,4.435466,,5.765012,6.05104,,,,,,,,,,,,,,,,,,,,,,,,,,2.243193,,5.428412,5.963185,3.272256,4.036933,,,,-0.62085,-3.536085,0.977609,,2.926432,,,,1.726751,5.530185,3.520423,4.472601,4.5512,5.017902,3.048727,,,2.267373,2.348606,,,-4.626543,0.048837,,-2.90635,,,,,5.155944,4.078451,,5.425888,4.864672,4.724588,5.644804,5.528644,4.123969,2.888641,4.459341,4.755241,6.05104,6.023755,5.560792,6.776358,3.880903,,,,,,,,,,,,,2.949763,,4.650898,,3.37185,1.027507,-4.731681
ACH-000767,-3.686503,,,,,,,,,,,,,,-0.131331,3.377003,4.064227,4.940972,4.835301,2.625691,2.852055,3.348848,3.603201,2.817461,2.912879,2.607787,4.936892,2.182404,4.367389,1.592269,4.665953,2.517512,4.152582,2.711856,-0.897788,-2.545526,-1.91338,4.93237,1.752615,2.089588,3.250001,2.007659,3.632845,3.83775,4.136393,3.684767,2.3582,3.811037,2.957972,3.882288,2.108784,1.038155,0.322827,2.617907,2.664366,3.255488,2.681641,0.515661,3.664416,-4.421346,-1.192539,2.928068,3.697933,1.958897,1.92691,4.939912,3.305685,6.009737,3.437289,-1.663548,-0.966445,-2.412613,2.895012,2.801062,2.712431,3.087423,2.761203,-0.116924,-3.808682,2.212395,3.082267,2.593905,2.913971,4.328657,2.071847,2.133816,2.516391,1.711338,3.509534,1.541375,4.508728,4.881021,4.804557,-0.918476,-0.41769,1.537962,2.136994,2.276241,,0.818767,,-4.763874,-4.299135,2.836383,-4.804093,-5.036262,-1.578207,4.434368,4.940762,4.758818,0.919555,,-0.009786,4.799553,3.670289,4.330783,3.498079,2.199228,1.604592,-1.977756,1.252064,2.856011,0.120845,3.048619,-0.145733,-6.480038,-1.811061,-1.602118,-4.845681,0.351749,0.827514,1.289069,4.940972,4.936635,4.108914,4.834197,4.450674,4.940972,4.939971,4.585229,4.554626,3.017819,3.476752,4.940972,4.823655,4.7637,4.719507,3.968297,6.087408,4.774784,5.115191,4.109671,5.129761,4.527271,2.888101,4.699397,4.417688,5.221072,2.634291,2.996072,3.83745,2.697792,3.82681,2.870305,4.770515,3.127968,,1.560904,-5.877241
ACH-000124,-5.70823,3.063734,1.635311,2.535442,-3.252991,0.867502,1.71759,-4.596107,0.792924,4.342698,3.355931,3.253306,1.579109,2.587991,0.331698,2.046543,0.98686,1.11127,1.793632,0.595082,-0.210833,1.435785,0.799428,1.4478,1.81915,2.55984,2.631315,2.035974,3.631966,0.738791,3.050005,,3.408513,2.965809,-4.887884,-3.623245,-2.306946,4.325854,1.862136,2.230296,2.710374,3.833186,2.740399,2.023223,2.101735,1.631806,2.829412,1.033572,2.341362,2.927099,0.529936,,-1.969677,1.553281,2.862664,0.769172,0.705481,,,-6.61407,-0.720093,3.813478,3.389379,2.181221,1.464698,2.673216,2.962409,2.457546,4.211937,1.065019,2.255137,1.012633,1.7061,1.619724,-0.227179,2.146317,2.558336,-1.334437,-4.368998,,4.003433,4.571847,2.009798,4.319405,4.062442,3.233388,3.704938,1.480707,4.569601,1.54365,4.574842,4.574842,3.036754,-1.045428,0.523111,1.202875,-0.182534,-0.380554,-3.861596,0.539655,-3.816229,,-6.335843,-0.121093,-5.738417,-7.067508,-2.927691,0.683468,0.989165,-0.661322,-1.532769,-0.489613,-1.231162,-0.466257,1.885997,0.496581,0.820393,2.208964,1.623334,-0.947058,1.522347,1.103914,,,-3.291526,-5.648091,-6.016457,-1.4649,-5.605858,0.506614,0.687165,1.617004,2.769997,2.821529,2.079661,3.34314,2.909726,2.791099,4.130692,3.830833,3.890383,2.034664,1.8148,3.010697,3.389519,4.555313,4.574842,,4.310513,3.45888,4.429804,2.779987,3.999721,4.574842,2.264144,4.574842,4.222101,4.374394,3.361452,3.779767,4.574842,3.595762,4.538045,2.727467,2.26771,2.612442,1.677841,,1.551907
ACH-000136,-4.290743,5.217943,1.847567,3.236665,0.339031,2.071589,2.731778,-1.961077,1.264152,4.086609,5.441677,5.464904,2.610915,5.648733,0.15563,4.871429,4.27535,5.9772,4.931852,3.641605,2.710864,3.911404,5.262698,2.384964,4.896988,3.757182,3.873201,1.147508,5.251764,1.63779,5.723977,,2.625419,1.108446,-5.271765,-4.548804,-3.797141,5.507379,2.359372,3.789674,3.64555,4.893963,5.191897,3.703616,3.755214,2.662122,4.769264,1.811438,3.028223,3.686364,2.492808,,-0.099496,2.199999,3.570602,1.954499,4.427077,,,-5.723823,-2.134392,3.631737,4.340821,3.346148,1.104315,5.918563,4.240465,1.975755,3.871212,0.217726,2.268905,0.968022,5.03955,3.833919,0.499873,2.611515,2.823226,0.105439,,0.710255,5.341459,2.537658,3.911519,6.079045,5.337401,4.551567,4.715322,2.827785,5.603716,2.449427,5.220073,5.648733,3.365977,-0.9833,-0.526063,1.729211,2.148946,3.115107,-2.282845,1.456254,-2.601322,,-4.137451,0.95976,-4.405096,-4.86651,-1.064722,1.079244,1.977159,0.885472,-1.464216,-0.041916,-0.520204,0.306392,3.457581,2.291417,3.505577,1.318234,1.106625,-1.415378,1.897664,2.141167,,,-2.608767,-4.332351,-0.711931,-0.6983,-4.269272,-0.755083,0.024683,1.651713,4.045061,3.842244,3.359467,3.785669,4.227975,4.617745,5.296472,4.391895,6.006453,2.71919,3.216434,3.880385,5.888836,3.479381,6.066452,,3.79875,5.188135,4.619223,4.925916,5.646813,4.946031,3.278766,5.520274,4.775253,3.498422,4.065195,5.029616,5.081466,5.642919,3.400575,1.43184,4.454198,4.353017,2.965485,,-4.96172
ACH-000151,-5.683358,3.666569,3.658948,1.980726,0.319997,1.283074,1.695199,-2.757239,1.036008,3.284136,3.159102,4.051625,0.956978,1.821305,1.126796,2.459288,3.123804,3.573748,3.563064,3.004193,1.333728,2.546453,2.408009,1.460044,3.743373,1.61279,2.741895,1.326865,3.261426,1.885023,2.865318,,3.098818,3.282369,-1.310198,-1.187566,-0.769256,4.057844,1.847254,1.631082,2.2888,2.565016,3.267346,3.196053,3.271595,1.2243,3.311491,3.302349,2.830103,4.025074,1.77012,,-0.501898,2.99794,4.072759,1.529437,2.215621,,,-5.564635,-1.943163,2.383338,2.890376,1.770264,0.682971,2.181779,2.437694,2.5339,2.852186,2.034692,1.901101,0.717271,3.769121,2.794241,0.533106,1.779534,3.681542,-0.037385,-4.376275,1.528583,3.167664,3.367304,2.753653,3.868434,3.461564,2.314263,2.881879,1.125064,4.072849,1.638538,4.072849,4.071158,3.876097,0.027566,-0.138008,1.889821,0.369156,0.267511,,2.078668,-3.94131,,-3.73121,1.069553,-4.477096,-4.236939,-1.713769,0.843041,1.939985,0.345182,-0.956984,-0.430953,-1.565964,1.98862,1.733629,2.248069,2.582437,1.83757,1.043042,-1.456463,2.940595,2.483104,,,-2.506162,-5.430522,-4.846415,-0.034571,-5.023298,-0.20269,0.253299,1.48371,1.907385,3.388184,2.948933,3.61558,3.062353,2.852361,3.556013,3.832881,4.072849,2.486522,2.556215,3.762157,4.069005,4.072849,4.072849,,4.721905,4.072849,4.002685,3.104678,3.76477,4.059188,0.750838,3.681262,4.026283,4.025057,3.055284,3.790549,3.977953,3.27659,3.500362,2.836989,3.576568,4.072849,0.910208,,-5.68245
ACH-000780,-4.311075,4.715695,4.679061,2.911062,0.32338,2.418136,2.41247,0.099539,2.499551,4.346039,4.564818,4.358062,1.315027,6.009116,3.480731,4.898939,5.44717,4.412016,4.861756,4.080351,3.092909,4.783889,5.186709,2.92417,5.126021,3.123904,4.719937,3.268392,3.598103,3.048097,4.95285,,4.70763,4.805122,-0.358981,-2.084804,-1.981342,4.879522,2.249862,3.282957,2.703144,3.599132,5.414586,4.102279,3.506494,3.6485,3.620211,3.516482,3.657292,5.02994,2.501366,,0.045938,3.357664,4.593057,3.889586,2.5621,,,-4.594785,-1.27648,5.208771,4.862101,3.696319,2.709993,5.968646,3.827136,5.904222,3.957252,3.062089,3.293678,3.274741,5.526845,4.911422,4.02352,4.189126,6.064854,2.222218,-3.427839,3.46554,4.885145,5.455608,3.78992,5.268758,5.953641,4.936575,4.078514,2.258598,5.989506,3.412785,5.56924,6.009053,4.929284,-0.013333,1.697154,3.211633,2.660483,2.295623,0.893643,2.31496,-1.213853,,-3.005419,1.499878,-2.804188,-3.744052,-0.082149,3.714598,4.84036,2.866043,1.75591,1.493243,0.280909,5.391396,3.612558,5.282291,4.566094,4.700216,2.804374,-0.059015,2.860436,2.495225,,,-0.063687,-5.726912,-1.643359,-2.270427,-4.794238,-0.508595,0.621288,2.601721,3.765369,5.552458,4.463126,5.12412,4.552748,4.532195,4.559603,3.560185,5.949879,3.672224,4.261452,4.043705,5.429974,5.304145,5.958443,,5.216785,5.769474,5.109527,4.31645,5.369853,5.41278,3.391595,5.481194,5.791867,5.23721,5.035316,5.378374,5.848681,5.05756,3.989169,5.436036,4.200679,5.952241,2.647678,,-1.325589
ACH-000135,-5.325447,4.257191,2.242139,4.493743,3.485863,1.529276,0.420415,-1.30314,2.629811,5.684615,5.653638,5.321496,2.063452,2.554479,-0.166578,2.815463,3.077315,4.782649,2.476177,3.736701,0.902837,2.31888,0.724602,2.807431,3.55596,4.377614,5.0338,1.738673,3.647606,2.314526,4.257424,,3.419674,1.297448,4.464018,1.678086,0.828456,2.76752,1.973385,3.892667,4.329512,5.698268,2.969907,4.370619,2.443397,2.469549,5.241551,5.203974,3.180365,3.826978,-0.465755,,-3.383941,0.315674,2.607688,-3.425537,2.198401,,,-6.123332,-2.133517,4.368736,3.19757,3.621615,2.579858,5.307395,4.395801,3.758157,2.912945,-0.640306,1.748272,-0.022054,3.478497,1.890004,5.159943,3.773474,6.039699,0.259136,-3.52484,4.077633,4.170854,5.096699,2.416645,5.14308,5.655895,5.975895,6.518194,2.539988,5.96153,3.61018,5.949792,5.659578,4.576889,0.491287,1.269616,2.978781,1.066866,2.008793,1.957037,6.406285,-1.405686,,-2.938796,3.1081,-1.980399,-3.782708,-0.03059,4.674915,3.542516,2.902471,1.213694,1.928827,0.002666,5.369369,5.198634,1.53484,2.846898,4.092553,5.108054,1.203499,3.446394,3.752614,,,-0.672023,-3.311207,-0.715547,1.515692,-3.011351,1.624276,1.54604,3.415936,4.231091,5.120102,4.473562,5.041067,2.894633,4.228232,5.48268,5.210197,5.979269,1.609433,3.145403,5.547094,5.985582,6.014501,6.014501,,4.71658,3.675278,5.968879,5.845015,4.777348,3.598183,3.70897,5.987655,5.89273,4.738687,3.409299,5.2263,4.058673,3.599389,4.278246,2.398406,3.120524,4.465706,3.52532,,2.31791
ACH-000713,-3.833273,2.444223,3.442826,2.760633,-1.238801,1.371197,1.449636,1.705299,1.893644,4.09678,5.313129,5.54612,2.520312,5.755805,-1.917315,2.194414,2.831691,3.611131,2.157356,1.637643,0.425541,3.33473,3.119329,2.633336,2.918658,2.992463,4.268446,2.715403,5.152833,2.768943,3.713219,,2.051593,3.333293,3.483634,1.278112,2.072521,0.200912,-3.070914,2.873949,3.004259,3.390622,2.735727,3.506048,2.802621,1.948457,4.551157,4.875438,4.144962,3.685049,0.472838,,-1.874058,1.131686,5.005115,-1.810702,2.580897,,,-6.032665,-2.340943,4.069182,3.514181,3.45322,2.634589,5.638652,3.96294,5.706741,2.393521,-0.665769,0.826445,-1.045849,3.751959,4.285564,1.41871,4.110161,3.819239,0.220203,-3.178745,3.590443,3.245949,4.973577,5.2375,4.745667,5.641355,4.610838,4.314291,3.280541,5.622736,3.330626,5.709578,5.755805,4.098551,-1.095461,1.179815,1.449466,0.004205,-0.03628,-2.783549,1.339515,-2.358737,,-5.710087,0.978822,-4.724318,-6.389464,-1.306238,1.807842,2.615464,1.078246,-0.593719,1.9172,-0.240056,4.667733,3.265165,4.915408,4.015323,2.7159,4.482219,-1.855176,4.568204,3.813134,,,-0.858235,-5.753445,-5.484513,0.416847,-3.812551,2.806692,2.505548,2.192075,2.980773,3.869308,4.399533,4.879634,5.515539,4.110463,4.319392,4.938021,4.84004,1.430522,4.024182,4.525606,5.704555,5.73984,5.748947,,6.466069,5.463392,5.522676,5.1245,4.422128,4.961385,3.193567,5.699584,4.161217,4.164374,4.578327,5.59147,4.763381,5.347869,4.335402,2.65089,4.265911,5.540034,2.912569,,1.705889
ACH-000708,-2.011588,4.533164,4.31117,4.455793,1.88095,4.608983,5.193445,0.645179,3.577648,4.34366,4.391699,5.603076,2.355095,5.10029,0.912744,2.762876,2.48764,1.569905,4.148049,1.5528,-0.086311,5.553868,5.385831,0.903713,2.681447,1.834084,3.45027,0.616152,1.495019,2.266564,2.597955,,4.285807,5.285019,3.591167,3.779284,1.552038,4.980947,2.365674,3.921141,4.849542,4.740814,3.467992,3.08963,1.729963,2.026248,2.32871,4.943126,2.338026,3.121457,3.310069,,0.299307,2.505196,5.612654,3.91234,2.670722,,,-4.922365,-0.561623,4.82285,5.543399,3.045106,1.415882,5.610753,3.998704,4.168428,2.85375,1.639871,3.560501,2.981318,5.604564,3.244259,0.977638,5.587034,6.30269,2.815665,-3.467551,1.915022,3.931049,5.600086,3.961888,5.324808,5.578867,5.598246,6.305166,3.055357,5.612654,3.300566,5.524013,5.610064,3.160005,0.378303,2.355651,2.075538,1.024212,3.714992,4.866468,5.397776,-3.450417,,-4.488165,0.73928,-4.343442,-4.355498,0.973627,1.321738,3.703375,1.563072,-0.91442,1.478668,-0.835478,4.836516,5.028035,4.423726,4.067451,4.342748,3.366131,3.250349,4.988359,5.634799,,,-0.300611,-1.619957,-0.013838,1.650658,-0.913214,1.398587,2.04966,3.372012,5.432886,3.9627,5.251627,4.441557,4.070932,5.459639,5.546761,4.416013,5.612654,4.386431,4.254565,5.53731,5.611757,5.612654,5.612654,,5.17885,5.123731,4.98279,5.079248,5.146729,5.024558,2.860871,5.297378,4.492107,3.759741,4.673513,4.510065,4.634174,2.659316,2.521047,3.196622,5.557534,4.27411,3.26564,,1.557191
ACH-000958,-2.76616,,3.387632,,,,,,,,,,,,-3.167665,,-0.230826,3.80349,2.485512,0.022912,-1.960653,5.077052,6.017345,-1.053938,0.065471,0.263215,2.212458,-1.245602,1.067511,0.266556,1.161608,2.059594,2.846574,3.151681,2.329371,0.126189,0.31125,5.675015,2.459319,4.473789,3.649664,4.857515,1.447864,1.969695,-0.335485,-0.130519,2.449057,2.18552,1.332431,2.146911,1.405761,-1.228413,-1.276012,-0.773652,4.549199,2.903715,3.90124,1.277091,1.205846,-4.173102,-1.654686,4.501555,3.594564,3.416714,2.664817,4.466803,3.573719,2.995355,3.667751,1.018275,2.347829,1.299903,5.145776,2.965592,5.20939,5.147261,3.992086,0.287183,-2.013578,3.05088,5.919304,3.663048,5.706225,5.478498,5.830563,5.539241,6.317795,3.029049,5.868252,3.583426,5.855194,5.81415,2.295652,0.502627,-0.629618,0.592654,-1.200436,-0.905684,-2.994332,0.524563,-1.27811,-4.782346,-4.961649,0.309261,-5.430259,-6.330319,-2.551257,3.147698,,1.433686,-0.547165,1.936349,0.306495,1.384016,3.809562,1.873389,2.558717,3.772643,1.827446,-0.708348,3.304295,4.339103,2.396225,3.407592,-1.576484,-5.609978,-1.880231,1.060958,-3.644986,3.0337,1.549542,4.167555,3.665383,,,4.077778,5.178709,5.694524,5.142703,5.170744,5.874995,2.737552,5.167975,5.051614,5.613443,5.091809,5.724628,5.912146,7.075345,5.534988,6.415514,4.928132,5.4151,5.722632,2.90496,4.549829,4.892156,5.151413,2.853451,5.964594,3.155634,0.603044,1.22293,1.05822,3.869168,2.744147,2.641797,0.325449,
ACH-000360,-3.875977,4.089774,3.953228,4.102591,-2.200472,2.550086,1.644767,-0.879341,2.707358,4.296886,5.756084,5.241183,2.778372,5.272077,-1.042025,1.988172,0.646057,-0.334539,0.261851,-0.730291,-2.309839,5.730051,3.035279,-0.231592,0.127082,0.70938,-0.306915,-1.00191,-0.55397,-2.729245,-1.181202,,3.6546,5.372757,2.779466,1.074497,1.25676,4.952233,4.296951,4.402641,4.235837,5.268729,1.508254,0.40797,-1.383703,-0.00274,-0.747323,-0.045469,-0.398006,0.067127,0.835457,-0.835161,-1.926853,0.881215,2.774532,4.164667,1.971412,,,-5.63947,-1.922207,4.154462,5.012339,3.467013,2.459229,3.255599,4.164667,3.853623,3.177054,0.820413,1.003925,1.205801,5.285437,3.656854,1.766622,5.486272,6.183654,3.755974,-3.680905,0.782048,5.193673,5.662615,3.722523,5.392598,5.669796,4.457404,5.605165,2.89223,5.692995,2.671161,5.675341,5.774105,5.020394,0.047457,2.594582,1.544129,1.058658,0.543999,-0.896527,1.031993,-1.711262,,-4.212839,-0.445722,-4.318908,-5.045646,-0.721173,2.745988,2.893432,1.333349,-0.183844,2.678251,0.42811,6.073402,5.50977,0.917208,1.775427,1.348132,1.521591,1.054524,4.60436,5.565963,,,-1.159601,-3.199222,-2.086804,1.326022,-3.230531,0.489373,0.90052,2.497741,5.774105,5.605858,3.738889,4.700951,1.72927,5.607999,5.773822,5.290904,5.750367,2.052518,4.993638,5.011414,5.774105,5.774105,5.766486,,6.290173,5.727525,2.968914,2.737937,4.701394,5.238932,3.471519,5.125056,5.468025,5.08015,4.397191,5.67853,4.600326,1.813447,2.307878,2.693577,5.382917,3.868391,1.56006,,-2.56955
ACH-000470,-0.741231,,1.971528,,,,,,,,,,,,0.047183,0.928879,1.247837,2.072149,-0.300371,-1.62645,-3.98075,5.627112,5.380839,1.426214,2.194514,2.452942,5.813591,0.785773,1.883871,0.613307,2.195415,3.798068,5.612007,5.367444,4.014487,3.453753,1.850625,5.665282,-0.432959,4.344814,4.096868,3.38597,3.731914,4.681972,2.443202,1.245154,5.573669,3.863954,4.363775,4.392802,3.687611,0.556149,-1.129179,0.602977,3.785994,4.230902,2.896073,1.586737,3.097496,-4.487714,-1.134053,5.91093,5.807902,3.64507,2.736009,5.752572,3.330405,4.149916,4.678372,2.464291,5.358532,4.277906,4.885185,4.52724,2.361737,5.746666,6.662336,4.972692,-2.300981,5.027365,5.924859,5.748735,5.54507,5.701606,5.91616,5.644289,4.558805,3.391361,5.780333,3.133903,5.975987,5.964981,3.395065,2.354379,2.107336,2.672397,0.995307,3.870621,1.468983,3.494324,-0.295124,-2.210796,-2.292697,1.867021,-1.475898,-3.803608,1.827926,4.96589,4.359776,1.185495,1.19175,2.416285,0.798764,5.511687,4.139123,2.350149,1.98465,4.564637,2.031336,3.064181,5.752958,5.125617,4.610491,1.441037,0.780297,-4.114909,3.51397,3.26257,-2.092154,3.274298,1.25968,2.501478,3.337088,5.901705,3.747378,5.356461,4.281667,5.989739,5.981408,5.891216,5.304608,3.926862,4.160097,4.126936,5.511857,5.680975,5.867057,5.849106,6.759927,6.035108,6.320305,5.165231,5.966125,5.887126,3.756162,4.574205,5.479991,5.924801,5.532561,5.193343,3.359809,2.821611,3.034281,2.458963,3.854347,6.26332,-0.20056,1.452702,-2.711926
ACH-000400,-3.390964,,1.353535,,,,,,,,,,,,-2.126135,-0.123774,-2.642493,0.203754,-1.113565,-2.352617,-5.733326,4.410604,3.709798,2.085169,2.39294,2.507264,4.011362,0.815466,1.655827,0.47258,2.587358,3.645164,4.171179,2.379051,1.395102,-0.294407,-1.032188,5.677056,4.667896,3.736652,5.071386,3.799594,1.724612,2.60312,0.095002,0.566908,4.717501,3.036904,3.320697,3.322234,0.257329,0.119617,-2.033209,-0.393702,1.940671,0.958043,1.996126,0.453111,-1.184383,-5.443716,-2.136222,4.755957,3.183164,3.342938,1.571938,4.063666,3.897317,6.675671,5.080902,4.697752,5.586579,5.600999,5.369794,5.636283,5.008127,5.609862,4.768054,1.643851,2.041877,5.214572,4.918115,4.254853,4.48285,5.788626,5.442857,4.303217,6.005789,3.315782,5.350879,3.248734,5.520618,5.647029,3.071619,0.29011,1.938216,0.661364,-0.520905,0.41363,-0.157821,1.746763,0.914324,-5.675797,-5.044774,0.454538,-4.855558,-5.381166,-0.564974,3.712797,2.906163,0.452618,-1.114977,1.769209,-0.282296,1.346782,2.868836,2.084479,3.241407,2.686655,1.480371,0.118498,3.545061,1.828348,-0.471327,0.093953,-1.277339,-6.070827,-3.43454,0.147101,-5.232563,2.858803,1.280396,2.256946,5.52789,5.7047,4.799768,4.316993,5.01493,5.474837,5.64124,5.170008,3.321887,2.547961,2.10179,4.4762,5.55063,5.638903,5.654287,5.7047,3.984319,5.318612,6.086536,5.503112,4.779248,4.558986,1.900546,3.884689,4.069118,4.780562,4.362402,5.686195,2.379348,0.231766,0.945976,2.5263,3.618912,2.499235,-2.334301,0.034987,-3.618748
ACH-000986,0.115182,3.754714,3.864646,3.255703,1.537945,2.542881,-0.572705,1.201681,2.160132,5.329664,5.417722,4.814363,1.785695,1.763381,0.46966,1.669527,2.169793,3.55393,1.04521,1.391667,-1.178356,4.677381,5.091914,1.744804,3.067448,2.91545,4.257236,1.211595,2.854504,0.226903,1.585023,,5.426279,5.426279,4.010734,3.778468,0.434537,5.016037,4.543729,2.984194,2.958176,3.389348,4.050224,3.227606,2.491942,2.237684,4.05446,2.682592,4.25944,4.834653,-0.578528,-0.886328,-0.316183,1.217145,2.215262,2.272442,3.574019,0.356076,,-4.390642,-1.878998,5.608218,4.249975,2.656946,2.430547,3.27978,3.748855,6.356136,3.081694,1.450573,3.961787,3.35626,4.588044,3.241349,3.444717,4.531353,5.503533,1.679516,-1.833335,3.555289,4.269092,5.245729,3.34028,4.904862,4.141809,3.785228,3.520425,2.536107,5.190962,2.337602,5.250611,4.960773,5.426279,0.732077,1.250791,1.392352,0.150698,1.528945,0.115857,2.487555,-2.099379,,-2.767267,1.61244,-1.74844,-3.825571,-0.17642,4.402194,4.396372,3.306483,2.616635,1.493932,0.614086,5.537346,4.199497,2.462319,3.830504,3.938684,3.77798,1.188012,5.279245,5.121552,,,0.425276,-1.327005,0.102268,3.944503,-1.347095,1.344007,1.384203,2.715875,2.305097,5.426279,5.426279,5.426279,4.256779,5.180414,4.115749,5.070119,4.973924,3.316971,1.967923,5.425841,5.411912,5.082543,5.000372,,6.477078,5.347853,5.476772,5.608849,3.245034,5.416071,3.123694,5.175464,4.718667,5.426279,5.386471,4.789852,4.242395,2.089516,2.740661,1.227007,4.712868,4.287675,1.817524,,1.557728
ACH-000680,-0.663489,,2.6383,,,,,,,,,,,,-0.783764,1.485397,1.101924,1.913252,0.361693,-1.231857,-2.63773,4.353862,4.195583,4.001485,5.006289,4.370711,5.965032,3.396377,5.626461,1.991192,5.095517,5.655362,5.411227,6.041625,3.102093,1.57355,-0.174247,6.01235,4.205319,3.93917,3.396351,3.885605,4.359892,2.349129,-0.129392,0.492428,1.282521,1.83074,1.262671,2.219832,0.605191,-1.320921,-2.340048,-0.27523,5.020491,3.571891,3.591563,2.195947,3.943414,-4.836992,-1.86385,6.021941,3.616635,1.086558,2.069288,6.417352,3.040509,6.942387,5.935233,2.711068,3.693003,3.814923,4.716274,5.041225,3.922727,5.9183,5.491277,4.521433,-0.679866,3.575976,5.653666,5.211573,4.483776,6.38343,4.77025,4.507744,5.443635,2.634695,3.877274,3.645445,6.050238,6.005394,5.873447,2.190274,2.52807,1.220114,0.0502,0.322547,-1.779648,0.859862,-3.138294,-4.299561,-3.552844,1.59925,-4.220663,-5.168137,0.082441,4.733766,4.644927,1.902952,-0.019826,0.922577,-0.135685,6.362884,5.015042,4.045131,4.310094,4.463236,3.149122,3.400431,4.999296,5.083873,3.470346,2.212349,2.125008,-3.825828,3.933382,1.39768,-2.161689,1.676431,1.052402,3.689755,6.404039,6.041843,4.797834,6.053638,5.821395,6.04924,6.038867,,5.823097,2.64493,4.495678,5.648624,5.333903,5.97585,6.036564,5.66747,6.497638,6.320351,6.696442,6.321699,6.349393,5.867032,4.310683,5.707114,6.241444,6.097625,6.110018,5.875255,4.847397,3.203117,3.670316,2.244095,4.60011,3.335971,3.003488,3.074305,-4.550119
ACH-000341,2.422163,,,,,,,,,,,,,,0.928703,2.621699,1.747358,2.083278,0.549879,-0.609755,-1.246695,3.967328,4.45269,3.078597,3.960265,3.536288,,1.669678,5.199406,1.874126,5.661668,2.557781,5.238986,3.865356,2.150279,3.164848,2.758846,,,,4.825031,5.198184,3.775138,2.022608,1.265831,1.402506,,3.000894,2.115569,4.1206,1.077477,0.019773,-0.555461,1.104822,4.210319,4.332026,3.366613,-0.622739,6.539574,-4.806231,-0.890948,,,3.035353,2.756566,5.201768,3.211199,,2.748529,2.316188,,,,,,,,,,,4.9415,,,,,,,,,,,,4.908601,,-0.356582,2.786825,0.243704,2.47711,-0.621094,2.715821,-1.739557,-3.670867,-0.219145,0.879007,-0.719844,-2.364508,0.548772,3.448095,5.046427,1.950531,0.162705,-0.219293,0.197221,6.334853,3.797475,2.539196,4.409214,6.903663,5.918183,3.886338,,4.431365,3.249865,2.045878,1.007256,3.508966,2.196112,2.607924,-1.893104,,1.098617,2.521566,5.552917,3.916729,5.243088,4.809864,5.843079,4.599597,5.742043,5.512218,5.814692,3.166746,3.579242,4.682038,5.586348,5.645625,5.814692,5.64049,6.944226,4.751216,5.709813,4.514879,4.816761,5.223389,2.757468,5.362511,5.351968,5.547264,4.383479,,4.167674,1.835632,1.507021,1.592058,3.905385,4.044615,3.144041,-0.12471,-4.617066
ACH-000144,-4.060855,,,,,,,,,,,,,,1.465137,2.261698,2.162038,2.812047,0.043856,0.637077,-1.236247,5.715557,5.672164,3.42051,1.995345,2.421247,2.864301,2.482966,2.017251,1.664035,3.335441,2.181179,3.682602,3.074771,2.486672,1.293915,1.751367,5.486748,1.345222,5.595117,3.059933,4.512865,3.810819,2.743804,0.470503,0.831412,2.699843,2.541621,3.326325,4.011165,3.397139,0.509161,0.253024,1.58108,4.595244,-4.140801,0.195321,0.366238,2.41601,-4.858133,-1.107494,5.516449,5.328679,2.028055,0.782884,4.378956,3.513892,5.978391,3.501423,0.707893,2.807614,1.521809,2.116711,3.013173,3.094925,5.653581,5.850791,1.38146,-2.770916,4.675255,4.371949,4.499823,2.005102,6.052843,4.665481,2.972411,4.100941,2.522148,4.74653,2.895878,4.517745,5.699724,3.977399,0.173518,0.862403,1.759469,-0.148615,1.044251,1.462881,3.03024,0.033439,-1.984125,-3.384385,3.143568,-2.154957,-4.871167,0.377902,4.16418,5.379584,3.235675,-0.062317,2.677105,-0.257243,5.011917,3.997577,5.142793,3.016716,6.088547,3.858648,3.561183,5.250247,4.374957,3.154193,3.530576,-1.389266,-4.511824,0.557034,3.1635,-1.77022,2.844985,0.802861,2.888563,4.302499,5.699082,5.083175,5.582318,4.983955,5.660041,5.682604,5.346541,4.462006,2.307186,4.64154,4.313049,5.666,4.954922,5.665326,5.668007,5.777633,5.7389,5.543312,5.078573,4.106734,4.999868,3.054462,3.575012,4.487925,5.590396,5.105384,3.353183,3.19054,0.073274,1.674555,0.408101,1.971611,0.928737,2.391743,,
ACH-000643,-3.482177,2.310636,,4.098727,4.179493,,3.515896,,,,,,,,-1.041197,1.008826,2.348793,2.282387,0.669096,0.872529,-1.062252,3.22244,4.148674,-0.426295,0.404252,0.803739,2.415125,-1.242939,0.148406,0.401188,1.070396,2.916211,1.986174,-0.076085,3.345788,-0.404907,0.041668,5.41929,-1.047032,3.882663,4.084551,5.263347,1.388501,2.837455,-0.097109,-1.077155,2.824796,3.384292,1.506537,2.664197,1.361654,-0.21464,-2.356068,-1.012885,2.318324,-2.767405,0.689351,0.619466,3.467994,-5.554811,-1.116361,5.765208,4.828704,1.912054,2.182178,4.809922,3.737467,3.181879,5.031611,2.776711,3.829111,3.933627,4.341895,3.157622,5.080993,4.913548,5.697954,2.163108,-1.001689,4.020208,4.034378,5.76884,3.649273,5.022413,3.705957,4.729917,5.18415,2.831118,4.953987,1.867025,4.998036,5.768238,4.640854,1.647304,0.217647,3.058685,0.375723,3.206942,2.251984,3.929187,1.809991,-2.433356,-1.84641,2.820665,-1.676375,-3.189637,0.070425,5.270857,4.99779,1.03959,0.976006,2.554659,0.931387,6.002282,4.241756,4.765121,5.404644,5.296615,3.910051,1.363204,5.23148,4.29687,5.492401,2.616672,-0.826987,-3.475253,1.773799,4.083391,-1.383579,2.61231,2.57412,2.962059,1.604349,2.972013,4.169087,5.462275,4.5135,4.762973,4.499961,5.434211,5.021244,3.385583,4.001565,5.024072,5.056013,5.189281,5.839068,5.925286,6.828786,5.356607,5.304861,4.35307,5.152175,4.69982,3.775733,5.366576,5.709882,6.095989,4.582443,3.975184,2.890566,1.394909,2.25805,1.711352,4.419775,3.008283,2.196194,,
ACH-000647,-4.862594,,,,,,,,,,,,,,-1.460213,5.070896,4.155758,1.272573,1.345187,0.947134,-0.159697,5.350469,6.024948,1.946886,0.37448,1.593299,3.081871,0.539476,1.728936,0.913738,2.336216,5.305197,3.409397,4.115024,2.7244,1.882413,2.701327,6.277637,4.298641,3.418765,4.961375,4.643028,2.158078,4.483449,1.599974,1.169273,4.968114,3.656694,2.41503,3.293334,1.584799,3.611881,1.258563,1.634985,3.984154,-1.029048,1.6966,0.171217,6.118078,-4.854369,-1.084982,4.24824,4.040127,2.912537,3.091347,5.484852,2.775329,6.62577,5.640029,4.213479,6.229579,5.158819,4.004261,5.215198,4.778892,6.289726,4.33723,2.209649,-1.666991,5.119649,6.058916,6.236139,4.865156,6.094208,6.134937,6.094398,5.341137,3.912122,5.326273,3.664757,5.663329,6.021035,6.200322,0.788247,0.687439,3.408683,1.34196,3.103738,1.747152,3.768426,-2.281334,-4.292273,-1.92348,1.419523,-1.8799,-4.863037,-0.268013,4.885932,6.017563,1.587599,-0.411744,1.769487,0.231531,6.324899,4.673985,5.53246,4.902627,7.336723,4.173747,0.837301,5.142436,5.384228,3.816479,4.576979,-1.148467,-3.678259,3.887591,3.541013,-1.379972,1.7735,0.280947,3.609021,3.438409,6.276914,5.54983,3.651383,5.565095,6.05078,5.627081,5.131977,4.720948,3.584981,5.269756,6.16016,6.240904,6.239206,6.284852,6.289726,7.01109,6.406927,6.001597,5.53489,5.873153,5.254533,3.284078,5.923168,5.71461,6.169754,5.585162,4.608444,3.659054,1.681561,2.998559,1.218135,4.856266,2.632398,2.159099,,
ACH-000189,-1.043503,,,,,,,,,,,,,,4.381036,3.806497,3.372004,2.819621,0.974478,0.109179,-0.296373,4.839977,6.881563,2.023962,0.938599,2.073236,5.329391,-0.122906,2.218799,1.207207,1.588137,6.210553,4.357525,3.112216,3.428282,2.605736,2.755606,6.642024,7.340849,5.260536,5.936423,6.703837,2.006609,5.195583,2.365751,1.295989,3.920629,2.832638,3.702439,4.594607,1.744104,0.026616,-0.567302,0.690996,5.871191,-0.079957,2.355771,0.98369,6.274691,-4.244401,-0.885939,7.081912,4.865677,4.134232,1.978318,3.931177,4.487281,3.317741,4.611248,3.257594,5.197142,3.928079,6.744328,4.149029,6.300467,4.853336,6.966216,5.09471,-1.109118,4.679455,6.669043,6.310116,5.683797,5.537285,5.935733,6.330314,6.78985,5.046965,6.596339,3.841755,5.482058,7.070515,5.822791,0.998988,2.550967,5.657885,1.825963,4.759477,3.301658,5.502772,1.032509,-2.026123,1.440958,3.595502,1.604687,-2.23227,1.553813,5.271558,7.191222,3.291633,2.476937,4.19717,1.094814,3.928065,7.070543,3.364179,4.880515,6.604938,7.226212,3.151503,4.206021,6.475781,5.885576,2.717372,1.510867,-0.541183,-0.757695,4.152368,-1.495547,5.030855,3.738996,4.944784,6.807237,6.998153,5.895178,4.730109,8.309199,6.679679,6.502895,6.353046,4.15799,5.041976,5.611475,5.536581,6.673051,6.754226,7.394031,6.626435,7.985407,6.637723,6.470741,6.55643,4.605416,6.218368,3.676384,5.959335,6.472398,4.07749,5.221859,4.487646,3.952839,3.372876,4.557747,2.701575,3.44146,3.428548,4.265097,,
ACH-000476,-0.191675,,,,,,,,,,,,,,3.545949,3.530608,2.718073,3.434565,0.972093,0.47686,-0.534209,3.823288,4.067633,3.262563,3.349801,4.486734,3.703107,1.537595,3.88036,2.036708,3.490301,4.615268,1.516775,3.397089,2.454908,3.857353,2.891073,5.217429,4.648422,2.841046,3.754444,3.333354,3.374824,5.832234,2.701092,1.977329,3.863486,3.260883,3.732201,4.246473,1.936083,-0.691557,-1.165575,1.820294,3.158863,-1.424611,2.473544,-1.75006,4.569245,-4.662488,-1.569816,5.71745,3.990157,2.016688,2.238911,3.309845,1.902411,6.747705,4.865172,3.225493,3.613726,1.95269,2.338872,2.613461,2.917642,4.743996,5.004463,3.16461,-1.42653,4.338938,3.212433,4.802163,2.48432,4.611116,3.248286,3.500383,3.008877,2.741449,5.273278,3.279099,5.557943,5.973917,4.891479,-0.674517,1.505462,5.05687,-0.170538,2.153248,1.486175,3.000053,-0.523782,-3.529819,0.10729,1.390234,-2.953114,-3.288131,-0.374679,4.2699,5.856198,3.941924,0.990515,4.553413,1.779216,5.499444,4.459432,3.79207,4.594426,7.175486,6.016813,0.888481,5.025338,4.498285,3.101923,4.24007,0.206217,-3.437755,-0.42254,2.909363,-3.16594,1.395943,2.36302,3.35508,4.130129,6.043503,5.04077,4.604695,4.088234,4.821195,4.701089,6.086709,4.904264,2.71237,4.564263,5.362041,5.947645,5.833654,6.074545,6.147727,7.193678,6.560231,5.970999,5.621769,4.726183,5.965429,3.888109,5.188544,4.463704,3.171304,4.107479,4.543743,3.92776,3.375016,3.871671,1.315399,2.872158,2.07983,-0.958833,,
ACH-000429,-1.684401,,,,,,,,,,,,,,1.61639,3.05452,3.759399,4.270133,1.763809,1.838735,1.256845,3.81134,4.365752,2.695022,2.440309,3.648773,4.515364,1.940964,3.311185,1.500584,2.252954,5.755398,3.15773,1.927137,2.895211,0.161414,0.069209,3.728168,5.350248,4.379938,4.171681,3.434991,1.47199,3.117004,2.390261,1.289633,2.576891,2.133242,3.756158,4.046401,2.055955,1.559181,-0.758803,1.367783,1.631048,-1.800874,1.584146,-0.916077,5.57832,-6.654266,-1.748448,5.065113,4.013973,3.298183,1.37102,3.693126,2.84299,3.006686,4.632869,1.194744,3.049475,2.571616,2.304689,2.960234,2.425848,4.578774,5.025287,0.241019,-3.127006,2.61552,4.279589,3.899706,3.895803,3.688928,4.354846,5.361293,5.416949,1.725251,4.675681,3.140181,5.090273,5.000023,4.859036,0.883167,1.226105,2.486633,0.280199,4.131764,1.097257,2.753445,1.937707,-2.643289,-1.018646,2.746056,0.912027,-3.247558,1.014763,2.092454,4.453796,1.615392,-0.231228,2.60576,1.627717,4.260622,4.509029,3.00643,4.454698,5.826574,4.475085,1.575116,3.726642,4.191992,5.166833,3.207014,1.953053,-2.827352,1.639101,2.945596,-1.567402,2.795471,2.121648,1.907445,3.605617,5.782194,5.8599,5.524972,4.60278,3.332014,5.693926,4.13285,3.706661,1.550749,4.057604,4.540918,5.377826,5.774416,5.653407,5.510588,6.390585,6.018254,5.170373,5.268457,3.932398,5.503935,3.432491,5.758115,5.500234,3.318598,3.800624,2.563726,4.042734,1.930249,3.955511,0.424717,1.132439,1.029012,1.464777,,
ACH-000555,-2.194623,,,,,,,,,,,,,,-0.18479,2.385742,3.18845,3.453328,2.000311,1.836413,0.894945,4.711795,5.073185,3.249708,4.643988,3.621293,5.841798,1.719659,5.428807,1.407718,2.414259,5.594331,3.503727,1.4642,1.702177,0.35942,1.084464,5.643371,6.161735,3.688638,3.726217,4.668836,-0.26426,5.132823,2.185542,0.470493,1.175256,0.233909,0.201604,1.213982,-0.241294,-1.396388,-1.543803,0.587831,5.074187,0.663619,2.806736,0.698865,3.366274,-6.237953,-1.235618,6.226223,5.643679,1.406727,3.121047,4.966394,2.778776,5.547147,5.595571,1.633093,5.205034,3.071089,2.313128,3.492025,4.369537,4.444279,6.003782,2.329131,-1.896375,2.698941,4.963994,5.405649,3.531281,5.036021,4.784622,5.862287,6.193011,2.622327,4.445716,2.204296,5.087046,6.09526,5.149491,0.792258,1.304912,2.48058,1.477529,2.797699,2.446361,3.453179,0.850421,-0.052103,-1.298951,4.47188,-0.754031,-2.832137,-0.923277,2.046804,3.828846,2.090346,0.68741,3.992931,1.023411,3.954903,3.406696,4.054953,4.279677,5.066965,4.370987,1.176563,4.242362,5.118856,5.795005,4.253233,0.153773,-3.408124,1.795582,4.941143,-1.259277,3.119352,1.629735,3.359392,4.182184,5.503324,5.485979,5.498879,5.775268,5.190255,3.979946,5.353,5.802423,2.385938,4.497242,5.205063,6.164766,6.504674,6.590116,6.085113,6.953413,6.416389,5.794218,5.255009,5.760585,5.811847,3.966657,4.939476,5.970088,4.238038,5.408789,4.323698,2.315316,1.858778,4.049252,0.931767,2.758228,1.849364,3.371619,,
ACH-000914,-5.772632,1.726347,5.305931,3.377541,2.276783,3.236267,2.729624,-3.555281,1.738045,4.975983,4.410947,5.073432,2.795654,5.223747,0.066793,2.642311,-0.853437,4.551275,0.809843,4.360843,2.350188,4.785024,5.784485,3.337687,,4.181948,1.288902,-2.119553,4.854277,0.313828,2.402464,,4.374626,2.779271,3.448236,2.952313,2.868065,3.940556,1.66308,5.612191,4.869526,3.792766,-2.960556,2.528661,0.094,0.521731,0.538577,-0.023061,0.408383,2.310901,-1.398166,,-2.141316,-0.294306,-0.615347,-3.338605,3.65999,,,-5.396148,-2.760527,-0.634907,5.396916,3.41955,2.436389,5.674542,4.024608,3.00484,3.4313,-0.436371,1.65807,0.348511,0.790246,2.49918,0.415095,2.931584,2.139249,1.35152,-3.997829,2.506006,5.236823,5.541469,5.452739,5.24101,4.989825,4.890409,,3.207525,5.596469,2.706691,5.398667,5.683645,4.062705,-1.348141,0.682493,3.274821,-1.392364,4.06397,2.099228,3.266904,-3.462158,,-6.109752,1.323302,-5.518687,-5.708909,-0.134143,2.300452,1.93787,0.685819,-1.114195,-1.701801,-0.981947,5.589117,3.282033,2.168325,4.346073,3.694819,3.599254,0.412013,5.15107,4.477324,,,-1.811942,-2.050811,-3.079234,2.127535,-1.786276,0.097847,0.720299,2.110032,4.893048,3.350704,3.135087,4.04169,4.191838,2.134608,,5.118642,4.941616,2.012758,5.098239,5.078716,5.409333,5.68532,5.791386,,6.889998,3.689101,-0.836752,3.214082,5.790267,5.791386,3.243806,5.737065,3.654591,2.585034,2.489577,5.749461,5.791386,1.78961,4.105013,1.792835,5.480014,3.629944,3.067264,,-6.602948
ACH-000885,-5.95957,,,,,,,,,,,,,,-1.782778,2.814122,2.318789,3.49361,1.821727,1.512661,0.424173,2.563821,,2.707476,1.704132,4.091424,4.50343,1.839792,2.541005,1.097343,4.740184,3.6742,3.221936,4.768785,4.366761,3.182042,2.651703,2.327392,-2.532766,6.024755,5.235573,5.029408,3.134498,5.035126,2.419184,1.76229,-0.57377,3.985583,0.188998,1.624995,-1.56885,-0.459656,-1.956166,0.434708,4.652567,-2.113615,2.2392,-0.165849,3.055269,-5.847356,-2.432797,6.133199,5.074773,2.642287,1.811122,4.423942,3.967917,1.841456,4.215763,2.294252,3.710945,1.532032,1.918805,2.888594,1.855239,3.396147,3.918653,1.798983,-3.62712,3.459509,4.308281,4.928853,2.899051,5.989504,5.326332,4.621078,5.012404,3.465416,5.758643,3.173025,5.703407,5.733119,3.19945,0.125296,-0.122436,3.004354,0.764808,3.720782,0.147202,4.020065,-1.338605,-2.931779,-2.242871,3.376823,-2.877472,-4.109052,0.818166,2.684554,3.456153,1.085046,-0.244262,1.479714,-0.139587,2.67693,4.439897,3.758125,4.109501,3.496207,1.560553,-1.585445,3.137684,4.767592,2.364378,0.937466,-1.259099,-2.512846,0.18367,3.134951,-1.549413,2.364178,2.419786,3.365229,3.038822,5.5703,4.422174,3.993675,5.649066,5.674752,5.161333,5.575509,5.580926,4.636091,3.580173,5.256628,4.798523,5.654135,6.154849,6.029147,6.667938,4.578229,5.759707,4.902451,5.209179,4.616771,3.604853,5.074827,5.445069,5.8369,3.851895,2.622788,4.897175,3.314683,6.312212,2.628755,2.941605,4.245287,2.605286,,
ACH-000823,-3.797757,,,,,,,,,,,,,,0.962019,3.623666,1.610142,3.591338,2.007295,2.209792,0.140068,3.153277,4.84141,1.090563,0.577347,0.676593,0.8352,0.283417,0.221571,-0.532155,1.539427,0.810927,4.54386,3.688045,2.919553,3.899591,4.746946,3.216373,-2.954788,4.942308,4.219273,4.751954,3.668111,2.935522,2.086414,1.816972,-0.508677,2.418791,0.163726,0.572512,0.19474,-0.604481,-2.863605,-0.474702,4.402902,0.591258,1.505362,-0.466129,3.200494,-4.902532,-1.333384,4.3116,3.211102,2.569159,1.714493,3.970867,2.369303,6.646331,3.889886,2.287895,1.347996,0.192077,2.523595,2.758315,1.177702,2.727142,3.681104,2.480799,-3.241795,2.55614,2.575934,5.270629,2.89085,3.874713,2.409735,3.247654,4.489136,2.823006,4.458817,2.399039,4.986441,3.938301,2.295586,-0.175771,0.146663,2.941237,1.483512,2.031241,1.853475,2.986449,0.729195,-2.779855,-3.994475,2.8954,-0.446007,-4.514368,-1.319697,0.550746,1.189273,-0.604249,-1.955357,1.018784,-0.740164,5.834592,2.689946,4.226976,3.684553,3.516827,2.815572,-0.295542,3.861643,5.100292,0.879626,0.270341,-1.452606,2.859733,-0.416509,4.737277,-0.402974,2.270163,1.883172,2.084697,3.781481,5.345328,4.876374,5.25134,4.793105,3.893246,4.402775,5.259411,5.90107,2.825896,4.352943,4.9309,4.924044,5.324334,5.550896,5.565365,6.96039,5.186924,5.87733,5.640868,4.174614,5.511848,3.067906,5.215252,4.668346,5.283573,3.289274,1.834141,3.999298,2.151559,3.009431,1.604027,3.692025,2.242659,0.905239,,
ACH-000585,-3.103056,,,,,,,,,,,,,,-2.536398,1.979321,1.19072,2.05554,1.371197,-0.221779,-1.535436,4.303932,5.014566,3.555489,2.139644,1.429521,3.161467,0.748524,1.75107,0.228772,1.920141,2.317556,3.78057,3.207718,4.110172,2.657195,2.870442,2.77104,-3.547335,5.728148,3.311112,4.678441,1.605395,1.733537,-0.781378,-0.41411,0.281255,0.635132,1.086636,1.875999,0.299019,-1.216078,-2.75308,-0.668314,4.359683,-1.781394,2.124473,-0.075738,3.075498,-4.390494,-0.882993,4.986524,5.158426,2.470746,1.107085,5.351192,2.611435,4.089385,2.617647,0.651304,1.889966,0.815433,2.535716,2.496885,-0.115683,4.290592,3.050367,1.110772,-4.050498,1.843898,4.124837,4.669951,3.89586,4.888452,4.33432,4.117266,4.404062,2.509407,5.679158,2.173243,4.67864,5.056178,2.46215,-0.443431,1.052011,2.327497,0.674231,1.862914,1.071352,3.03366,-0.561689,-1.354937,-4.268153,2.550277,-2.173059,-5.207078,-1.704146,0.718325,3.113496,0.072973,-1.978775,1.148856,-1.215183,5.719342,2.92176,5.005528,4.392669,4.592866,3.533265,-1.563647,5.615463,4.589708,2.214778,1.823348,-1.050085,2.35548,-0.716637,3.743085,-0.476391,1.845641,2.049546,2.723731,2.85983,5.784477,5.821429,4.62049,5.282082,5.687046,5.782364,5.793918,4.030898,1.638979,5.130547,5.823694,5.823694,4.957018,4.190232,5.186901,6.900474,5.696534,5.980271,5.600115,5.643735,4.389344,3.452954,4.406992,5.603361,5.564142,4.011563,2.973365,4.977115,1.985441,3.789406,2.269113,3.075213,3.679365,-1.567773,,
ACH-000936,-4.973981,4.527739,3.963094,4.48226,5.024262,4.830957,4.242224,0.220409,2.737732,5.875221,5.643697,6.280453,2.811497,6.392199,0.736979,2.986378,2.846887,3.878648,2.904414,2.139039,0.713433,4.484119,3.978785,0.89236,1.699718,2.811677,2.543257,0.603666,1.735867,0.881194,2.317931,,3.156963,5.26096,2.83132,3.021077,5.156475,5.705253,2.764198,5.899042,4.112638,6.006247,4.318152,5.418881,3.611703,2.378103,0.227461,3.535779,-0.186214,1.180177,0.694947,,-1.654943,2.059402,3.340068,-2.264874,1.46527,2.833518,,-2.590805,-0.054892,5.100267,6.378977,4.089614,2.882736,6.386016,4.721256,3.124148,4.757264,4.7174,4.009091,4.178473,3.786694,2.960225,2.093607,3.360681,4.670896,2.513604,-1.299097,2.895309,5.879181,6.439977,4.072155,6.266543,6.441502,5.137636,5.720988,4.530142,6.504853,3.959699,6.696859,6.684335,3.836426,0.771778,2.016302,4.35573,2.12377,3.751727,4.181873,5.36109,-1.063059,,-3.431975,2.292369,-0.923341,-2.608466,2.914528,5.356845,4.499313,2.037906,0.808739,1.313549,2.024049,5.738349,4.236968,4.729851,4.298674,3.168439,5.168958,3.212549,6.319592,5.766437,,,1.409582,-1.279602,2.551564,5.105148,0.58683,2.887392,1.099308,3.356152,5.973796,5.850986,5.666622,5.18985,4.563631,4.486838,4.444588,5.237401,6.392199,2.439938,5.160812,5.468093,6.386978,6.392199,6.390306,,6.496933,4.770039,6.579185,6.580333,5.718515,5.690736,4.089614,6.230942,5.533039,6.392199,5.598216,5.878697,6.189374,5.930513,6.328476,2.53197,4.785625,5.797314,3.99894,,-4.67731
ACH-000678,-3.966693,4.960593,6.151339,4.404956,5.453638,4.080752,4.646764,-1.753321,3.237408,5.409626,5.644448,5.989217,3.595142,5.424043,3.019229,3.148432,3.184828,3.648538,2.580401,2.341149,1.09312,3.901209,6.178399,2.533089,3.66543,3.013111,3.644409,0.973164,3.618256,1.959625,2.072383,4.841403,3.847293,1.612908,4.340033,1.884142,2.874504,3.923168,2.45794,6.226602,3.62634,5.444842,3.185876,3.872132,3.213299,2.514156,4.794169,3.313091,2.355357,4.530345,1.469301,,-0.045549,0.738782,3.838756,1.022014,4.406924,,,-4.908181,-1.603083,5.1164,5.04857,4.661059,2.942454,6.564102,4.664091,3.010864,5.548901,3.341637,5.931793,5.367712,4.22808,4.685574,2.875993,4.144357,6.131305,1.900013,-1.564343,3.375999,5.553201,5.906619,6.275068,7.877551,5.94049,5.267616,4.272197,4.159231,5.789159,3.875505,6.553326,6.557801,4.536035,0.740338,2.333515,4.619828,1.488236,3.627863,3.141211,5.229838,0.873806,1.154408,-1.805911,3.586581,-2.457218,-3.066726,2.509132,1.652693,1.836988,1.810091,0.208466,2.248407,1.003822,6.739841,5.022822,5.628781,4.365552,6.713067,6.221161,3.337875,5.492372,5.500464,5.621011,4.513074,0.530574,-0.102162,4.063283,6.074555,1.057848,0.668823,2.098539,4.351491,5.489261,6.359508,2.752651,5.83444,4.298951,3.143301,4.554001,6.39552,6.583617,4.121581,5.875796,6.203753,6.257686,6.418183,6.561005,,7.376427,5.439381,6.814167,5.712101,4.85436,6.26778,3.349511,5.676519,4.049928,5.138547,5.474272,6.567369,5.174174,4.355896,5.045882,2.99996,5.680297,6.551982,3.624348,,-3.468328
ACH-000930,-4.041814,3.555187,4.314869,3.661308,1.88244,1.932364,2.330532,-1.157783,2.249466,4.810485,5.201661,4.128096,2.810525,4.108427,-0.943752,1.185557,2.021245,4.011562,1.608602,2.006109,0.497416,3.273176,5.233328,2.346368,3.737608,2.937018,1.425099,0.094346,2.7995,1.514947,1.993195,,2.401465,-1.324587,2.429361,-0.854188,-1.691501,4.037511,1.374969,5.050984,2.591955,3.64785,2.333798,2.02115,0.419508,0.506786,-0.303445,1.241151,-0.384524,0.710519,1.319097,-0.710124,-1.527158,0.41021,2.369907,1.051128,2.223719,0.84775,,-5.808693,-2.042506,4.8528,4.968651,3.932729,2.212828,6.381352,4.181213,2.800514,4.005727,1.876744,2.016738,1.722736,3.668778,1.663172,0.352312,2.843596,5.083352,1.411848,-2.179513,2.555313,3.489825,5.605005,3.84394,5.520689,4.019513,3.43463,4.429715,3.560412,6.075094,3.124888,5.329946,6.18587,4.273216,0.586936,0.822245,1.840215,0.752286,1.301742,2.345224,1.980809,1.26411,,-2.21181,1.958287,-2.488323,-3.957345,-0.62076,1.075376,2.025379,-0.200821,-1.933952,1.053498,0.347306,4.529208,2.05487,3.847,3.467485,4.685772,4.713028,-0.859078,3.966323,5.806878,5.119945,,-0.368444,-0.949648,2.709458,3.298802,-0.347105,2.230463,1.110294,2.523297,3.779978,3.584876,2.834969,4.684488,3.640209,3.5567,4.518443,4.731101,5.124212,1.873854,4.747839,4.478848,5.132903,6.003963,5.164243,,7.380573,5.376381,5.729129,5.178922,5.6048,5.774728,3.874715,5.891357,4.581138,5.893402,3.418308,3.557181,4.073794,1.93835,4.672608,1.957834,3.238717,2.866826,2.083376,,-4.423215
ACH-000298,-0.450851,4.565969,5.43799,3.109248,2.73541,3.802669,3.023929,-0.028679,2.264524,4.745026,4.42968,5.159568,2.489096,5.487294,2.753973,3.349494,4.389675,4.3662,4.264402,3.237528,1.921964,5.626608,5.933803,2.692712,4.920702,2.201318,4.564697,1.661092,4.415744,2.309736,3.915857,,5.133044,5.381118,2.232328,1.42622,2.234023,4.336678,2.214816,3.320672,2.923467,3.816643,5.410014,3.439294,3.505316,2.750029,3.630726,2.957191,3.178024,4.058933,1.986481,,-0.084663,2.553867,1.925524,3.728826,3.728559,1.9647,,-4.078801,-0.620889,4.288579,5.059112,1.721801,2.061674,5.486593,3.877856,4.877523,5.34602,5.152823,3.671558,3.688588,3.880001,3.198684,4.517141,4.085445,4.450077,2.546817,-2.087891,4.18498,4.984887,5.623629,4.679785,5.162608,5.075937,4.989545,4.16627,3.194434,5.593325,3.207497,5.381219,5.568996,3.835771,1.934011,2.039953,2.919909,1.956954,4.496069,4.326332,2.953102,-0.095545,,-2.304432,2.214956,-2.206038,-3.333602,1.273558,4.258678,4.763692,4.628273,2.599532,2.047981,1.650101,5.764356,2.994275,5.046794,4.061099,5.355393,4.379997,4.730557,5.488615,5.50938,4.620827,,-0.12283,-0.715107,0.782651,3.296046,-1.770796,1.255445,1.613073,1.918849,4.072812,3.978877,4.321722,4.881236,3.957588,3.47634,4.196253,4.76023,5.481496,3.469,4.693872,4.218854,5.480182,4.83294,5.487294,,6.145508,5.487294,5.308559,4.866642,5.212749,5.375885,3.20808,4.922426,4.528963,5.828774,5.089563,4.675603,5.257651,4.056578,3.708212,3.760105,4.459383,4.546329,2.202926,,3.117938
ACH-000528,-6.477498,4.921039,5.036834,2.538435,1.836831,1.833977,2.612694,-5.141648,2.181472,5.03188,5.23123,5.205746,3.074726,6.093436,3.579983,3.255454,4.236338,4.481394,4.650898,3.804987,2.895943,4.970521,4.428677,3.007056,5.70605,3.267857,3.827049,2.847752,4.959679,3.176967,4.445661,,3.200088,2.259205,2.447931,1.982718,3.38826,5.622257,3.500719,2.115169,2.670237,3.651097,3.937149,3.901072,3.289957,3.676052,4.020821,4.850663,3.184101,4.774915,2.725926,,0.716089,2.737733,3.145122,4.493855,4.473436,2.732934,,-5.822774,-2.730039,4.351103,4.627887,3.739715,2.805271,6.086326,4.248243,6.934392,6.057885,5.142641,5.416164,4.896197,4.445282,4.269146,5.3133,4.970723,4.762149,5.006883,-2.128631,4.045008,4.691007,5.771247,4.230599,4.997652,4.929737,3.641593,3.60034,4.086583,6.355862,3.71967,6.432045,6.3901,,-0.440355,0.580792,4.862082,0.550447,0.857936,1.932549,2.492449,-0.028258,,-3.400796,1.434139,-3.474282,-3.25927,2.077139,3.495888,4.199559,2.873059,0.852936,2.738038,2.414061,5.47903,3.637087,5.11264,4.369777,6.357539,5.798619,-1.2594,6.197231,4.865915,,,-1.650037,-4.41925,-1.622102,1.963823,-2.387423,3.171906,1.636342,3.590514,2.254307,4.567697,3.93938,3.756313,4.778138,5.430807,5.513306,4.568492,6.096236,3.683566,5.235124,3.890922,6.04049,6.049326,6.079129,,7.110635,5.925116,6.232838,5.645362,5.503654,5.903234,3.783582,6.096851,5.083979,5.810709,4.816718,6.488561,5.806061,3.182203,3.753292,2.461096,5.904546,5.07148,2.802841,,3.134162
ACH-000924,-3.723014,4.585397,3.62226,3.931716,4.857965,3.180648,2.569012,0.939981,5.356327,5.251901,5.76212,5.752409,2.737914,5.726668,1.257183,2.296109,4.584725,5.654075,3.425544,3.68425,1.031886,4.876613,5.720196,2.790907,4.08755,3.639299,4.103121,1.354482,5.291515,4.360468,5.516213,,3.118255,3.926019,2.608937,3.25126,3.640007,4.567016,4.039349,2.726896,3.367476,4.994737,4.971899,4.181319,4.993882,2.993758,5.408566,3.818119,2.799468,4.930217,1.758709,,-0.630535,2.593528,5.502563,3.900506,4.073645,,,-0.905741,0.353992,5.158368,3.502476,3.184879,2.749625,5.532933,4.101368,6.067089,5.206297,3.576004,5.489915,4.380741,3.884034,4.755784,5.012001,5.677832,5.295167,2.748858,-1.159497,3.323341,3.519664,4.20072,4.46133,6.098777,4.429559,4.883264,4.517694,3.254124,5.618595,2.689734,5.445996,5.76491,5.403155,1.347971,3.327036,3.839431,2.564849,3.057493,3.579619,4.124071,-0.605282,,-1.195961,3.637627,-0.655969,-2.54449,3.755819,2.736281,5.502404,3.066773,1.314243,1.698028,0.801991,4.500415,4.46277,4.773459,3.806317,5.687018,5.266801,5.22728,5.095164,4.843063,,,1.95655,2.611981,3.365235,3.442071,1.01389,1.631973,2.708727,2.632574,4.889123,5.752565,4.747835,5.512825,4.735557,5.153237,3.998984,5.493597,5.76491,4.402361,4.050456,5.282803,5.612096,5.745019,5.655602,,6.332767,3.619607,5.442014,5.450548,4.667355,5.542464,3.384468,5.753837,4.222475,4.439033,5.036311,5.460991,4.059553,2.988434,3.65377,3.672836,4.137598,5.469225,3.436701,,-2.425633
ACH-000867,-3.33931,4.105034,5.24029,3.158915,3.266801,2.836574,3.301552,-0.716981,3.032768,3.88081,4.03275,3.916665,2.537401,5.533133,1.474112,3.307818,3.17765,5.463764,3.964557,4.359828,2.664354,3.092865,3.860773,1.52675,4.556587,3.781468,3.500775,2.038667,4.221997,2.948399,3.846474,,3.766367,3.803458,3.774309,3.563814,2.71222,4.331604,2.114447,3.604362,2.82852,5.110368,2.576062,3.6956,3.756692,1.809491,3.817305,4.203314,2.213763,3.717394,1.900586,,0.482026,1.713021,2.636923,3.190523,3.916068,,,-3.296726,-0.552766,4.070643,3.652587,3.230548,2.352893,5.5248,3.464708,5.213208,4.952317,2.2206,3.899441,2.404388,4.137014,4.311551,3.967877,4.063203,4.61479,3.669145,-3.186909,3.102781,4.672158,5.169647,4.867774,5.60516,4.399959,3.731662,3.579956,2.943606,5.529618,3.049636,4.956107,5.533133,5.122561,0.043204,1.450788,3.08656,1.537246,3.385385,3.562061,3.378187,1.86544,,-3.999079,1.760009,-3.908471,-4.440499,0.792011,4.609352,4.208908,2.911168,0.727099,1.541252,0.553005,4.704478,3.714843,4.839199,4.101754,4.569442,4.397251,1.914842,4.749528,5.559225,,,-0.478148,0.698284,3.698076,5.04437,0.533855,3.167627,2.311199,2.654397,5.533133,3.583787,3.560769,3.809299,3.723991,3.263429,4.418213,3.750846,5.530563,3.171191,4.705175,4.476178,5.495459,5.443445,5.532584,,6.252677,4.256942,4.083725,4.021079,4.271556,5.14786,3.229421,4.708848,5.061228,4.970655,3.618418,5.251567,5.533133,3.817541,3.565386,3.342266,4.724197,4.591859,2.226419,,-4.646989
ACH-000204,-4.833231,4.601561,3.47572,2.295054,2.702154,3.903197,1.895561,-1.027408,1.524075,4.629986,4.226785,4.944978,1.869073,3.554925,2.576466,2.974498,4.677336,5.037207,5.041125,4.553248,3.305768,4.674296,3.735576,1.863172,4.959491,3.238208,5.339493,3.033342,4.661234,3.812394,3.20261,,3.578122,4.992,3.026212,3.102504,2.086548,5.469502,2.441421,1.426748,2.409123,1.896695,4.052488,4.010382,3.798105,2.361893,4.098862,3.203158,2.898021,4.842776,2.992135,,-0.84735,0.684349,5.214647,2.822873,3.874153,-0.019812,,-5.40527,-1.947026,5.310389,3.487687,2.008548,2.493736,5.499753,3.589314,2.990414,2.533298,0.613973,1.707888,0.684902,5.785242,4.500725,5.164047,4.731821,3.594565,1.702414,-3.996297,1.931298,5.678707,4.878505,3.513421,4.331775,3.300424,2.905201,3.028855,3.301356,5.81137,3.511033,5.162845,5.839128,4.632591,-0.113316,1.584765,3.742493,2.13912,4.396985,3.923185,3.4486,-2.159441,,-4.158936,1.380182,-3.870924,-4.20602,1.63232,3.50058,3.543759,3.087066,1.402458,1.825707,0.48293,5.337575,2.968881,4.703795,4.05557,6.182429,5.639095,0.272544,5.365735,3.733268,,,1.090402,-0.571747,3.947352,5.078401,0.638605,0.962075,0.665245,1.355507,4.51727,4.270973,4.401079,3.666582,2.817441,2.889812,4.508248,4.287707,5.489281,2.586014,4.805799,3.994305,5.250753,5.488856,5.499753,,5.710961,5.282337,6.102523,5.037913,5.478478,4.75896,3.181249,5.197835,4.584773,4.232539,4.323085,5.850182,4.631508,3.161318,3.06155,5.036453,4.399045,4.357945,2.973201,,-4.599238
ACH-000201,-4.769922,,,,,,,,,,,,,,-0.181081,3.437142,3.08163,4.470302,2.330298,2.101864,0.672688,5.257071,3.275515,4.142706,3.011054,4.275526,5.80284,1.395951,4.301403,1.794422,4.831972,4.319908,3.411442,5.570623,2.094373,2.979299,2.553875,6.253275,-5.474001,3.326216,3.897324,3.888268,2.388461,4.61236,1.454026,1.29987,4.473891,3.104772,1.796729,4.05182,-0.06341,-0.61288,-0.824751,0.841717,1.71054,0.31353,2.745947,1.701434,2.422017,-4.854419,-1.399375,4.818329,5.204377,1.490932,2.647296,5.942607,3.040421,3.491355,3.63375,2.203594,4.530755,5.984221,5.484125,6.024831,4.774149,4.831482,5.111206,2.432462,-0.573813,3.171564,4.995921,4.440312,1.680965,5.068523,3.472037,4.770286,4.711155,2.960983,5.608626,3.550098,6.054572,6.188995,3.770245,-0.678197,-0.007958,3.882619,-0.703307,3.757372,2.782561,-0.793968,0.088189,-2.368631,-0.860061,3.744112,-1.927268,-3.139089,-0.261338,2.92382,4.324802,2.69594,-0.260915,3.65214,1.947212,2.904021,3.667495,3.082409,2.610377,4.597541,3.02446,0.917898,4.899333,4.634284,4.019296,0.886135,-2.297701,-4.198123,-1.860044,2.704073,-2.310678,4.378653,2.463345,1.386713,4.363239,4.913819,6.04235,4.858214,5.139865,4.329765,4.363301,4.389691,5.046129,3.484262,3.953368,6.159061,6.246461,6.248534,2.916953,5.833886,7.280617,6.441039,6.713309,6.161415,5.920872,5.95555,3.507907,5.990319,5.957235,4.343057,4.338361,5.500866,3.926875,2.882937,4.30603,-0.598813,1.521848,0.339747,-1.791521,,
ACH-000950,-0.870116,,2.716434,,,,,,,,,,,,-1.036928,-1.587974,0.304481,1.29934,0.057765,-1.150772,-3.376141,3.01962,2.170138,1.434255,1.009026,1.615268,2.746166,-0.532511,1.13251,1.130759,3.691211,5.846318,5.211687,5.571249,4.125366,2.884294,1.869958,5.014506,3.672579,4.756896,3.037472,5.525726,0.157166,3.288958,0.838154,-1.251173,1.773143,0.123749,0.95969,2.072573,-2.04179,-2.431674,-3.076397,-0.29948,4.12067,-0.167214,2.411804,-0.093022,-0.193874,-4.230636,-1.426642,5.58975,5.732666,3.661639,2.352542,4.467271,4.515694,7.118331,4.521579,-0.729338,2.793728,1.512803,4.376746,4.268918,3.028059,3.957197,3.754701,3.052669,-2.163595,3.606078,4.642013,5.660687,3.281187,5.394429,3.224285,4.060517,5.119875,3.520057,6.042471,3.571338,4.454847,5.564379,5.864834,-1.574688,0.567012,0.968265,0.789958,5.353078,3.477326,2.235967,-2.779019,-4.555729,-1.818595,1.587172,-5.04281,-5.485595,-2.641451,3.192366,1.540575,0.826559,-1.441116,0.851036,-0.661932,0.977489,4.883551,1.357211,1.770907,2.588872,1.925136,1.102059,4.820354,4.705243,3.413549,-0.405926,-0.971761,-2.869852,-2.815063,3.711559,-3.043301,1.819756,0.418003,2.90847,5.936324,3.653723,1.820788,3.85603,4.997144,6.07568,5.63935,5.275232,3.492774,1.025929,3.436939,4.564829,6.122497,5.798528,5.98825,6.134575,7.725885,5.878691,5.856895,5.228119,4.455404,4.844455,2.644202,4.892074,4.786252,4.147007,6.111223,2.857959,2.991549,2.858016,4.867354,1.317287,2.468862,2.296176,1.80708,3.103995,-5.347543
ACH-000966,-4.041209,,,,,,,,,,,,,,-0.735416,0.517036,-0.294582,1.191809,-0.848543,-1.712797,-3.183439,3.33272,3.166005,0.498375,0.041382,0.727878,0.257086,-0.578489,-0.120085,-1.125347,0.346577,3.568216,2.284061,4.355436,3.238522,3.614612,3.948434,5.435424,1.981271,4.815442,4.8871,4.628002,0.031504,-0.682052,-3.112943,-1.72142,-1.098709,-0.082501,-1.567121,-0.706267,-1.021317,-1.765074,-3.093037,-1.889446,4.545614,-3.347563,0.167114,0.525452,1.118063,-4.764074,-1.3277,6.048118,3.517534,2.126444,3.007196,6.011038,3.449055,3.641854,4.783141,1.701206,2.314596,1.317323,2.283386,2.350408,1.158164,3.629482,4.466219,1.068251,-2.889104,2.09917,4.56795,3.569489,2.041324,4.640259,3.929712,3.677367,3.824672,2.465544,4.883583,2.049224,4.76672,4.065346,3.278566,-1.42857,-0.381748,3.043223,-0.540511,3.539302,1.3062,4.376842,-2.39108,-3.835801,-3.55262,1.023889,-3.641144,-4.567291,-0.554519,2.893667,2.186089,0.944873,-1.120627,1.714791,-0.981511,2.726699,3.104199,1.939171,4.443368,3.372773,2.290157,0.093199,3.332835,3.856988,1.961567,0.166615,-1.984694,-1.777157,-1.013286,2.545621,-2.169312,1.508206,1.757659,2.798025,3.987885,3.697457,3.032812,4.868337,4.920269,5.423521,5.138261,5.893449,4.618722,1.490685,2.599097,5.317159,3.70413,5.115063,5.943589,5.587158,7.080629,5.35061,5.295283,4.730101,4.801341,5.949854,4.10106,4.766253,5.79229,4.342107,4.525286,2.42259,3.858341,2.377357,5.081011,0.006325,2.504578,2.359208,-0.373678,,
ACH-000663,-2.18367,,,,,,,,,,,,,,1.434313,4.451007,4.777765,5.176596,3.277204,2.785195,1.508261,3.087346,2.954224,2.108751,2.152158,3.443957,3.589098,1.985012,1.549338,0.966821,2.597058,5.52734,5.048129,4.309477,4.892242,4.172672,4.371876,6.073877,4.102803,3.196871,5.083917,6.307187,1.731644,3.675578,1.278507,-0.086339,3.079791,2.213725,3.259234,3.463085,2.29749,-1.286336,-1.169624,0.34177,4.653141,-2.855317,1.214747,0.800072,3.476107,-4.196734,-1.275188,6.176975,3.921745,3.864611,1.584129,5.568254,2.971773,3.59899,3.112879,3.775414,3.242671,3.053867,3.498266,2.176043,1.257564,3.223573,6.133552,1.420696,-2.207382,5.110494,5.880724,5.157848,3.433064,5.517768,5.518367,4.737233,5.123648,3.878549,6.063369,3.094541,5.495153,6.005842,5.468215,-0.529563,0.824111,3.385656,1.111737,2.93532,2.410578,4.053891,-0.502174,-1.915696,-0.139272,3.538309,-0.007639,-3.246232,1.351719,3.027932,5.068334,3.251432,0.721713,2.720556,0.711699,3.374481,3.84095,2.702511,3.137417,4.586461,3.635923,2.90954,5.05553,5.795078,2.588324,2.581883,-0.381983,-0.844369,2.103089,4.904399,0.313861,1.82797,2.946438,3.421679,5.582252,6.301279,6.015984,6.34498,5.518717,5.659131,5.380113,5.561525,5.997848,2.517933,3.969455,5.508824,5.851665,6.197339,6.35347,6.353658,6.85954,6.635074,6.497117,6.697817,4.206584,5.679259,4.256124,5.970664,5.951692,4.843168,4.333327,3.677096,4.886743,2.819579,3.315355,2.259259,3.170356,4.748225,-1.685543,,
ACH-000997,-3.06497,,4.029988,,,,,,,,,,,,-0.696785,2.245572,2.69271,3.959101,2.420116,1.126048,0.352208,3.360969,3.550519,2.777724,2.148255,3.548531,4.355991,1.532206,3.5202,0.811624,2.065466,2.287199,3.307243,3.841632,2.371132,3.198026,2.113716,4.183584,4.218895,4.849482,5.236148,4.565748,3.457617,2.006425,0.7921,0.226789,0.977582,2.234336,1.810862,2.875341,0.252692,-1.13412,-3.204319,-0.877188,2.783063,0.744117,1.409121,-0.439831,2.71612,-4.975359,-1.628581,4.234086,4.684039,2.44833,1.848337,4.67609,3.25844,2.567112,3.68735,0.054119,2.109933,0.160507,1.928342,1.752568,0.504231,2.247602,2.451827,0.368547,-3.338168,2.087097,3.744196,5.172136,2.136051,4.644622,3.116334,2.938518,4.157917,3.525103,5.079733,2.782426,4.683528,5.500068,4.825137,-1.920396,-0.40455,1.908836,0.858681,2.431937,0.565316,2.805244,-0.528329,-4.13824,0.005405,0.668457,-3.264306,-4.194001,-1.11848,3.621051,2.690166,1.431614,0.213225,1.075017,-0.296296,4.998554,4.025909,2.537548,3.753649,2.769194,2.480543,0.381096,3.160331,4.823369,3.285207,0.83869,-0.885975,-3.742682,-2.27438,2.663017,-2.749054,2.35643,1.876421,2.398746,3.73364,5.495048,4.303087,4.624144,4.755619,4.61504,4.811115,4.654536,5.529545,1.329573,4.9869,5.288087,6.084903,4.663096,5.433019,5.728738,6.991122,5.583675,6.334497,5.027084,4.53313,5.781656,2.728971,4.963052,4.68257,5.318227,4.505834,1.489953,2.905926,2.105754,3.443067,1.819467,2.357232,2.349519,-3.733821,-0.498357,-5.881746
ACH-000046,-4.101284,,,,,,,,,,,,,,-0.214319,2.623362,2.72762,3.147769,2.01324,0.994646,-0.129123,2.446665,2.946234,0.787864,0.122962,0.738433,2.477575,0.182227,1.666861,-0.087809,2.020273,4.86308,4.520483,5.184013,2.748662,3.731654,3.749973,6.148308,5.961097,4.212001,3.865703,4.498434,2.015001,5.095484,1.812633,0.64737,3.712841,2.752459,2.818872,3.637423,1.443365,-0.665403,-2.579651,-0.364054,4.272091,-1.743811,1.138802,0.554357,-1.368801,-5.123045,-1.360388,5.402934,4.793599,3.770336,2.886905,5.998274,4.179255,3.723946,4.767081,3.3159,3.868983,2.06173,2.506185,2.585657,1.770356,4.867188,4.642945,2.177005,-2.715142,2.736679,4.553465,5.44509,2.632073,4.903928,4.353513,3.864303,4.922186,3.710378,5.989337,3.716968,5.787535,6.035143,5.040655,-0.525364,-0.018769,2.579405,0.389592,3.347086,1.758649,2.817977,0.637328,-3.021559,-0.263759,2.645586,-1.745668,-3.607256,-1.643785,0.521469,3.377714,0.148878,-2.386098,-0.428905,-1.98645,1.698458,2.799217,0.850143,3.624753,3.137239,2.677188,-0.075604,5.597306,4.333047,2.173181,-1.321181,-2.549555,-2.199607,-4.400708,1.841953,-3.733803,3.222685,1.630446,2.700304,5.20943,3.89839,5.292,4.564203,6.440431,4.87215,5.545224,5.267594,5.407937,3.533912,4.593113,4.024151,5.170627,5.743595,6.100721,6.267689,6.978198,4.446781,6.413656,5.644249,4.181844,5.346404,2.916244,5.469231,5.270802,4.136138,3.729264,2.899449,3.605091,3.903819,3.761904,0.89372,2.759714,4.231295,-2.543643,0.73388,-4.133047
ACH-000411,-5.709178,,,,,,,,,,,,,,-0.929974,2.895692,3.029153,3.164463,1.192955,1.126835,-0.374576,4.317611,3.654654,0.756883,1.718921,1.485871,2.0725,1.079264,1.694619,0.103137,1.117318,4.571134,4.59489,3.702996,4.199437,1.709122,0.766534,5.271657,5.486633,4.019007,3.860744,4.178542,3.336007,3.884329,2.393281,1.159384,3.669267,3.854256,3.438328,4.882299,0.900179,-1.400903,-3.353933,-0.431254,1.524846,-0.766399,1.137231,-0.267621,2.700748,-4.63341,-1.33947,4.716101,4.893593,3.518163,1.97763,5.102048,4.179533,4.062931,4.090233,-0.491723,2.202489,0.579607,4.349717,3.70285,1.990394,4.281172,4.322554,1.892463,-2.714711,3.248696,5.537175,4.834307,3.712785,5.457872,4.769137,4.178601,5.532918,2.503989,5.458938,2.692803,5.531066,5.475997,5.811022,-0.106161,1.716204,1.615984,1.896629,4.208869,2.116156,3.161444,-2.057378,-4.0273,-2.846495,2.050547,-2.085261,-3.9238,-0.247151,1.698518,2.021339,0.76542,-1.196114,1.140593,-0.972245,1.934591,2.907237,1.509867,2.686232,3.134774,2.120952,1.729972,3.552446,3.751352,2.601141,0.610753,-1.591235,-1.977949,-2.512969,3.950929,-2.412603,3.237669,1.182583,2.299214,5.789211,4.891254,3.933475,5.807596,4.316661,5.755668,4.826301,5.823893,5.823893,3.319471,4.002683,4.593953,5.130058,5.66846,5.805613,5.26509,7.081192,4.897958,4.514918,5.687113,4.71376,5.109245,3.691254,5.70797,5.823893,4.726984,4.633057,4.097515,4.187547,2.455655,4.675092,1.640217,3.35377,4.274817,-3.230145,0.083317,-3.203338
ACH-000457,-2.84877,,,,,,,,,,,,,,0.120779,2.025614,2.843914,2.016051,1.022622,0.804944,-0.896666,2.426832,3.493806,0.170024,0.080972,0.878579,4.304759,-0.474238,0.885548,-0.995686,1.093876,3.985572,1.477735,3.414525,3.077774,1.123077,2.109771,6.027495,4.056171,4.972014,3.40486,3.488359,-0.63531,3.353327,0.645548,-0.894097,1.041234,0.122177,0.253395,1.661397,0.369913,-1.47031,-2.855808,-1.052953,1.940083,-3.895545,-0.198133,0.491455,-0.038344,-4.90545,-1.297894,5.873861,4.668016,3.846419,2.753046,4.753085,4.262532,2.073362,3.763173,-0.155347,1.342898,1.003473,1.379066,1.623604,3.252814,5.20829,5.587744,0.410985,-2.701316,3.005657,5.022085,4.412668,2.05972,4.988322,5.27532,5.316924,4.021816,2.256132,5.198539,3.523314,5.007524,5.562919,2.633879,0.275799,-0.48244,2.394166,0.583503,2.930688,1.847929,3.042063,0.465714,-4.137915,-0.833458,3.027838,-1.717479,-3.984026,-1.656675,1.681636,2.785999,1.51308,-0.964604,1.153503,-0.354862,1.003625,2.866056,0.965113,2.875646,2.579615,2.079444,-0.515381,4.872199,4.889816,3.01967,0.26481,-0.939585,-4.450107,-3.776774,2.004405,-3.704608,3.603579,-0.023154,3.547611,5.517505,3.503423,4.781171,3.954457,3.73452,5.136864,5.863354,5.958853,4.297996,1.396239,4.037623,4.385748,5.715144,6.001277,6.149004,5.786127,6.961933,5.613421,6.17531,5.318112,5.237889,5.869796,2.522896,5.434969,4.153659,2.123482,2.87357,1.825874,2.477296,2.553568,3.85034,0.38524,3.032235,4.112136,3.825245,-0.389035,-2.11344
ACH-000433,-2.826858,2.805938,5.905305,3.193454,3.722723,1.830712,1.977332,-2.311816,2.271953,6.094336,5.657003,4.908276,3.561179,6.452724,1.399078,1.961663,2.475008,3.068748,2.035903,1.360121,0.202644,2.131657,3.567084,0.422174,1.31024,2.410263,1.563488,-0.069838,1.775512,0.249729,1.612898,,1.628209,5.45726,3.511295,5.196728,4.103358,5.578834,6.050129,3.529252,3.398107,6.135363,1.654998,3.099049,2.017189,1.620403,5.161771,3.472303,2.543352,4.087231,1.654553,,-1.930518,-0.072358,2.894849,-3.480824,1.514048,,,-4.885578,-1.659587,3.748484,3.192191,4.228806,3.408006,6.471242,4.491312,2.858929,3.325302,0.519792,0.755307,0.04171,2.264539,1.962342,4.333872,3.533594,6.807835,0.89154,-2.021653,2.85731,5.052968,5.092336,3.277738,6.7626,5.874382,3.107772,4.113971,4.203735,6.469955,2.420059,6.309595,6.600957,6.185057,-0.459713,1.589051,2.598892,0.984876,1.554838,1.293936,3.699405,0.487667,,-1.748621,2.331869,-1.085922,-2.868814,-0.531886,4.041829,3.074196,1.891019,0.956807,2.297293,0.264896,2.949734,4.704305,1.985348,2.653796,3.421053,3.197481,2.449942,4.850995,4.948897,,,-0.151425,-3.562668,-2.839546,2.336787,-3.247021,1.62173,1.886146,3.836974,4.438334,5.162032,4.266509,5.069232,2.95335,5.036193,5.10454,5.11347,5.955044,1.818632,5.036185,5.533102,5.990475,6.540248,6.600957,,4.911066,4.564367,6.513794,5.662392,5.490482,6.321644,4.298372,6.600957,5.551415,5.444141,4.088191,6.518255,6.600957,4.362816,5.584647,1.828501,3.953249,3.52902,3.012184,,-4.075745
ACH-000857,-3.573233,4.178459,,3.595549,5.207473,,3.587303,,,,,,,,-0.782747,2.989772,1.828364,2.911329,0.510832,-0.163217,-0.555633,4.777936,5.350349,3.583832,4.086184,3.833117,3.072371,3.441572,2.784072,2.505799,3.01822,1.980534,4.49314,3.704221,3.700942,3.856027,2.139607,4.762851,-1.96458,4.794622,3.191515,3.701866,3.819773,3.116063,0.936408,1.193386,4.646921,4.387535,2.888776,3.433578,-0.701853,-0.287404,-1.731076,0.254426,3.205087,0.885436,1.971874,0.913537,4.929634,-5.658172,-1.494319,5.375288,4.293983,3.039026,1.929964,5.349576,3.647644,4.436178,3.794854,2.237398,2.096662,0.756419,3.163118,2.108159,2.695401,3.4966,3.439446,2.672109,-3.16239,4.62461,5.837021,5.408189,4.053054,4.57198,4.005251,5.382886,4.803861,3.463267,5.791357,3.439966,4.888401,4.018315,4.807977,-0.132219,0.444468,2.248915,1.291895,3.137043,4.051394,3.980123,-0.103663,-1.902487,-3.56063,3.911091,-0.231509,-4.198726,1.069007,5.072278,5.392603,2.02522,0.055398,2.41184,1.410748,5.99082,3.93166,3.719399,5.338436,5.059341,4.511125,1.498087,5.448373,4.616855,4.587561,2.910643,0.665735,3.415056,1.481972,4.226496,-1.153179,2.026138,2.184757,3.120101,5.206188,5.690034,5.242821,5.721445,4.095168,5.813129,5.173617,5.809374,4.550068,2.52006,3.221152,4.568214,5.063166,5.627533,5.813129,5.813129,6.812148,5.321065,6.09798,6.16572,5.558766,5.505573,3.5932,4.484916,5.696861,5.772005,5.60528,2.458181,4.030633,2.855239,3.58961,2.271788,5.182665,4.407063,2.163811,1.286287,-4.547087
ACH-000890,-5.871213,,,,,,,,,,,,,,2.44558,3.338918,1.75068,2.356436,1.590335,0.28308,-0.105101,6.434763,5.945104,5.265846,6.002349,5.775012,6.68246,4.05375,6.016394,3.461083,4.81425,2.831647,4.596278,6.036444,4.726075,5.445179,5.033846,3.688051,1.235694,4.698264,5.054208,5.936848,6.086614,5.492565,4.751287,2.699703,5.454575,6.064367,5.831575,7.067401,2.934033,1.800861,0.393342,2.182884,5.985214,0.071832,4.590943,1.267506,8.9368,-3.29935,-1.349874,6.266398,5.493919,4.663847,3.652242,7.415761,5.433224,5.246849,5.232103,2.586645,3.371732,2.040335,3.775992,3.293695,4.702951,6.651149,6.208238,2.371188,-1.138565,5.002573,6.491336,6.084082,5.870724,5.615267,5.65416,6.222376,6.18248,3.725834,5.298795,4.085595,6.081406,7.206696,4.365354,0.946789,1.990851,3.816819,1.689205,3.081343,3.633549,5.784596,1.847833,-2.295264,-0.825779,5.768483,-1.340294,-3.926577,0.972012,4.349942,4.941522,4.032653,1.922749,3.335572,1.500436,7.272121,6.277373,4.898415,5.965104,6.486413,6.434531,1.600632,5.175537,5.96037,6.801464,4.04192,1.226614,2.65042,0.057424,3.513732,-1.258022,3.070573,3.537846,5.990492,6.87199,5.818374,5.998619,5.886698,5.444544,7.420762,7.482879,7.126564,6.167716,5.113737,5.834886,4.519885,5.838978,5.144192,7.3601,7.492895,8.221839,7.192259,7.503768,6.607513,6.948395,7.039471,4.844335,5.850699,7.106355,6.243319,7.012984,6.33486,6.742147,4.422058,5.786706,5.119163,5.74395,5.800105,4.103804,4.224941,-3.365914
ACH-000535,-3.965009,,,,,,,,,,,,,,-1.731166,3.218462,1.8114,2.747352,1.28707,0.793968,0.045015,3.740878,4.217476,1.685702,2.945575,3.531179,4.62288,1.78821,2.424413,1.530849,3.540399,4.983968,3.73337,5.138265,3.602324,3.463139,2.462154,3.643967,-0.189528,3.073004,3.304326,3.842747,3.222908,3.091082,2.560436,0.834064,1.953581,3.951744,3.283415,4.054673,1.183381,0.152016,-1.553557,0.638438,4.081115,0.077246,2.223418,0.952161,5.32195,-4.323425,-1.331225,5.367761,4.19314,3.208619,1.513937,5.412449,4.462687,5.517033,4.513591,2.245066,3.315371,2.175638,3.501573,3.798068,4.09946,5.859018,5.6604,3.206251,-3.703892,2.257416,3.794376,5.738584,2.715961,4.024372,3.44058,3.507802,3.693441,2.032168,4.360016,3.525899,5.028994,5.652808,3.434191,-0.588246,2.332174,3.777135,1.462344,2.341449,2.874236,3.347515,1.851127,-3.341472,-2.698514,1.991556,-3.955181,-4.06815,0.785054,4.214125,3.741351,4.745599,0.389926,3.524538,0.341318,6.305114,3.508311,4.511059,4.588235,4.955439,4.238374,1.018696,4.405078,4.814604,4.090629,2.773033,0.009456,3.215186,-0.676434,4.331342,-0.635353,2.707254,2.464632,3.026472,6.043897,5.53147,4.413908,5.02145,4.308995,5.628877,5.292606,6.008065,5.971097,5.770748,3.217547,4.853687,4.388946,5.719551,6.072125,6.072125,6.270239,5.59227,5.929711,5.598051,5.85206,6.05663,2.760029,5.282134,5.449402,5.344602,5.093171,3.965312,4.683972,3.659309,3.917978,2.077679,3.539735,3.692927,0.007392,2.721707,-2.999022
ACH-000231,-6.066369,,,,,,,,,,,,,,-0.043159,2.77201,1.296762,3.08247,1.168614,0.267922,-1.086308,4.332607,6.214218,3.619471,4.59574,4.311121,6.104171,2.93274,5.192346,2.284189,4.073413,5.351843,5.568822,5.222398,4.230778,5.526946,5.416216,3.250469,0.539531,6.088215,4.568507,5.201652,2.666015,4.474887,2.71816,1.393174,1.813749,2.961276,2.23032,3.13238,1.715808,-0.859326,-2.632571,1.073988,3.025109,0.079171,3.824069,1.270341,4.818466,-4.458435,-1.491477,6.055093,6.242909,3.929036,3.036658,6.147541,4.182906,3.452233,3.35535,1.871023,3.370824,1.904682,3.386059,4.593462,3.031566,4.657329,5.44939,1.772925,-1.448522,3.510666,6.277,6.222384,3.683527,6.258165,5.90151,5.308739,4.848079,3.859148,5.262637,3.933589,5.779349,5.883856,2.810574,0.324165,1.543275,3.786715,1.943188,2.86824,2.439478,3.360301,-0.742052,-2.73435,-3.443458,3.167509,-2.52538,-3.797268,-0.464671,1.410161,4.229019,2.321107,-0.787122,2.210631,-0.148546,5.626142,5.04616,4.557517,4.782481,4.862104,4.108587,1.766555,4.631281,5.873265,3.204505,4.286891,-0.606642,3.749023,1.929297,4.558071,-0.58955,4.127807,2.583448,3.648625,6.136054,4.950337,4.221873,6.242909,4.639417,6.212484,6.22569,4.865881,5.138031,3.021927,3.469892,4.438888,5.60778,5.400371,6.238795,6.242909,6.851278,6.130991,5.584182,6.04108,5.674429,5.851807,3.863911,6.062549,5.080542,3.963309,4.515063,5.709208,5.244798,4.433253,5.291545,2.030541,4.956202,4.679352,,2.655122,-2.992941
ACH-000527,-4.371874,,,,,,,,,,,,,,2.86834,4.013218,2.850416,3.288776,2.22468,1.742833,0.939808,4.529468,5.865736,2.129826,1.766823,2.952141,5.692126,0.852656,2.171239,1.462233,3.050116,2.49366,3.294024,0.424552,3.135308,0.645774,-0.621312,5.424634,2.756526,3.596849,4.186513,4.710182,2.879756,2.466594,-0.05651,0.314238,3.9088,1.883155,2.344785,2.908445,1.116776,0.516335,-0.852524,0.888813,4.773256,-1.037186,1.741603,0.844702,5.915817,-4.986255,-1.778257,5.019611,4.714507,2.230227,1.776668,6.284879,4.755704,3.281361,4.022935,1.848621,4.037189,2.878653,3.559738,3.232728,1.297529,5.685635,6.286754,3.920498,-1.962794,5.646435,4.779898,4.723434,3.869034,5.631963,3.971641,4.327886,5.175353,3.419979,5.077589,2.908616,5.080192,6.016205,4.350842,-1.216088,1.224979,4.185454,1.559375,2.587284,3.423603,5.63615,0.852646,-1.637641,-2.157515,4.131645,-0.633609,-2.95755,0.634757,3.147973,5.290948,0.845258,-1.064798,1.288468,-0.002379,3.737654,3.975981,6.204645,4.748776,6.587468,4.605398,2.253988,5.384756,4.770144,3.459457,3.760553,-0.630538,3.548472,0.427113,6.180907,0.222879,4.114207,2.51079,2.588447,5.53668,6.129221,5.817858,5.327648,4.943856,6.428776,5.463076,5.515378,6.567602,4.616889,3.725837,5.011138,5.217035,5.786259,6.141437,6.084217,7.185007,5.306883,6.119044,5.994799,6.0769,5.6061,4.43465,5.916516,5.726865,6.093812,5.436866,4.413612,5.658836,2.420181,4.257323,1.936531,4.885102,3.997664,-1.004303,,
ACH-000351,-5.837938,,,,,,,,,,,,,,1.871528,4.353179,3.157734,4.998102,3.821478,2.613838,2.191834,5.146205,5.244818,2.084734,2.304525,3.101465,4.55096,1.738337,2.308685,0.870111,2.592678,2.708187,3.805658,3.754861,3.876784,3.591663,2.602508,5.87163,1.730198,4.603535,,4.651943,2.955784,1.558349,-0.405565,-6.2e-05,2.795542,3.021928,2.135848,3.428937,1.198408,-0.749371,-1.997771,0.260382,5.011745,0.027163,1.790178,0.899996,3.421857,-5.059941,-1.830519,6.041297,5.13062,4.025994,,5.026008,4.445941,3.419054,,2.192396,1.679306,0.778356,3.572953,2.918974,2.816392,3.715631,4.06514,2.558565,-2.221279,3.899008,4.118516,5.147708,4.73775,6.059644,4.594047,4.721476,4.96496,3.501869,5.681412,3.729336,6.251991,6.21782,3.311876,-0.381565,0.93482,2.471425,1.280126,,0.628304,2.716749,-1.020536,-2.167424,-1.578846,3.405325,-2.385422,-4.666186,1.058639,2.993237,2.877299,1.614117,-0.992558,2.613213,-0.165626,6.094573,4.304029,4.765279,4.686986,5.344653,3.999234,4.196865,5.250946,5.392495,3.542943,4.646814,-1.949001,3.758377,0.183908,4.710814,-0.935453,3.134699,2.041757,4.714587,6.324412,4.881709,5.090882,4.467889,4.25309,4.898159,6.151352,,5.933168,,5.075905,5.332352,6.033042,6.314845,6.328579,6.328579,6.651261,6.504966,6.618085,5.52333,5.024763,6.144797,3.316635,4.786186,5.369195,5.12922,3.601131,2.93165,3.793876,4.354651,4.244043,1.475664,4.993325,4.532253,,1.439732,-3.564723
ACH-001306,-3.997338,,,,,,,,,,,,,,1.341408,3.129914,2.253946,2.90683,2.134432,0.894676,-0.012582,3.064042,1.7977,3.909448,4.052758,4.31673,6.504929,2.661997,5.976171,2.072085,3.725192,2.892551,5.565865,4.726874,2.835241,2.01409,2.661592,5.77298,4.584191,5.10661,4.960307,6.481601,1.745439,3.77075,0.791153,0.094211,5.746343,2.620111,2.813609,3.544707,0.962375,1.407842,-0.796013,-0.427404,4.180825,-0.57959,4.349052,0.679357,6.474914,-5.40709,-1.888015,5.585032,4.795433,3.427075,2.342892,6.217568,4.703513,3.475225,4.208331,3.733664,3.098822,1.11983,2.505135,2.805697,4.762297,4.649697,5.529038,3.491479,-1.758181,3.14721,5.455223,5.70245,3.53375,4.823114,6.106509,5.468503,5.198649,3.891792,6.51457,3.720335,6.50753,6.081712,3.557604,1.585295,1.481118,2.97925,1.23365,2.689677,4.145539,4.139222,0.877799,-3.777949,-0.017345,2.467329,-3.510849,-3.970778,0.95428,4.072543,3.558931,2.622889,0.183543,2.481485,2.012666,5.79319,4.755257,2.813661,4.008295,6.856521,6.648856,4.705601,6.206915,4.704431,5.245444,4.419963,-0.246083,-1.113346,2.132408,4.777038,-0.782527,4.105944,1.992046,3.779212,6.563501,5.929731,5.053281,5.809287,5.728806,6.503136,6.435777,6.466824,5.165975,3.192928,4.484839,5.084087,6.470475,6.366461,6.505874,6.571965,7.37519,6.198847,6.949407,6.152677,5.855407,4.944026,4.461026,5.404304,4.588743,4.523959,4.089023,3.601592,4.324613,2.419228,3.915545,2.08338,3.408068,4.758196,1.04619,2.679228,-3.948268
ACH-000478,-3.489777,,,,,,,,,,,,,,1.395322,3.325598,1.675027,4.801857,2.656803,1.80963,0.341102,6.042202,6.361217,3.806685,5.058197,4.407645,6.443329,2.138957,6.202678,2.349392,4.364031,3.764301,4.249398,3.636057,3.418972,3.869527,2.402301,4.205063,0.90106,4.644314,6.235533,5.887978,2.631097,2.601919,1.87879,0.920987,2.749273,2.536401,1.844735,2.826561,3.096999,,-1.070091,-0.084488,5.449598,1.127808,4.079433,1.9381,5.859924,-4.509908,-1.251824,6.442578,5.007283,4.095333,1.836919,5.882589,3.232613,3.108456,3.746159,3.332045,2.636333,1.726275,2.992284,1.558939,3.642298,3.441995,4.442862,2.68394,-3.728215,4.122431,5.49343,6.136902,5.053556,6.103573,4.846783,5.181383,6.337945,2.897378,4.711675,3.284953,5.471621,5.453087,3.480976,1.283983,1.757007,3.003725,0.194826,2.646136,3.893358,5.368331,0.034447,-3.557127,-0.927302,1.946178,-2.900018,-4.723138,2.255685,4.751565,3.303707,3.423569,0.779284,3.474865,1.453523,5.852376,4.141487,4.030432,4.010279,6.07139,5.851597,4.195894,3.882757,4.852793,5.881463,4.621523,0.892087,3.945637,4.545409,5.631978,2.135938,2.470613,2.319407,5.8136,6.40486,5.963091,5.356301,5.638916,5.583402,6.297777,5.453595,6.27924,5.291853,4.137835,4.186706,6.293163,6.119441,5.547177,6.117725,6.078656,6.456296,5.267088,6.227696,5.772325,5.672171,6.3297,4.3358,5.341421,5.392032,5.039308,4.652499,2.807449,4.176539,2.268815,1.977933,1.853471,3.478455,4.494089,1.372985,3.264571,-2.420391
ACH-000493,-5.409834,,,,,,,,,,,,,,1.28371,4.147466,2.994673,4.624322,2.676013,2.117326,1.795696,4.855331,6.150925,4.110876,4.482606,4.387153,4.938376,3.302159,5.477471,2.061228,4.208995,2.746095,2.990674,2.728588,2.920179,2.7246,0.668547,4.648945,1.285906,5.86264,5.744788,6.170989,2.818113,3.261566,2.26847,1.498379,2.551972,2.733119,2.686315,3.895769,1.317656,-1.005672,-1.68546,0.587192,5.033862,0.069478,4.177007,0.04247,5.742115,-4.505866,-1.480612,6.087996,5.644218,3.150407,2.790879,5.599187,4.415066,2.417976,4.367202,3.269097,3.048369,2.374947,2.827005,2.310413,5.124731,3.258072,6.396107,1.968308,-3.157993,4.654735,5.289772,6.061664,5.101981,6.170676,5.353768,5.809837,5.937201,3.266283,4.366967,3.462968,3.738814,4.656564,3.804749,-0.16529,1.175053,2.450398,0.76437,2.666461,2.902749,5.326671,0.401183,-4.189903,-1.903356,2.946766,-1.882167,-3.521136,1.074696,4.36705,6.377926,3.313546,0.405117,2.704622,0.636028,5.109265,4.330875,4.709534,4.195143,4.392489,6.196607,3.173792,3.552429,5.061556,3.653204,2.504384,-1.044844,3.61293,0.294556,3.43631,-1.356123,3.268537,2.142035,4.110139,5.696179,6.57971,6.279833,5.694291,5.9259,5.88519,6.046261,5.82903,6.026865,3.313232,4.964608,6.090609,5.979408,6.124404,6.091415,6.17731,6.142616,5.248014,6.320898,5.873202,5.357983,6.132485,3.316604,5.706976,5.531543,4.141371,4.685482,1.926376,4.698212,2.334279,4.964093,2.092286,4.074168,4.725272,-1.577459,3.420568,-4.416201
ACH-000566,-5.880354,,,,,,,,,,,,,,0.241034,4.269447,2.839474,4.113724,3.090506,1.782555,0.754369,4.576447,5.821901,3.152463,3.951235,4.324572,4.378255,3.108283,4.919148,2.716211,3.171834,3.6015,2.747629,3.848607,3.420261,2.72137,2.400826,5.69736,3.313032,4.071455,3.533838,4.474776,3.625159,5.045417,3.119556,1.164411,2.891487,3.133401,2.580873,3.53671,2.143183,0.347042,-1.780831,0.969384,5.067613,-2.048782,2.778545,0.956393,5.640983,-5.528449,-1.89054,6.100904,5.663185,3.749928,1.941249,5.643736,4.438855,3.358164,3.689566,3.359085,3.672431,2.767908,3.211793,4.218709,3.637298,4.668166,6.035229,1.416406,-2.035439,4.17022,4.186353,5.48267,3.930611,5.584777,5.388903,4.046337,5.633986,3.301452,5.875068,2.556574,4.56973,5.608977,4.137779,1.236316,1.176978,2.662322,1.278284,3.061304,2.844182,3.884276,-0.298555,-4.720185,-4.124149,2.525013,-1.253011,-5.19365,-0.041798,4.781424,6.115762,2.851395,0.296464,2.171506,1.310168,5.9034,5.594224,3.035633,4.819475,5.943668,6.41732,2.274979,4.821131,4.994896,6.279978,3.05786,-0.256049,3.910563,2.302388,5.053735,0.172169,3.08006,1.885353,3.316037,5.859183,6.149133,4.825769,5.952731,6.516472,5.310029,5.136165,5.764241,5.916815,4.812364,5.486998,6.15773,6.147463,5.310171,6.216437,6.218151,7.29289,5.752679,6.485167,5.855482,5.087894,5.074258,2.809131,5.175135,5.825876,4.984047,4.502061,3.104198,3.336278,3.751762,4.409692,1.552152,4.173938,3.271924,2.753157,3.599543,-4.164287
ACH-000976,-6.467661,,,,,,,,,,,,,,1.602341,1.775476,1.11262,1.504145,-0.741744,-0.730832,-1.638545,3.153021,4.099211,2.571649,1.66138,2.01387,3.684796,1.332695,3.251033,0.867996,3.025701,3.043025,4.30117,5.518826,4.515341,3.534977,2.142827,4.748016,1.42675,4.216214,3.687959,3.839139,2.365779,4.244553,2.294234,1.063536,4.32354,3.052542,3.604609,3.612135,-0.050786,-1.038897,-2.852728,-0.261142,2.460393,-0.208593,4.221271,0.863859,4.55366,-4.819836,-2.108657,4.870924,4.242464,4.06899,1.70232,5.397901,4.019113,7.194551,4.373479,6.11278,6.371753,4.615293,4.328761,4.291741,3.627417,4.693172,3.075176,3.981562,-1.857922,4.151952,5.144428,6.158587,3.956485,5.238626,5.07841,4.929733,5.493862,3.97637,6.371753,4.069168,5.901858,6.370085,4.895719,0.236494,0.491331,2.606715,1.176297,4.137691,2.069771,4.26256,1.576351,-3.528639,-4.006513,2.479369,0.425189,-3.218469,0.271701,2.970243,4.904255,1.456866,-0.790038,0.795884,-0.652384,5.694843,4.303085,3.777732,4.372232,3.144532,4.871804,1.656186,6.235484,4.742653,4.677783,3.149725,-0.750928,3.70522,-0.192907,2.851533,-1.143009,2.833514,1.031144,2.268768,5.291338,6.006093,4.652647,5.355911,5.394461,6.222566,5.623215,5.70939,5.741792,3.961802,4.180003,4.504483,5.812388,6.315711,6.371753,6.371753,5.594868,5.886864,6.304069,5.82609,6.22882,5.316572,3.648878,5.762517,4.126563,3.753981,5.306901,3.77178,3.707293,3.026856,6.010598,1.989531,3.391444,3.728098,-1.606685,1.417631,-1.237971
ACH-000587,-6.361214,,,,,,,,,,,,,,-1.290737,2.854338,2.417146,2.421023,1.395925,0.593508,-0.831284,4.752086,4.825415,3.144942,1.923408,2.614123,0.838864,-3.27832,1.247426,-1.132375,4.018301,3.436678,2.528315,4.459632,1.441062,1.436149,3.495198,4.766427,2.487361,4.593788,3.501592,4.297432,1.656323,2.428324,0.127611,0.064847,1.517153,1.885582,1.050417,1.765923,0.405076,-1.016776,-2.773907,,4.190026,-0.144627,3.277075,1.149279,2.851826,-5.923417,-2.097919,5.83272,4.291035,1.402897,1.961904,3.916599,2.011172,3.617133,4.581346,2.43421,4.172468,3.49106,2.049053,1.435828,4.548176,5.577606,2.717532,2.526838,-2.234567,2.8732,4.338934,5.795509,3.362402,5.435447,5.293258,5.306115,4.677513,2.936052,5.433601,3.409742,4.801635,6.02761,4.280662,-0.226777,1.465182,3.412274,1.552581,3.984921,2.140473,3.248237,-1.457574,-5.2869,-3.068368,2.087602,-2.784484,-5.08995,0.229969,4.003366,4.313689,2.218136,-0.154869,3.299703,1.294435,5.405092,5.253091,3.292355,4.246693,4.052845,3.225709,1.753088,5.089434,4.57905,4.315943,2.124006,-2.472324,2.605786,-0.980865,3.67553,-1.46257,1.644824,1.515573,3.054471,3.605711,5.569168,5.577225,4.392276,5.846854,5.991309,5.994436,5.718463,4.476371,3.241756,4.166175,5.39728,5.738309,5.498095,5.883863,6.035625,6.507798,6.375367,5.745168,4.776528,5.390111,5.367209,3.448666,5.8617,4.20496,5.67562,4.40615,3.538767,3.178177,2.58393,3.545348,2.657163,3.602778,2.569672,-2.985611,,
ACH-000860,-6.11764,,,,,,,,,,,,,,-2.01274,2.502111,1.153478,1.777556,0.196007,-0.519518,-2.204263,4.116056,5.18207,2.454712,2.110681,2.946892,3.186695,0.645078,0.945102,-0.549402,1.511094,2.290794,5.359569,5.105337,3.737172,3.083135,3.749726,5.899323,1.601302,6.28296,4.396966,6.182288,3.967123,3.552313,0.937052,0.982089,2.953149,4.175269,2.807694,3.571233,0.823664,-0.788794,-1.712178,1.504616,5.200683,1.880769,2.419412,2.016035,5.643871,-4.140667,-1.101578,6.61164,5.647523,4.312339,2.206978,6.049245,4.334858,7.342509,5.678298,2.26873,4.031357,3.143736,3.309529,3.015666,5.143089,4.590276,5.77439,1.486348,-2.378782,3.445658,5.523558,5.089108,4.619812,6.160326,5.441552,5.385161,5.579014,4.017269,6.354206,4.308806,6.6378,5.982485,3.800371,1.60903,1.321053,2.438833,2.297708,2.647903,2.49282,3.934918,0.844705,-3.080377,-2.595875,2.166583,-1.852961,-4.137614,0.985075,5.64338,4.379594,3.539491,-0.20651,3.293131,0.792299,6.234662,3.31985,3.090409,4.628603,4.454522,4.938414,1.552764,5.412677,5.333808,4.248017,3.262243,-1.310097,-0.238446,0.829825,4.235535,-0.866292,3.111313,2.272871,4.671061,6.654222,6.148609,5.709896,6.002487,5.702911,5.655671,6.469679,5.975817,4.792602,3.540547,4.452231,6.379983,6.042439,6.281539,6.672821,6.672821,7.785255,6.491277,6.925145,6.106925,6.371919,5.252823,4.226107,6.320913,5.834246,5.118653,4.690992,4.023697,5.148447,3.141955,3.017819,2.246069,4.020965,5.086736,0.123159,1.526854,-3.277864
ACH-000955,-2.235973,,1.169277,,,,,,,,,,,,0.876669,1.767158,1.013576,2.335866,0.14997,-1.085118,-1.327736,5.847897,4.740731,1.70969,2.280565,4.142204,4.313521,1.115264,2.808804,1.68603,2.252849,4.704717,2.590612,4.933171,2.621589,3.264675,3.487105,5.266139,3.561717,5.794245,3.670062,3.636194,2.895745,2.892093,0.599933,1.080075,2.833426,2.47201,2.283235,2.962444,1.66123,-0.549765,-0.204795,0.680898,4.800494,1.707145,1.737887,0.277414,2.888359,-5.271149,-1.756688,5.307715,3.96462,1.78089,2.628609,5.53386,2.461439,5.3715,3.016862,-0.637628,2.747553,1.267493,4.566371,4.091926,5.024585,3.385422,4.714277,4.139443,-2.113434,3.976604,3.735228,4.820162,4.196162,4.602529,5.255355,4.297034,3.61389,3.448405,5.742662,3.48593,5.653612,5.04477,,-0.692128,0.188365,1.69177,,2.686621,0.682379,3.034089,-1.814124,-3.990903,-0.687571,1.81093,-3.50377,-4.145314,-0.120303,,3.713198,2.14334,1.400072,3.32649,0.54473,2.071031,3.976205,3.21876,3.714024,2.981527,3.085017,-0.045378,4.047082,4.196089,2.424351,2.260588,-0.753007,2.902656,1.139845,3.39764,-1.611082,3.851677,2.653732,2.132295,4.689196,5.068861,5.126859,4.283168,4.141073,5.917854,5.372057,5.341209,5.713666,3.396274,4.823477,5.88696,5.794164,4.359875,5.182841,5.042005,6.734055,6.339977,6.161357,6.085763,,4.61155,3.486631,4.293846,5.597196,,4.741337,5.218119,3.359717,2.384017,2.927214,2.337122,4.395294,4.328859,-3.233443,,
ACH-000473,-4.195501,,,,,,,,,,,,,,-0.689498,2.276989,1.053245,3.462767,2.348518,0.30222,-0.46172,5.722952,5.568933,2.286285,1.92263,3.184022,2.859142,1.889432,4.527822,2.248715,4.024825,3.17633,4.709179,4.509497,1.737368,5.104147,2.945612,4.799295,1.770448,4.658441,3.455909,4.349597,3.917566,2.507378,1.99591,1.343459,2.403779,3.005115,2.517507,4.022155,0.490512,-0.177805,-1.378187,0.312814,4.201435,2.700859,3.227534,1.916963,2.507918,-5.492545,-1.839768,5.484264,5.190257,3.078724,1.428641,5.455313,3.390772,6.131579,3.960192,3.26658,4.8195,4.162934,3.179442,2.548662,2.137828,5.039264,4.175878,0.521123,-3.7422,2.478342,3.553968,3.659778,3.179727,5.389329,3.826894,4.070116,3.936905,2.750611,5.521823,2.890236,5.197317,5.363996,3.106559,0.2321,1.29139,2.029906,-0.33284,1.591071,0.353965,0.874267,-3.138436,-5.713901,-4.194179,1.326561,-4.816524,-5.709148,0.138777,2.931345,3.672355,1.044158,-0.035119,1.258279,-0.209672,5.499489,3.875158,3.456245,3.176136,3.552389,5.48632,0.437452,4.09823,4.566047,4.686115,1.470264,-0.639998,3.051459,-0.553113,4.648056,-0.123379,2.312015,1.668432,3.374321,5.537817,5.414351,4.873078,4.493473,4.120397,5.520974,5.307078,4.155299,5.568933,4.147117,4.390854,5.138497,5.566539,5.466865,4.922312,5.568933,6.997517,5.076536,5.733682,4.757405,4.636876,5.154312,2.468632,5.556645,5.003219,4.539869,5.546534,2.837726,3.774941,2.147283,3.159297,0.350338,0.007846,-1.000712,0.219383,2.321611,-4.666712
ACH-000364,-5.233877,4.726083,5.611873,3.652288,2.727776,2.599271,2.973381,1.331283,4.312246,5.00505,4.988092,6.614378,3.816646,6.989234,-0.900454,1.609571,1.13533,2.721961,0.49364,0.136452,-1.732821,5.265372,5.453269,3.500189,4.252898,4.416835,4.238918,1.99293,5.331109,2.673527,5.193707,4.165806,3.318567,3.485056,2.302283,2.914996,3.963095,5.842632,4.506944,4.003306,3.446402,3.939661,3.995248,3.951304,3.453721,1.845307,3.926243,3.583904,3.408647,3.942698,2.381015,1.445355,-0.672956,1.625015,4.428702,2.108482,3.961633,1.131504,4.41497,-4.106149,-0.839901,6.156881,5.035306,3.725181,2.84722,6.498474,4.300598,6.268393,4.34101,3.41182,3.221469,2.74725,3.204826,3.089827,3.230458,4.394551,5.548289,1.857448,-3.450954,2.75249,4.182168,4.913034,3.67942,5.776643,4.453045,3.7777,4.1426,3.49502,5.930929,3.583966,6.145862,6.229146,6.025959,-0.620115,1.044496,3.038102,0.956741,4.036333,2.413123,3.404819,-0.788448,-3.706467,-2.857717,2.865812,-2.512816,-4.225481,-0.746466,1.494432,4.550624,2.536156,-0.842334,1.361298,0.41587,4.196246,4.30237,3.687442,5.417597,4.626671,4.929523,0.962991,5.583261,4.497067,5.441444,2.462402,-0.504517,0.734356,3.397227,6.233705,0.946096,1.308135,1.51754,2.740424,6.489844,5.579415,5.050389,4.800137,5.232045,5.945443,5.022401,5.602442,6.774985,4.101556,4.193914,5.314405,6.621367,6.444493,6.968724,6.379888,6.683044,6.238054,6.725273,6.132306,5.552446,5.999284,3.169418,5.08957,5.002805,5.676395,4.579021,4.327631,4.404292,3.498421,3.791521,1.427886,1.904552,1.506217,,1.764842,-4.979546
ACH-000881,-4.618258,,,,,,,,,,,,,,-0.411881,3.273874,1.426192,2.308463,1.336432,-0.054201,-1.283176,5.764291,4.31074,3.775474,4.806542,4.138876,5.487148,2.477236,5.547778,2.890777,4.095684,3.055555,5.008109,4.169601,4.225782,4.080451,3.024847,5.566815,2.079234,3.217316,4.158257,4.007266,5.567287,5.305201,3.070192,2.377417,3.12946,4.66314,2.920361,5.264347,2.492434,0.466824,0.042719,1.775318,4.187733,4.109726,3.96503,0.93795,4.638454,-4.031844,-0.759763,5.222033,4.24458,2.250085,1.728364,5.540302,3.364442,5.322588,5.457484,3.575722,3.77779,3.538823,4.80552,3.071819,4.218798,5.609616,6.224661,4.507113,-2.805913,4.685304,4.952129,4.968109,4.111035,6.080996,4.41201,5.286859,5.535192,3.254661,5.603788,3.30524,5.32923,5.603,4.073682,-0.110146,2.53698,3.150686,2.832551,2.283723,2.717374,3.60194,0.170718,-0.765757,-0.125729,5.729404,-0.854294,-2.550739,0.606621,3.279246,5.070164,4.236435,1.581843,2.426036,1.006817,3.754039,3.430718,4.461791,3.927004,5.001309,4.396961,1.73767,3.965757,5.279133,3.771241,2.304494,-0.536048,3.719426,1.70187,4.630341,-0.740475,2.078739,2.438461,2.844456,3.376814,5.55722,3.845023,5.652132,5.289551,5.269648,5.281678,5.324209,5.820421,4.401481,4.758535,5.279974,5.414393,5.449699,5.820421,5.759855,5.76684,5.582324,4.61386,5.79094,4.498413,5.819355,3.452683,5.820421,5.820298,4.804133,4.630634,3.587224,4.154764,1.61672,4.450192,3.211848,4.478997,4.290395,-2.248657,,
ACH-000968,-5.208356,,,,,,,,,,,,,,-1.701413,1.601257,0.014757,2.135612,0.711396,-0.847187,-3.324201,5.336805,5.628244,3.252851,3.744559,3.85719,5.620363,2.677227,4.197644,1.340819,4.93782,1.542122,3.075545,3.54074,2.776207,0.080318,0.181897,4.061801,2.504644,3.2038,2.841358,3.081626,1.926846,2.501783,0.730468,0.450741,2.285745,2.53375,2.738642,3.572798,1.429836,-0.436005,-2.229741,-0.383543,4.393572,4.438974,2.695276,-0.05969,2.132196,-5.935649,-1.698948,4.299301,4.29219,1.982257,1.303581,3.324642,3.690559,2.566538,3.315973,0.925911,2.583053,2.139269,3.205177,2.058587,4.854506,4.884582,5.021005,2.789455,-2.911009,3.236675,3.909567,4.883629,3.056363,3.960792,4.934184,4.763399,5.29744,2.087605,5.593403,3.164922,5.331529,5.547063,4.578958,-1.299249,0.27393,1.529544,-0.554749,1.411749,2.635765,2.271751,-0.759678,-3.821264,-1.932622,1.878005,-3.187999,-4.53049,-0.290941,4.936246,4.349322,4.589723,1.664353,3.192871,2.645251,4.080746,3.97847,3.348913,2.797809,5.729332,4.388522,1.587019,5.236251,4.485977,4.548415,2.236413,-0.776961,2.933242,1.814268,4.943316,-0.207258,1.965509,1.525099,1.866086,4.436186,4.768385,5.600462,4.018641,5.592802,5.134277,5.065938,5.616689,5.563444,3.063165,4.857317,4.34402,5.502883,5.380338,5.629393,5.347382,6.75443,4.727206,5.456428,4.766047,4.351459,5.588586,3.108227,3.681772,5.279264,5.37862,3.520207,2.299421,2.483417,0.755925,2.303142,1.707949,3.272701,1.688346,-2.291376,,
ACH-000347,-5.342647,5.069466,5.498858,5.343277,2.596094,4.563144,3.540886,0.73997,3.91302,6.420384,6.462048,6.370986,3.066204,6.744495,0.783284,1.541395,2.273767,1.591221,0.754847,-0.692555,-1.519965,6.932337,5.701754,3.071366,5.762385,4.703382,7.059679,3.309728,6.543407,4.544348,6.094468,,5.218517,6.309216,5.040806,3.909349,4.23688,6.65114,1.73171,5.031678,4.583244,5.616202,4.380966,5.178896,3.046206,2.188007,5.504312,4.540877,3.899584,4.12296,0.705971,,-0.905086,2.04578,4.027122,4.969884,5.108384,2.303481,,-3.534984,-1.253156,4.922659,6.525718,3.882369,3.619716,6.318198,4.331293,7.111268,4.815309,3.169201,2.416813,1.664744,4.819698,3.637184,5.860806,4.451137,6.031908,3.526081,-2.21485,3.699052,6.667502,6.999606,6.02986,6.269503,6.807988,5.242085,5.324661,4.098133,6.398209,3.985218,6.204065,6.976476,4.294646,-0.938958,0.775184,2.898258,2.110028,3.712488,2.694885,3.922967,-1.730417,,-3.120223,3.632977,-2.637195,-3.935923,1.360005,4.508619,5.354281,3.677193,2.806418,2.748224,2.934817,5.6029,5.715081,3.73828,3.367911,4.915676,5.887586,0.85191,6.570384,6.541391,,,0.643799,1.774593,2.327191,3.890057,0.506906,1.91365,3.161868,2.99603,4.802333,6.093955,5.745003,6.122231,6.554103,5.08993,5.575684,6.561581,6.752368,4.521014,4.380992,5.945256,6.651283,6.52293,6.727349,,7.240313,6.359842,7.087924,7.166745,6.509569,6.392399,4.430922,6.737824,5.778249,6.481943,4.194462,5.548756,6.707041,2.990679,4.92992,4.387232,3.778654,5.708075,3.53228,,-4.502003
ACH-000496,-3.46073,,,,,,,,,,,,,,-2.393654,1.131871,1.57334,3.542765,-0.003846,-0.221178,-2.338983,3.464804,4.243932,2.902947,2.59719,3.085703,5.189711,2.198875,4.138365,1.729478,2.728978,1.744769,4.186477,4.45916,2.144531,1.368065,2.356927,4.817703,2.515654,3.950707,3.826417,4.114861,3.220731,2.835327,1.740453,0.600958,3.220966,3.022863,2.308575,4.096671,-0.327623,-2.100698,-2.929073,-0.938783,3.548985,0.111032,1.383985,0.712879,1.300271,-3.267527,-0.540861,5.193599,3.865626,2.735889,1.703478,4.489083,3.253185,5.566335,3.660147,1.334491,2.666929,2.231541,2.613203,1.401551,0.924526,3.653302,3.137237,0.141028,-3.65506,2.510522,4.337586,3.947757,3.174216,4.58062,3.330189,4.129324,4.203628,2.717374,3.90911,2.382349,5.082039,4.844865,2.530196,-1.482689,0.252507,1.580749,0.519766,1.894606,0.904998,3.482571,-3.644515,-5.885447,-4.7887,1.008983,-5.098086,-5.538671,0.031133,2.979312,4.057156,1.738128,-0.416949,1.639956,-0.228348,5.038086,2.946417,1.942869,3.527105,2.595809,3.825949,1.247938,3.044247,4.343315,2.311382,1.479262,-0.697996,2.982996,-3.162931,1.995182,-3.231909,1.398482,1.879149,2.358224,5.063779,5.238779,4.989829,4.183267,5.364467,4.096304,4.618574,5.118998,4.368132,2.368376,3.309591,5.135932,5.095316,5.134888,5.239133,5.239133,6.426506,4.417667,4.902024,4.793387,4.046771,4.575273,2.849014,4.374445,4.826697,4.968516,4.121363,2.253799,3.632158,1.774563,2.87557,1.588811,3.078702,3.369349,-3.12647,1.405563,-3.92637
ACH-000596,-5.328894,,,,,,,,,,,,,,-0.375772,2.262995,0.787586,2.145435,0.661064,-0.580612,-1.953769,4.99428,4.675618,3.445442,4.012505,3.850413,4.922456,3.145242,5.041325,1.160368,2.864163,2.281516,4.056402,5.722835,3.953852,4.429068,4.516668,5.326173,2.784351,4.738875,4.633693,3.903413,3.561751,2.41944,1.80496,1.565865,2.515736,2.95267,3.563311,4.294154,2.168018,1.07539,-0.977792,2.078416,3.856891,3.262873,2.300494,0.666165,0.94574,-4.791138,-1.377994,5.34927,4.603795,2.564477,1.475286,5.360929,3.168409,6.450769,3.059566,0.255694,2.268112,0.800754,3.758358,2.484053,2.034475,4.679692,3.682875,1.601786,-3.041479,2.914034,5.278299,4.683447,4.527631,5.280707,3.604412,5.166112,4.762568,2.608479,5.226217,3.00671,4.959706,5.006917,5.402671,-1.543536,0.712921,1.791888,1.705954,1.987469,0.537305,2.456886,-2.958015,-4.281966,-3.769583,2.449829,-4.175932,-4.435926,-0.190428,4.586657,3.271956,1.399061,0.069964,1.528764,-0.309266,5.725746,4.117783,3.950035,4.032941,3.732239,4.415405,2.450792,5.075884,4.064906,3.038188,1.693214,-0.160711,3.159682,0.011622,2.728482,-1.890355,1.597483,1.838946,1.808208,3.459899,5.38875,5.427053,5.475108,4.362653,4.373152,4.644448,5.445777,5.475108,2.371718,3.965025,4.88881,5.466279,5.285744,5.475108,5.448127,6.880761,4.961356,5.150897,5.475409,5.292224,5.475108,3.518353,5.473645,5.2488,5.475108,3.773556,4.004793,4.814407,1.127317,2.428116,3.559247,3.277615,3.640663,-2.815393,,
ACH-000748,-2.780309,,,,,,,,,,,,,,0.224739,3.026482,2.184822,3.036581,1.993074,0.808594,0.17851,5.43118,4.820595,3.085169,3.994144,4.019327,,1.82616,5.656268,1.74711,4.389576,2.37353,4.530426,5.093084,3.00813,3.688403,3.194982,,,,4.731539,5.765288,3.611706,3.731799,1.536964,0.99748,,3.091326,2.692242,3.078385,0.254018,-0.806165,-2.109798,0.218635,3.339303,1.849499,3.623742,-0.626596,3.736386,-4.907276,-1.11823,,,3.743054,2.833519,5.375827,3.067071,,3.746452,2.551525,,,,,,,,,,,5.887026,,,,,,,,,,,,3.60737,,0.223459,2.433079,1.359805,3.37274,2.400122,3.626896,-1.21976,-4.362337,-3.042877,1.982393,-3.573607,-5.357443,0.354578,3.145648,4.707975,2.144276,-0.231383,1.651976,1.396211,0.752197,4.899371,3.431925,2.572393,4.335002,5.427783,1.565851,,4.48019,3.730767,0.27417,-0.893929,3.710104,-1.857777,1.528958,-2.121851,,1.917175,2.524945,5.961525,5.507382,5.280317,5.345284,6.216734,5.390408,5.753172,5.850028,5.927648,3.755178,4.468156,5.804922,5.968087,6.000505,6.045639,6.045639,7.377543,5.894537,6.043545,4.814785,5.428359,5.505837,3.2442,4.601285,3.779848,5.713776,3.627684,,3.420683,1.740489,3.798124,1.734944,3.975159,4.436494,-1.808866,1.060548,-5.884052
ACH-000987,-4.051708,,,,,,,,,,,,,,1.426904,3.088719,1.880559,3.527457,2.000594,0.166783,-0.909783,5.880936,6.043148,4.239803,5.125144,4.936202,,2.567864,5.135911,2.506704,4.762703,2.588072,5.122554,5.721012,2.998873,4.20087,3.00991,,,,5.175307,6.353419,3.042759,3.788369,3.110576,1.755361,,4.438586,4.672613,5.033094,2.698204,0.461152,-1.3298,0.765561,3.535989,3.061052,4.221215,-0.189986,4.298124,-4.595485,-1.173473,,,3.8215,2.027547,5.388545,4.280194,,4.004581,3.041392,,,,,,,,,,,5.278313,,,,,,,,,,,,4.297366,,0.854407,3.486996,1.420413,5.091491,2.869688,3.820084,2.373094,-1.944824,-2.674345,3.593632,-2.722396,-3.229518,0.96735,3.708979,3.321395,2.811047,1.38039,2.528563,2.530857,6.502267,5.142194,3.68107,2.342141,6.150819,4.799826,2.380288,,5.732292,5.184927,4.847588,0.29217,4.106248,1.911086,4.458698,-0.232586,,1.665191,3.170851,5.028398,5.974734,4.05673,6.215246,6.322037,6.162912,6.093857,5.596412,5.509255,5.644136,5.500975,5.780406,5.858727,6.093422,6.169872,6.238943,7.434344,6.256242,6.039267,5.875715,6.106501,6.20279,3.812122,5.245085,5.5254,6.337086,4.928297,,4.625172,2.618658,6.106969,2.299122,4.412717,5.063696,-3.416043,1.672461,-5.017113
ACH-000694,-3.0444,,,,,,,,,,,,,,-0.390894,2.995187,4.088137,5.155679,3.356318,3.195092,2.522971,4.391055,5.037309,2.751266,2.294842,3.812173,3.314728,0.912477,3.769292,2.31102,3.831799,2.073414,3.281076,2.725658,1.566118,0.356135,2.512061,4.899566,4.231298,3.779681,3.762113,3.674085,4.489793,3.321841,1.853871,1.89034,3.555527,4.195657,2.662572,3.864214,2.341257,2.186666,0.542873,1.447312,4.580851,1.226727,3.148604,1.068924,6.857546,-5.34707,-1.439712,5.412434,3.951619,3.267207,1.132478,5.518905,3.435892,6.442661,4.131529,4.856108,4.223719,4.338869,3.627737,3.878607,4.292598,4.933957,3.864819,1.678072,-3.052687,4.354808,3.763714,5.476382,3.150604,6.530293,5.028427,3.920209,4.118468,2.855976,5.576102,2.731667,5.606644,5.59073,2.541234,0.09718,0.688807,4.033536,0.635469,4.806386,3.05686,3.60058,0.200268,-3.89229,-4.30498,1.920422,-4.025199,-5.953267,2.161938,3.564063,5.157528,1.877308,-0.085696,1.324435,0.67643,5.485627,4.804223,5.121904,4.215794,6.030188,5.748307,2.248835,5.005147,3.660693,3.289569,2.907986,-0.129081,3.632514,0.825088,3.064246,-0.918767,5.401936,2.212432,2.889851,5.378043,5.541383,4.440862,3.332529,5.061235,5.185195,4.581842,5.471484,4.610489,3.975185,0.821729,5.370905,5.555308,5.162965,5.609615,5.609993,6.727544,5.764479,5.927317,4.824573,4.395354,4.925562,2.216305,4.812236,4.177083,5.609993,5.448474,4.164751,2.839922,4.173318,4.163493,2.659274,4.261869,3.947514,2.812719,2.382178,-4.474736
ACH-000381,-1.778553,,2.893178,,,,,,,,,,,,0.327875,1.838868,2.16592,3.711831,2.009921,1.008711,-0.855291,4.490952,5.449582,1.582582,3.0005,2.955166,5.335212,1.516832,3.039194,2.307583,2.640774,2.300056,4.401548,2.820129,0.923419,-0.923289,1.913184,5.804668,4.857395,4.82605,2.661834,3.367352,3.015281,1.971137,0.837146,0.890655,1.93672,3.453319,1.760588,2.174569,2.741802,0.623715,0.70267,1.086706,4.209123,1.860023,4.035397,0.440138,5.596653,-4.024311,-0.573926,4.418308,4.771106,3.249105,2.492122,4.741694,3.6245,6.240485,5.246758,4.557663,4.835217,2.977061,4.759778,4.72479,4.462761,5.745144,6.291047,1.223902,-2.175362,3.266349,4.889626,5.704074,3.944228,6.314717,3.749803,5.603121,5.333357,3.031554,5.674951,2.658038,5.007653,4.765897,5.037518,1.570149,0.866276,2.856412,0.367592,4.903954,1.393979,3.628898,-0.792878,-3.682286,-3.176661,0.859387,-1.904822,-3.461844,1.443915,1.060486,3.728174,0.519242,-0.575215,1.220638,-0.122222,5.812877,4.771803,4.924291,4.408038,6.177891,4.379997,3.049928,5.729199,5.168211,3.908536,3.487513,1.398432,3.645865,0.981228,3.313778,-2.218003,4.533744,1.251923,2.433083,4.616358,5.53178,3.952123,4.117581,4.470213,5.625721,5.144796,5.352691,3.56238,3.868193,4.696312,5.452517,5.18213,5.197208,5.822358,5.434589,7.241371,5.49086,4.583821,4.335087,4.614673,5.499124,2.822731,3.681353,4.042156,5.778554,5.768926,5.654373,2.571645,2.315481,4.598837,1.63451,5.479582,5.335161,0.307075,1.748641,-3.701069
ACH-000343,-3.652394,,,,,,,,,,,,,,-0.506317,2.806943,4.055297,5.260257,3.92366,4.720014,2.289907,4.161445,4.15709,2.765664,3.092054,2.519302,4.897314,1.851496,3.614522,1.632672,3.722032,3.335033,4.662386,5.478623,3.762687,4.869993,3.869253,2.850139,1.475473,4.554155,4.538976,3.374811,5.287428,3.996165,3.737664,2.409453,3.883677,4.571716,5.06728,5.235177,1.853572,1.975284,1.623866,3.940084,4.187229,2.076379,3.115511,1.107708,1.336614,-4.197558,-1.314618,5.559986,5.611535,3.372044,2.387916,5.313455,3.752966,4.552968,4.658317,2.380527,3.38061,1.747717,3.26326,3.071642,4.074865,3.44223,5.427994,1.465028,-3.536723,3.458717,4.711269,4.86406,3.651212,4.680515,3.399174,3.372177,4.037177,2.473288,4.902819,2.25706,3.857933,5.103949,3.32563,-0.432602,1.766026,4.047067,2.7725,4.50681,3.353514,3.760438,-2.751704,-4.377813,-3.267138,2.560692,-4.287701,-4.63506,1.383715,4.701143,5.609682,5.128153,2.479771,3.579886,1.240849,5.043021,4.341023,4.417081,3.913963,6.687864,4.70697,2.486224,3.598562,4.602978,3.006458,1.773186,1.120524,3.606907,0.280112,3.597931,-1.033893,1.914044,3.762098,3.5892,5.705025,5.705025,5.690651,5.352744,4.808386,5.644103,5.341568,4.909006,3.905975,4.904746,3.564698,5.417902,5.129079,5.694891,5.705025,5.705025,6.718357,5.211179,5.632838,5.33548,5.440428,5.428092,3.151689,5.702106,4.666084,5.653368,5.37655,3.808047,4.942566,4.915792,4.13617,3.769201,3.735186,2.930611,,1.565277,-6.015482
ACH-000882,-5.937203,,,,,,,,,,,,,,0.897129,2.880766,2.154338,2.618918,2.74313,0.271758,-0.165599,2.836113,1.996907,2.985788,2.867516,3.731075,4.857849,1.936146,4.76876,2.089697,1.933975,1.853868,3.370578,4.081702,1.19793,1.813554,2.077117,5.473576,5.019073,3.293495,3.996745,3.871697,3.834708,5.258614,4.844015,3.084529,3.259126,2.189264,1.535526,4.296764,2.581219,0.602778,-2.419759,-0.038838,3.943656,4.218193,3.137784,-0.804401,3.945659,-5.644461,-1.338606,5.24553,5.181327,1.723941,1.992972,3.84549,2.692082,6.248264,3.763173,2.921544,4.313753,4.773227,4.705047,2.352257,4.065871,5.467887,5.281548,3.322341,-1.783007,5.224444,4.867011,4.784513,5.371989,5.739345,4.938983,5.356981,3.85138,2.242846,5.43034,3.126616,5.421824,5.474515,3.785742,-0.437098,-0.278763,2.550109,1.642593,2.109159,3.495459,4.061167,-2.084729,-5.183771,-3.821831,1.326161,-3.935741,-5.017655,-1.166605,4.425351,4.523868,2.943124,1.007665,1.569664,2.047267,4.943305,3.095642,2.846271,4.075775,6.147987,4.41771,-1.266617,5.321617,4.067168,5.173783,1.689318,-1.49268,3.684005,2.331854,3.345719,-1.117118,0.710979,0.720534,2.341355,2.679597,4.611658,4.347978,4.154081,5.219522,5.335419,5.437208,5.357107,5.474535,4.783244,4.19739,5.2163,5.19055,4.76149,4.709886,4.963094,6.640064,5.759944,5.328061,5.211671,4.635857,5.471161,2.72165,5.276633,5.345755,5.338065,4.318513,2.322445,2.038274,1.926245,4.720939,2.011669,3.672287,3.615474,-1.037111,,
ACH-000790,-2.770482,,,,,,,,,,,,,,-0.004546,2.108807,3.843706,3.379569,2.793066,1.941566,1.446898,3.839739,4.159515,2.027376,2.932814,2.543026,5.148083,1.852589,4.236803,1.196668,2.678679,1.214967,3.447881,3.181609,0.472913,-0.20634,-0.112805,5.049882,3.610346,3.515598,2.4107,2.730967,4.371347,3.951784,4.245849,2.59881,2.937258,2.967189,2.451952,3.601085,0.989111,0.45529,-2.19339,0.722519,1.877874,3.947721,2.227676,0.203814,2.960982,-5.227817,-1.054416,4.751383,4.968434,2.902984,1.977966,5.131134,3.542809,3.875533,4.171478,3.269987,3.430859,2.294048,3.068235,2.198793,2.704144,2.660885,3.341063,1.484718,-3.470178,2.677273,3.01186,5.014045,3.167089,4.932907,2.509786,2.879314,3.362697,1.892212,3.827386,2.069895,4.26682,4.66812,3.524421,-0.990707,-1.49678,2.787335,1.208614,3.480842,4.975375,2.249604,-3.763106,-5.394278,-2.5565,0.414419,-2.876948,-5.199623,-0.206135,2.655549,3.87488,2.431884,-0.296959,0.94114,0.281501,4.434731,3.318106,2.568151,3.522888,4.019604,3.462333,1.399688,4.708498,3.774023,2.658743,1.502825,-0.220526,3.198276,0.967012,2.485809,-1.344657,1.189973,1.231691,1.566055,4.134467,4.407029,4.816934,3.932917,3.932762,5.144444,4.718857,5.090722,5.038485,3.436361,2.9572,2.72,4.015421,5.13585,5.132601,5.017115,5.970479,4.955502,4.956845,3.785981,4.743696,4.98058,2.010468,4.054167,3.475567,4.291172,3.285715,3.455679,2.672572,2.215417,3.73057,1.434062,3.979712,3.068494,,-0.394998,-5.424987
ACH-000384,-4.08219,,,,,,,,,,,,,,0.237561,2.910712,2.648938,2.799231,1.772006,1.038996,-0.340908,5.210628,6.117598,3.606611,4.541067,4.00557,5.66975,2.302391,5.877152,3.464251,4.68138,5.637051,4.882053,2.521993,2.390572,1.922122,3.829078,4.805046,2.809206,3.332585,3.210228,4.23943,5.545722,5.428321,3.722257,2.166053,5.29452,3.666093,4.260781,5.120469,0.754339,-0.1373,-1.951119,0.901205,4.07509,1.986389,4.397326,0.661794,4.736243,-4.100164,-0.964628,4.689328,5.177605,2.562844,3.021251,5.703094,3.882033,6.733615,4.788125,4.202398,5.331894,4.132247,3.876749,3.751655,4.712925,4.990346,5.061831,5.20203,-2.552059,3.262822,4.927601,3.35626,3.635866,5.368054,5.331385,4.277824,4.430142,3.110715,4.529485,3.255178,4.785089,5.366128,4.116923,0.888919,0.832431,3.886093,1.363007,2.941514,2.916737,2.764878,-0.859119,-2.662616,0.217571,3.591653,-2.849889,-3.292242,1.574516,4.832378,4.386481,3.915855,1.350984,3.810626,2.94203,3.57532,4.88593,3.62695,4.671457,4.648075,3.731094,1.346434,5.252648,5.042682,3.853248,3.465692,-0.967063,3.808438,1.159713,3.701848,-1.447051,2.625463,2.905181,3.014157,4.91084,5.743003,3.95326,5.876727,5.135089,5.604337,5.822266,5.852826,6.13702,4.718449,4.986626,6.07844,5.572159,5.964121,6.128116,5.395917,7.30668,5.879767,6.32541,6.177362,4.552307,5.872377,3.525028,6.039646,5.107526,5.835132,5.019902,5.973097,4.523174,2.786856,5.073612,1.193948,2.267025,1.084967,3.315226,,
ACH-000945,-3.774017,,,,,,,,,,,,,,-0.236067,2.997143,2.46428,3.597778,2.455287,1.566582,0.460507,5.680452,5.101003,3.292864,3.971601,2.496576,5.551329,2.882451,4.627462,2.394279,4.726109,2.898019,3.187533,3.904978,2.004488,3.093588,4.10902,4.289267,1.929493,5.329259,3.582525,5.437196,5.028758,4.371537,3.577021,2.720696,3.96304,4.671716,3.87852,4.624701,1.744342,2.007621,-0.538339,1.409757,4.373113,3.429024,2.942148,0.810475,4.561037,-3.822374,-0.668743,5.437107,5.552164,2.307627,1.956854,4.430256,3.719612,3.160443,4.413253,4.761041,3.007356,2.958242,2.406174,3.088316,4.738877,5.098624,3.646428,2.628029,-2.888422,3.787851,5.523785,4.382743,4.989066,5.771943,4.322627,5.272752,5.559489,2.343763,5.321004,2.816332,4.763276,5.297325,3.306771,1.3881,0.494328,3.118892,1.410835,5.019777,2.691544,3.681908,0.51643,-2.327924,-0.565781,4.299966,-2.863895,-2.430235,0.254591,3.021399,5.276834,4.980668,1.43532,2.34968,1.761757,5.568942,4.822514,4.826778,4.181176,6.029795,3.671533,0.790362,5.285995,5.12593,2.363654,3.552253,-0.806244,3.852129,1.065282,2.527891,-2.658685,2.548369,1.868504,2.321627,3.437969,5.316147,3.833024,4.103243,5.019511,5.063029,5.555852,4.60293,4.997087,4.187158,4.292561,4.583535,5.162337,5.314355,5.555192,5.55311,6.7279,5.779649,5.510152,4.976451,4.548668,5.407876,2.842373,5.067174,3.944484,5.265122,5.269027,2.723372,4.451437,2.880973,4.147386,2.873621,3.712393,3.218419,2.61557,,
ACH-000522,-4.199929,,,,,,,,,,,,,,-0.213214,3.96195,3.829071,4.910686,3.661515,2.291098,2.242455,3.987604,5.943875,2.816463,4.648206,3.960612,,2.858254,4.4965,2.758926,5.137169,2.191154,5.438992,5.263414,2.231452,3.610614,3.702977,,,,3.834792,5.575498,2.935728,5.273316,2.226305,1.515707,,3.493477,3.922006,3.932244,2.333802,-0.879119,-1.881403,0.389767,4.699651,0.664099,3.143569,2.951625,3.223776,-4.123135,-1.069276,,,3.174147,2.71145,5.28544,3.980891,,3.621348,5.159044,,,,,,,,,,,4.6081,,,,,,,,,,,,3.680182,,0.033356,3.512088,2.039792,5.537087,3.146618,5.038747,0.172652,-4.098639,-3.663354,1.842195,-3.073182,-4.118953,2.764127,4.544952,4.088913,3.451952,1.279478,2.217174,1.508662,6.287248,5.412684,4.718842,3.684456,5.708207,5.253725,-1.44265,,5.340192,2.935587,2.582061,-1.069775,3.992355,-2.915444,1.520668,-3.7315,,2.879797,2.535827,5.563046,4.616915,4.956683,4.742931,5.844719,5.709237,5.423697,4.831819,5.199693,3.397485,4.442262,4.807221,4.98733,5.743555,5.793095,5.793095,7.219024,5.44762,5.787006,5.440409,5.696919,5.055292,2.413018,4.435842,4.699194,5.068188,5.222082,,4.024039,4.824379,5.355623,3.657679,5.367116,3.203812,0.697619,1.186942,-4.698825
ACH-000359,-4.055613,,,,,,,,,,,,,,1.008158,2.306019,3.677234,4.780723,2.581486,1.560457,0.738532,5.012924,5.477607,3.043124,3.621284,4.091741,5.500804,3.441852,4.793825,2.124735,3.301154,3.691063,3.945116,4.757581,1.757672,3.590588,2.23017,5.704263,4.811741,4.555539,2.710138,4.700922,3.539687,3.426493,1.09194,0.544051,4.153698,3.029007,2.504142,4.08014,1.176992,-0.916596,-3.232615,-0.910547,4.664481,0.080756,2.901412,0.966701,3.175852,-5.860164,-2.054631,5.728293,5.790279,3.487641,1.726106,5.87109,4.252148,3.715368,4.029487,1.296499,3.087486,0.770906,3.943781,3.497362,5.163386,5.489049,4.673569,1.535997,-2.252212,4.399571,4.831077,5.728491,4.645753,5.232975,5.214931,4.778039,5.851527,3.409056,5.766871,3.410844,5.492905,5.253744,2.563651,-0.400796,0.22665,2.54898,0.478707,5.638141,-0.509735,3.303464,-2.772972,-5.376814,-3.501428,1.60733,-4.347612,-5.629393,-0.171258,3.918703,5.576146,3.154237,0.624001,2.265916,1.094677,5.342888,4.456503,3.587611,3.622731,4.44455,4.70158,-0.899572,3.937243,4.24289,2.520401,0.625132,-0.7904,3.659394,-2.748415,2.071473,-3.388541,5.122265,2.368934,3.182628,5.824637,5.31555,4.258744,4.458156,4.114886,3.901918,5.231818,4.565151,5.474273,3.647289,4.078489,4.679737,5.17751,5.327696,5.787052,5.873113,6.311193,6.122554,6.018419,4.984862,4.317427,5.683518,2.36796,5.016242,5.100505,5.092753,4.294902,4.512115,3.849469,4.697165,5.375971,2.606694,4.844706,2.94366,1.074652,0.639347,-6.850757
ACH-000292,-6.396768,,,,,,,,,,,,,,-0.025868,4.004449,4.408925,4.541052,3.623732,2.752812,1.950243,4.79833,5.721794,2.628256,2.539874,4.143996,5.673367,2.057604,4.490868,1.83148,4.752086,1.951648,3.260482,3.816821,2.780925,2.686886,2.267967,5.812659,3.622534,3.610712,,3.651531,4.532244,4.255914,2.717638,1.794071,4.88841,4.077436,2.94727,4.23103,1.343014,0.044982,-1.641261,0.423003,3.678602,3.945961,3.666815,0.617319,3.059353,-4.011515,-0.961252,6.055483,5.391614,3.099921,,5.714534,4.183502,6.751088,,3.674644,4.052904,4.280198,3.90087,5.078286,4.633202,4.24112,4.478194,1.800703,-2.918681,3.125335,4.5319,5.731443,3.193036,4.851807,3.690013,4.292615,4.007259,2.98599,5.841577,3.233289,5.580415,5.901784,2.579866,-0.308593,-0.099288,2.806415,0.707958,,0.206293,1.947,-1.309496,-5.343081,-4.035859,1.6361,-3.207533,-4.96745,1.539713,4.856388,3.985482,2.49696,1.513258,2.15198,0.440767,4.982188,4.615482,3.914266,4.060349,5.951494,4.922423,2.206619,5.703363,4.45915,3.938055,2.237086,-0.478651,3.586686,1.538913,4.252724,-1.111011,4.083259,1.978955,2.440426,5.840942,5.680917,4.321652,4.234314,4.653858,5.783016,5.792688,,4.988888,,3.778998,4.148748,5.633785,5.38158,5.844528,5.844528,6.475583,4.993989,6.195142,5.27163,3.882108,4.446767,2.72375,4.91994,4.710048,4.795551,4.907504,5.739361,3.319111,4.662797,3.930756,3.053146,5.249816,4.38394,1.051782,0.60864,-3.545875
ACH-000361,-6.213839,,,,,,,,,,,,,,0.653182,3.72558,3.451853,3.974507,3.03666,1.883252,1.553581,2.962098,4.196263,2.076129,2.121995,3.897707,5.573227,3.324976,5.660592,3.112519,6.021202,3.538334,2.894624,4.166341,4.181864,,2.022564,5.529237,3.403878,3.948847,3.507577,4.666321,5.592955,5.362718,4.076713,1.876615,4.718746,2.524902,3.401516,5.216543,1.453487,-0.479479,-2.457305,0.110911,0.965943,3.493144,2.981726,1.706644,4.14138,-4.739253,-1.204086,5.383057,4.327519,3.224274,0.765889,5.38684,3.594667,5.768266,5.386911,4.115908,3.849331,3.479823,3.621369,3.429469,4.903566,4.931934,4.770129,3.438486,-3.792224,3.741672,4.90204,5.220856,3.016116,5.363136,3.909938,5.498119,5.202972,2.652385,4.889717,3.103862,5.253483,5.393634,2.284286,-0.239534,0.302513,3.154575,1.578519,3.104746,2.502481,3.296675,-0.138714,-4.965124,-3.548045,3.790936,-2.778204,-4.320148,-0.16477,4.851116,4.230062,4.805705,2.380736,3.803334,2.466653,3.742175,4.972075,3.219405,3.54486,5.311727,5.198445,-0.7429,4.157673,4.479446,4.376716,2.165296,-1.04639,3.709632,1.133197,3.176589,-2.164699,4.045247,1.492565,2.283431,3.419364,4.669521,4.119958,2.357506,5.122252,5.622314,3.893923,5.318773,3.842339,4.810472,3.941336,4.606537,5.178137,4.695815,5.627561,5.627561,5.877317,4.65461,5.420539,4.376724,5.520719,5.073859,3.409353,5.086377,4.484133,5.212901,4.037817,3.372134,4.848472,4.597193,5.394877,3.393918,3.450575,4.151153,2.586228,2.457714,-5.188416
ACH-000974,-5.294975,,,,,,,,,,,,,,1.201231,2.339681,3.124035,4.208816,3.355025,2.205961,1.507523,3.037943,3.157201,2.463607,3.193419,3.61326,4.142932,1.796477,2.36929,1.741112,3.863332,4.376013,3.979033,1.849595,2.125518,1.931595,1.471957,4.639284,-2.596741,3.014865,2.521642,3.972327,4.60067,3.775596,1.671735,1.183522,4.048902,3.626748,3.23225,3.511088,1.410239,1.528539,0.443947,1.172184,3.773271,-1.287507,3.079671,0.126002,5.031859,-5.08163,-1.628924,5.283689,4.88129,3.033351,0.557537,5.271111,3.743145,2.828751,3.457122,4.01187,4.87327,3.370251,3.865413,3.537678,2.354406,4.547394,2.771237,1.622469,-3.565192,4.822206,3.742404,4.58339,3.150904,6.441605,4.011826,4.715136,4.829335,2.986717,5.262139,2.887609,4.968486,5.122304,4.610082,-1.263569,-0.95654,2.093808,1.506704,2.436701,0.397618,3.77126,-3.658639,-5.62137,-4.569757,1.24423,-5.121203,-5.88237,0.661792,2.205474,2.231479,0.163603,-0.239036,1.899515,0.334229,2.758267,4.607777,3.924767,3.235287,4.611008,3.125053,0.764383,3.20912,4.431022,4.132795,1.11722,-1.697816,3.182619,0.055095,3.802113,-2.199722,3.967569,2.185585,2.660848,4.731884,3.87614,5.244328,4.998877,4.175894,3.663298,4.172449,5.034408,4.897914,2.636364,3.134703,4.805983,4.307418,4.31695,5.328358,5.322098,6.530205,5.392562,5.493231,5.577222,4.556433,4.45215,2.855563,4.183716,4.574117,4.895656,4.564623,3.566632,4.03565,4.869455,4.715617,1.720242,3.550007,3.815972,0.38526,-0.209552,-5.264699
ACH-000693,-3.904219,,,,,,,,,,,,,,-2.284523,3.328,2.355468,3.827966,4.013647,2.652128,1.389188,4.060515,4.995352,0.731629,0.990813,1.853055,2.241444,0.773025,1.301429,0.877177,2.496077,2.746546,3.902186,3.818824,2.934918,2.980745,2.374273,4.285945,1.931184,3.394608,2.87198,3.630432,4.339465,3.302419,0.678348,1.31447,1.586112,3.172296,1.920318,2.372103,0.872181,-0.105144,-2.070137,0.490254,2.758849,-0.245181,1.44326,0.154253,1.938265,-5.18754,-1.226254,4.91687,3.251617,1.423498,1.661913,4.80042,1.863108,6.069653,4.142761,3.213656,3.956958,3.116861,2.778594,3.027794,1.301977,5.094991,4.595597,2.625831,-3.752364,2.252803,4.861527,4.537913,3.100668,5.002028,4.959284,4.949636,5.080396,1.636886,5.006825,2.540482,4.927283,5.037791,2.506626,-1.5543,-0.00475,2.482227,1.156753,2.980849,2.741088,3.737244,-2.241457,-4.772435,-4.821788,1.039415,-4.599308,-5.979552,1.067339,3.397362,2.596066,1.065264,-1.014084,1.433467,-0.325314,4.921274,4.14654,4.180595,3.697008,2.318998,2.164033,0.232632,5.040201,4.468509,2.603526,2.519035,-1.086161,3.147623,1.002289,3.099618,-1.117451,3.381717,2.190589,2.237982,2.57945,4.899806,3.372729,4.704168,5.069034,5.034109,3.826183,4.667578,5.117325,2.978986,3.64843,4.881551,5.034169,5.121181,5.123416,5.123416,5.566782,5.384255,4.825238,4.632176,4.056535,4.857422,2.883371,3.907054,3.885422,4.964743,4.95307,3.483834,3.956578,2.306665,3.772717,1.639597,4.310915,2.28954,-3.710331,,
ACH-000621,-3.512623,5.472333,,4.217212,4.17991,,3.337664,,,,,,,,0.667691,4.260423,3.892615,4.859779,3.698002,3.208561,2.299928,5.962244,6.573107,3.338122,3.859804,4.100069,5.670535,3.007122,3.386132,3.602241,4.028263,3.806384,3.563989,4.617968,3.332346,3.563587,1.874664,5.057909,3.481803,1.957078,3.222718,3.117919,4.76361,4.301407,3.830359,2.585588,4.218611,4.392143,3.107005,4.507136,2.445718,1.164471,-0.573323,1.362822,5.238003,3.625413,4.120891,-0.088712,5.352469,-5.461418,-1.252132,5.719674,4.490797,3.427744,2.511505,6.252562,3.543917,5.167459,3.46708,3.928775,3.449026,2.724036,4.876274,5.276205,1.677769,5.646496,4.837952,2.422423,-3.727024,3.743939,4.057531,5.468374,5.050856,4.427399,3.379481,4.320754,3.121961,3.057257,5.365314,2.829917,5.204059,5.656354,3.91809,-0.979895,0.758458,3.862882,1.246807,3.511696,2.449962,3.084019,0.8683,-4.246418,-2.051593,2.653509,-1.428817,-3.43646,-0.369259,0.987127,2.80558,0.152483,-1.983174,1.764399,0.760101,4.950455,4.908306,4.095374,4.611699,3.488679,6.00246,-0.86713,4.752657,4.340293,5.373173,3.82484,-0.307066,3.747741,-1.319969,4.335481,-1.171441,2.856147,1.742462,2.638171,5.631442,5.720594,5.625232,5.628635,3.806817,5.614001,4.990962,5.154148,6.508477,3.316455,4.162941,4.877869,5.142089,5.248027,5.730329,5.730329,7.221216,5.60073,6.046261,5.677752,5.009451,4.67827,2.593972,4.344913,4.279466,4.814031,3.478281,4.276947,4.505977,2.588192,4.411181,3.229308,4.153596,3.05854,0.115413,1.32655,-4.558761
ACH-000183,-5.61504,,,,,,,,,,,,,,-1.764462,2.311476,3.935184,3.466339,3.144758,3.387489,1.723364,2.885618,2.509565,2.149019,2.630833,2.68375,4.421774,1.275031,3.839014,1.502673,3.147489,2.358435,2.127899,3.587668,0.753716,1.746409,2.410749,3.357262,1.431408,4.137617,2.361526,3.293396,2.954536,1.607918,0.421277,0.70655,0.643546,1.120305,0.347563,2.55086,,-1.775,-2.308634,-0.385755,1.523899,1.76135,1.103894,0.882215,3.948344,-4.904217,-1.866992,4.421698,4.421774,1.371134,1.417332,4.421454,2.760135,2.637912,3.352383,-0.095965,1.831903,1.019171,2.669669,1.545561,1.044527,3.834408,3.968169,0.067855,-3.962621,1.624633,3.050719,3.059549,3.344863,4.314538,3.1402,3.702286,3.189259,0.569923,3.61368,1.285398,3.161257,3.860607,2.432681,-0.80918,0.10985,1.586762,1.052116,1.960894,3.962156,2.876356,-4.181943,-6.22822,-4.826922,0.790632,-4.907684,-5.158763,-1.672858,,2.725978,1.143858,-2.18724,0.556135,-0.931897,3.949906,2.668967,2.480464,2.954098,3.417615,3.957226,-0.803895,4.049324,4.511359,2.031842,2.812336,-1.272791,2.559335,-1.057473,3.891953,-1.351523,0.874451,0.471782,2.019054,4.421774,4.421774,4.408394,2.746148,4.209536,4.039873,3.561022,4.391653,4.421539,2.817544,2.572746,4.086907,3.902991,2.801604,4.416222,4.421774,5.656398,3.363577,3.816161,3.323136,4.421774,3.839747,0.703475,4.085005,4.318547,4.31602,2.643335,1.560153,2.063489,1.751147,1.530757,2.031632,3.694894,2.734761,1.399332,-0.173155,-3.730484
ACH-000821,-5.337994,,,,,,,,,,,,,,0.053216,3.32132,4.652847,4.889825,4.022174,2.709521,2.44496,5.24291,3.093123,2.771417,2.386208,3.068262,4.972168,2.356579,4.516112,1.774104,3.106492,0.561065,4.755902,2.762396,3.5467,0.978746,1.188388,4.973397,1.829576,3.171004,2.819593,3.244708,3.574603,2.778904,2.151968,1.179615,3.184022,2.15674,2.871348,3.668759,1.079208,-0.351157,-1.655538,1.487399,2.621645,2.365664,2.166074,0.038816,4.914086,-5.273954,-1.662801,4.358874,4.888892,1.586966,1.660529,4.648153,3.347265,5.945123,3.563451,1.601213,2.831096,4.522793,4.09812,4.034177,1.67885,4.858975,4.628397,0.775611,-2.928676,2.547699,4.27491,3.900995,3.567664,5.449163,4.217542,3.874411,3.533152,2.564933,4.652825,2.516446,4.957077,4.973365,1.939923,-0.21226,0.474975,2.217905,0.851801,3.368955,4.169106,2.952548,-3.264758,-4.273539,-4.191512,2.87582,-4.636685,-5.171652,-1.330518,0.096179,1.266105,1.720849,-0.456658,0.844494,-1.178764,4.523257,3.17475,4.156271,3.545695,4.540261,4.873569,2.223059,4.969401,3.869661,3.389248,1.565982,-0.416863,3.152492,-3.145847,3.124626,-2.621631,0.610131,1.039647,2.206183,4.146233,4.764668,4.176575,4.973397,4.983293,4.882547,4.964702,4.818769,4.934643,3.257188,4.015344,4.593637,4.884601,3.924169,4.946593,4.961308,6.049608,4.164914,4.315421,4.957589,3.902231,4.970012,2.950663,4.933322,4.929373,4.33179,4.20694,4.833336,4.973397,1.637756,2.158753,2.561535,4.212052,2.464276,1.843362,,
ACH-000221,-6.120701,,,,,,,,,,,,,,0.573684,2.289931,2.229593,3.560488,2.865742,1.656975,-0.13754,5.207378,5.16986,3.121057,2.170569,3.899449,3.308336,1.667399,4.721248,1.256445,3.274095,1.088012,2.331766,3.54811,1.120256,2.557117,2.863783,5.393884,0.369214,3.105294,3.29779,3.463292,4.222222,5.53429,3.830195,2.821739,3.741127,3.971891,2.354264,3.575312,1.9417,-1.390495,-1.803821,2.828045,2.797275,3.451767,3.271243,-0.582454,4.717321,-4.392846,-0.734409,3.730453,3.043044,1.759158,1.134591,4.43566,3.05357,5.846561,4.897278,5.703874,2.106006,2.497194,1.318512,2.711592,1.379049,2.889776,0.687733,0.179742,-4.491514,1.742081,2.295609,5.428837,3.764851,4.325766,1.779076,3.218582,2.876602,3.108977,4.163518,2.612261,4.888823,5.484858,2.664146,-2.120733,0.001613,2.877879,0.650549,2.158293,0.080326,2.050579,-2.491689,-4.880104,-3.52042,1.588051,-3.53593,-5.117168,1.572954,2.642465,3.59239,1.063113,-0.205016,1.584303,-0.410792,4.957682,3.875928,3.231403,4.220509,4.232676,4.166664,0.999932,3.474474,4.346315,4.626206,0.153426,-1.758756,-2.357177,2.766585,2.533715,-1.29226,3.499974,2.260098,2.047256,4.898604,5.020571,4.928712,3.974444,5.366522,4.698102,4.889591,5.425555,5.647615,3.967505,4.706018,5.023544,5.679804,5.561097,5.692713,4.962817,5.82449,5.262872,4.964845,4.756175,5.388218,5.436246,2.829798,5.603927,4.573716,5.582665,5.668371,4.805718,2.521405,2.895063,3.569603,2.755843,3.059141,2.191932,-3.706213,,
ACH-000969,-3.249777,,2.899302,,,,,,,,,,,,-1.563682,0.836213,0.20828,0.814425,-0.208726,-1.487983,-2.623753,5.450307,3.023985,2.412948,2.406261,3.073887,4.698902,2.580619,5.774684,1.29259,2.729794,3.036716,3.477512,5.311909,1.665358,1.450833,2.360851,5.708155,1.98236,5.489909,3.935878,4.451426,5.480844,5.546709,2.22826,1.640632,5.328653,2.672373,-0.429049,1.444912,0.945294,-1.638927,-2.392994,0.357007,3.193355,4.622603,0.483479,0.530986,2.943051,-5.620285,-1.731954,2.804315,4.853062,1.212036,1.943651,6.147652,0.070657,6.542455,3.368088,2.065804,1.919082,1.568281,0.920019,1.028952,1.418885,4.321075,2.259665,5.743758,-3.621221,5.31691,5.249761,5.141954,0.900691,4.483873,3.777147,4.747595,4.765251,2.06675,5.693758,2.618017,5.614153,5.587071,2.31716,-1.714451,0.418217,-0.721538,-2.337674,2.330886,0.883592,1.970563,-2.09081,-5.658832,-4.192134,0.912433,-5.058474,-5.153757,-3.262492,3.927867,3.967535,1.520831,-2.256264,1.032042,-0.799504,6.259171,4.103508,0.566926,3.14209,2.714481,3.647496,-0.693808,5.369195,4.521025,3.37156,0.619816,-2.462893,-2.883226,-0.964625,3.491217,-2.014425,2.119326,1.400323,1.883061,3.298299,4.711679,4.943071,3.94181,5.215292,3.588412,5.345867,5.442869,4.900034,2.996226,3.666331,4.575754,5.730141,5.585202,5.613863,5.748572,6.757289,5.776114,5.584876,5.289332,4.486767,5.264887,3.663964,5.174005,5.59648,5.357161,4.881539,2.707289,2.815214,2.248619,4.623886,2.34631,5.255658,-1.59385,-2.811293,,
ACH-000965,-4.346894,,,,,,,,,,,,,,1.422863,1.25858,1.828681,2.079171,1.18296,-0.208522,-1.569714,3.233056,5.038257,2.765944,1.960311,2.395395,4.194329,1.711074,3.795267,1.609537,2.651782,4.77843,3.234967,4.836575,3.533858,1.52192,1.655639,5.550525,1.829063,2.271861,2.213611,3.485359,3.882985,5.358127,2.803305,2.212882,0.95749,3.118537,0.058107,1.077753,0.399099,-0.4599,-0.674881,1.803419,4.314052,1.975875,3.021406,-0.721553,3.406682,-4.218263,-1.279163,5.513363,4.540449,1.543334,1.208512,4.203433,2.025313,6.141665,5.100401,2.269168,2.996192,2.043433,4.68001,3.530282,2.602433,4.15037,1.583544,4.689903,-3.148039,4.187663,4.468341,5.16363,2.609743,4.811328,3.844395,3.369356,3.715819,2.367776,4.262953,2.016291,5.161111,5.13065,2.34576,-2.202541,-0.164757,2.703751,0.690134,1.69363,0.524487,2.247536,,-4.804464,-4.126669,1.246395,-4.515809,-5.279443,0.21794,4.090067,5.514347,1.771312,0.456326,1.451648,-0.014679,4.931927,3.849269,3.47475,3.799287,4.092585,5.35342,-1.954666,5.197236,3.603004,2.877826,1.692613,-0.278357,-2.939337,0.96253,5.39874,-1.164401,1.665804,1.165401,2.062488,3.960189,5.529099,5.352548,5.389679,4.841719,5.253499,4.468205,4.584044,5.588826,3.736389,3.254222,5.571973,5.591658,5.545907,5.519016,5.593162,6.224126,5.411635,5.759994,5.103931,4.786276,5.539227,3.039428,5.104144,5.454884,5.085265,4.94015,3.835336,4.188354,2.324198,4.45816,2.180622,3.546068,3.277173,-2.193252,,
ACH-000570,-2.460074,4.968014,4.759716,4.720335,2.704529,2.555065,3.373861,1.527425,1.811324,4.849122,4.516041,4.727855,2.797239,5.638073,-1.320467,2.267144,3.220325,3.876242,3.061596,1.967889,0.407173,3.850303,4.372049,2.149908,3.529236,3.183755,3.097019,1.638558,3.005426,3.076149,2.621684,,3.552857,4.014688,2.117884,3.715394,4.312724,0.96556,,4.063431,3.227941,5.775615,3.721322,5.504735,3.582702,2.398676,3.84729,3.367719,2.40589,3.619291,2.191202,,-0.857676,0.810349,2.902983,0.597641,4.165069,,,-4.514721,-0.733364,3.979112,4.508128,3.533076,2.765412,5.838765,4.199106,5.718935,5.750542,2.985755,3.404656,2.512235,3.103474,4.17276,4.267138,4.98744,5.154084,1.203632,-3.606123,3.531117,5.226144,5.838114,4.887958,5.550796,5.440209,4.618512,5.322149,3.505136,5.631834,2.615629,5.80505,5.838765,4.449,0.276437,0.533197,2.766144,0.921375,1.673312,1.329771,3.566421,-1.532159,,-4.564575,2.255167,-2.601804,-4.693567,1.25935,3.652393,3.939057,2.146222,1.369889,1.407819,1.306869,4.113528,4.422569,3.182766,4.415379,4.36952,3.764243,0.049489,4.371829,5.195307,,,-0.568598,-3.225249,-2.78436,1.227506,-2.783708,2.896982,1.872957,2.287041,5.557816,4.985997,3.438544,3.491214,4.508232,4.098637,3.447812,5.426584,5.838765,2.906894,4.312315,4.432159,5.687797,5.811092,5.833718,,5.916248,5.564323,5.772676,5.657321,5.145304,5.838765,3.535089,5.838765,4.403287,5.733858,5.058085,5.82059,5.819078,3.401888,4.634618,2.83048,3.756004,5.441373,1.853917,,3.11597
ACH-000619,-4.562582,4.172918,4.739196,3.749417,3.578512,3.417059,3.700736,-0.287215,1.694561,3.891158,4.496169,4.541422,2.70642,5.504141,-1.530867,2.019066,0.82947,2.190626,1.031737,0.099728,-1.717246,3.353631,3.982698,1.439968,2.496128,1.793142,1.925626,0.934117,3.171866,0.925359,2.510375,,4.09451,3.9155,3.390727,2.972353,4.459147,5.149624,4.350617,3.520164,3.718519,5.607543,3.118607,3.105307,1.259786,1.450324,4.481182,3.174997,2.820534,3.913083,1.290803,,-1.750115,0.727461,2.374386,-1.581301,2.796827,,,-4.27244,-0.665164,4.80049,4.302088,3.417312,2.690299,5.702135,3.860102,4.462036,4.563541,2.697317,3.814776,2.436067,3.760237,3.261053,5.02675,3.918134,3.685132,2.539392,-3.225159,3.613794,3.386904,4.798241,5.698285,5.922555,5.152713,5.39428,4.653567,3.065311,4.80298,2.521802,4.993581,5.719627,4.080224,-0.352384,0.530631,3.638112,1.392533,2.113125,2.608184,4.399272,-1.352729,,-3.670016,1.671535,-2.625733,-3.989076,1.994884,3.890398,5.154647,4.290355,3.153315,1.716954,1.217914,4.633537,3.087458,4.020777,4.211821,2.960137,2.776121,0.620861,3.609497,4.337701,,,-0.849185,-3.152176,-2.653955,1.98959,-2.232855,2.890631,1.518314,2.223512,5.719627,5.489448,3.283541,4.34873,4.601963,3.514784,3.421359,4.185891,5.712666,2.814523,4.349903,4.884713,5.712276,5.704469,5.719897,,5.587686,5.296083,5.467587,5.318683,5.410933,4.969502,3.417312,5.555961,4.739779,4.94341,4.710239,5.612661,5.437949,3.562414,5.181252,2.842762,4.075367,5.181999,2.589401,,3.296951
ACH-000318,-2.885491,3.944435,4.800427,3.919073,2.316837,3.032173,2.752072,-2.513924,1.906504,4.927117,3.858545,4.8955,2.006632,4.505548,-1.204468,2.454451,2.095531,2.40195,2.352836,1.283828,0.241765,4.019648,4.669016,1.8891,2.972039,2.537415,3.095986,1.077459,2.22137,1.005727,3.298682,,3.2664,3.565128,2.045687,4.004816,3.021473,4.436317,3.933446,4.115773,3.910267,4.779834,3.400883,2.100024,0.686636,1.302586,4.01192,2.876436,3.260875,4.863805,0.612697,,-2.01624,0.472139,2.656671,-0.99974,2.563213,,,-4.861843,-1.325317,4.46376,3.023265,3.005185,1.027851,5.104074,3.411901,3.53952,3.249852,1.308998,2.549429,0.58696,1.957353,2.597048,1.318392,4.159003,2.848124,0.255318,-2.741082,1.974,4.800551,5.331948,4.62432,7.290914,4.33544,4.435973,3.206596,2.479614,5.327386,2.551675,5.271049,5.318429,3.878401,-0.248172,0.486092,2.19006,1.159297,2.779369,1.495827,3.251678,-3.84923,,-5.513206,0.29008,-4.86975,-5.901184,1.72414,1.52758,1.707913,0.575075,0.272359,0.443594,-0.236336,4.213424,3.73821,4.567824,2.771831,3.57169,2.854649,1.523434,3.301497,5.616033,,,-0.210006,-3.645761,1.151633,2.458982,-3.215426,2.94642,1.590406,2.439179,3.346245,4.26132,2.292357,4.693705,4.26043,3.589307,3.543344,4.350738,4.443909,2.101104,3.457751,4.901445,4.889105,5.228008,5.323298,,6.011788,5.272273,5.324451,4.868177,3.788735,5.31872,3.029363,5.331948,4.504209,4.799068,4.868948,5.329851,5.329576,3.460074,4.584055,2.176854,4.609672,3.996457,1.853414,,2.78623
ACH-000067,-4.917953,3.071549,3.118961,3.044541,0.238427,1.683017,3.364334,-1.542027,2.808776,5.407876,5.174191,4.668367,1.851834,3.195399,-1.900384,2.060618,3.218811,3.974274,2.0744,2.346071,0.506089,2.49465,4.900629,1.449613,3.676302,1.762927,3.70378,2.291588,4.426975,3.304372,2.248653,,4.077368,5.124424,2.981114,1.985374,2.460141,4.995362,5.072075,4.187626,3.798538,5.407876,1.81446,2.778799,1.332829,0.624898,3.302316,2.495151,1.835028,3.367751,-0.633183,,-2.04939,0.932149,1.583063,0.389069,3.781773,,,-4.779859,-1.311411,4.606183,4.128636,2.940371,2.295399,4.555135,3.693722,3.125516,4.516904,1.064268,2.540406,1.171831,3.028498,2.05862,3.413895,4.85562,3.728879,-0.019058,-3.159715,2.64884,2.871771,5.381064,5.355072,4.910055,5.407876,4.56623,3.980759,2.992702,5.400689,3.004291,5.115348,5.352373,5.092584,-0.274768,0.249957,2.698894,0.443486,1.91915,-1.067861,2.257925,-2.748914,,-5.545748,0.591028,-4.333169,-6.521924,1.092813,3.853481,3.893163,1.581039,0.038768,0.845335,0.10599,3.20818,2.323809,1.992043,1.892446,3.704849,4.0952,1.260985,4.854181,4.609937,,,-1.006833,-3.919712,-2.180494,1.121359,-4.145162,2.150579,1.16701,2.555975,5.395332,5.371724,2.823809,4.38041,5.277643,3.19955,4.580307,4.710467,5.407876,2.122872,4.586013,4.292992,5.108451,5.402591,4.571347,,6.14968,5.361178,5.142233,5.077621,3.328053,5.407876,3.104833,5.360414,4.929361,4.649411,4.927655,5.407876,5.406986,5.390269,5.407876,5.300511,3.407522,5.060307,2.698468,,2.703565
ACH-000688,-6.113238,1.499438,4.704888,4.437245,2.203078,1.315319,0.867238,-0.407551,2.905861,4.770328,4.75246,4.221646,1.782868,2.793407,-1.496943,1.87174,2.278005,2.958639,0.736263,0.332606,-0.251903,2.941667,2.636688,1.557503,3.790323,2.984464,3.999561,2.545329,3.173437,2.065817,2.968176,,2.896532,3.292326,3.913042,2.504634,2.339012,5.14013,2.815138,3.754477,3.160252,4.73285,1.366069,2.605932,1.020838,0.479349,3.153349,2.582813,2.539613,3.449507,0.61267,,-2.351606,0.121685,2.863157,-3.544928,2.492799,,,-4.640603,-0.945822,5.001983,3.219484,3.225962,2.482258,3.290336,3.804372,5.376131,3.749302,0.175177,1.951015,1.39038,2.062177,2.796224,4.33965,4.065473,5.58288,0.362672,-3.20606,4.12861,3.327946,3.964955,2.278382,6.548534,4.772486,5.245311,4.880216,2.97933,5.522586,2.540846,5.166223,5.506825,4.5729,-0.139212,-0.138356,2.447608,0.249401,1.954637,0.491917,3.763009,-2.089662,,-5.290559,1.118053,-3.5864,-5.820477,1.218216,4.670399,3.054218,2.177619,0.529193,1.671644,0.420986,4.694694,4.249924,4.062721,4.126349,3.862636,3.54271,2.568982,3.315215,4.031404,,,-0.370518,-3.193312,-1.907241,1.477211,-3.521347,2.52766,1.838495,2.082573,5.220039,5.116052,3.436497,3.954717,3.064157,3.526257,4.917682,3.896858,3.890018,1.012637,3.657291,4.419023,5.555021,5.351491,5.389193,,6.254134,4.926112,5.248859,5.507376,4.356666,4.971442,3.248481,5.547914,4.377254,4.011783,4.023422,5.557887,4.99543,3.496828,4.623579,2.186301,5.100603,4.585616,3.048207,,3.116454
ACH-000521,-3.743559,3.071483,6.186387,3.189727,3.443058,3.267148,3.044017,1.910491,3.624546,4.012508,5.447787,4.970394,3.187659,5.779237,-1.246803,1.837663,3.033016,2.734581,2.533599,1.224654,-0.531077,3.207012,4.510931,0.420572,1.936319,3.187118,2.129409,0.673159,2.022331,1.017098,1.954863,,2.628611,5.208596,3.876571,3.243552,2.965572,5.297636,2.740256,5.693101,3.972163,5.434447,1.934381,3.107466,1.63768,1.249307,3.885537,1.736045,2.370099,3.851018,0.04383,,-2.255209,-0.087565,1.863092,-1.548406,1.46481,,,-4.850061,-1.225562,4.789134,3.527698,3.838008,2.840194,5.937378,3.456437,4.879446,5.13802,1.74786,3.442372,2.566645,2.874022,2.374612,2.36565,4.231405,5.885277,1.35986,-2.669349,2.256148,4.579234,4.224559,3.936893,5.106243,5.692944,5.344953,5.016864,3.790345,6.181329,3.64292,5.0828,6.186387,3.914738,-0.779807,0.567381,2.238136,0.643663,2.630817,2.967628,3.509138,-1.363245,,-3.928645,3.231805,-2.505915,-3.443411,0.574603,4.250889,3.365916,2.198543,0.546062,1.997926,1.122212,5.050476,4.667043,2.814842,3.457798,4.295079,4.566079,1.758337,4.736991,4.65899,,,0.308867,-1.111296,3.314976,4.447256,0.081628,2.542392,2.647385,3.02652,5.053385,4.685364,2.75185,4.922234,5.040941,3.45034,3.722896,4.698969,4.323281,1.336544,4.605063,4.159793,6.014231,6.180331,5.894353,,6.230224,4.909089,5.93098,5.711222,4.891057,5.898704,3.881415,6.111173,4.38251,3.472346,4.810575,6.117722,6.175279,2.520402,4.029362,1.53284,4.042422,3.345039,1.667245,,-4.351729
ACH-000416,-5.642593,3.663897,3.088318,3.786901,1.550014,1.830291,2.052619,-3.029407,1.986993,4.501703,5.335959,5.10897,2.439714,5.465948,-1.227749,2.086013,2.135148,2.576577,2.577244,0.895365,0.145455,4.321768,4.602235,2.981398,3.796303,3.144366,4.62374,1.636876,1.899307,1.480711,3.419623,,2.270483,4.35647,3.706722,4.469566,2.936352,5.066653,2.044181,4.903243,4.943673,5.228788,2.022351,2.392675,1.343824,-0.457628,2.335848,1.842707,2.180837,3.323009,-1.268843,,-3.049675,-0.318461,2.662015,-3.152965,1.430866,,,-4.872747,-0.921086,4.288995,2.628667,3.163363,1.917693,5.464247,3.59141,2.98965,3.934631,1.049651,2.348104,0.790368,2.491449,1.862767,1.169253,3.402364,4.269091,0.640729,-3.845291,2.349363,4.18867,2.602053,5.421291,4.31194,5.463842,4.900393,3.987984,3.100701,5.101484,3.16076,4.804411,5.465948,3.968273,-0.863759,1.011523,2.088553,0.290498,1.444429,1.783301,3.606463,-3.013622,,-5.42848,1.226917,-4.167433,-5.957926,0.516832,2.188617,1.742734,1.003322,-0.462569,1.177215,-0.038297,4.750736,3.635023,0.780658,2.401829,2.323645,3.871558,-0.951149,4.395546,4.159147,,,-0.957785,-2.176544,-1.854085,3.047129,-1.324837,0.678038,1.625618,2.979526,3.155957,5.249016,3.032236,4.875237,3.628024,3.506018,4.255997,4.597381,5.368874,1.499845,2.934903,5.424039,4.928554,5.446108,5.465948,,6.362592,5.464998,5.374179,4.714034,3.482497,5.089994,3.098272,5.453381,4.961707,3.618459,3.68322,5.407435,5.465948,2.397001,2.885844,2.29855,2.250278,2.526984,2.999795,,-5.007513
ACH-000378,-5.192595,2.757179,4.365039,4.022135,0.470824,1.643898,1.541838,-0.91076,2.286052,4.863088,4.839943,4.648989,2.750177,3.840532,-1.826508,1.996835,1.895274,2.945305,2.291093,2.228769,-0.147911,2.508555,4.83919,1.334345,3.320025,3.230758,2.910088,1.110261,4.511606,2.117638,2.924329,,1.834831,2.389664,2.412543,1.511196,4.364309,3.710748,1.178638,4.560495,4.029454,5.760551,0.841995,3.253397,1.911276,0.658475,3.552403,2.540853,1.511125,2.535574,1.848597,,-2.636892,-1.226079,2.399559,-2.692315,1.50674,,,-5.263978,-1.837198,3.867103,3.149777,3.407228,1.664625,5.77094,4.072691,6.126101,5.715317,0.726294,2.954262,1.15754,1.938542,2.198374,1.133067,4.102451,3.379267,0.462937,-3.482271,1.611252,3.997269,3.53218,3.617463,4.436507,5.576337,3.983092,4.490451,3.159288,5.722216,3.326699,5.724985,5.782306,4.449527,0.362066,0.721703,2.026897,-0.15503,1.32013,0.535533,2.814734,-2.313492,,-4.735895,1.627991,-2.931562,-5.326855,-0.603454,1.625802,1.446854,-0.002672,-0.118021,1.093015,-0.533125,5.019489,3.206745,3.032879,4.240044,3.640942,3.956886,0.331353,3.161294,3.539305,,,-0.899796,-3.317877,-1.4876,1.336076,-2.864308,0.767145,1.738456,2.678752,4.250148,3.487171,2.600703,3.909991,4.349901,3.173017,3.900389,5.278374,5.162133,0.932315,3.488475,5.182024,4.853801,5.778026,5.735428,,4.415572,5.764757,5.620947,4.26996,3.4506,5.782306,3.479721,5.781087,3.787449,3.133847,3.646916,4.519215,5.013405,3.341099,4.436671,1.831274,2.596073,3.618263,3.444237,,-1.72053
ACH-000463,-4.6459,2.679181,2.867972,3.244443,-1.894553,1.099543,0.826599,-3.214237,1.382562,4.893416,4.157517,4.710362,2.307614,5.304022,-3.43062,0.948418,0.357426,-0.264593,-1.026336,-1.379712,-2.509197,2.840321,3.439752,0.977133,2.087717,3.65656,3.173803,1.467206,4.346799,2.732224,2.932024,,3.421022,4.168211,2.317216,3.299591,4.050304,5.009652,2.593542,3.906741,3.6103,5.301544,1.386524,0.915823,-0.651109,-0.156905,0.256001,0.633814,0.068314,1.190611,,,-3.410563,-0.496126,2.141594,2.840017,2.174628,,,-4.948156,-1.080508,3.883684,4.07189,3.001782,1.911572,5.194372,3.464313,2.933802,4.034065,0.714466,2.606975,0.337773,2.75505,1.815269,0.650805,3.276215,4.842608,0.167708,-3.940203,1.422713,4.762736,3.994587,3.144935,4.793098,5.22601,4.612128,5.613167,3.001782,5.192585,2.970544,5.052207,5.304367,2.443885,-3.599958,0.607321,1.391519,0.179873,0.532409,-2.100309,1.434288,-3.385171,,-5.152147,0.198779,-4.634713,-6.669256,-1.157925,1.536703,,-0.133419,-0.048305,0.948786,0.812744,0.798677,1.079452,1.107922,1.654027,1.637179,2.138114,-0.018299,1.365996,2.423346,,,-2.603207,-4.938013,-4.426415,0.550095,-4.579828,0.505806,0.935407,1.855069,3.836681,4.244597,1.83331,4.050607,4.099081,3.286367,4.343604,4.6705,5.193435,1.681844,0.937891,5.094676,5.217033,5.023634,5.276466,,5.384131,4.836527,3.220887,3.367127,4.133261,5.226893,3.000371,5.277563,4.47514,4.280815,4.272557,5.285425,5.304367,2.607555,3.207152,3.737768,2.62997,3.196447,2.568985,,-2.791777
ACH-000929,-3.700653,3.382319,4.354449,4.069516,0.995522,3.430032,2.251241,-1.880261,1.930377,3.859242,4.755243,4.599748,2.241375,4.69965,-2.931416,0.503299,1.486938,2.920502,1.659756,0.880046,-0.862648,3.023045,3.751312,0.539265,2.004268,1.50709,2.608638,0.011732,1.099382,1.575056,1.856794,,3.773721,4.960054,2.062179,2.245666,3.878388,4.609015,-1.261251,4.811891,5.033562,4.115,2.640347,1.496721,0.262564,0.138621,1.712847,2.839866,1.956206,2.367546,0.301278,,-1.434219,0.485949,2.015159,1.814146,1.81559,,,-4.951222,-1.092141,4.694219,5.013258,2.950059,1.957388,5.247094,2.623947,3.599049,4.691688,2.185973,3.285436,2.60872,2.953312,1.597283,1.80446,4.43635,5.576274,1.658346,-3.731639,2.34857,4.274668,3.450371,2.853788,4.678889,4.354941,4.867921,4.441753,1.586339,5.248411,2.926189,5.141683,5.236331,3.935067,-1.645133,1.189286,2.673784,1.064581,2.552269,1.01837,3.268463,-2.490717,,-4.871831,1.507616,-4.534039,-6.104887,-0.598174,1.582162,3.600419,0.471703,-1.067124,0.58019,-0.332897,3.89556,3.003732,3.717395,3.770793,2.916344,3.112708,-0.869301,3.120941,5.386595,,,-3.730941,-4.571113,-4.66219,0.967324,-3.07916,-0.079162,1.497021,2.590225,5.092988,3.925673,3.266457,4.228537,4.943182,4.606864,3.618322,3.36402,4.276219,1.909494,4.270213,4.982658,4.953926,5.018463,5.245846,,5.446776,4.955932,5.029799,4.957123,5.250025,4.146601,2.774636,5.252644,3.770968,3.844773,3.29168,5.044943,4.323512,1.829577,2.077812,2.006158,3.577931,3.60011,2.324911,,-1.76276
ACH-000589,-4.327765,2.821065,4.977151,3.685408,1.373689,2.505658,2.756575,-2.220401,1.507321,3.720251,3.976182,4.489016,2.334162,4.773231,-0.893268,1.022493,0.200317,-0.131845,-0.363468,-1.309384,-3.167416,4.518583,4.777519,2.483262,3.567452,2.270706,4.506354,2.469001,4.60205,3.017912,2.448175,,3.19461,4.546139,1.747942,3.153776,4.072036,4.893076,2.090255,4.378301,3.267668,4.214274,2.813907,2.202447,1.588697,0.407133,2.343846,2.002376,2.672704,3.325193,0.397121,,-2.117789,-0.454154,2.527885,2.211046,3.755195,,,-4.650836,-0.647229,4.907441,3.344361,2.349525,2.25622,4.850701,1.73974,4.548911,3.562208,1.478223,2.449404,0.634415,3.331345,2.520894,1.60032,5.049899,3.18247,0.291265,-4.018487,1.386792,3.25543,5.094139,4.154717,4.715696,4.253048,3.831385,3.467425,2.17903,5.055565,2.968918,5.488534,5.475066,3.345746,0.243234,2.034356,2.204839,0.722126,1.298307,1.833735,3.110047,-3.01149,,-5.174675,0.864404,-5.080156,-6.56011,0.220232,4.026347,3.48312,1.567012,0.56201,1.930725,0.53074,4.090544,3.011786,1.871539,3.236757,2.213443,2.854116,0.110145,4.037023,5.366516,,,-1.220069,-2.597773,-0.716645,1.691631,-1.838661,-0.141296,0.901885,1.648936,5.211876,4.102739,4.060071,3.858714,3.724909,2.12865,4.239972,3.469253,5.193695,2.187392,2.492,5.258363,5.493629,4.880079,5.465359,,5.600255,5.1595,5.400759,4.925529,5.135179,4.881944,3.17166,5.434743,3.783569,4.202872,4.00551,5.163232,4.713296,1.306206,2.611401,2.394531,3.234791,4.10761,1.655827,,-2.87385
ACH-000886,-2.722705,,,,,,,,,,,,,,-1.484641,2.119962,2.008309,1.471716,-0.044968,-0.384572,-1.944181,2.657703,5.807108,2.552787,3.216069,3.557759,,2.372999,4.37094,2.002743,4.42082,2.191799,3.693705,5.218423,4.321287,2.491325,2.92436,,,,4.198101,5.796102,3.273402,2.673563,0.840223,0.7169,,3.218353,2.789373,3.655039,0.695186,1.250367,-1.965592,0.225342,2.925689,-0.026326,4.59712,0.392933,3.104756,-4.425267,-1.077972,,,2.696025,2.822796,5.834392,2.606356,,5.071876,3.589747,,,,,,,,,,,4.358197,,,,,,,,,,,,3.784222,,0.15034,2.126109,0.492968,3.382449,1.729066,3.527754,-2.562392,-3.594514,-3.447365,2.02156,-3.739417,-5.530362,1.062866,5.548511,,2.56922,0.831618,1.353824,-0.053352,6.063875,3.707177,5.325195,3.702009,4.501344,3.961351,2.076628,,3.708735,3.526027,1.711467,-0.294154,-4.890675,0.144302,1.035641,-2.622191,,0.610935,3.013609,5.489897,3.974486,4.697854,5.361983,5.638559,5.436748,5.318251,5.29915,5.148503,3.956987,4.576292,5.342922,5.322407,6.251675,6.414823,6.421893,6.879909,5.372953,5.89678,5.594837,6.125753,6.009267,3.732568,5.625486,5.106145,5.939971,4.172953,,4.187921,2.439538,3.263149,2.583514,3.68041,4.457179,1.042604,0.96115,-3.078155
ACH-000062,-4.529165,1.921969,4.095039,5.191074,-0.252285,2.321041,2.444484,-3.462042,1.854483,4.676071,5.064793,5.1424,2.108689,2.715269,-1.521684,0.731484,0.541723,0.494855,0.195841,-0.953365,-2.021799,2.827315,2.9889,1.540266,3.108118,3.578929,4.326857,1.984129,2.201542,3.112234,1.678137,,2.761878,2.33,1.346362,1.180656,1.291137,2.433071,2.075691,3.443568,3.992982,4.840988,1.485368,1.807013,-0.147408,-0.523904,2.691808,1.824786,1.908213,3.172164,-0.940679,,-2.642891,-0.891922,1.89061,-0.099952,2.637492,,,-5.107421,-1.16116,4.499581,3.94583,-0.057435,2.282873,3.184667,3.637476,4.100722,3.123029,0.758582,1.917742,0.904347,2.529686,2.197439,2.085467,3.01688,3.915672,0.398236,-3.707351,2.284147,3.445497,3.643347,2.890626,5.550958,3.357234,4.360431,3.238269,2.980497,5.285522,2.267302,5.198365,5.282235,2.400454,-0.563618,-0.389754,0.32722,-1.012559,1.602965,0.599842,2.868858,-2.41993,,-5.501342,1.027905,-4.548203,-5.717356,-0.639168,1.965757,2.32661,0.836256,-0.608173,0.733706,-0.117086,3.418652,3.399198,3.985016,1.568279,3.333713,3.446588,0.175946,3.723832,2.536037,,,-1.472377,-3.63331,-3.455467,1.341853,-3.847478,1.774462,1.190644,2.252483,4.700487,3.202133,4.265298,2.961582,4.627916,3.997697,3.814216,4.725062,5.228337,1.951103,4.270532,4.867461,4.974169,4.573241,5.171181,,6.224923,5.067698,4.824919,5.151393,5.098672,5.195899,2.968255,5.097088,3.939395,3.7128,3.518589,4.928234,4.548729,1.323261,3.929386,2.091484,3.90346,2.281786,2.045777,,-3.626114
ACH-000826,-5.620282,3.05885,5.234882,3.901822,2.411144,3.026454,3.202646,-2.071295,2.244327,5.223533,3.860358,4.342535,2.592731,5.400072,-0.427769,0.836341,2.810567,2.459773,2.911641,0.527512,-0.104606,2.454619,3.965862,0.366227,2.012866,2.867856,1.220616,0.26671,1.042899,1.052169,1.919181,,2.700702,4.041717,2.51316,2.878511,2.089134,4.975188,2.234435,5.203836,3.788465,3.873588,2.532389,2.793456,1.284498,0.995991,4.190824,3.60993,3.047978,4.37604,0.870613,,-2.07157,-0.282724,2.358643,-0.707861,2.510062,,,-3.185438,-0.210582,3.854522,4.708807,3.269547,2.48875,4.667727,3.29644,5.114114,5.6342,3.791704,2.745864,1.996194,3.51875,2.320974,1.769426,4.384342,5.701906,1.37054,-1.757542,2.590472,3.646479,4.805324,2.64272,5.715969,4.164272,3.761107,3.863037,3.259535,5.643948,2.298501,5.495886,5.662028,5.664631,-0.17105,1.733104,2.619559,0.597635,2.867758,2.30074,3.52174,-0.795301,,-3.467453,1.902164,-3.890809,-4.920947,0.37889,2.398679,2.666458,0.798722,-0.462417,1.030951,0.520383,4.147917,3.994544,4.059252,4.169181,3.501218,5.648951,2.580921,5.274824,5.725632,,,0.500962,1.469097,2.02487,4.06112,-0.767325,3.365707,2.042239,2.452928,5.00634,3.965365,3.125586,4.32996,3.349355,4.871887,4.348637,3.755596,3.814866,1.814694,4.17234,3.850176,5.665274,5.023145,4.611977,,6.763886,5.001049,5.575832,4.468112,5.060162,5.634481,2.489671,5.480156,3.732764,5.577029,5.624486,5.664984,5.485355,2.2155,3.722204,2.559622,4.424813,3.424555,2.665918,,2.337891
ACH-001075,-6.589003,1.6718,4.349797,3.20492,0.906375,2.22121,-0.077683,-4.708761,1.740674,4.238663,4.786743,5.037489,2.484391,5.54635,-0.90508,-0.25206,0.555664,0.777325,0.040189,-1.533689,-3.788425,3.670105,5.089018,-0.868786,0.315505,1.58136,-0.751813,-1.085886,-0.251911,-1.392281,-0.373893,,-0.856193,4.92239,3.686153,2.190948,3.024875,5.520705,1.144076,2.943189,2.618968,3.984156,1.004506,1.465798,-1.384332,-0.976032,2.057934,0.497452,1.148153,2.665651,-1.01427,,-3.086655,-1.58644,1.921731,-0.957758,0.840986,,,-5.37292,-1.772518,5.005658,1.318841,3.250749,2.182053,5.544962,3.91894,3.225386,4.179151,1.529164,1.679906,1.981223,3.192827,1.305904,2.244308,5.548085,0.729244,-0.013872,-3.603058,2.27112,3.513106,2.638473,3.043722,3.863151,4.981134,2.53899,4.068174,1.237051,5.404054,2.549677,5.061936,5.452015,3.758464,-0.950836,0.760393,1.257259,-0.25241,0.717218,-0.485421,2.209274,-3.300841,,-5.510508,0.651582,-6.017452,-6.662275,-0.988387,2.797464,3.101364,0.844778,0.297437,0.390326,-1.102644,2.016028,3.905737,3.281981,2.91165,2.639443,2.139064,-0.145622,2.809887,3.273614,,,-2.463922,-5.033552,-4.066521,1.094687,-3.75817,0.20623,1.477544,2.401839,2.089655,3.742603,0.580411,5.177517,4.281943,5.553273,3.991529,5.013762,5.555183,2.099991,3.760875,4.094544,5.547806,5.518334,5.488315,,3.997693,4.992519,4.738576,5.034369,3.199055,5.232396,3.098298,5.811701,3.38323,4.311916,3.379192,5.553273,4.520649,0.327799,1.334558,1.258093,2.859732,2.928394,3.037079,,1.133466
ACH-000488,-3.184005,2.377841,1.587589,3.32428,-1.580653,1.684975,1.665084,-2.796875,2.003427,4.597523,4.846782,3.478195,2.098959,5.0818,-1.770296,1.225327,1.598246,1.483869,1.750084,-0.052779,-1.178457,2.655465,4.524152,0.979942,1.100718,0.99155,0.965049,0.007857,0.788159,0.60721,0.444821,,2.696767,4.512032,3.738701,1.64834,3.736339,3.180422,3.747051,4.702321,3.573581,3.497798,2.088929,0.68051,-1.579608,0.654634,2.073916,2.367348,1.78579,2.573831,2.159915,,-1.750625,0.521884,2.31727,-0.853932,1.01522,,,-4.591221,-0.824527,2.195996,2.480277,3.096993,2.502501,5.039359,3.434361,4.611157,3.411805,-0.884628,1.159992,-0.473115,2.270916,1.405424,2.557803,4.171554,3.46911,-0.0772,-3.921964,2.072564,4.190308,2.881478,2.163753,4.511944,4.037102,3.871348,3.777134,2.057808,4.635164,2.109292,4.68397,5.298192,3.60266,-1.003214,0.543563,1.140739,-0.496109,-0.034018,-2.886004,0.808029,-3.026424,,-6.285114,-0.00662,-5.177353,-7.099341,-1.197628,1.988929,1.964772,0.393558,-0.515577,0.941714,-0.019607,4.639246,2.482605,3.110956,3.604037,2.98224,4.001474,0.224083,4.244538,4.711099,,,-1.163275,-3.107955,-0.223223,1.459123,-3.1936,2.648049,1.668375,2.568251,3.943401,4.428855,2.420447,4.787334,2.67148,4.928703,3.96878,4.261425,5.043799,1.301776,4.193997,4.991084,4.018644,4.925549,5.043799,,5.683707,4.79392,4.104118,3.670817,4.567945,5.043799,2.741214,5.043799,5.076488,4.05947,4.699532,4.926222,5.04357,0.792052,2.835894,1.416145,2.041706,2.921005,2.690984,,1.144185
ACH-000242,-1.962386,,,,,,,,,,,,,,-2.2204,1.654063,1.288742,2.990427,1.847339,1.614289,-1.01622,4.79581,4.901193,2.683474,2.147245,2.299787,4.470708,2.788761,3.855825,2.256439,3.244776,5.5202,4.148272,4.945031,3.90028,2.557643,1.507487,5.234383,5.35491,3.139184,2.731011,2.715603,5.530843,4.535279,3.248695,1.885213,3.347033,4.158451,4.878557,5.558438,-0.542828,-1.018381,-2.563501,2.128135,3.00603,1.983986,3.949,0.884777,1.095013,-4.254107,-1.35185,4.987095,3.259056,3.246783,2.21138,5.158018,1.907258,5.877921,3.136153,3.218928,4.199082,3.41975,3.876562,4.248506,3.430931,4.075548,3.629797,2.346549,-3.118573,3.805342,3.869956,5.263551,4.595291,4.652381,3.847557,4.285694,4.019871,3.223945,5.340612,1.824031,5.016867,5.52703,3.752377,0.025155,2.603254,2.968177,0.681979,1.998516,1.21746,1.539475,-0.234787,-4.026874,-3.447447,3.619013,-3.451276,-4.240427,1.207394,4.674143,5.649635,3.60595,1.32333,2.620885,0.921368,2.497366,4.798854,3.558351,3.21382,4.195789,2.776312,0.856538,5.112482,3.474214,2.851499,2.216674,-0.599399,-4.239658,-4.388498,2.691732,-2.962875,4.593753,2.898622,2.041954,4.550138,5.94001,4.706622,4.282537,5.01878,4.810774,5.201392,4.206245,5.558438,3.157454,4.322681,5.082203,4.248001,5.556441,5.517189,4.558029,6.76361,5.880736,5.799869,4.456755,5.462466,5.299524,3.077088,5.549324,4.975621,5.267585,3.750981,5.527053,3.644153,4.263098,4.831439,1.718394,1.236674,0.578222,-1.807783,,
ACH-000932,-1.392588,,,,,,,,,,,,,,-1.778133,3.293544,3.178394,3.66937,1.733313,0.862332,0.149157,5.13184,4.88692,3.041979,0.490014,3.398862,5.280305,2.693233,4.936126,1.506299,3.124501,3.264718,3.650498,3.543519,1.504637,1.715522,0.415687,5.287748,1.794461,2.958378,2.886332,3.564939,3.975789,4.654744,2.425195,1.988404,2.941821,2.91319,3.061071,3.940911,-0.608374,0.784364,-2.033328,,1.815716,2.255356,2.347411,-0.300758,3.092361,-3.955345,-0.62485,4.537064,4.554678,1.717202,2.305852,4.784139,3.453843,6.424891,3.350669,0.387249,3.084876,2.176244,5.008504,4.745255,2.673668,5.254273,3.246793,5.115905,-3.697907,1.910663,4.017585,5.121052,2.980476,3.667117,4.098363,3.436515,4.124821,2.954186,5.298833,2.925848,5.132046,5.320808,1.59675,-2.77083,-0.539804,1.774741,1.139089,2.75261,5.189492,3.171307,-0.984555,-1.426802,-3.151657,3.299308,-0.53003,-4.065706,-1.164676,3.634168,3.193679,1.669317,-0.047543,0.825206,0.603677,3.342858,4.634972,2.495432,2.85358,4.489935,2.706518,-1.010664,5.299908,3.203224,3.020517,-0.876431,-2.57076,-4.711097,-1.971571,1.829647,-3.322943,2.95388,1.308287,1.251472,3.789663,4.370415,4.196374,4.824296,4.466412,5.236529,5.219576,5.33012,4.100889,0.623008,3.91148,5.279555,5.33012,3.61071,3.597524,3.72222,6.070138,5.66797,5.431367,5.056143,3.284811,4.846191,2.539805,5.322091,4.366201,5.222655,4.362319,3.688413,4.726893,1.598235,4.213453,2.215147,3.280895,0.690049,-2.822333,,
ACH-000949,-0.85285,,,,,,,,,,,,,,-2.535592,-0.114904,0.342228,2.293027,0.650365,0.363377,-1.995478,4.421032,5.181187,1.940117,3.272811,2.920508,,1.469555,4.59444,1.425943,3.430471,4.297842,5.369209,5.385316,3.522728,1.621887,3.320422,4.85016,,,1.594646,3.26885,5.023602,3.180908,2.29395,1.75829,3.387534,3.627,3.733852,4.577876,0.684492,0.445023,-1.525566,0.761001,4.182198,4.14583,4.443212,1.083517,3.856902,-5.080536,-1.677903,,,2.483666,1.812094,5.781373,4.132753,5.458853,3.938843,5.463999,,,,,,,,1.676233,,3.148762,5.132631,4.474241,,4.485209,,,,2.493817,,,,,3.783203,,1.464379,3.016666,1.417116,4.329944,4.594484,2.405952,-3.858435,-4.672733,-3.965429,1.824833,-4.290766,-5.037597,-0.100876,0.595505,1.365065,0.306289,-1.803806,0.114425,-0.818549,6.343887,3.846084,5.626733,4.377437,3.99477,3.969453,-0.355544,4.099441,5.608832,4.446525,1.87447,1.823866,-2.41675,-2.524327,1.595763,-1.458522,,1.416254,2.848261,5.683281,5.578487,5.188445,4.443827,5.902262,5.036723,4.977019,5.306054,5.789728,3.986196,3.961853,4.618045,4.99681,6.179111,6.117872,5.596139,6.761487,5.964001,5.225221,4.535099,5.281617,5.486838,2.709066,5.176209,5.061004,5.267574,5.724218,,3.853195,3.859243,3.457664,4.438474,3.145873,3.970351,-0.000224,1.957788,-4.788303
ACH-000438,-4.313668,,,,,,,,,,,,,,-1.465225,-0.368382,-1.680308,-0.178882,-1.251641,-2.455788,-3.566346,5.853795,3.204353,3.65613,2.99696,1.601698,6.259149,3.341009,3.554073,1.857927,4.321183,6.072675,4.618598,3.56437,4.817241,4.849108,4.158932,3.487745,0.593083,4.89091,4.75518,4.827936,5.916567,2.068833,0.289122,1.074658,1.526423,2.939402,2.243401,3.964044,-0.584692,-1.541159,-1.900964,0.715718,3.655211,5.174495,3.01619,0.273691,2.205443,-2.801665,-1.266216,6.31742,6.242517,3.666848,3.286433,6.300213,4.719115,6.058279,5.510411,1.861307,3.108109,2.484814,3.845216,2.564521,3.106032,4.915858,4.520753,2.564377,-2.826619,3.178541,3.085829,2.543886,3.539136,4.268056,4.213921,5.184897,4.891162,-0.41339,5.184456,3.917233,5.659952,6.328553,4.606596,-0.949831,0.09678,1.622952,0.939927,3.420499,4.149789,4.012733,-1.680636,-4.809023,-2.857048,1.850953,-3.509609,-4.225092,-1.333505,2.916711,4.07744,1.017392,-0.961292,1.226533,0.01929,5.404144,2.509938,4.998238,4.204144,3.825688,3.309013,0.246103,3.051183,6.291351,3.770688,3.021315,-0.865386,-3.17682,0.691454,2.61934,-2.259531,3.074517,3.210292,2.902685,6.328553,4.184894,4.040992,6.099873,6.037309,6.312486,5.082543,5.276319,6.252943,3.268712,3.825773,4.291724,5.81878,6.125432,6.285178,6.230536,7.107917,5.584562,6.055323,6.200938,6.328553,5.938487,3.021984,4.994421,6.157265,5.734802,3.800198,2.406858,5.245603,2.217872,3.30635,2.685681,3.459579,4.175777,,0.943754,-3.77591
ACH-000008,-6.272035,,,,,,,,,,,,,,0.500829,1.061044,0.743311,1.066282,-0.195098,-1.737046,-2.414401,1.355216,-1.036739,2.991665,2.081909,3.788991,6.316881,3.342514,5.557492,1.566515,2.223729,2.588245,3.78365,2.960597,1.705522,0.474327,1.517395,2.602135,-4.857478,5.183961,4.342398,4.900866,1.907486,4.226877,1.457826,0.58427,2.429509,3.004413,2.311981,3.80683,-0.722323,-1.27046,-3.345471,-0.016563,3.134265,1.832577,3.215838,-1.038164,2.454798,-6.884155,-2.990291,6.18273,5.133064,2.505996,2.17912,4.370663,2.560479,3.361337,3.230754,0.888394,2.429231,1.344809,3.068,3.941058,4.977676,4.579814,3.562459,1.863709,-3.298414,4.974567,5.391914,5.32777,2.515183,5.013599,4.501571,5.357343,5.071922,3.144803,5.388484,2.347526,4.688979,5.925184,3.786312,-1.107939,-1.003577,2.45638,0.441549,1.290835,1.283772,4.658258,-1.946281,-3.942379,-3.72567,1.879476,-4.442995,-4.970468,-0.900305,3.030025,4.888522,1.003643,0.300596,2.352351,-0.077663,2.31233,3.492969,3.284073,3.911755,3.945825,4.201109,-0.281275,5.437382,4.371187,1.37653,0.560338,-2.126764,-4.246648,-4.425918,2.556283,-2.762168,1.364011,1.598615,2.584758,3.386455,4.084553,5.284514,5.528712,4.064976,5.856646,5.683355,5.350212,3.691217,2.399076,4.782792,5.35574,4.824732,5.839225,5.875725,4.95475,5.957069,3.594124,5.599818,4.620337,4.784777,5.782912,3.696489,5.780097,5.093699,3.48855,4.013667,2.080894,2.528269,2.048064,5.219105,2.154311,4.910767,3.315949,1.868041,,
ACH-000191,-4.311211,,,,,,,,,,,,,,-0.304423,0.227468,-0.358477,0.186307,-1.265674,-2.897905,-4.388074,2.202425,0.418188,3.258906,2.894502,3.906327,5.360412,2.369837,5.033031,2.247864,2.240303,2.219318,3.557853,3.537282,2.362561,1.46891,2.229578,5.054189,2.95839,4.432256,4.233859,3.851618,2.931947,3.223416,2.827944,0.965771,3.398578,2.170722,2.687418,3.914487,2.148101,0.746497,-2.352924,-0.334766,4.11403,-0.286862,2.836061,-1.567953,2.11802,-5.404535,-1.591654,4.852304,3.041911,2.992851,2.58585,4.698974,3.400967,3.486,2.369465,-0.832249,1.470755,0.293614,2.518891,3.183489,2.405679,3.28723,3.23501,0.798,-2.822052,2.364,4.371202,5.082902,2.735159,5.582194,3.746251,3.426968,4.251023,2.571996,5.331312,1.909099,4.141333,5.130889,4.420105,0.929648,0.763793,2.08023,0.377279,1.647811,1.171427,4.627188,0.141544,-3.383064,-0.468151,2.470695,-2.448723,-4.063493,0.605366,4.63621,5.230344,2.19395,1.48355,2.355336,1.544578,5.20248,4.106848,3.345679,4.201193,6.186213,4.690813,-0.055033,4.495836,4.339433,2.014834,0.117184,-1.185516,-3.505874,-0.386664,2.63606,-3.489729,1.816542,1.230641,2.364521,3.055762,5.267747,5.528296,4.738001,4.064606,4.676925,5.116629,5.320763,5.33473,2.225567,3.816576,4.507891,5.959031,5.40299,5.825424,5.43062,6.99854,5.721189,5.590822,5.651661,4.506791,4.864843,3.230326,4.452215,4.388261,5.097657,5.21417,2.984232,3.420386,1.718272,3.081066,1.937479,4.085722,3.558328,1.82506,,
ACH-000768,-5.696994,3.520783,,5.529856,2.91106,,3.401838,,,,,,,,1.656735,1.895276,0.969043,2.837012,0.674679,-0.068603,-1.299826,5.918822,4.56998,2.89827,3.588327,3.844226,4.231414,2.421274,4.295175,1.70569,2.651658,2.201924,4.141298,3.447474,3.76621,1.596219,0.9128,4.849727,3.364571,4.421331,4.878421,4.81068,4.603306,4.405813,3.057493,2.036986,3.416105,3.81253,3.560485,4.867681,0.799725,-0.71402,-2.033373,0.076933,2.219841,0.11046,2.464137,0.443873,4.937792,-5.769359,-1.674797,5.065934,4.940688,2.832728,1.321234,5.255349,3.98799,2.93883,2.958164,0.963564,2.12301,2.693089,3.06291,4.012944,0.94196,4.929688,4.13258,2.160779,-3.351918,2.705252,4.497039,4.718471,4.313697,5.122459,5.532032,4.789788,5.906087,3.200164,5.560228,3.27261,5.534147,5.543041,3.085948,1.681967,-0.457468,2.49806,1.62594,3.266968,1.588782,3.308335,-1.024086,-3.724981,-2.420986,3.102072,-2.501208,-4.318561,0.012203,3.950231,3.541605,2.928193,0.389523,0.912502,0.964427,5.673557,3.982461,2.956181,3.647581,4.37468,3.513612,0.786799,3.060638,4.391325,3.764613,1.070656,-1.809505,-3.531574,0.358531,2.893276,-2.117,1.726454,0.931859,1.988069,5.58464,4.855755,3.36403,4.471401,4.672764,4.175223,4.800384,4.852046,4.694427,2.193238,3.544632,5.357881,5.265732,5.596264,5.599159,5.475389,6.367396,5.425663,5.468856,5.210931,5.407371,5.587199,3.124489,4.528785,5.003071,5.204676,3.332863,4.377861,4.384835,2.801215,5.310709,2.494899,3.341119,2.424711,3.296574,1.412512,-4.474323
ACH-000776,-4.722215,,,,,,,,,,,,,,3.142571,0.923058,-0.970217,0.988783,-0.845491,-1.943372,-4.137035,3.798371,4.523242,3.36043,3.592463,4.014091,5.932415,2.678233,6.153529,2.020209,4.431822,2.863043,4.903331,4.357531,3.469401,3.035622,2.951159,5.362092,2.045172,5.210658,3.639542,5.111032,5.630235,5.457714,4.219279,3.661613,3.281039,3.800602,2.892306,4.135194,1.41766,-1.621878,-1.996792,1.264133,4.537036,1.511262,3.834828,1.021053,4.441994,-5.122766,-2.067296,5.940471,5.92552,3.370265,2.131271,5.458966,3.769414,4.026467,3.56862,2.785921,3.575727,2.030475,3.727513,3.090762,2.588351,4.072038,5.596165,2.253075,-2.995975,2.818839,4.596414,5.640271,3.203519,5.281021,5.27074,4.223538,4.380932,3.357674,5.250353,2.44379,5.453057,5.160388,1.712659,-0.706051,-0.026355,2.823098,1.556941,2.52557,2.15442,2.806011,0.392967,-3.704992,-3.274017,2.75707,-3.997117,-5.331052,0.18168,1.620805,2.53959,0.415921,-1.311698,2.148745,0.40379,4.62014,5.307413,3.188595,2.899622,3.290477,2.55647,0.708482,4.603732,5.091378,2.566944,3.26662,-0.738195,-2.457346,-0.894944,2.885529,-2.026524,2.774354,2.157965,3.468999,5.9494,5.833893,4.177862,5.285137,5.946469,4.520119,5.554409,5.080222,5.951948,3.101524,3.912926,4.94308,5.663111,5.803572,5.951948,5.951948,6.70838,6.147131,6.213147,5.68443,5.259097,5.727824,3.198007,5.527627,5.207603,5.682159,5.211438,3.788478,5.009179,4.873392,4.959338,2.419456,4.356709,4.456252,,2.055772,-5.222444
ACH-000260,-3.415831,,,,,,,,,,,,,,1.803097,3.510751,0.17794,1.734893,0.464258,-1.280365,-1.905237,5.713959,5.664107,2.917334,4.525393,4.366234,6.15238,3.737098,5.499161,2.066288,6.178069,3.150644,4.412215,5.537129,3.840509,3.902651,2.015701,3.613018,2.938851,6.108604,5.057591,3.721957,5.803558,4.32945,3.494747,2.057422,2.646029,4.285941,3.539133,5.791693,1.461943,0.54903,-1.41278,1.190727,4.040657,2.645847,4.351639,0.681515,5.003911,-5.25281,-1.855501,5.990377,6.060025,3.464205,2.433556,5.906129,4.075887,2.332859,3.567581,2.043594,2.306381,2.173132,4.668799,4.078392,2.375527,4.045252,5.544965,1.211457,-3.351238,3.05323,3.624425,4.055944,5.831209,4.808111,4.935686,5.77866,5.531152,1.881208,5.337463,3.278592,5.893051,6.027681,4.535002,0.091691,-0.453963,3.366713,1.398669,2.704046,0.149148,3.885175,-3.081824,-4.599624,-2.982963,1.511999,-2.600233,-3.729036,-0.287608,1.657614,5.341004,1.268977,-0.754132,1.035241,-0.316514,5.722287,3.887625,2.628794,3.503779,4.60772,5.338057,2.432546,2.856506,4.782214,3.440632,1.053298,-0.352127,-2.109124,-0.849818,2.610155,-1.947178,2.047486,1.171904,3.249679,5.484118,5.660205,4.547278,6.032176,6.048722,5.555433,5.436403,5.5638,6.163323,3.991089,4.468983,5.374836,5.716462,5.046935,6.169998,6.169998,6.730856,5.522421,4.934678,4.457935,6.068154,5.930698,4.221726,5.523478,5.82528,5.8543,5.153991,5.579602,4.4099,5.12,3.760328,3.050339,5.212421,2.973164,1.549216,2.969585,-4.389096
ACH-000802,-5.571228,,,,,,,,,,,,,,-1.952078,1.266488,-0.294268,0.544754,-2.006255,-1.57813,-3.436632,4.303002,2.782814,2.537003,3.754382,3.628548,5.018956,2.062906,3.604312,1.224807,2.934638,0.898113,2.997607,3.520292,2.10821,1.504172,3.297956,4.673083,0.913922,3.723018,3.280795,3.649898,2.991892,2.325532,0.046309,0.70115,3.577145,2.245657,2.467761,3.299453,0.367943,-0.761208,-0.680989,0.326359,4.048252,-0.377171,0.164293,-0.268959,-1.124446,-5.789712,-2.03664,5.079236,3.231239,2.785275,1.280216,5.165815,2.767884,4.242667,2.61568,-1.405321,1.601778,-0.030703,3.039922,2.369986,2.777409,4.114125,3.487978,1.285509,-3.40925,2.900444,3.687371,5.223062,2.660749,5.120835,3.407549,5.081384,3.490063,1.869876,4.614733,2.046749,4.995928,4.938159,2.493896,-0.952025,-0.791927,1.197084,0.524745,1.621783,0.260749,2.465607,-5.256222,-6.288668,-4.896914,0.475224,-4.854798,-6.548096,-1.956165,3.732726,3.880752,0.789004,-0.223763,0.902313,-0.178068,5.125519,1.078408,1.611701,2.291343,3.678338,2.647095,-0.858777,5.065606,3.757037,0.421765,-1.121274,-2.226565,-6.118357,-4.826606,0.871657,-4.20811,2.781334,1.773165,1.866042,2.59195,3.779428,2.425442,5.126511,2.922564,4.742231,4.621022,5.007273,3.957053,2.45315,3.332366,3.989378,5.025462,5.193335,4.973313,4.40638,4.917547,3.101154,5.318529,4.785196,5.100038,4.649979,2.691916,3.839303,4.817309,4.856605,3.315334,2.344971,2.370414,1.963759,3.17544,1.579995,3.864093,3.399843,1.217854,-0.931187,-4.932442
ACH-000667,-3.76942,,,,,,,,,,,,,,-2.966634,0.735134,0.521466,2.091395,-0.29334,-0.367883,-2.29302,4.846995,4.649392,3.636024,4.281137,3.878197,4.175931,2.477805,3.995156,1.429299,3.660299,1.782841,3.889636,3.861421,3.492928,4.478066,3.450899,4.928174,0.397413,5.189052,,4.108961,1.863511,2.891003,0.532499,-0.039571,2.536492,2.095996,1.917172,2.391574,0.377452,-1.356945,-1.689694,-0.033176,4.521173,-1.638682,2.633671,0.231624,-0.246612,-4.389947,-1.627554,5.610494,3.823874,2.025955,,5.414825,3.028588,6.735998,,-1.099153,2.180594,1.203054,3.70734,2.675359,4.098178,4.434699,3.998989,2.139098,-2.188327,3.453984,4.775262,3.315329,3.714826,4.617135,5.051372,3.66386,5.105725,3.235345,5.294499,2.377406,5.347102,5.660464,3.423907,1.119276,0.195543,1.435341,0.357698,,1.270911,1.640729,-2.398083,-5.203826,-4.21276,1.393915,-4.385959,-5.483394,-1.216354,4.242261,4.217973,3.108118,-0.250401,1.879625,0.161393,5.170742,2.864095,3.774035,4.249266,3.010507,3.110139,0.04487,4.570394,3.910952,2.129741,1.270447,-1.520492,-3.123946,-1.198533,3.249719,-1.849027,2.2934,1.606156,2.303686,5.672985,5.54719,4.200189,4.995625,4.988084,5.672985,5.257159,,4.162502,,4.554985,4.823908,5.095038,4.742169,5.672985,5.672985,6.23961,5.857729,5.502511,5.336904,5.022071,5.653241,3.668177,4.630951,5.634903,4.304532,4.416587,3.106045,3.820678,2.28093,2.975571,1.553094,3.557978,3.328692,-3.315846,1.190031,-3.416505
ACH-000880,-5.635089,,,,,,,,,,,,,,-2.627667,-1.49847,-2.650012,1.218034,-1.102539,-2.896435,-5.553495,5.062689,3.438937,2.480798,2.176948,2.701266,4.851449,2.745574,3.701055,1.344195,2.91902,2.072587,3.340937,1.436355,2.345766,1.096569,-2.171885,3.187715,-1.364462,3.170586,3.695038,4.005501,2.976484,0.9088,-1.839604,-0.229967,1.103008,0.27933,0.896573,2.164238,0.813175,-1.451207,-2.466484,-0.438449,2.447884,-0.182625,1.998781,-0.423166,2.123461,-5.586063,-1.662573,5.345268,4.124945,1.972406,0.885633,4.225415,2.637302,3.155892,3.515762,1.024887,1.976311,1.04193,3.23367,2.603397,1.571864,2.48938,2.658302,1.030088,-4.192353,2.730574,4.23468,4.675502,3.242258,4.569012,4.039018,3.202156,3.31026,2.807342,3.605705,1.118276,4.833866,5.258034,3.3342,-0.641815,0.429527,2.312229,0.145748,1.534049,1.070129,2.506874,-1.905476,-5.26457,-3.656704,2.02747,-4.91062,-4.575599,-1.323801,3.105218,3.139064,1.533263,0.045313,1.803893,0.00542,1.753226,4.059866,1.959589,3.086939,3.65248,1.555707,0.827808,3.810592,3.867848,2.592399,-0.397328,-2.71226,-4.779983,-3.435262,1.952038,-3.262315,1.128489,1.383877,2.357443,3.415565,3.296279,3.207786,5.085815,4.640545,4.994559,5.073225,5.097858,4.471225,1.308838,3.42281,5.357344,5.342896,5.275091,5.367405,5.321594,6.762167,5.034428,5.957593,5.922234,5.231309,5.356484,2.407673,5.286992,5.111593,5.03266,4.441273,2.26393,3.200073,2.290385,4.09638,1.889001,2.465274,3.149156,-0.979899,,
ACH-000486,-3.798194,,,,,,,,,,,,,,-1.179798,-1.64871,-1.774273,0.153344,-1.272052,-2.705553,-4.860216,4.362576,2.612139,2.930522,1.862003,2.836781,4.962445,2.902204,4.856942,1.884883,3.445713,2.016873,3.314514,3.595063,2.358684,1.534516,4.538758,4.602102,1.344853,5.044599,3.626503,3.944848,4.349072,4.967026,4.264362,2.294073,2.16456,3.540806,2.166184,3.217408,0.813753,-0.110411,-2.01743,0.061052,2.168339,0.343517,1.825348,-0.162905,1.157921,-4.810037,-1.005768,4.663223,5.197345,2.694876,1.353548,3.618305,2.085087,5.657662,2.436315,-0.320159,1.317383,-0.325441,3.10783,1.603111,0.7996,3.908662,2.221288,0.752579,-4.230949,2.434702,4.355794,5.098149,3.81484,4.256417,3.789521,4.035506,4.37698,2.728233,4.61021,2.463392,4.764902,4.786136,2.940054,-1.014739,-0.619826,2.552282,0.925739,1.174408,0.725785,2.608265,-2.307742,-4.36173,-4.008908,1.508547,-4.159299,-5.4293,-0.626341,3.385874,3.134193,0.743735,-0.597822,0.504034,-0.412822,2.507753,2.578859,2.224288,3.329572,2.622267,2.285735,-0.935843,3.173218,3.529767,2.814039,-1.408393,-2.519655,-4.296826,-3.229482,1.038719,-3.416911,0.910555,-0.199326,1.458854,3.031115,5.249768,4.678856,4.027164,4.523234,4.278038,5.266643,5.060491,4.821305,2.429546,3.123752,5.28753,5.309292,4.223089,5.311472,5.24808,6.568964,5.286985,5.469901,5.280939,5.084341,5.04715,2.54134,4.179367,4.436364,4.968719,2.853491,2.203189,3.666222,2.383756,4.370706,2.259985,3.633505,3.449905,-3.540547,,
ACH-000750,-6.199541,,,,,,,,,,,,,,-2.66826,-0.244275,-0.929412,0.641273,-0.707217,-1.569424,-3.029659,2.336544,1.33614,3.191023,3.798759,3.797632,3.825486,2.840168,4.669394,1.234697,2.52136,1.708124,4.933525,3.779548,3.173666,1.677672,2.652219,5.03306,0.791064,5.389177,3.540397,5.032521,2.807192,2.674275,1.445176,0.49075,2.091747,2.762687,2.527179,2.668545,-0.418018,-1.127943,-2.937239,-0.690693,4.045344,-1.881804,1.19758,-0.627729,2.038542,-5.491821,-1.487537,5.341238,5.264986,3.033388,2.099428,5.230651,3.655876,2.793427,3.683935,0.082167,0.970368,-0.749027,3.247982,0.728875,0.575238,3.419008,3.059834,0.14243,-4.165526,1.937717,5.002468,4.911698,3.602929,4.637047,4.318767,3.752035,4.589854,2.480131,4.719826,2.004998,4.891449,4.896439,1.948524,-2.263407,-0.252305,1.579212,0.287635,2.440797,1.334318,2.798048,-2.399464,-4.682548,-4.218566,1.53319,-4.187033,-4.872396,-1.191775,2.917823,2.546165,2.063067,-0.409739,1.681239,0.307028,1.774762,3.370258,2.174369,1.320603,3.323239,2.851133,-2.848625,2.58123,2.956018,2.307652,0.182575,-2.561211,-4.113217,-2.684336,1.540597,-2.713105,0.458223,0.97686,2.521381,3.529207,3.644627,3.897331,4.718711,4.564315,5.410701,5.410701,5.310142,5.410701,2.564493,3.520866,4.302465,5.037717,5.349947,5.409539,5.410701,4.644138,4.647941,5.74066,4.978388,4.500615,3.121873,3.033766,5.390338,5.007994,5.406629,2.863716,2.191476,2.056225,1.67116,4.08159,1.216838,1.608602,2.803099,-3.268082,0.505481,-3.020386
ACH-000681,-5.561009,,,,,,,,,,,,,,-3.217533,0.748598,0.557311,1.395677,-0.592093,-1.95803,-3.162708,3.430075,3.573995,1.812077,2.126162,2.61111,3.893293,1.213304,2.733011,0.980551,1.875719,2.108629,2.975649,5.431685,1.921131,3.138553,2.246636,5.113469,2.944876,4.276071,3.092566,3.802128,2.348892,2.787533,0.843286,0.096107,1.769015,2.499941,2.400576,3.000626,-0.932453,-2.506666,-3.734599,-1.105661,3.151102,-0.520111,2.122645,0.342154,1.494573,-4.81925,-1.17077,4.539797,4.655437,3.832341,1.229999,3.825604,2.580423,3.35684,2.772162,0.947661,2.169986,1.10008,2.072844,2.007666,2.011852,4.13212,3.565034,1.080105,-3.646135,2.522098,3.548359,4.094527,2.568283,5.444888,3.125772,2.834468,3.927826,4.004927,5.771344,3.458378,5.918296,6.01168,1.477147,-2.623421,-0.214209,1.687039,0.4073,2.007056,0.653205,2.845464,-2.633571,-4.447467,-4.462999,1.604431,-3.811646,-5.703282,-1.207114,4.545337,3.428917,1.834966,0.105684,2.146738,1.151476,1.928035,4.160971,2.010805,3.129902,2.227608,1.901564,-0.232429,4.170177,4.064176,3.008278,-1.229092,-1.564504,-3.14388,-3.595753,2.584713,-3.20989,1.983331,0.867883,2.379202,5.829221,4.605622,3.682061,5.110663,4.356075,4.854873,5.062696,5.625795,3.787552,2.01998,5.265362,4.538512,5.654659,5.321068,5.295137,5.92172,6.925902,6.542566,7.219932,5.962499,5.775714,5.845364,3.388287,4.951721,4.524427,5.122987,4.637107,2.713835,3.523365,2.655185,3.200767,2.035846,4.373732,3.484339,-0.451704,-1.171866,-4.433267
ACH-000971,-5.577328,,2.635713,,,,,,,,,,,,-0.361334,-0.084481,-1.228743,3.02692,0.143474,-1.489331,-3.270986,3.898081,2.29753,3.181564,4.163831,2.898507,5.223674,2.299904,4.803808,1.49754,2.757412,3.191307,4.171555,3.360844,1.871036,2.609518,1.977427,5.096584,1.945778,3.521223,2.864968,3.656628,3.733466,2.735136,2.072143,1.291458,2.652063,3.152467,2.151003,3.909656,2.127502,-0.69747,-1.789445,0.150598,2.616252,2.883453,2.102448,-1.251348,2.576532,-4.330871,-2.033338,5.245,4.936791,2.678703,1.172282,4.039766,3.712786,3.1176,3.147317,2.955378,3.657367,2.190798,3.3027,2.379248,3.852501,4.399159,4.364426,0.273473,-3.130665,1.845138,3.679533,3.76025,3.71318,3.734324,3.542358,3.838132,4.528599,1.399641,4.44885,2.618012,4.76295,5.330534,2.482437,-2.027382,0.589252,1.132127,0.574815,1.221565,0.522886,3.2218,-1.47229,-5.050008,-4.096689,2.009737,-4.821884,-5.441599,-0.564636,2.796691,5.195233,2.954202,0.780345,2.12956,0.757976,1.90209,3.458446,2.630655,3.894781,2.711188,1.495488,-1.862621,3.461667,3.500127,2.670283,-1.80507,-1.843078,-3.423421,-2.15238,2.306878,-2.985426,1.2433,0.822915,2.268448,5.277958,5.142846,4.453611,4.575451,5.061394,4.353678,4.964186,5.296057,5.331715,1.999978,3.423153,5.03453,5.109717,5.330208,5.331715,5.331715,5.801341,5.172384,5.606469,5.083257,4.557168,5.331018,2.449936,5.178769,4.912878,4.950843,3.852156,3.402873,4.628768,2.380972,3.600091,1.985931,3.637672,2.935696,-4.597618,-0.447306,-6.000652
ACH-000943,-4.829973,,1.529224,,,,,,,,,,,,-1.656218,1.152546,0.78915,3.078237,1.07752,-0.491295,-2.014873,2.944487,1.440411,3.362364,4.118752,3.708833,5.573429,2.991317,4.501886,1.633058,2.703254,2.30945,3.685909,5.142991,3.804492,4.587968,1.954198,4.825253,1.334413,4.018728,3.428792,3.470859,4.179254,2.855619,1.654743,1.128515,2.17675,2.845878,2.106582,2.939275,0.991685,-0.804673,-2.119074,2.626878,1.815846,1.730078,3.277488,-0.986746,4.506771,-5.432774,-2.162114,5.519518,5.667963,2.882814,2.245931,5.182945,3.712882,2.975494,3.15778,1.420231,1.68399,0.74296,3.19487,3.994144,3.316805,4.546315,3.93655,1.514177,-3.67351,1.926797,3.274048,4.604489,2.849564,4.881962,3.228058,3.243111,3.842284,3.294412,3.996725,2.845291,4.836631,4.609975,2.813078,-0.794483,0.168383,1.98463,0.633119,2.149727,1.485267,3.603205,,-5.496391,-4.19456,0.889881,-5.269355,-5.625824,-0.53383,2.787068,3.11085,1.009682,-1.159408,1.120945,-0.119973,2.67268,3.877723,2.883992,3.090834,2.041506,2.526561,-1.955407,3.687006,4.709356,2.819662,-0.617396,-1.581153,-4.12749,-3.36175,2.114247,-3.545975,3.369688,2.082044,2.085854,4.534136,4.306607,4.134562,4.799704,4.768888,4.553351,5.329129,5.271771,3.371307,2.754687,3.454291,4.125623,4.086074,4.803632,5.33014,5.33014,6.070791,5.569423,4.245368,4.310425,5.125707,4.693715,2.468828,4.877646,4.216132,4.347795,3.136003,4.054184,3.004148,4.543573,4.433624,2.6487,3.571193,4.341462,-2.080445,-0.574664,-4.256066
ACH-000264,-5.507151,,,,,,,,,,,,,,-0.406859,-0.063831,-1.03078,1.506189,-0.241738,-1.438555,-3.397074,3.061734,3.420627,4.556886,4.323863,4.45118,6.388444,3.487559,4.955102,2.265687,4.388464,2.273444,5.378247,2.924517,4.88457,1.501937,0.529849,5.708106,-0.682763,4.134286,5.04809,5.743431,6.442862,4.94865,4.49444,2.624643,4.411318,3.724307,5.185745,5.53002,1.181979,0.062669,-1.817309,0.579627,4.420178,3.153712,4.622481,0.152928,2.319053,-3.825558,-0.982902,6.363348,5.313051,4.040334,2.419708,4.267848,3.679418,6.280299,5.509608,4.603523,5.516815,4.983323,3.400653,3.663753,1.982741,3.579657,5.212131,1.92213,-1.475535,4.126061,4.891183,5.764999,3.530835,4.653331,4.215867,5.901236,4.006224,3.503866,5.062781,3.88669,6.076194,6.17239,3.094835,-1.581622,0.429117,3.365514,1.180509,2.000825,1.743945,3.392679,-2.052581,-3.54147,-4.047147,1.87534,-4.320476,-5.139453,0.477989,1.406109,4.448714,1.799464,-0.394644,1.611081,0.054446,6.330506,4.519449,2.596926,4.626408,5.847226,3.210459,0.671258,4.941124,4.357803,2.968717,1.6084,0.48076,-3.576662,1.05111,2.539501,-1.927688,3.610954,2.66186,1.999227,4.764015,5.155396,5.721456,6.442888,6.513884,5.605381,4.516746,6.263785,6.409,4.812405,5.686964,5.8319,5.973544,5.825067,5.867548,5.162485,7.829772,6.366025,5.906603,5.824884,5.247335,5.820971,4.024469,6.266691,5.592795,6.125442,6.399727,4.942594,5.441858,3.318698,4.421219,4.748609,4.992914,3.419448,1.758617,,
ACH-000269,-5.475969,,,,,,,,,,,,,,-1.622129,1.708356,0.862532,1.05968,-0.69592,-1.725701,-2.114429,2.889902,1.741364,2.647651,2.646605,3.592163,5.722897,2.507194,5.754466,2.611007,3.536545,2.073719,5.161187,3.521361,4.270451,1.289285,-0.082365,4.987994,3.038304,5.686745,4.88216,3.118929,5.497498,4.501709,3.741048,2.087027,4.511074,4.213749,4.806351,5.724237,-0.228364,0.429107,-2.447374,0.637403,4.01339,4.356053,3.618045,-0.06496,2.48636,-5.025937,-1.343174,5.461256,5.715473,2.499869,2.61854,5.548736,4.066259,4.318763,4.722416,5.10842,2.51339,2.596892,2.96966,2.461835,2.322824,3.776663,6.207821,2.3122,-2.813217,3.899717,4.032358,3.147192,3.484587,4.769268,3.586771,2.46923,4.36763,1.327865,3.336597,0.994223,3.714505,3.595858,3.408445,0.532575,0.489814,2.732691,1.200366,2.031095,1.571977,3.219762,-1.793353,-3.365567,-2.366262,2.623683,-2.31541,-3.483674,-0.410498,3.078117,4.155794,1.189198,0.494947,2.004364,2.465493,3.791717,3.323793,3.252116,4.303753,5.559024,4.278386,0.025554,2.18902,3.088455,2.150639,0.664164,-1.702217,-5.273687,-3.033834,0.961763,-4.460661,1.402286,0.983102,2.031923,3.309029,5.64929,4.698345,5.724237,5.496486,5.635588,5.680114,5.685477,5.724237,2.864065,3.802312,5.227486,4.827481,5.570423,5.705475,5.720678,5.606516,5.606972,4.482309,4.125923,4.273236,4.975172,3.269348,4.071458,5.698041,4.891792,3.48832,2.681811,3.640374,2.233833,4.313312,2.449267,4.550502,3.019035,-1.658768,,
ACH-000906,-3.297924,,,,,,,,,,,,,,0.728713,1.553253,1.260414,0.712116,-0.75116,-0.668537,-1.227758,2.879298,0.3341,3.164334,2.983901,4.174536,5.564141,2.53187,5.762247,1.750425,4.040145,3.151237,3.807178,4.866754,3.34377,3.707151,3.80233,4.768029,2.406365,4.625902,3.451099,4.646324,4.402571,5.349095,4.481771,2.924212,3.644443,3.079743,4.238466,5.395235,0.836162,-0.315935,-1.521916,0.664501,4.683322,2.186265,1.548258,0.087467,1.369371,-4.965895,-1.70139,4.571734,5.527088,1.479796,2.341608,5.706408,3.64024,6.106491,3.209224,2.61167,4.564454,3.288825,4.420663,3.535248,1.69373,4.284754,6.142561,2.931974,-2.06141,2.520813,3.731674,4.078356,3.554778,4.564216,3.944804,4.635934,4.713668,3.269368,4.755254,3.18575,4.10701,4.732499,3.030309,0.320427,0.562483,3.267401,1.021349,2.387117,-0.089591,4.345766,-1.671667,-4.187462,-1.688958,2.510414,-4.570244,-3.994639,-1.685959,1.608694,2.734618,1.590907,-0.39026,1.506635,0.103418,5.051665,3.608427,2.497768,3.9731,4.384569,4.443814,0.263902,3.423249,4.930042,1.531296,0.033736,-1.272628,-4.219537,-3.860144,1.069687,-3.767048,1.324973,1.743592,2.177423,4.299352,4.139567,3.508668,5.071465,5.328025,5.66002,5.39277,5.643551,5.787562,3.011563,5.058848,4.894369,5.753793,5.574317,5.786339,5.787562,5.206091,5.588798,5.079282,5.728286,5.063839,5.580858,3.290542,5.086601,4.899536,4.461069,5.547716,4.874004,4.336442,2.833078,6.043265,3.156181,3.960665,2.514608,,,
ACH-000320,-5.394221,,,,,,,,,,,,,,-0.60484,0.090604,-0.67388,1.601197,-0.57679,-1.819621,-2.793723,4.901932,2.306418,3.091527,5.886941,4.234804,4.566391,1.939943,5.673972,2.678562,4.721906,2.071506,3.593549,5.086826,4.650033,2.732872,2.535891,6.14188,2.445934,3.935036,4.637053,3.882107,4.118868,4.804042,3.500026,2.417474,5.52234,4.657397,3.43741,4.099907,2.345167,1.9211,-0.555972,1.18011,4.559551,0.093011,3.673339,0.177191,4.378618,-4.794382,-1.701378,5.520661,4.460794,3.639895,1.927463,6.065308,4.318453,3.517634,3.982535,6.037434,5.516245,5.172524,5.064681,3.491709,3.673262,5.516701,3.622595,2.468949,-2.095266,2.46172,4.591659,5.621003,4.324836,6.075386,5.094074,5.334154,5.715733,3.836495,6.010584,3.794639,4.951717,5.991914,4.85978,0.020164,-0.455869,4.130383,1.430063,3.292147,2.502336,4.041709,0.043332,-4.282428,-3.444535,1.854697,-3.506411,-2.957916,1.354104,4.361485,5.097448,2.811166,1.150838,2.953874,0.714781,6.501093,4.694898,3.4321,4.693459,1.354961,2.86046,0.868387,5.443992,4.448436,0.95638,-0.17674,-2.185641,-3.029314,-3.831281,1.082477,-2.613457,2.429325,1.681642,2.567893,6.114334,5.438078,3.761736,3.701201,4.887137,6.009999,5.685233,5.565507,5.697222,3.220527,4.464819,5.155807,5.130864,5.881104,6.138108,5.950254,6.366706,6.325279,6.526117,5.24977,5.320723,5.108111,3.29316,4.48676,4.78952,6.149422,4.313866,3.613011,3.851408,3.645307,4.476868,3.718953,6.237179,4.170642,-3.369526,0.036442,-4.61484
ACH-000935,-6.05049,,1.482659,,,,,,,,,,,,-1.729823,0.455297,-1.501676,-1.005509,-2.033621,-2.992754,-5.027108,2.193072,0.951015,2.633326,2.784299,3.654017,5.44337,1.95597,5.350845,1.903697,3.931438,3.674172,2.933544,2.249508,2.38614,0.425279,0.584644,5.381344,2.000405,3.952263,4.111598,4.198916,2.915125,4.899268,2.097335,1.092909,3.083424,2.171559,1.198019,2.067274,,-1.7827,-3.431497,-0.611199,3.852575,2.811727,2.302614,-0.105275,2.798634,-5.459704,-1.697515,5.477951,5.211083,2.31909,2.324825,4.49769,3.375884,4.743428,4.633264,2.295235,5.123202,4.819924,4.392629,4.420883,4.75601,4.920189,6.06531,2.262525,-2.940507,2.849465,4.432974,5.098403,3.897181,4.482849,4.741564,4.092415,4.776311,3.109513,5.321351,3.000135,5.439293,5.440354,,-0.349036,-0.987495,1.573451,,1.354933,3.016478,3.327593,-2.227966,-6.608271,-4.314573,0.384856,-5.879967,-5.735502,-0.542065,,3.178499,1.296013,-1.940913,1.583666,0.839232,2.211873,2.644364,2.24701,2.463034,3.927215,2.452445,-0.434183,4.666097,3.733819,2.347579,-0.793602,-2.855013,-5.357,-2.871078,1.815089,-3.737909,1.065209,1.087251,2.129625,2.827954,4.275751,3.808091,4.940097,4.882734,5.225648,5.018979,4.710613,4.296717,2.328263,3.318579,4.549552,5.099381,5.465136,5.49239,5.395769,6.537703,5.00068,5.48683,5.745774,,5.08359,1.72236,4.819908,5.447311,,3.998068,4.723702,3.684402,1.463899,3.296106,1.823904,3.760282,3.393892,-2.9611,,
ACH-000651,-6.748135,5.68053,2.640206,3.52561,2.021584,2.916524,2.816807,-1.893667,1.977634,5.259029,5.854206,6.485672,4.78451,7.908963,-2.122452,1.750181,0.279286,-0.080336,-1.124626,-2.612864,-2.938916,5.412165,5.13552,4.527948,4.988438,5.356576,6.90443,3.826479,5.795607,2.07825,5.260435,3.115856,6.060404,4.284998,4.189068,3.482992,1.132388,6.255241,2.70659,3.347917,3.083114,4.024459,5.080942,4.534263,3.979885,2.635864,5.759165,5.919848,5.214697,5.722483,2.42662,0.658264,-1.487166,0.99472,4.617432,3.438048,4.929665,-0.535248,3.693992,-4.991003,-2.08968,6.057542,6.453457,4.923909,3.140395,7.493128,4.357261,3.691725,4.593381,3.234329,3.562212,3.056384,4.608258,3.525491,4.086261,4.669506,3.780029,1.085827,-3.558704,3.249142,5.198921,6.211274,4.121502,5.444072,4.678862,4.476832,3.853415,4.010506,6.270898,4.161035,7.103271,7.037695,4.192862,0.459261,0.322051,2.304303,0.281942,3.83814,1.867563,4.449357,-3.08397,-3.916194,-3.732144,1.184081,-3.158867,-4.121266,-0.042627,6.275133,5.015557,3.039201,0.975337,2.401064,0.647043,6.940228,4.627754,2.512364,4.203119,4.82722,2.355684,1.077723,3.972458,4.862772,3.436478,1.067516,-1.132489,-4.268814,-1.582861,1.934518,-3.182535,2.091116,0.995001,2.724399,5.720683,7.94817,4.245517,6.225911,6.163853,5.497991,6.123964,6.461742,7.722715,3.633114,5.382571,6.610933,7.501201,7.556833,8.326885,7.713607,6.734117,6.576897,7.068305,5.921186,6.336426,6.780481,4.670653,6.177297,6.936433,7.262087,5.898084,5.644172,4.81001,3.841059,4.330139,3.969929,4.198845,4.840371,-0.021831,-0.246479,-3.869018
ACH-000219,-6.231347,4.305235,2.376808,3.495969,0.698765,1.919739,2.62219,-3.75824,1.263163,4.70373,5.422667,5.618157,3.626157,2.904728,-1.275627,0.329475,-0.905239,-0.80933,-1.768515,-3.732244,-4.870635,-0.115626,-3.457639,2.953595,3.599325,4.284541,4.810171,2.206392,5.106081,1.766163,3.614133,1.95131,4.047609,4.337075,2.207792,2.651957,2.39131,5.4811,2.897372,4.073417,3.053782,4.926454,3.822679,4.213342,2.628829,1.189834,3.664887,4.188179,3.198721,4.241062,1.833787,-0.308988,-2.545258,0.3494,2.648613,3.42254,2.918639,-0.839058,0.8739,-5.345713,-1.641552,4.861238,4.856003,3.53029,2.553402,4.956879,4.332671,2.757733,4.104199,2.582116,2.951961,2.050564,3.397223,2.344173,2.85704,3.554352,2.901829,1.405247,-4.069886,2.653236,4.710503,6.006591,3.743099,4.939646,4.560145,3.930353,4.516509,3.860566,5.697349,3.215248,5.74686,6.280937,3.784034,-0.625699,-0.731851,2.111326,0.456586,2.181115,1.234469,2.851815,-3.141203,-4.906531,-4.268411,1.102948,-3.601333,-5.734723,-0.670536,3.921911,3.5814,1.752193,0.200075,1.104027,0.222381,1.824666,4.086175,2.90516,4.515481,4.066832,3.11148,-0.972838,3.080186,3.74091,2.504556,-0.694056,-2.284726,-5.5929,-4.772323,0.576734,-4.323478,1.809696,1.18545,2.011561,3.336062,4.228145,4.022591,4.798064,4.290946,4.55961,5.037224,5.569837,5.992753,2.992762,3.59936,5.179463,5.792182,6.445965,7.11012,6.694332,6.667219,5.230018,6.7126,5.315495,4.673439,5.645459,3.454818,5.826214,5.34966,5.812469,4.79708,3.291007,3.78911,1.985126,3.250594,2.114261,4.058658,3.662514,-0.244448,-0.751045,
ACH-000065,,,,,,,,,,,,,,,-0.919708,1.492701,0.826295,0.875897,-0.696455,-2.047925,-2.640114,4.579067,2.133204,2.196475,,,,,3.905473,1.051908,4.256355,,,4.432305,,,-1.523968,3.54019,3.141242,3.58069,3.162803,3.115508,,2.594358,-0.558688,0.506527,3.612642,2.13999,,,0.957916,0.420227,,,,1.633201,0.582244,1.140177,2.593127,,-0.560573,3.754442,2.918112,,1.574671,4.563236,1.289847,5.661961,3.667149,0.440992,2.652265,2.246992,2.872785,2.450344,2.538165,4.269219,4.865428,1.02634,-4.04094,2.620606,4.578884,3.585411,2.229855,4.308712,3.115758,3.39969,5.132566,1.558633,4.579348,2.275386,4.253356,4.579301,1.560521,1.441534,,0.486921,-2.409654,-0.620319,-0.454013,1.361718,-3.898019,,,,-4.960973,-4.392356,-1.889754,1.515422,3.22974,,,,-0.591698,0.384555,1.123842,1.382939,2.411587,1.619524,1.363711,,3.709714,2.880593,1.1096,,,-4.892226,-3.307308,1.166985,-4.253329,0.818883,,,,4.541793,4.560645,,3.993914,4.517521,4.532802,4.579348,4.579348,1.764095,2.951156,3.261694,4.531407,3.336518,3.378792,3.160108,4.767282,2.811854,3.626886,3.406238,4.579348,,2.276763,,,4.423334,,3.596038,,,1.586525,,2.624954,,-1.441914,,
ACH-000311,-1.870065,,,,,,,,,,,,,,-1.685861,0.727908,-0.219053,0.25685,-1.412123,-2.674948,-3.946024,3.305709,4.336514,1.689424,0.570652,1.513878,2.938589,0.751924,2.482612,0.457159,2.015478,2.262141,2.316311,4.14999,0.862323,2.000056,2.426267,4.825836,1.327288,3.717995,3.167869,3.195214,2.266715,1.190184,-0.379901,7.4e-05,1.065532,1.641682,0.927341,1.142711,1.033876,-1.034114,-2.938699,-0.917461,2.469528,2.529303,2.561321,-1.031546,3.167618,-4.206931,-0.419993,4.447374,2.352043,1.444386,1.296772,3.765592,1.327334,2.69405,3.259723,1.573546,2.175278,0.989771,2.813263,1.875216,-0.146644,3.783184,2.572193,0.040211,-3.542533,1.466357,3.899246,3.412867,2.07614,3.726497,3.178765,3.070529,2.608753,0.365711,3.841223,1.683015,3.925131,5.055581,2.968496,-1.741839,-0.119731,1.207105,0.057326,1.669266,-2.563289,0.853825,-2.474365,-7.128166,-5.23502,-0.017262,-5.980088,-6.925399,-1.206745,1.249326,2.4626,0.807202,-0.859883,0.775378,-0.792537,4.012991,4.044409,2.428246,3.057658,0.989714,2.563938,0.111911,3.325537,3.660324,2.847195,1.507869,0.478749,-4.371161,-2.635625,2.096421,-2.90564,-1.185036,0.804768,2.03348,3.745509,4.957521,3.084759,4.08526,4.327655,4.747045,4.768162,4.963126,3.991245,2.804608,2.587809,4.771791,4.602095,3.613272,5.054957,4.803474,5.96889,4.928985,5.228689,4.474857,4.189889,3.503781,2.792033,2.232596,3.758513,5.001639,3.73462,2.261431,3.052771,-0.180295,1.760867,2.106341,2.884032,1.43183,-4.273572,,
ACH-000989,-2.972344,,1.69475,,,,,,,,,,,,-1.802573,1.547344,0.178013,1.78671,1.025174,0.127426,-0.955637,5.474541,5.213086,0.466965,0.774098,1.171628,3.789741,-0.212999,1.127186,0.177181,2.124174,3.880383,3.775515,5.477251,2.144307,1.794674,1.764943,5.143726,1.224612,3.887745,2.939838,4.040438,3.138767,3.54609,1.110193,0.118202,1.59781,1.892408,2.352171,2.674203,1.41998,1.302736,-1.060358,0.690431,3.999541,2.634299,1.674107,0.415397,4.538809,-4.141539,-1.088112,4.592709,5.135187,1.598547,1.310061,4.238957,2.437788,3.936439,2.879641,1.291551,1.940024,1.563705,2.573156,2.703295,4.243484,5.291451,4.609983,2.345387,-3.899734,2.621644,2.736842,5.270101,4.146159,5.191762,3.687113,4.205326,3.963334,3.098406,5.321279,3.102398,5.239864,5.369203,2.87427,-1.664106,0.92539,1.029266,-0.735075,1.308353,-1.102967,1.13411,-2.234342,-6.045833,-4.091116,1.627362,-5.830167,-6.406682,-1.820059,2.903867,2.614381,2.582673,0.485364,2.698211,-0.378367,1.508715,3.912836,1.041511,1.328328,2.905109,2.082197,-0.606346,3.93053,3.889986,2.102376,-1.907354,-2.309721,-4.099896,-1.582129,2.17955,-2.833725,1.590414,1.274245,2.141864,4.279839,4.265093,3.770029,4.350233,5.438982,4.871383,5.388416,4.459619,5.42387,3.581643,4.6775,4.263271,4.606186,5.422245,5.401297,5.42387,6.318619,5.375216,5.752199,5.501747,5.279588,5.079067,2.531543,4.635337,4.88142,4.884036,3.792077,3.910503,4.066133,2.513372,2.349107,1.604507,2.972472,2.217461,-3.383377,,
ACH-000414,-2.960989,,,,,,,,,,,,,,-1.589904,1.844819,1.747805,2.959392,1.975732,0.689909,-0.382788,5.91043,5.111272,2.081392,1.839476,3.248696,4.473263,1.086201,3.010486,1.546481,3.880199,4.431307,2.69924,3.312239,2.525767,1.378411,1.176697,4.738572,2.491668,2.598325,3.526617,3.239563,2.604614,3.340607,0.74427,0.24327,2.341376,2.353187,2.947488,3.573547,2.015145,-1.197475,-1.112148,1.704321,4.829992,4.301008,2.930768,1.009672,1.330846,-2.212859,0.716715,5.855385,4.182593,1.516308,2.212911,6.208459,3.50335,6.542952,4.211632,1.399735,2.944843,2.346359,3.96977,2.92887,0.297216,4.891557,5.468657,2.4955,-3.030471,2.747999,3.865958,4.309885,3.107191,5.443252,3.875269,3.790312,3.966195,1.663491,5.98232,3.877662,6.067064,6.192418,3.171285,-0.63946,2.381866,3.281884,1.133598,3.018366,1.276826,3.302417,-1.583034,-3.005086,0.231444,2.779146,-3.752711,-4.552136,-0.688243,4.051015,2.918513,1.33612,0.724296,4.082366,0.584074,3.056813,3.462913,3.024736,5.355563,3.589714,3.053419,1.649191,4.451379,4.832881,4.067219,0.239135,-0.014554,-4.108877,-2.457412,2.751551,-2.516248,0.657816,2.341606,2.365503,5.800316,6.055653,4.197177,4.351079,5.339819,6.010318,5.807963,5.96893,5.559368,4.088439,3.891687,6.110546,6.067804,6.051737,6.265688,4.898283,7.536875,6.089413,6.389635,6.227022,5.180628,5.875768,3.438391,5.190026,5.802225,5.434658,4.748475,4.649897,4.915416,4.684094,3.976887,4.368232,4.521173,2.861381,0.430264,,
ACH-000007,,,1.328481,,,,,,,,,,,,-1.886624,-0.154789,0.024482,-0.7312,-1.83118,-3.224086,-5.07196,5.060211,4.404782,1.446812,,,4.813731,,1.634124,-0.259734,1.37076,,,3.719036,,,2.150489,5.528602,4.829677,4.4166,3.170517,4.447995,,3.180765,0.327674,0.296864,1.28726,0.824578,,,0.224156,-0.138152,,,,2.264065,3.329184,0.521782,1.510962,,-1.429434,4.92314,5.071992,,1.776863,3.048123,3.981601,3.392785,4.402877,1.464482,3.169127,2.015937,4.500123,2.476106,1.942905,3.487065,4.124174,2.629074,-2.886744,2.135081,4.405936,5.222221,3.552131,5.065966,4.47839,5.417568,4.24133,3.441628,4.748499,3.158856,4.956259,5.737934,,-0.200939,,1.277685,,1.744665,0.25052,2.513083,-0.877715,,,,-3.521728,-4.631399,0.024441,,2.798011,,0.715533,,-0.595952,1.406242,3.282957,1.209893,1.62957,1.742438,1.200548,,3.769896,3.813458,2.919147,,,-4.489221,-3.243612,1.813011,-3.160246,1.350856,,,,4.729262,4.441317,,4.887107,5.35352,5.540519,5.698212,5.775309,3.189255,3.004406,4.616114,5.030822,5.504545,5.775309,5.658243,7.248506,4.312625,5.133465,5.859496,,,,,,,,3.224961,,,1.593206,,3.514301,3.99813,-0.864728,4.467028,-3.855835
ACH-000957,-2.602995,,2.304969,,,,,,,,,,,,-0.551432,2.125388,1.09326,1.960677,1.180559,-1.14435,-1.483615,6.201589,5.719257,2.368991,2.541306,3.46743,5.595141,1.856094,2.90531,1.940935,3.498523,4.485011,5.106485,6.305148,1.529584,5.137111,2.674582,5.463549,5.542345,4.862612,4.184973,4.466969,3.386111,3.208777,0.887682,0.950035,3.232935,3.154434,2.056864,3.332542,1.340971,-0.42307,-2.115652,0.174667,3.817441,4.764487,3.377268,0.220848,2.489681,-3.710683,-1.034485,5.92279,5.773968,3.653696,3.150908,5.836158,4.100895,5.064305,3.722445,2.770078,5.189531,3.57669,3.905936,5.284067,5.221727,6.042335,6.447619,3.027271,-2.161569,3.376279,4.867302,5.351594,5.667537,5.580855,5.781297,6.172004,5.895678,3.168722,5.061134,3.861467,6.0217,5.192503,4.035557,1.535688,1.099379,2.866265,1.919387,3.422446,2.563095,5.341952,-0.980247,-2.896678,-1.327439,3.557901,-2.720688,-3.689558,0.049375,3.953983,3.653986,1.43869,0.379193,2.835578,0.724519,1.583407,3.463669,1.890096,4.407402,4.395521,1.707384,1.009313,3.930058,4.70913,3.014263,0.920695,-0.650654,-3.402746,-2.066983,2.234349,-3.015232,2.892097,1.827043,3.497756,6.105712,5.575167,4.151777,5.441699,6.459803,6.170709,6.124441,5.18101,6.200059,2.792056,3.593734,6.016185,5.960044,6.174409,6.202886,6.153399,7.17128,5.534479,5.683889,5.510254,6.138179,5.800555,3.747047,4.570362,6.197423,5.941356,5.261982,4.575023,3.763369,3.633957,4.760695,2.695255,4.851102,5.331697,1.450541,1.362546,-4.55978
ACH-000849,-5.986109,2.110284,,2.517654,1.127242,,1.897532,,,,,,,,1.035586,2.879246,2.966063,3.90851,2.390507,1.359186,0.38473,3.271617,3.433971,1.116138,1.94229,1.829364,1.526638,0.676755,1.142936,0.174724,1.309193,1.823737,3.854451,1.529829,2.173607,2.327576,1.287956,4.682152,-0.403238,1.810532,2.920939,2.527928,2.093445,4.445925,2.219297,1.300054,3.657801,2.757151,1.435903,2.922738,0.430171,-1.23888,-2.320341,0.489299,1.777913,1.645656,2.258203,-0.124739,3.307147,-6.172591,-1.908119,5.472204,3.207893,3.224276,2.535784,4.534968,2.53662,2.56655,4.122952,3.736514,4.185,2.253205,2.947741,2.781815,2.469223,2.531563,4.650592,1.249144,-4.297832,2.389385,2.791503,5.50595,2.615525,3.396727,2.956427,2.539316,2.946164,2.468947,5.336652,3.084947,4.362004,5.314714,3.133957,-0.894475,0.373721,1.601858,0.925976,1.107297,-1.823914,0.869783,,-4.322447,-4.075334,1.682029,-2.591453,-5.435886,-1.149074,3.820361,5.012761,1.666021,0.332571,1.739433,0.973653,4.823182,3.8674,4.581065,5.067362,4.998107,3.689032,0.280314,4.186433,3.507195,1.330439,3.81016,-1.147019,-4.767292,-1.799548,1.982506,-2.5123,2.144651,1.639962,1.53632,3.563125,4.963999,3.417418,3.632465,2.915166,5.529116,5.311682,4.105146,4.136783,2.067367,3.831679,4.416467,4.916083,5.130242,5.615297,5.48862,6.21462,5.797643,5.982475,5.039005,3.920088,4.565867,2.224679,5.219465,4.719031,5.055827,4.07593,4.929352,3.451562,4.417919,3.492461,1.889387,5.26411,4.021577,3.145589,0.984672,-4.333292
ACH-000132,-6.301002,2.75295,5.59742,4.714867,2.832934,2.153816,2.63486,-2.251982,1.767577,5.113822,5.021502,5.795858,2.834821,3.948171,-0.117845,2.298639,2.432845,3.895391,2.221299,1.823303,1.408977,3.235909,4.626475,2.467166,1.774768,3.11361,3.524715,1.03596,2.92245,0.761278,4.331151,,3.619425,2.28655,3.475826,2.225648,1.948815,0.105342,-2.851318,3.170226,4.515775,5.659054,1.555533,2.776039,1.33752,0.595031,4.598147,3.705651,3.611166,3.418014,1.843654,,-1.768756,-0.343397,4.715417,0.302502,2.54341,,,-5.348297,-0.96503,3.396711,3.198744,3.556945,2.672624,4.693993,4.214171,4.002282,5.083689,2.227274,2.782556,3.156937,3.303623,2.65614,4.73209,5.469516,5.115348,0.793041,-2.949113,2.125122,4.917037,4.704688,3.58398,5.68347,4.890542,5.581438,4.766406,3.156771,5.748674,2.097458,5.349111,5.857477,4.514319,-0.024612,-0.126601,3.907373,1.661251,3.017543,1.157721,3.389469,-1.368406,,-4.490169,1.825668,-3.404921,-4.731928,-0.70284,2.599541,5.841133,2.258102,1.537395,1.345349,0.765105,4.650725,5.862939,4.91972,3.55559,4.228336,4.061349,-0.496432,3.777737,3.75302,,,-0.802253,-3.870474,-1.539653,1.349314,-2.266842,2.212734,2.300003,2.775368,5.071504,4.282328,4.44858,5.027718,5.754739,4.319123,3.731971,5.062895,5.285651,2.361833,,5.004016,5.413462,5.494029,5.847898,,5.77798,5.195731,5.744681,5.784598,4.822743,4.736643,3.549606,5.83024,5.133321,4.303435,4.329478,5.515603,5.8373,4.072045,4.228176,2.670979,3.522229,5.29566,2.85838,,-3.704985
ACH-000840,-6.535692,4.594947,3.646333,3.232627,2.554932,2.506053,4.091174,-3.931668,2.254614,6.34034,6.222223,6.548388,3.708102,5.248805,-0.090333,2.573255,4.208925,3.823996,3.174939,3.06393,1.187522,3.986322,6.566956,1.184128,3.16719,3.995864,2.770238,0.531047,2.830786,1.519898,1.662195,,2.954176,3.907169,3.130977,2.010092,0.715101,1.942167,-2.427082,5.93064,3.405233,5.193077,3.042052,2.451774,1.915022,0.906035,3.920073,2.299433,3.491609,3.933383,2.253754,,-2.305579,0.108611,2.585518,-1.379037,2.070308,2.310696,,-5.212742,-1.772175,6.338444,4.663545,4.460916,3.521019,6.67624,5.127615,3.443407,4.789074,2.016255,2.574352,2.205048,2.797017,3.162826,4.320818,5.374922,5.68741,1.695618,-2.548548,2.773251,5.647641,4.939179,3.561139,5.844889,5.742403,4.727735,6.355508,4.347894,6.02686,3.323844,5.463605,6.676912,6.04962,1.246005,2.778665,2.679672,0.737277,2.375197,3.663312,3.602169,0.216923,,-4.202066,1.55186,-3.887948,-5.471098,4.473513,3.976433,5.124619,2.568878,1.96032,2.43807,1.216352,5.862644,3.97103,5.807874,5.262255,3.206317,4.491116,3.069578,6.067001,5.105444,,,-0.295102,-1.157559,-1.906536,2.52746,-2.666834,2.495105,1.900204,3.57104,5.121086,4.984945,4.271124,6.398703,4.260755,3.845856,4.949499,4.676374,6.610294,1.747463,5.900326,5.088764,6.307819,6.190953,5.590772,,6.798493,5.790736,6.01844,4.76874,5.596208,5.651075,4.532602,6.445266,4.590404,5.717202,3.559159,5.534422,5.452165,2.811927,3.567946,3.005839,5.594223,3.961983,3.063321,,-3.607463
ACH-000778,-4.068172,,,,,,,,,,,,,,-2.375459,2.672929,2.323632,2.787049,1.646541,0.421105,-0.476093,3.373394,4.110466,1.364763,0.465067,0.942305,2.579069,-0.134642,1.490697,0.586564,1.110678,3.708348,5.110846,3.74091,3.786658,2.889248,3.167405,3.589695,-5.777743,4.496466,3.789294,4.723022,3.508658,2.561187,1.43324,0.677818,3.104474,2.045022,1.253722,2.744324,1.6299,0.074094,-3.135084,-0.595353,2.716329,-0.757893,1.316192,-1.848559,1.307047,-4.583708,-0.825437,4.644745,5.115851,2.610939,2.200458,4.994955,3.326439,3.485556,3.570684,0.868988,4.302014,2.141719,3.848774,3.625997,4.315724,5.218773,2.743536,0.775859,-3.657054,3.142844,4.405747,4.483844,2.784097,4.153358,5.17562,5.033275,5.013713,3.041635,5.288505,3.119406,5.11216,5.177592,3.491551,-0.706989,-0.294046,1.97507,0.875084,0.953453,0.925283,2.983764,0.156839,-4.643437,-4.808082,1.455068,-4.602458,-6.075508,-0.239357,2.556234,3.199372,2.278249,-0.374189,0.989916,0.758049,4.978783,3.246167,2.567471,3.997487,4.058194,3.329272,-0.563507,5.291583,4.644401,1.811622,-1.677708,-2.821299,-5.568792,-2.29612,1.303746,-3.9532,3.181399,0.726968,2.135178,3.872624,4.653037,4.127067,5.424647,4.5429,4.516306,5.423168,4.919864,4.746648,3.236235,3.837981,4.089391,5.017542,4.763582,5.427113,5.428277,6.045897,5.300524,5.70594,5.113701,4.21045,5.32468,2.427849,4.024546,3.70628,4.770588,3.896832,2.92172,2.31222,1.783154,4.581726,1.580799,3.412009,2.213643,1.869866,,
ACH-000794,-2.945544,,,,,,,,,,,,,,-1.744469,2.978491,1.305637,4.857054,3.581661,1.884762,1.222243,4.324222,4.84756,2.515029,3.694252,2.567298,5.186291,1.802362,4.261822,1.855096,2.380454,1.572658,3.750472,1.811933,2.724745,1.321493,1.500662,3.463039,-3.748217,5.090425,3.021712,4.09839,3.699449,1.836108,-0.188522,1.119139,2.116181,4.486675,2.00786,3.50357,1.761692,1.04625,-0.780999,0.180389,4.256576,0.687632,3.768481,0.900409,-0.186135,-4.44471,-0.955337,5.363925,5.080714,2.532278,1.78226,5.383881,3.767919,3.893636,4.999531,5.141489,3.38778,3.168647,2.869242,2.545531,2.050867,5.072255,5.915518,0.334305,-4.809268,3.159263,3.992609,5.09655,3.413738,5.711457,4.389635,4.911181,4.205626,3.296448,4.976618,3.035691,5.335752,5.318861,3.506068,-0.352875,-1.0692,2.734783,0.489787,1.154871,-1.435136,3.271299,2.052548,-6.084207,-5.701551,0.48736,-4.071042,-6.606139,0.036772,4.447076,4.233157,1.394249,0.389181,1.773241,0.761307,5.601297,5.114611,5.282797,3.938495,3.160997,3.624352,0.760454,3.523115,4.417431,2.724552,0.668029,-1.822439,-4.228051,-3.157981,0.946411,-3.591402,2.325441,1.978912,2.721453,5.381296,4.779867,3.799516,4.407709,4.771606,4.120071,4.332775,5.22137,5.379067,2.638446,3.655868,4.427612,4.23677,5.322213,5.383881,5.295491,6.421029,5.267091,5.8512,4.505819,4.721367,5.36688,2.506487,4.613674,4.648492,4.708821,3.836626,3.695359,3.565927,4.046947,3.937443,2.068446,5.186761,3.645286,0.787658,0.862675,-3.244929
ACH-000835,-4.949298,,,,,,,,,,,,,,3.194009,2.764367,2.408296,5.097696,2.326734,0.894458,-0.30425,3.543056,2.583581,3.87856,4.652846,4.307603,3.505675,2.498618,4.722159,2.124135,3.878783,4.70473,4.960114,4.183251,4.143017,4.808901,3.992173,4.108321,-4.257282,4.832022,3.608145,3.981777,3.662895,3.887366,2.160218,1.500547,3.4844,3.35621,4.000545,4.579389,2.342112,0.230394,-0.946045,1.866064,3.640887,-0.534348,4.194384,1.470892,4.079358,-3.306095,-0.790281,5.337283,4.046138,2.897682,1.626582,4.444231,3.012266,3.449893,3.200122,3.447953,3.435792,2.601514,3.681514,2.943749,4.68747,4.993736,3.333741,1.486824,-0.814679,2.829884,4.493292,3.858179,3.409658,5.596747,5.249993,4.848073,5.646598,3.821442,4.947339,3.199462,5.801203,5.985546,3.425254,0.44262,1.505435,2.840149,0.988495,2.42921,2.656663,3.667918,-0.517559,-2.993873,-2.235331,4.358351,-3.210826,-4.82669,1.044423,3.519819,4.640025,4.295538,0.641717,2.267962,0.068388,5.675166,3.976637,3.328556,4.658204,4.141627,4.294262,1.097058,4.015187,4.83777,3.323321,2.353775,-0.350951,-4.548932,-1.812414,1.865959,-2.933625,2.128854,2.190973,2.382869,3.637976,5.446511,6.050671,6.059027,4.759101,5.966147,5.199188,5.632335,5.197319,3.402085,3.910739,5.34159,5.759613,5.836073,5.933481,5.836696,5.4767,6.101189,5.530611,5.460501,5.688196,5.507756,3.847569,6.043238,5.496071,4.959342,5.133694,4.193789,4.298873,2.423703,4.370471,2.211623,3.965483,4.184876,-1.613469,,
ACH-000627,-5.84772,,,,,,,,,,,,,,2.423509,4.83544,4.217963,5.729068,4.015877,3.64848,3.440181,3.890579,4.841147,4.176442,4.413024,4.491917,6.110834,2.814507,6.168069,2.324636,4.352931,2.822017,4.960031,3.848637,4.676518,4.035264,3.379275,3.623594,0.295615,4.895246,3.323978,4.173085,3.142563,3.34443,1.98487,1.758881,2.348832,3.101488,3.218657,5.02659,1.716372,0.400294,-1.02593,1.3668,4.322745,1.056282,3.441534,0.015458,4.093022,-4.718198,-1.275828,6.124978,5.053803,2.941164,2.493603,5.86668,4.250891,2.905415,4.073757,2.896763,3.210829,2.51666,3.083612,1.291154,3.082514,4.435247,5.94314,0.701759,-3.275303,2.839718,5.079454,5.225687,4.019736,4.983369,3.69839,4.049014,4.08427,2.769787,5.467215,1.737353,5.686123,5.269007,3.955928,-0.091926,1.009238,2.874591,1.767768,2.442053,1.175962,3.266417,-2.758894,-3.902174,-3.122707,2.93749,-3.467544,-4.424566,0.101827,4.165886,4.932541,4.165824,0.315133,2.23627,0.805127,5.082635,4.16079,4.342826,4.091497,4.61429,4.329532,-0.550662,5.271363,5.4638,3.957413,3.753736,0.053469,-1.662747,1.758037,4.214159,-0.941273,0.752865,1.676101,3.236249,5.270654,5.94134,5.045395,5.958144,5.254726,4.890776,4.901178,5.912235,6.00197,3.345145,3.869635,5.247566,5.920961,5.839713,6.124978,6.124978,6.436093,5.54148,6.409542,6.06062,6.043233,6.070112,4.08431,5.968666,5.60577,5.480746,5.199027,2.932032,4.649501,2.355473,4.391826,2.415487,4.157438,3.934613,-3.097964,1.060062,-3.608615
ACH-000410,-2.941787,,,,,,,,,,,,,,0.089147,3.7762,4.677335,5.717919,4.004908,4.043942,3.338098,4.153484,4.357318,3.730679,4.697625,4.13677,4.986546,3.364631,4.638718,1.673695,4.21139,3.327209,5.340399,5.774875,3.464016,3.235282,2.195293,4.347202,1.20914,4.687826,3.904894,5.21449,3.943108,2.55152,0.800562,0.694568,2.369239,2.765783,3.222335,3.774562,1.664563,1.577869,0.080517,4.063863,4.266795,1.168703,2.448718,0.385004,3.454976,-1.365915,-0.579753,5.482712,4.989804,3.403303,2.128999,5.752313,3.112112,5.353783,4.213185,1.692679,2.599814,1.509981,2.19699,1.733186,4.347818,4.371003,5.128723,1.188685,-2.928882,2.949613,4.617108,4.678922,4.014375,5.74637,3.702463,3.607677,4.971449,3.404351,5.51481,2.346227,5.024782,5.088353,4.444711,-0.405184,1.004397,1.516826,1.281909,1.497407,1.128937,2.352557,0.221575,-2.708596,-1.442092,3.857789,-2.513247,-3.745449,-0.524524,5.05687,4.556715,3.900532,0.602847,2.90254,0.524884,4.836861,4.318255,4.431004,4.350503,4.660321,6.060842,2.015903,4.157862,4.833581,2.939781,2.407164,-0.215845,-3.996163,-1.119222,2.01702,-2.902462,3.297106,2.265793,3.376788,5.43659,5.747505,4.859615,5.752825,4.815946,5.752825,5.752695,5.661901,4.407717,3.599866,4.878284,4.650241,5.353115,4.482743,5.671549,5.037849,5.747281,5.864272,5.883666,5.244112,5.684579,5.751633,3.276987,5.591434,5.504215,5.605409,4.331469,2.346953,4.805893,1.238423,2.176239,4.515565,4.341084,3.890003,-2.885925,2.074231,-4.265434
ACH-000075,-2.608574,,,,,,,,,,,,,,,3.618392,2.858218,,,0.934998,0.445309,5.301829,5.460642,2.495745,2.614535,3.434961,4.421922,2.304876,4.167687,3.705909,5.484295,4.332631,4.948382,4.114349,3.450481,4.75625,4.866682,4.55659,3.749999,4.76474,,4.041061,2.594201,3.745419,1.520827,1.024174,2.363267,3.229443,2.4979,3.32168,,-0.519095,-1.260153,0.711297,4.688371,4.526317,,0.711973,,-4.268365,-0.992343,6.084817,6.027969,2.323944,3.032719,5.267335,2.511496,5.482128,3.029568,,3.281031,3.34418,3.876139,3.911401,5.051106,4.436624,5.624812,2.93338,-2.606368,3.753063,4.710704,4.071839,3.607778,5.895362,3.56799,4.024403,4.728842,2.724801,4.880361,1.86844,5.599588,5.268862,3.383675,-0.405145,-0.088412,3.219331,0.9536,,2.290867,3.982351,,-1.461261,0.178423,4.137651,-1.962499,-3.07159,,4.091005,4.236601,3.259959,1.660988,2.765663,2.81592,3.343346,,3.423509,4.014246,5.045884,4.914206,2.089147,3.566556,4.583405,3.210348,1.030354,-1.241287,-3.128633,-1.368414,2.440667,-2.449797,3.353464,3.050755,3.275205,5.142343,5.047054,5.28566,4.546688,,5.616679,5.241263,,5.984421,,,,,,,,7.264639,6.120078,4.997797,5.612202,5.052965,5.023299,3.019832,5.823176,3.911865,4.851365,5.921429,3.725547,4.405986,2.271051,6.027853,1.841804,5.246392,1.41158,1.972408,,
ACH-000956,-3.030734,,,,,,,,,,,,,,2.390068,3.738037,3.056805,4.020648,2.966536,1.264776,1.325603,5.504357,6.439239,3.408729,4.439637,4.315802,5.403357,3.22546,5.764129,2.316328,3.516958,2.127041,4.876028,5.052249,4.398981,3.98776,4.803093,5.787252,2.402949,4.981523,4.235458,5.040647,3.749366,2.207962,0.963836,0.523985,0.576673,1.451813,1.553442,3.593688,-0.974396,-1.458397,-2.793766,-0.17,4.238712,4.203067,3.913924,0.980832,3.97792,-4.6224,-1.597174,5.936712,6.20477,3.621982,3.799297,5.831497,4.731265,3.351648,3.564366,2.439388,2.28072,3.040589,5.335641,1.879975,4.436175,5.772326,2.835576,3.969719,-2.715792,2.47004,4.40755,6.440741,3.576363,5.715007,4.194722,4.158391,4.858924,4.036203,6.430491,3.794755,4.677051,6.101116,3.071326,-1.004245,0.5335,2.502973,2.452178,5.667987,3.292027,4.474203,-1.501355,-4.384381,-2.240796,2.770574,-3.401996,-3.693711,0.779534,3.939079,6.013336,3.384121,2.042511,2.788358,2.454693,2.716152,3.056134,2.253138,2.299274,2.319585,2.780294,1.682196,3.559028,4.811496,3.372862,4.189364,-1.427706,-4.972312,-2.883793,2.222536,-2.90246,1.987387,0.913749,3.52718,6.470562,5.298182,6.043719,6.255464,5.06275,6.475129,6.414185,5.941977,6.475988,4.462832,4.095206,5.391738,6.060621,6.214894,6.475988,6.076753,7.842775,6.109497,6.343132,6.336956,6.360602,6.209993,4.388433,6.444654,6.124603,6.450931,5.643544,4.30083,3.733367,2.59346,3.596753,2.109625,3.830967,3.618655,0.448684,0.804539,-3.112784
ACH-000096,-6.451951,,,,,,,,,,,,,,-0.637249,2.31711,1.764969,2.442897,0.048167,0.499356,-1.492657,5.453028,3.442598,3.037153,3.015866,3.951186,3.805465,0.30032,4.254002,1.247764,2.851084,2.700952,2.200793,5.331276,2.324162,3.195934,1.294434,4.525577,1.600437,3.732967,3.577212,3.611993,0.963155,1.834278,-0.237557,-0.235186,0.608104,0.82727,0.055143,0.289523,-1.401475,-1.406842,-3.367738,-1.543304,4.076957,1.394232,2.805464,-0.011345,-0.934895,-5.387438,-1.466616,5.427162,5.30709,1.434909,1.334189,5.704102,3.636126,2.747398,3.190659,0.541879,1.734913,0.347301,2.751016,3.290113,2.971798,2.314791,3.845488,0.749877,-3.697444,1.844452,3.047418,5.334323,2.740947,4.851239,4.430579,3.639007,3.808219,3.095591,5.517022,2.029913,5.862341,5.46191,2.117146,-1.721226,-0.240495,1.951196,-0.771625,3.192635,-0.834771,1.509343,-1.507961,-5.953705,-4.160629,1.215927,-2.077267,-4.692927,0.870128,2.675133,6.031565,1.313495,0.431257,0.859752,-0.550745,1.591357,1.762011,0.496348,0.597768,2.081833,1.430799,-0.264802,2.642351,3.233952,1.661961,-1.191253,-3.868235,-3.470677,-1.976057,1.514242,-3.585334,2.240156,0.991541,2.136279,2.173975,6.384457,6.139163,4.769819,5.360218,5.707148,5.82738,4.244095,4.823385,2.451948,3.701728,4.846089,5.033626,5.909495,5.919482,5.919482,7.272545,4.217622,6.126385,4.989229,5.224159,4.828747,3.325729,5.220244,4.622916,4.368695,3.822898,2.877845,2.011032,-0.155831,0.935083,-0.690581,-0.816579,-2.057615,-2.829878,,
ACH-000657,-4.661137,,,,,,,,,,,,,,-2.826989,1.788255,-0.007495,1.564517,-0.729609,-0.319803,-2.610845,3.794327,4.012443,3.40267,2.458878,1.924412,3.79792,0.412711,3.466533,0.15446,2.311933,1.622131,3.584728,4.824397,3.047575,4.852224,2.795452,4.082424,1.288614,3.623362,2.737302,3.545426,1.219426,0.111406,-1.923907,-0.931491,-0.116846,0.364022,0.346652,1.528448,-3.024407,-2.659684,-3.483408,-1.622405,1.232333,3.181818,2.147095,-0.262397,-1.987589,-5.170986,-2.076676,4.462909,3.655706,2.976254,1.512732,5.526551,3.662457,2.449334,4.403968,-0.450034,1.86038,-0.334487,2.038004,1.812672,1.163975,2.658626,3.035495,0.837241,-3.613493,2.317816,3.357003,5.37511,1.821674,4.955133,3.143834,3.615752,3.212962,3.014304,5.495886,3.163076,4.188089,5.22401,2.22653,-3.162909,-1.137306,0.91078,-0.699535,1.658818,-1.681995,1.845572,-4.082118,-6.065028,-4.372312,1.062501,-5.104837,-5.047584,-1.998139,2.487541,3.927556,1.823296,-0.038305,1.440256,-0.283882,1.224685,2.206161,0.73912,1.876768,2.115265,1.1593,0.812492,1.057824,2.991689,1.736745,-1.384375,-3.25189,-4.664707,-4.046954,1.563623,-3.39754,1.216935,1.418833,0.829775,3.796217,5.5851,5.057341,5.207704,4.632362,4.805931,4.845104,5.025136,4.065393,2.687278,2.038655,4.174725,4.248459,4.751224,5.591239,5.050052,5.961959,5.697581,5.88211,5.369222,5.570477,5.591239,2.835184,5.588931,4.070007,4.087997,3.332133,2.339536,3.171745,1.898099,3.309214,0.39831,0.215425,-0.77122,,-0.982214,-6.509453
ACH-000323,-5.091972,,,,,,,,,,,,,,-1.562517,2.888991,2.977984,4.484236,3.592946,2.747106,1.621553,4.576039,4.551239,2.929658,3.757966,3.859928,4.086713,1.476367,4.217907,1.51765,2.862019,2.95839,3.680767,4.416343,3.420714,3.019768,3.039967,5.182218,1.597808,5.277071,4.456416,3.552349,1.911277,2.978787,0.862667,0.274934,1.727693,1.484758,0.559865,1.910873,-0.074308,-1.172429,-3.284562,-0.717033,1.981261,-2.233603,2.475355,-0.244292,0.317024,-4.659351,-1.203532,4.269563,5.274987,1.897844,0.559561,3.473748,2.309665,5.835448,3.184244,2.225217,3.274633,2.326419,2.530688,2.29599,4.368484,4.859893,3.837258,1.068616,-3.425905,2.199552,4.35379,3.988743,2.505355,5.820363,4.800848,4.566166,4.757732,2.466811,4.344206,2.909159,4.793608,5.451716,3.324895,-0.064641,0.078527,2.514039,-0.983323,1.733829,1.831971,1.550759,-0.33469,-4.784344,-3.4191,1.718554,-3.92769,-5.039023,-1.121262,2.363113,4.139067,1.563113,-1.035344,2.954539,2.263411,5.526467,3.436663,4.653438,3.326225,3.463535,3.553571,-0.107953,2.141029,3.854428,1.947185,1.02911,-2.502029,-4.737156,-3.505899,1.758628,-3.399897,2.25313,1.798856,1.815,3.965393,5.366567,4.289157,4.67581,5.04635,4.736638,5.332763,5.494452,4.752155,1.683504,4.402465,4.630255,5.494452,4.587284,2.710227,5.418216,5.558648,5.027174,5.12209,5.348384,5.360674,5.146743,2.881801,4.769617,5.223372,5.249305,3.995978,3.841572,3.777206,1.882459,4.797675,0.297605,2.618633,0.940075,-3.964563,,
ACH-000375,-5.854736,,,,,,,,,,,,,,-2.125937,2.840664,1.971783,3.082873,1.542224,1.740957,-0.0562,4.221574,3.798182,3.878619,4.204043,3.434978,3.821088,1.922916,4.453763,1.4354,2.694381,3.76388,3.100527,5.599221,3.66579,3.412328,2.594727,5.594814,-0.570308,4.536007,3.128429,3.158357,2.839403,2.661662,1.922839,0.069416,4.013097,1.265375,3.061864,2.898683,-1.746654,-2.287658,-3.319366,-0.678028,0.249456,-1.487867,3.4134,-0.253632,0.603294,-5.326039,-1.790121,3.719963,4.913489,3.152019,1.784412,4.749035,3.314901,2.622071,3.1464,0.451441,2.170294,0.824051,2.479252,3.144657,4.922497,3.436882,5.393595,1.549359,-3.4087,2.096841,2.707396,5.237785,0.752945,4.41358,4.900675,5.048691,3.875005,3.431892,5.396602,2.291446,4.755028,4.195327,3.722255,-0.957021,-1.164585,1.965244,-1.202796,1.648128,0.75551,-0.412426,-2.282352,-4.191539,-4.142969,2.801518,-2.368198,-5.119281,-0.19432,2.252334,3.449288,1.498982,-1.365743,2.390361,1.420925,1.618422,2.408226,1.591198,2.216297,2.996,1.716123,1.699844,2.822297,3.403223,1.428667,-1.090656,-2.875472,-3.873668,-3.461392,1.624357,-3.025968,2.994529,1.954777,0.194903,3.353433,5.748864,5.17329,5.172346,5.410097,4.008271,4.782137,5.626104,5.017868,2.960066,2.837956,4.412834,5.721914,5.775538,3.089533,5.480939,6.649171,4.909859,5.425964,5.67141,5.366787,5.257105,3.074647,5.592562,5.032088,4.819091,3.588205,3.354777,3.451333,1.699467,4.225341,-1.104498,1.020458,0.35497,-3.666193,,
ACH-000558,-3.316955,,,,,,,,,,,,,,-1.465281,3.582858,2.161601,3.048639,1.110185,1.347392,0.483101,5.662042,4.205098,2.708263,3.242695,3.077863,6.108377,1.588124,4.587137,1.421799,3.26394,3.812158,1.967235,4.754421,2.759401,2.957194,3.482813,4.711106,2.223808,5.2378,3.642712,4.725092,3.020852,5.111692,2.55611,0.995037,3.922705,3.61097,2.563414,3.907232,-0.277763,-0.938582,-2.988897,-0.525169,4.210956,1.049122,3.915469,-0.482556,1.273277,-6.325827,-2.282176,5.455504,4.468941,2.066628,1.488325,3.65501,2.628139,3.320362,3.569942,1.410008,3.504363,1.864195,3.899912,5.169051,4.79431,4.719609,6.093884,0.403511,-2.367672,3.313832,4.039078,5.07161,3.672505,4.496469,4.752639,5.627252,4.986798,3.421684,5.880896,2.990762,4.793938,6.021442,2.315231,-0.897616,0.492748,2.259542,0.304836,2.154904,0.828363,1.634904,-3.046106,-5.099554,-4.343105,1.385714,-4.292364,-5.907169,0.195998,4.808916,5.13119,1.358338,-0.153117,2.175534,1.248376,1.910225,3.482438,2.67892,2.431163,2.710633,2.265766,-2.28558,5.203857,3.28341,3.960392,1.019813,-2.796341,-3.833167,-2.116168,1.855156,-2.998762,2.247652,1.133355,2.088418,2.978224,5.810623,5.503422,4.190701,6.02606,5.638985,5.203183,5.736977,5.82018,2.591803,4.482613,4.961842,5.807051,5.141135,5.646838,3.670207,6.144712,4.932833,6.153891,4.897159,5.033736,5.773971,3.775483,5.289239,4.914328,5.687462,3.098201,5.025075,2.744099,2.232875,5.405282,0.546858,1.433346,0.185493,0.978295,,
ACH-000449,-5.09959,,,,,,,,,,,,,,-1.798302,4.565452,3.338812,4.145996,3.455247,2.907513,1.428373,4.355538,5.262215,2.742309,2.497982,3.573722,4.64383,1.401399,5.067257,1.646563,3.929133,3.376123,2.046341,4.984733,2.450614,2.628976,5.232544,4.984495,1.442038,3.501442,3.07484,3.476617,2.438123,3.509665,0.781728,0.353727,2.180151,1.854615,0.682875,1.850939,-2.932107,-1.186116,-2.522174,-0.557165,4.257464,3.604734,2.021593,0.599924,2.267082,-5.5692,-2.104069,5.208522,4.930087,1.225209,1.857007,5.134314,2.768474,6.381672,3.457386,2.930671,4.327467,2.745995,3.635036,4.741651,2.92064,4.88068,4.568424,1.433816,-3.953744,2.72655,4.199768,4.896436,2.68132,4.73969,3.522589,4.587193,3.612975,3.098805,5.429471,2.251854,5.150025,5.462663,2.930528,-2.457558,0.556637,1.599228,0.369144,4.189218,0.034065,1.664461,-3.299163,-4.64187,-3.003307,1.661283,-2.960926,-4.827184,-1.546574,2.516351,4.345272,1.900743,-0.131757,2.236162,-0.464548,2.041389,2.780245,2.609129,3.350369,3.512934,2.150889,-0.962203,4.029615,3.265384,1.761369,0.730928,-2.494876,-2.901704,-2.598495,2.455353,-2.928409,3.137055,1.844461,2.06664,4.695466,5.482019,4.730044,3.412291,5.046171,5.472091,4.784587,5.010371,4.806091,0.385152,3.95689,4.483644,5.041783,5.177847,3.143181,2.503475,6.516993,5.855101,5.745546,4.530309,4.869474,4.777784,2.26697,3.406224,4.17497,5.104977,4.282731,3.87127,2.939924,4.339348,4.07296,1.243275,2.904122,0.349263,-4.009113,,
ACH-000948,-2.742315,,,,,,,,,,,,,,-0.110948,1.709132,1.492693,5.579644,3.538659,3.445035,-0.04015,4.398104,5.447447,3.05953,1.939712,1.812306,5.160096,1.630155,3.479025,1.160219,4.26973,5.191789,3.742506,4.742718,2.43075,2.960491,1.58544,5.404232,0.908576,4.324027,3.728607,4.003138,0.495401,1.939006,0.374033,-0.396882,0.456273,1.135598,0.889532,1.733251,3.279539,0.264418,-2.652253,-0.836541,3.733159,1.797167,3.661781,0.369399,2.323286,-5.380804,-1.292265,5.450591,5.023536,3.04877,1.206339,4.449548,3.216714,4.652616,4.768688,4.865214,3.634758,2.180041,3.930231,3.089265,3.920743,4.640009,4.164429,1.506737,-3.018051,1.656376,3.312799,5.336832,3.058416,4.743808,5.095646,5.18045,3.916913,3.052355,5.230739,2.581191,4.370623,5.472606,2.543121,-0.749419,0.646066,4.191522,1.257734,4.268715,4.399427,4.202567,-2.982427,-4.849422,-3.802334,1.858958,-5.303091,-4.86078,1.372905,1.554945,2.323267,1.483559,0.289922,1.73779,-0.256284,2.295281,4.431206,3.650016,4.16252,1.80734,4.392187,1.087398,3.725851,4.566102,3.955512,0.064147,-1.983839,-4.132899,-2.099618,1.902587,-2.756992,2.205643,0.841386,2.381499,4.907228,4.93024,3.417379,5.008851,5.449439,4.058076,3.922216,5.482005,5.581813,2.470384,4.886243,4.599548,5.242125,5.582124,4.996549,5.059934,6.038605,5.158627,5.67488,5.516564,3.391151,4.4969,3.130015,4.527326,5.077134,4.475098,3.415534,3.335395,2.981867,2.289179,4.284938,1.636159,4.429554,1.273797,-1.32198,,
ACH-000238,-3.873592,,,,,,,,,,,,,,-1.372179,3.368059,2.820805,1.215304,1.140848,0.775086,0.082176,4.630935,5.67652,3.266196,4.391263,3.70788,4.596166,1.553662,3.43783,1.096787,3.060255,2.841366,4.933581,3.146922,3.580981,1.427464,-0.183968,5.432546,2.501868,4.286782,3.758346,4.534071,3.934161,2.799582,0.569093,1.328009,2.88807,3.838721,4.030038,4.836638,0.159798,-1.335641,-0.79967,1.535809,4.627242,0.483112,2.047931,0.63141,1.549964,-4.190149,-1.180295,5.674683,4.617017,2.69911,2.973371,5.036533,4.193681,5.493971,4.380534,2.179773,4.221698,3.090339,3.630903,3.799147,3.987239,5.464207,3.097823,1.093273,-3.069007,4.393678,5.160748,4.718935,4.470747,5.480197,5.299772,5.010693,4.490231,2.948503,5.540908,3.166159,5.433312,5.416429,4.737819,-0.310939,1.816716,2.582228,1.501868,1.548432,1.494124,3.872079,,-3.699198,-2.779256,2.846639,-3.518001,-4.548216,0.786827,4.726751,5.585058,3.514463,0.688796,4.062308,1.467583,5.241013,3.646915,5.044855,4.573317,5.415456,6.222951,1.741402,5.181215,5.061408,2.831947,3.31622,1.844551,-3.140923,-0.676434,2.828288,-2.330446,3.915453,1.951284,3.081474,5.883036,5.532801,5.709806,5.887936,3.961634,5.970121,5.970121,4.312583,3.827962,3.555629,5.098905,5.867058,5.319293,5.862062,5.957325,5.360945,6.810769,6.216224,6.232886,5.613594,5.702491,5.869446,3.746619,5.101347,5.279202,5.859099,5.105045,4.049586,4.110803,3.99322,4.512804,4.721215,4.843908,4.223378,0.828996,3.105629,-4.405034
ACH-000169,-5.471133,,,,,,,,,,,,,,-0.661635,2.290686,1.643964,2.897207,2.058933,1.083467,-0.12285,5.364041,5.957965,3.666133,3.886367,3.964623,5.928953,3.090263,5.123195,2.04521,4.049871,5.153742,5.925463,3.685244,4.345962,1.022684,0.869248,5.883291,2.181237,4.722367,3.882982,4.510791,3.348043,2.701576,0.409937,1.197135,2.882093,3.238748,3.846325,3.713295,1.805537,0.181902,-1.215656,0.788223,3.828652,1.187927,2.845002,0.639215,5.574408,-3.981446,-1.239085,5.979745,5.954796,3.553267,1.915061,5.987923,3.954325,3.173427,4.295238,1.334676,2.49232,1.244074,3.910681,2.336479,3.369441,4.021738,3.647677,1.831483,-2.873539,3.547989,5.835918,5.921073,3.974462,4.640526,5.893188,5.010822,5.353414,3.32267,5.823773,3.308341,5.035561,5.728613,4.328237,-0.711633,1.369351,3.15634,1.439765,3.614601,2.783361,3.885868,-2.382432,-3.670702,-2.827241,2.712805,-3.934149,-3.814831,2.277544,4.318019,5.883674,4.667836,1.125688,3.576638,0.610498,5.689959,4.850706,3.664261,4.628523,5.558193,5.463486,2.401903,4.067365,3.94888,3.847294,2.385043,-0.571475,-2.962003,2.136547,4.108776,-0.779898,0.983218,1.490191,3.055931,5.122602,5.422601,5.90414,6.020124,5.933752,6.007142,6.020124,5.788709,4.103505,3.045161,4.709401,5.383565,5.330229,5.938852,6.020124,6.020124,6.996658,5.645999,6.205775,6.08287,5.747607,5.560431,3.586932,5.788981,5.817172,5.005776,5.212837,3.685595,4.887689,2.613399,2.856959,4.919605,4.464925,4.487241,2.384088,,
ACH-000858,-3.21365,,,,,,,,,,,,,,-0.39653,1.572108,0.843463,3.129464,1.15764,-0.029402,-1.483568,3.93803,6.002537,2.847442,3.621164,3.199513,5.630045,2.204898,4.855821,2.35988,4.156527,1.930975,4.694425,4.24534,2.729973,3.21077,2.929766,5.691092,3.526001,3.292786,3.39958,3.287887,4.632926,4.251142,2.793519,1.861592,0.121651,3.181483,0.55015,1.373805,1.173738,0.38036,-0.662929,1.491491,3.561464,2.999593,3.929341,0.685019,5.065559,-4.550786,-0.916497,5.386171,4.851166,3.560781,1.300726,4.782557,3.6797,6.921491,3.731374,2.044667,3.781581,3.591129,3.137319,4.604298,4.026545,4.829556,4.423795,3.583064,-2.484059,4.757504,3.663948,5.413914,4.047187,5.275534,3.298221,3.914856,4.648832,2.685218,5.210654,3.421268,5.4186,5.507956,2.918739,2.044881,0.776874,3.93993,2.892124,4.891013,2.572055,3.901045,0.497647,-3.284497,-2.618351,3.000987,-2.374242,-4.168731,1.750651,3.698413,4.99845,2.605948,0.736994,2.402255,1.852182,4.653945,4.909502,3.454845,3.567338,4.254651,4.387555,1.357621,4.590887,4.187827,3.443067,1.735318,-0.547974,-3.313937,0.170141,2.645196,-1.863815,3.048978,1.932552,3.103971,5.827266,4.747451,3.037041,5.005795,5.623421,4.809248,5.462411,5.444617,5.501967,3.690254,4.116389,5.538536,5.208489,5.76669,5.863367,5.423592,7.313143,6.090891,6.018799,4.952653,5.976201,5.000838,3.212703,4.52883,4.559688,4.980112,4.820729,3.541178,3.529955,3.917668,5.357361,3.89445,4.272624,4.322597,-0.529678,1.40447,-2.965443
ACH-000408,-3.731078,,,,,,,,,,,,,,0.236835,3.439381,3.389133,3.883485,2.906728,2.854463,1.484586,5.695716,6.103164,3.205585,3.571191,4.009653,5.049345,1.773729,3.706227,1.753348,4.129271,4.950626,4.684705,3.336743,2.561717,2.772604,3.614706,5.229098,2.959954,5.083153,3.593533,4.080514,3.446794,2.854213,0.472371,1.006262,2.410617,2.78277,1.772367,3.131924,0.237906,-0.733824,-1.909451,0.142514,4.918873,1.602174,4.485187,1.114307,6.577737,-4.339727,-1.410394,6.078331,6.070666,3.704897,2.557531,5.901773,3.78542,7.044905,4.716943,3.86647,3.125818,2.843982,4.12249,3.988177,5.048894,5.801785,3.057848,4.190955,-2.914951,4.249931,4.515012,5.407413,4.180164,5.917237,4.377082,4.401572,4.337974,3.209412,4.858953,3.389665,5.995555,5.531647,4.197827,1.135238,2.154579,4.466955,3.441248,3.88019,4.690211,4.960031,-0.903877,-2.660117,-1.105064,3.009161,-2.692111,-4.89254,2.069319,4.802741,5.688516,3.251059,1.163736,3.321945,1.846674,5.767616,4.842861,4.45707,3.546596,5.359791,3.878782,1.069666,5.447315,5.832007,3.165986,1.280673,-0.588733,-4.467057,-1.610233,2.385001,-2.555311,5.453764,3.30678,2.698715,6.095705,6.017441,3.73158,5.199354,6.068122,6.001558,6.047088,5.428325,5.910291,4.323355,4.441928,5.431843,5.198916,5.950699,6.103164,6.103164,7.347699,6.061357,5.945571,5.214942,5.42068,5.44112,4.017684,4.38416,5.667653,6.077909,4.26813,4.497346,3.963332,5.256833,5.176368,2.873527,4.168453,4.608445,1.469269,3.21273,-2.791359
ACH-000023,-5.300224,,,,,,,,,,,,,,-1.119673,1.989254,1.624171,1.698546,0.962631,0.564519,-0.128131,5.844911,5.140064,3.610711,4.509629,3.011238,5.417569,1.168334,4.052482,1.914721,4.45603,1.812148,3.474474,5.246426,3.405859,2.42115,3.265568,5.599719,3.923645,2.256384,3.383854,3.831171,2.810647,4.932857,1.869021,1.081473,3.463314,3.493468,2.612109,3.354689,3.011885,-0.00037,-2.72747,-0.166969,4.001842,0.0607,2.271787,0.565314,2.109091,-5.530596,-1.58023,5.390854,4.406326,2.075902,2.634836,3.698358,2.936006,5.79925,3.084445,-0.226271,2.069041,0.678437,4.13915,3.074472,4.981815,4.68605,3.688561,3.199193,-3.392038,3.758442,4.023771,5.351578,4.797073,4.756461,4.166096,3.563751,3.925854,3.323195,4.823316,2.526949,5.441004,5.003269,2.642702,-0.026942,0.161034,4.157313,1.639691,5.524139,2.974867,4.458345,-0.519843,-4.793892,-3.888057,2.264349,-3.334977,-4.491696,-0.231739,4.193173,5.670102,3.715003,1.800064,1.728933,-0.426167,5.168285,3.590495,3.683661,3.950019,4.187165,2.731436,-0.328536,4.998775,4.413116,5.761887,0.600084,-1.145969,-2.862731,-1.387923,4.105237,-1.398169,5.320013,4.165096,1.869262,4.102147,5.694009,4.573868,4.219608,6.107137,5.151027,5.340586,5.110081,5.344967,2.024321,4.594635,5.694716,5.716588,5.491826,5.674484,5.716588,6.058871,6.018715,5.842694,5.878742,5.43117,5.036676,2.577358,4.732873,5.014788,5.603474,4.974967,4.837981,3.823424,3.680976,4.474693,2.24853,5.488279,2.530757,-2.606873,,
ACH-000174,-5.650827,,,,,,,,,,,,,,-0.378038,2.899015,2.05211,3.810808,2.651539,0.573094,-0.151268,6.031598,5.611244,3.387345,3.663212,4.077235,5.343352,1.911632,4.659416,2.118569,3.305933,1.770733,4.189528,3.207457,3.183279,1.512136,2.603299,5.173481,5.268892,4.057676,3.192092,3.194703,3.612787,3.661074,2.417583,1.167539,4.9692,4.410385,2.693351,3.572936,1.872126,-0.364378,-2.625939,0.231573,2.649759,-0.418326,3.948994,-0.504244,2.839266,-4.736492,-0.989759,4.941075,5.350049,3.240092,1.424876,5.462264,3.081702,2.734643,3.015555,0.208055,1.721989,0.483432,5.062729,4.923315,4.915749,5.686189,4.703129,2.907951,-2.62229,3.522797,3.685361,4.32432,4.703657,4.958608,4.425205,3.923083,4.614097,3.078721,5.632701,2.729998,5.688313,5.576566,2.773186,0.663619,-0.710829,3.317937,1.643776,3.797466,2.957494,4.140377,-2.229794,-4.326771,-3.926206,1.578493,-3.854888,-5.933451,0.56991,3.75909,4.509465,0.590936,-1.520415,0.870823,0.044439,5.900137,5.297715,4.873682,4.033884,3.703264,4.807109,-1.386694,5.350122,3.875036,3.858853,-0.164821,-2.556478,-4.771771,-2.972516,1.316215,-4.143858,3.83728,1.262906,2.35441,2.911558,5.681729,3.96229,4.403227,5.147923,5.073444,5.180431,5.458941,5.598041,2.563888,4.690991,5.404874,5.481723,5.070464,5.618578,5.583547,6.310785,5.618571,5.748634,5.478349,5.505908,5.023099,2.436681,3.92411,5.414987,4.442933,2.732197,5.664793,3.337656,3.420141,3.869973,1.989286,5.586456,4.131296,0.59379,1.038968,-5.347015
ACH-000430,-4.773105,,,,,,,,,,,,,,-0.757026,2.970046,1.734877,2.085329,1.045868,-0.305519,-1.639359,4.379118,6.391107,3.768837,2.63892,4.804029,5.350444,2.121491,6.420938,2.340857,4.627364,2.995566,3.881624,5.312051,2.608151,3.472168,3.0538,5.960385,4.698736,4.687622,3.891351,4.710078,5.073941,5.436831,3.147579,1.465001,3.523432,2.203978,3.960004,4.592936,0.078669,-0.848558,-2.700235,-0.343197,2.145066,1.23309,4.193562,0.380089,2.186943,-5.266536,-1.657235,6.457412,5.058744,2.003272,2.905828,5.962488,3.823985,4.256782,3.69149,1.793722,3.279507,3.4083,4.724075,4.082719,3.199273,5.129298,3.72478,3.374542,-0.252202,4.069002,4.185657,6.574042,3.771791,5.439439,5.200024,5.341116,4.78207,3.961447,6.325421,3.097203,6.03742,6.022311,3.777021,0.844202,0.219385,4.601283,3.065088,1.716386,2.496141,4.430469,-0.53097,-3.899848,-2.079143,2.564518,-2.680504,-3.803328,0.329349,5.017235,3.575525,1.684544,0.375816,1.416731,0.310418,6.511694,5.579067,3.290005,5.055589,4.738137,5.08904,-0.938358,5.395637,3.567501,1.89212,1.472476,-0.93897,-5.777647,-2.277453,1.458615,-3.681196,3.22501,1.505464,2.833787,4.235206,5.887632,5.394717,4.918147,6.279881,5.149631,6.388689,6.251991,4.604121,2.921828,5.678613,4.840926,5.892666,6.4809,6.580973,3.868372,5.087754,6.401177,6.23073,5.657885,6.018895,6.324888,4.724357,6.257903,6.252316,5.953403,5.477121,3.532772,4.285487,2.589837,5.617481,3.087108,3.804676,3.090826,-0.548903,,
ACH-000841,-3.945716,,,,,,,,,,,,,,-0.30447,2.481015,0.667395,3.622511,3.367004,-0.438286,-1.76964,6.096785,3.740258,4.487954,4.942672,4.759817,6.326911,3.415073,6.076558,2.962666,5.528088,2.500895,4.951642,4.848616,4.462719,2.939385,2.301654,6.407334,4.07474,5.817134,4.189838,5.032956,4.69043,4.273716,4.327704,2.680522,5.175548,5.382233,4.700644,5.507403,2.452578,1.578482,-0.487633,2.142756,3.328035,4.616387,3.70305,0.914777,5.273483,-3.513629,-0.799875,5.740713,5.55048,3.899294,2.468149,6.48539,4.830651,6.607513,5.52672,3.372989,3.508581,3.264021,5.755644,4.277655,4.363598,6.261583,5.428802,2.871602,-1.738277,5.497677,5.539453,6.223723,5.296227,7.274548,5.75816,6.261819,6.24646,4.206763,5.989553,3.727014,5.642736,6.369715,4.979465,0.799182,1.348638,3.452952,1.814301,5.473952,3.924677,5.901219,-0.173218,-2.76374,-1.786845,3.219402,-2.855748,-4.090794,2.783664,5.340815,5.140188,3.653825,1.393462,3.446896,1.56239,5.861084,6.431647,4.36912,4.711572,5.373204,5.699646,2.289021,5.203166,4.517211,2.72559,1.159273,0.261736,-5.059686,-0.644016,2.166156,-2.691664,3.828563,2.597005,4.095324,6.546067,6.233882,5.314444,6.04936,6.044516,5.592708,5.949073,4.963187,6.378612,4.448201,5.744143,5.772665,6.387983,4.922774,6.493822,6.56794,7.956371,6.546359,6.428309,6.05092,6.528112,6.56794,4.255238,6.379144,6.546097,5.441719,5.469058,4.159069,4.783542,3.293035,4.586072,4.123437,5.234443,5.187899,1.84909,3.546437,-1.906638
ACH-000824,-2.341052,3.615465,4.514221,4.029722,3.540241,3.33639,3.733468,-0.065723,4.593742,4.606821,4.983975,4.650391,2.12894,4.242641,-0.886637,3.139786,4.220722,4.23858,4.310689,3.154342,2.347181,3.587245,4.534114,1.796473,5.121929,3.402389,3.951692,2.461493,2.757814,1.737871,3.336428,,3.354679,4.318869,2.31987,2.729569,3.957726,3.792631,1.819198,3.466275,3.343525,4.123712,2.726002,2.821637,1.865846,1.036166,3.350675,3.658999,3.426074,3.794277,2.319768,,-0.676905,1.359982,2.707864,1.881361,3.243608,,,-5.351417,-1.5065,4.378041,4.352109,2.825858,1.411581,4.994188,3.369704,5.841265,4.587697,3.077621,2.777673,2.369791,4.069449,2.356981,1.210709,3.686053,4.488932,2.877461,-3.390857,2.69858,4.617809,5.073246,3.327727,5.596755,3.915078,3.525761,4.019793,2.737986,5.306545,2.538393,5.096848,5.207935,3.755843,-1.417995,0.825313,3.030328,2.692006,1.852121,4.299651,4.131015,-1.297159,,-3.670412,1.956857,-3.122611,-5.249787,1.491441,3.805186,3.684107,2.087944,0.710562,1.9509,2.814228,5.097417,3.790426,4.463299,3.631191,4.99557,3.323862,0.037111,4.870351,4.955029,,,-0.818698,-2.863131,-5.558783,2.353731,-2.573846,1.371411,2.202294,2.909929,5.114866,4.022681,3.882841,3.910608,4.999151,4.348463,3.454551,4.151302,5.064444,2.694106,4.299666,4.372762,4.643216,5.128444,5.128444,,5.914023,5.035699,4.792965,3.502176,4.119179,4.850011,2.820349,4.866212,5.120966,5.121209,4.796744,2.868273,4.740714,3.863398,4.235391,4.446065,4.506008,3.946669,1.345712,,-3.693989
ACH-000654,-5.810473,,,,,,,,,,,,,,1.04017,2.975606,3.27994,4.757994,4.51098,2.90785,0.681829,4.24424,4.113677,2.774431,1.492671,3.023589,4.757994,0.666015,3.522866,1.370712,2.795034,2.116477,2.275256,4.925263,2.41211,2.978408,4.338905,4.757994,1.56406,2.836584,3.577485,3.461982,2.844055,4.449799,3.820146,1.687501,3.276929,2.403714,2.518279,2.696054,0.638182,0.013798,-2.636536,0.429082,8e-05,2.022552,1.929561,-0.639151,3.055941,-5.475178,-1.324576,4.127487,4.196052,1.843012,1.748722,4.744832,2.176869,1.632015,4.077169,1.569732,3.256435,2.844087,3.164725,2.246725,0.986175,3.11887,4.999214,2.857728,-3.688405,2.086855,4.827587,4.68797,2.202305,3.37252,4.136421,2.465187,3.171459,2.177953,4.737305,0.988349,2.753131,2.605602,1.992507,-2.274072,-0.365931,2.580959,1.911566,2.457012,3.069141,2.762216,-3.522164,-5.646357,-5.070789,0.894273,-5.2146,-5.415932,-0.83214,2.024978,1.590828,0.587201,-1.515413,0.90711,-0.019158,4.322608,3.455457,1.697947,1.659316,3.589011,3.038598,-1.710038,0.627217,2.745431,1.421236,-1.313933,-3.807685,-5.674288,-5.250456,0.240495,-4.486054,1.528684,-0.115837,1.502029,3.467869,4.188454,2.01074,3.923675,4.047057,4.625048,4.437993,4.309807,4.725949,3.132687,4.040034,3.968788,4.334486,3.564578,3.478998,4.502206,4.816268,4.540524,4.992783,4.245085,2.94121,3.658325,1.583993,3.959128,4.75082,3.550867,3.041757,3.153937,3.287349,1.991117,3.26654,1.639492,3.288154,2.012921,-3.754647,,
ACH-000815,-2.335524,3.518548,4.725442,2.944664,0.931075,1.881233,1.703032,-0.66393,1.458403,3.481279,4.876916,4.837521,1.256918,3.039949,-0.427286,3.483395,2.612268,4.067395,3.637176,2.999962,2.156756,4.259528,4.753977,2.120682,2.541225,3.326145,4.934234,1.902556,5.002544,1.523642,2.326429,4.032427,3.42232,3.270162,3.301381,2.671497,3.870212,4.935393,1.962091,2.889066,3.175982,3.058068,3.288265,3.424,2.992053,1.496696,3.124534,3.232466,2.607937,3.16935,0.209512,-0.102202,-1.962734,0.82161,2.339056,3.051904,1.969772,-1.269885,2.266529,-5.495206,-1.737969,4.935406,4.885286,1.531878,1.004151,3.679212,1.707643,3.098619,4.596419,2.551438,3.407126,3.143741,2.789132,3.618235,2.608517,3.58645,5.136952,0.145973,-3.08186,1.956824,3.12795,3.742758,2.902523,5.295378,3.571613,3.149515,4.121012,2.536739,4.889268,1.864086,3.843675,4.206234,2.6514,-0.043312,0.380348,2.232261,1.735527,1.548607,0.763283,1.993677,-3.67673,-6.123253,-3.668693,0.26632,-5.320964,-4.949444,0.00059,2.465736,3.75663,1.614991,0.160874,0.484363,-0.8725,2.248137,3.097109,1.518314,1.771682,5.557946,2.003187,1.055175,2.853091,3.429536,1.391872,0.594866,-2.618292,-4.019726,-1.795979,1.955126,-3.292505,1.91615,1.264891,1.171433,3.841996,4.6005,4.935583,3.926085,3.343958,4.93407,4.386824,4.748245,2.978518,2.640239,3.007156,4.027783,3.954151,4.606787,3.86305,3.496068,5.672175,5.224205,4.899072,4.982726,3.328604,4.912167,2.40769,4.514611,4.888573,2.976087,3.204659,3.524076,3.894456,1.926117,3.702595,2.488977,3.470718,1.673771,-3.579997,,-5.172257
ACH-000896,-5.770751,,,,,,,,,,,,,,0.10644,3.853453,3.20544,3.961803,3.262816,2.27923,1.164391,5.348029,5.392532,2.160446,2.443217,3.360305,5.233841,2.066568,3.853651,1.500279,4.509514,1.698745,3.820442,3.510769,1.643681,3.443263,2.318244,5.306282,-3.121957,4.569322,3.675987,4.374359,2.663878,5.226755,2.343525,1.037974,4.264221,3.606588,3.92614,4.666543,0.654953,0.426628,-1.134338,0.526002,4.361504,0.989241,3.524225,-0.779182,2.762866,-5.477789,-1.787023,5.742177,5.538926,1.177716,1.124774,4.98586,2.334289,5.577286,5.303136,2.260645,3.935046,3.486345,3.989864,4.801519,4.926216,4.550601,5.518498,3.499597,-2.357262,3.36727,4.345797,5.124531,3.597981,5.569576,5.696102,5.377765,4.199263,2.891736,5.487063,3.021682,5.059213,5.090776,2.703914,-0.765016,-0.109581,3.592705,1.544389,1.838385,3.198671,2.809442,-1.821124,-1.945654,-1.039269,3.004067,-1.851746,-5.28568,-0.166697,4.316356,5.011199,2.083514,-0.100066,1.361944,0.387829,5.218272,4.155111,5.057745,4.010969,5.704743,3.794941,-1.666422,2.24114,2.347985,1.193862,1.005767,-1.84776,-6.631519,-3.547056,-0.019908,-4.578003,2.909232,1.866718,2.895656,3.9656,5.31866,4.878599,5.010793,4.900768,4.662723,5.365157,4.140672,4.113824,3.004133,4.227861,4.0,4.864266,5.349918,5.418181,5.418181,4.418395,5.710063,4.710547,5.088592,4.441637,5.386631,2.652864,5.327544,4.869287,5.225537,4.719776,4.658872,3.830708,2.855479,4.173132,1.901074,4.046604,2.4382,1.314782,,
ACH-000893,-5.548416,,,,,,,,,,,,,,0.429421,3.461833,4.159519,4.252968,2.794306,3.66306,2.250603,3.69239,4.772632,2.446554,2.759096,3.050481,5.274819,1.781431,4.094312,2.772443,4.797711,1.754706,4.147748,3.630616,1.868914,3.18393,2.894579,4.70857,2.286315,2.796879,2.90497,2.96931,4.270551,4.358347,3.775,3.144602,3.232395,3.95519,4.264034,4.657326,0.931122,0.418356,-1.051522,1.549035,4.076448,2.635768,3.102973,0.112507,2.593403,-2.733693,-1.355471,5.474284,5.367793,3.143596,2.50461,5.545124,3.824832,5.016542,4.43774,5.000127,4.119468,2.76288,2.560825,2.511836,2.918536,3.86504,4.602516,0.944074,-3.689655,3.243628,2.710913,4.816256,3.701539,4.521107,3.030979,2.996944,3.62551,1.725057,5.109689,1.917039,4.919426,5.13705,2.371529,-0.133271,0.353556,3.516221,1.883359,3.660852,3.596812,3.953562,-2.685036,-5.142484,-2.791971,1.923678,-3.024578,-5.236122,0.821808,3.015971,4.536246,2.612609,-0.003265,1.445051,0.203102,5.297997,3.067709,4.942549,4.141438,4.66622,4.521175,1.051977,1.854652,3.32731,1.632082,2.104157,-1.875191,-3.988501,-1.02989,1.405599,-3.303543,1.549078,1.026122,3.292218,5.543923,5.152268,4.368468,3.976452,4.552411,5.550164,5.542657,4.926863,4.903443,4.05158,2.971217,3.952312,4.830891,4.533618,5.536129,5.550164,6.183772,5.212271,5.555333,5.183996,4.994207,4.945437,2.546157,5.118215,4.138529,5.300338,4.231949,3.797531,3.621397,4.627733,4.056578,3.794993,5.833779,3.972931,3.023916,1.16746,-2.497335
ACH-000740,-3.415177,,,,,,,,,,,,,,-0.975443,2.734953,4.068299,2.959604,1.88913,1.515248,0.659607,4.876215,5.150879,3.21436,2.732145,2.11656,3.719454,2.012576,2.564842,1.413963,2.070439,3.517445,3.693318,4.050812,3.67785,3.087639,2.059293,4.916163,2.732824,3.891981,3.488183,4.118171,4.704608,4.88778,2.393799,3.296625,2.279281,3.508286,2.981431,3.416579,0.513186,0.446717,0.162086,2.988469,3.593523,1.656835,3.33619,-0.315898,1.228473,-5.073816,-1.65363,4.248009,4.318944,2.386663,1.112448,4.485393,2.941981,5.98669,4.178428,3.76288,4.233541,3.662874,4.500714,3.936787,1.44229,4.959019,3.949659,3.34901,-3.283302,3.842889,3.674857,5.219662,3.178482,5.482364,4.124082,4.470825,4.363038,2.659688,5.202045,2.705363,5.096667,4.42995,2.836694,-0.336115,0.794833,3.49027,1.902566,2.208181,2.212726,3.049702,0.457061,-2.848002,-2.583218,4.054979,-2.04928,-4.510869,1.427737,4.156105,4.172943,2.594294,1.805997,2.786625,2.423968,5.084037,3.521421,5.340834,3.903565,5.22538,3.813232,-0.256726,3.437417,4.703016,1.757981,2.176944,-0.138951,-4.769686,-2.619636,2.633817,-2.972722,3.406514,2.06637,2.400499,5.200826,5.308388,5.302577,4.707713,4.525068,4.465083,3.872143,5.17742,4.851574,3.414434,3.548957,4.219284,5.191315,5.311266,5.248084,5.053911,6.333632,5.597654,4.71687,5.619543,4.526909,5.226819,3.198075,5.220416,3.958331,5.153813,4.289284,4.13312,3.913843,3.528189,5.100037,3.317275,5.245485,3.650865,0.331955,,
ACH-000900,-5.998991,,,,,,,,,,,,,,-0.687618,3.376711,4.151005,3.012945,1.927966,1.085585,0.355247,4.885754,5.284136,3.244129,3.483447,3.376735,4.783262,2.950318,5.372452,2.135949,4.595509,1.909004,3.416769,4.362666,3.120434,3.061076,2.291202,3.737681,-0.185498,1.071159,1.902892,1.785459,3.962833,5.121248,4.66522,2.579998,4.03688,4.609247,3.120175,4.20969,1.609201,2.629164,-0.633948,1.732467,3.976935,2.328077,3.250207,0.133181,0.750163,-4.555854,-0.880694,5.157582,4.221388,1.309995,2.265492,5.243489,2.581083,6.402508,3.518774,1.483545,4.815917,2.370314,3.747108,4.474602,3.008188,4.352776,3.290265,1.891856,-3.288112,4.162289,4.239345,5.049972,3.080672,4.633525,3.026124,2.17281,2.610003,1.834041,5.007439,2.900448,4.926708,4.456824,4.316346,-1.094142,-0.081497,2.444346,2.058291,3.724909,1.532096,2.44422,-2.512224,-4.849182,-0.959537,0.933395,-3.942005,-3.730747,0.252162,3.094956,3.622542,1.523681,0.042309,1.39487,-0.577428,4.733145,5.196058,5.554191,3.906275,5.518492,4.18524,-0.922299,4.058208,3.310407,1.888281,0.354518,-1.546464,-4.607059,-2.643306,2.315972,-2.502499,3.277211,1.641918,2.024497,5.139081,4.759409,4.795969,5.097658,4.893022,5.208315,5.176952,4.742251,5.324684,3.819286,3.813197,4.623944,4.643504,5.324517,5.324105,4.910149,6.427176,5.574731,5.315101,5.317037,4.637014,5.21365,2.489209,4.887882,5.215418,5.204919,5.001249,4.747639,4.318573,3.116067,4.164189,3.250389,5.118333,3.599804,-1.71987,,
ACH-000939,-3.245858,,,,,,,,,,,,,,-2.575316,3.337172,3.975758,4.175001,3.846166,3.333301,2.520341,4.791223,4.361853,2.907282,3.333373,3.867806,5.097053,3.179707,5.402023,2.204106,3.308975,2.457488,3.641512,4.390273,2.684681,3.153808,1.808742,5.299591,3.270498,3.648604,3.850774,3.710289,4.709453,3.38363,2.124818,1.513547,3.732163,3.696533,2.82614,3.265696,1.807078,0.771206,-1.212909,1.242024,3.255348,1.639118,3.842135,0.96819,1.783634,-5.002725,-1.543727,5.408564,4.417862,2.897892,1.526789,4.181852,2.900826,3.172918,4.598673,2.71308,3.970112,2.412297,2.957425,4.582469,2.504375,4.586588,2.695498,2.126694,-2.365821,4.544724,3.549555,5.216679,4.308898,5.322061,4.478041,3.583448,4.524462,2.986805,5.482292,3.067154,5.450437,5.462911,2.602333,-0.391048,-0.266792,3.087405,1.846373,3.370486,1.330031,2.808334,-1.716305,-4.691047,-3.175656,2.354042,-3.272621,-4.782111,0.464357,0.734602,3.507365,1.239245,-0.768353,0.86005,-0.015142,4.751553,4.353714,4.803345,3.666051,4.478833,4.691623,-0.822129,4.27132,3.991461,2.894832,-0.697808,-0.964101,-4.13459,-3.957477,1.848938,-3.263809,3.821567,2.210652,2.363939,5.475647,5.196746,3.793137,5.046414,4.605741,4.50487,4.845888,5.461873,4.617634,3.580181,3.493719,4.32875,3.957737,4.453249,5.480182,5.482292,5.772542,5.34155,5.789416,5.783089,4.832453,5.391819,2.254506,4.803161,5.041608,3.873883,4.327214,4.213669,4.067041,5.22784,4.638343,4.452792,3.466835,3.979634,2.892501,0.385501,-5.871284
ACH-000613,-6.03722,,,,,,,,,,,,,,-0.02803,2.45712,4.515178,3.727963,3.295015,2.709155,1.721562,4.667462,3.961522,2.237702,1.798061,3.2379,5.189107,1.386848,4.958511,1.867593,3.577483,0.726222,3.495587,3.375199,1.441416,3.395566,2.816852,5.17879,1.691528,3.568783,2.123336,3.135942,4.036508,3.792175,2.812743,1.816548,2.921874,3.328107,1.812925,2.984199,1.062948,0.432848,-1.35847,1.483262,2.353489,1.179937,2.436993,0.007882,1.986786,-5.347231,-1.424084,4.998884,4.185422,2.82335,1.078425,4.929488,3.350079,3.064834,3.59654,2.030098,4.78198,2.625538,2.915767,3.450303,3.0307,3.98678,2.724616,1.699692,-3.423283,2.548925,2.989082,4.277156,4.246065,4.591271,4.006429,2.746357,4.058886,2.639724,5.189982,2.854605,4.798835,4.731572,2.437062,0.100629,-0.841355,2.521638,1.471051,3.069793,3.117247,3.424621,-3.278294,-4.98448,-4.244405,1.410234,-3.980797,-5.865131,-0.69136,2.821123,3.634904,1.652123,-0.517156,1.386299,0.759589,4.80698,3.343037,3.331792,2.672436,4.49789,3.888682,-1.257429,3.988226,4.445652,2.066045,3.497646,-2.425422,-3.747185,-3.256855,1.975689,-2.753449,2.90585,1.075496,2.488368,5.190671,5.190592,4.264126,4.748214,4.068964,4.581097,4.526475,4.86502,5.190671,3.152346,3.554327,4.316952,4.852547,5.153347,5.190291,4.570399,6.041513,5.284222,5.512496,4.440958,4.437429,5.034968,1.90057,4.530691,4.641251,4.470538,3.621454,3.256193,3.127565,3.642452,3.344743,1.780439,4.1612,3.179552,-1.432055,-0.478467,-5.652028
ACH-000756,-5.894763,,,,,,,,,,,,,,-0.989029,2.975323,3.631363,4.766046,3.501949,2.026322,2.420255,4.316546,,3.137813,2.91381,1.826897,3.842964,2.221005,4.356958,1.607604,4.238773,2.072295,4.286689,2.835964,1.763711,2.070914,1.873949,5.161822,1.900496,3.076955,3.411097,4.051335,2.859127,3.495226,1.159816,0.090714,2.577061,2.531831,1.918671,3.439147,0.274491,-0.874443,-2.834375,,1.788139,1.246129,3.348632,0.275951,2.934742,-5.366577,-1.422541,4.6898,3.042477,1.709002,0.67037,4.883431,3.3553,3.883058,2.706928,-0.223449,3.153141,1.405568,2.733105,3.140541,3.836151,4.103366,2.838596,0.901623,-2.985529,3.927818,4.74559,5.108416,4.632859,5.782379,4.919022,5.138554,5.854969,2.532149,5.144787,2.835969,4.855553,5.160252,,-1.37098,-0.147881,1.248562,,2.335014,1.677757,1.979574,-3.261918,-5.476954,-4.574952,0.838543,-4.47618,-5.923954,-0.872158,,4.64068,1.200958,-1.373788,1.038848,-0.49999,4.613472,4.794091,4.751785,3.732129,5.996842,3.570787,0.708225,4.981847,4.112002,0.756748,1.193861,-1.00048,-5.234373,-2.658923,1.692379,-3.816836,2.213271,1.349621,2.735251,4.871842,5.151165,5.151609,4.559661,3.360693,4.667996,4.828532,4.377718,4.4806,2.027677,3.910759,4.904126,4.995763,3.967373,4.748472,4.872751,5.138051,5.025046,5.240583,4.861135,,4.76063,1.927976,4.113329,5.086604,,5.123724,2.943802,4.194445,3.140543,4.391738,1.834804,2.885798,2.6413,0.400913,1.377232,-4.965567
ACH-000655,-6.051875,,,,,,,,,,,,,,0.63951,5.093731,3.359203,4.906826,3.665646,3.39196,2.190655,4.990863,6.07574,3.49727,2.994686,3.381182,5.953357,3.171682,4.387899,1.857086,4.086126,3.663301,5.171508,4.083537,3.654386,3.706565,5.192491,5.254628,2.331732,4.638103,3.869864,4.804185,4.84679,4.467967,2.788018,2.188399,4.452633,3.73446,4.196929,4.793428,1.605002,0.863816,-0.468857,1.579833,4.648317,1.521252,2.734377,0.604621,2.697334,-4.712936,-1.554494,4.602583,5.331235,2.49998,2.270075,4.637911,4.259851,6.807911,4.916897,4.832416,4.98947,4.631933,3.812141,3.741592,4.130124,3.849781,4.576191,2.354236,-2.78564,3.457091,4.829075,5.055793,3.803234,5.298367,5.095504,4.171766,4.701675,2.533434,5.653081,3.2629,5.276076,5.982389,2.393474,-1.150594,1.144545,3.175411,1.70689,3.586314,1.223707,3.294947,0.838099,-4.119321,-3.237313,3.104874,-2.587732,-4.106677,0.812129,3.026915,4.717392,3.598486,0.702486,3.044659,1.600925,6.492789,5.348747,4.898682,3.815706,6.625184,3.350234,1.527268,4.3641,4.123727,2.309489,2.574072,-0.49578,-4.309603,-2.7123,2.296121,-3.039969,1.784395,1.923807,2.840967,4.182327,3.940669,4.63292,5.962621,5.537355,5.087093,5.502396,6.03347,5.718763,4.252029,5.023772,5.110894,5.450762,6.039525,5.972451,6.052582,7.656902,6.313293,6.045261,6.251388,4.3547,4.842215,3.277327,5.697074,5.078309,3.918856,5.859508,4.033405,5.17812,2.995719,5.235029,3.946989,4.200543,2.721679,-2.327864,,
ACH-000250,-6.131138,,,,,,,,,,,,,,-0.608015,4.530149,4.918789,4.603879,3.863598,3.091986,2.245548,4.995557,4.682094,3.774135,2.269872,3.856112,5.242287,3.3292,4.300687,1.809272,2.561027,4.488191,4.169512,4.552166,3.39926,3.207843,4.764353,4.473421,2.455735,4.213092,3.437264,4.641767,3.361015,4.960973,3.517102,1.748863,4.006352,3.35356,2.825241,5.339337,2.041086,0.783756,-1.583658,1.053768,3.716866,-0.312075,2.033953,0.246237,2.533561,-5.148515,-1.353238,5.777809,4.896233,2.515085,2.277698,4.810822,2.398478,3.265291,3.578862,2.651466,3.561984,2.895038,3.158675,3.989549,2.903214,4.994088,4.205098,2.619309,-1.651036,4.082347,4.579946,4.824635,4.247561,5.198034,4.559759,5.160224,4.41697,3.28908,5.770669,3.434235,4.629298,5.722866,2.986383,0.45521,0.854227,3.094001,0.775535,2.682083,1.342247,3.442928,0.666342,-3.619644,-2.135394,3.33996,-2.483337,-4.334935,-0.019206,2.900696,4.300037,2.867347,-0.144527,1.777169,0.515825,6.071337,5.234817,4.349318,4.49882,5.238257,3.761046,-0.919961,5.599809,5.033884,2.167846,1.347007,-0.544106,-2.389758,-2.109096,2.673165,-2.915586,2.145372,1.56687,2.55424,4.608707,6.015134,5.943004,4.609617,5.90093,4.67516,5.396874,5.69604,4.702515,4.855867,4.03056,4.544841,4.985612,5.742156,5.96196,4.290578,7.086249,6.226493,5.936407,5.375325,5.934343,5.861684,3.91034,5.546115,5.154966,5.457075,5.679439,4.057246,3.732997,2.310413,5.146797,2.042564,5.086856,2.132642,-0.301753,,
ACH-000670,-6.010128,,,,,,,,,,,,,,-1.446685,2.931969,3.212352,3.940744,2.491712,2.39372,0.78228,5.26685,4.998843,2.742974,2.589115,3.463914,5.057901,0.999219,4.196114,1.779285,4.769262,2.947539,2.562355,4.422089,1.544853,2.653261,2.342444,5.051005,1.927635,2.911132,3.532437,2.644355,2.215178,4.367739,1.427988,0.371831,2.780334,3.207717,1.913859,3.105458,-1.419126,-1.100159,-2.891339,-0.637266,1.689027,3.797414,2.964906,0.297738,2.833576,-4.97294,-1.089955,3.988999,4.91808,0.129487,0.839761,4.280921,2.225942,3.041634,3.836291,1.186295,3.928546,3.755584,2.906015,3.152297,4.409634,3.522463,3.257066,0.378978,-3.752861,4.711853,3.314227,4.924988,3.316405,4.737134,2.60005,3.851502,3.488201,2.790248,4.961137,2.736713,5.0788,4.941306,3.187803,-0.134249,1.075109,1.644698,-0.218163,3.825433,1.260396,2.043233,-1.933505,-5.10772,-4.38643,0.30129,-5.356935,-5.603163,0.800879,2.871039,3.81366,1.108303,0.02825,1.905918,-0.141994,4.481555,3.263757,3.109525,2.904685,4.235186,3.03281,-1.287787,5.091606,3.675289,2.828839,0.155014,-2.043852,-4.766749,-4.728408,1.374989,-3.462917,2.512843,0.584084,1.918246,2.998478,5.025968,4.222277,2.957813,5.216536,5.075361,4.800888,4.356979,4.832811,2.706769,3.545149,4.846059,4.250666,5.115825,4.858418,5.122305,6.038255,5.038539,5.391459,4.742089,4.544026,4.231731,2.349932,4.610567,4.612601,4.60665,4.128694,4.827236,2.314587,2.454868,3.412289,1.762279,4.079053,2.047435,-1.218046,,
ACH-000973,-5.500694,,,,,,,,,,,,,,-1.385798,3.724253,3.127721,3.35046,3.173927,2.683414,1.437469,5.713892,5.378866,3.346244,2.552416,2.552765,5.050064,2.029137,4.238334,1.555421,4.36933,4.71336,3.785005,4.606744,3.591351,4.428017,1.732153,3.649721,3.650519,3.936777,2.943229,3.362055,2.697791,4.29494,2.765864,1.526683,3.643523,3.745862,3.11304,3.483806,1.248546,1.622552,-0.71837,0.782784,3.977861,1.391965,3.005275,-0.208806,0.756407,-5.208505,-1.384256,5.367496,5.032525,2.617926,2.260948,5.020709,3.708389,4.403403,3.012422,1.727972,2.863646,3.101669,3.880573,3.940372,4.171536,4.699274,3.15769,1.976809,-3.042293,2.202127,4.135181,4.65365,2.611808,5.460242,3.66037,4.604793,4.252292,1.436979,4.883869,1.509069,5.167173,5.06244,3.405875,-1.315522,-0.375634,3.535273,0.399388,3.213633,1.43505,2.532798,-2.321403,-3.986408,-3.880692,1.537407,-3.138535,-5.062725,0.22688,4.327863,4.684924,2.920853,0.524943,1.875232,1.009578,4.821859,4.129406,3.95007,4.028918,4.576423,2.17641,-1.137647,4.787425,3.24447,0.856091,2.729686,-2.372181,-6.639479,-4.142469,0.044682,-5.143792,4.310271,2.734486,2.118368,2.866645,5.040472,,3.950307,5.470553,5.419859,5.156246,5.250043,4.362731,3.072574,4.741023,4.989091,5.008346,5.421818,5.440233,5.441341,5.628865,4.973255,4.430285,4.421653,3.930822,4.897454,2.527614,5.011047,5.336673,4.607891,3.48719,4.891639,3.120544,3.791986,4.596185,1.706099,3.676886,1.61002,-1.682376,,
ACH-000048,-5.43751,,,,,,,,,,,,,,-0.801457,2.633473,2.270579,4.411653,2.180271,2.052037,0.141549,4.127791,4.791145,2.020939,2.503972,2.673573,3.70085,1.065902,4.369734,2.178496,3.131745,1.866957,5.259919,4.700217,3.29646,3.423121,2.86222,4.951748,2.340463,3.043769,2.663179,3.966555,4.779933,4.307663,3.447464,2.125593,4.043166,4.566988,3.905373,5.280211,-0.308423,-0.740275,-2.116178,0.47814,3.902589,3.439566,2.086834,-0.33401,0.093729,-3.82378,-0.86787,4.926165,5.235484,2.778095,2.277472,5.269814,2.196035,4.206623,4.649757,2.2413,2.943428,2.194011,2.375876,3.167768,2.983621,3.466095,3.026139,1.68769,-4.104587,2.960378,3.147009,3.932861,2.812025,4.869536,3.573748,3.424039,3.779706,2.875648,4.847444,2.408506,5.155117,5.221934,2.808941,-1.139991,0.432498,3.349724,1.211093,2.585533,-0.417758,2.613738,-3.401983,-5.676426,-4.51625,0.981883,-4.394951,-5.068125,-0.700099,3.760391,2.924184,1.462553,0.059195,1.848174,0.833243,4.878522,2.55164,1.873758,3.039015,5.230926,3.76644,-0.302564,3.216732,4.006488,1.915603,-0.668768,-2.528657,-5.501396,-4.187837,1.233628,-3.859615,3.401098,1.521099,1.613196,4.560657,5.171375,4.52534,4.535794,4.4528,5.278014,4.633535,4.495663,3.975405,2.468606,4.231796,4.585237,4.1193,5.095688,5.279807,5.20207,6.152809,5.495121,5.309355,5.04896,4.8821,5.278224,2.43336,4.021824,5.097442,5.033933,4.185638,3.738636,4.099844,3.325312,4.231304,1.727426,3.819956,1.605152,-1.624314,,
ACH-000696,-4.759265,,,,,,,,,,,,,,-0.614249,4.889969,2.253736,3.833838,2.994611,2.014754,0.996611,4.229792,5.03799,2.84892,1.792738,2.464633,4.430249,1.512389,3.526513,1.607664,2.358048,3.1108,3.291437,3.639155,3.528071,3.513851,4.211307,3.823228,-1.06759,4.596454,3.360049,4.668539,2.87386,3.900133,2.968234,1.362576,4.305383,3.454372,2.539078,3.670097,1.561072,0.226657,-2.259216,0.27393,1.029236,0.582473,2.706786,-0.030167,0.57172,-4.915849,-0.750155,4.547928,3.83455,1.778643,1.496435,4.063276,2.526399,4.183411,3.197511,1.655886,2.622878,1.164024,2.667728,3.033631,2.646869,3.740041,3.41577,2.366662,-2.69871,3.044934,3.159361,4.979955,3.006682,5.227121,3.540754,4.742748,4.14287,2.771982,4.363962,2.651916,4.988427,5.100299,3.306495,-1.667653,-0.825754,2.850246,1.854522,3.1549,1.220019,3.406615,-2.61771,-5.846356,-4.668207,1.464542,-3.959567,-5.333805,0.184124,2.048493,3.827609,1.972441,-1.10159,0.712255,-0.468091,5.126842,3.97774,4.120222,3.408409,4.196504,3.03101,-0.948679,2.871287,3.64954,2.369328,-1.41312,-1.590603,-4.307222,-4.18256,1.566531,-3.18246,1.019985,0.751661,2.156166,3.625287,3.385787,4.405501,4.46866,4.56965,4.568332,4.991609,4.945934,4.177064,2.364679,3.610324,4.319437,5.0027,4.998364,5.138118,5.138118,6.185561,4.893018,5.031907,4.482892,4.542157,5.014873,2.242518,4.939409,3.549098,3.95409,4.110779,3.894699,3.542575,2.33476,3.898982,2.216268,3.300137,1.517415,-3.68203,,
ACH-000211,-5.956862,,,,,,,,,,,,,,-1.273231,3.821666,3.207152,4.114945,3.403903,2.832896,1.859304,3.83884,4.906075,2.64735,2.695887,3.670186,5.291216,2.410171,4.423987,1.776646,3.644192,3.812942,3.430237,3.36644,3.003489,3.757408,2.492924,3.815588,0.134256,3.841446,2.765179,3.206197,3.334692,3.342826,2.235826,1.026944,3.489756,2.78059,3.028821,4.472411,0.54409,-0.822945,-2.954469,-0.084189,4.186621,1.712237,2.748977,0.018167,1.528066,-5.297496,-1.300237,5.272963,3.746034,2.184267,0.514166,4.600885,3.304746,3.584275,4.248314,2.57594,2.697775,1.777843,2.589914,4.449127,2.169514,2.987763,3.081894,0.71724,-3.632478,3.152255,4.228001,4.631701,3.030128,5.047667,4.510471,4.535665,5.34925,3.176439,5.09697,2.926191,4.627669,5.209899,3.054994,-0.829907,-0.21575,3.181825,1.195858,2.241598,,3.353847,-3.817658,-5.417896,-4.990373,0.932375,-4.522922,-6.224163,0.673556,2.827941,4.611194,1.413522,-0.357674,1.65794,-0.649391,5.457915,3.680259,4.195016,3.770565,5.057688,2.752398,-1.074022,2.660254,2.800076,0.180108,0.409103,-2.281819,-5.653496,-3.248987,0.288513,-4.413613,1.09262,0.875135,2.344361,2.724991,5.081773,3.344328,4.461156,5.179096,4.404329,4.621153,5.37514,3.951398,2.804176,3.379233,4.760468,5.28424,5.365834,5.624121,5.641252,6.095213,4.715863,5.479842,4.760164,4.314577,5.184948,2.583084,4.824512,4.468883,4.072274,5.104938,3.408375,4.548799,3.324819,4.039789,1.952558,4.001203,1.788691,-1.855001,,
ACH-000856,-6.178377,5.499826,,3.342845,1.573662,,2.691075,,,,,,,,-2.107723,2.495939,2.781805,4.204644,3.364723,1.806115,0.354674,4.883781,3.826044,2.801807,2.809589,3.12172,5.532918,1.685721,4.063065,2.470401,2.453123,1.394469,2.482659,3.321161,2.450443,3.239719,1.637512,3.794016,4.172712,3.585672,3.58728,3.637377,3.36497,3.250185,0.443192,0.943466,2.672314,2.686041,0.561353,1.365588,0.57889,0.858992,-3.1305,-0.928459,1.555479,1.537235,2.801885,-0.214466,1.33647,-5.228162,-1.454588,5.508153,5.096268,1.87465,1.900984,6.305553,2.633245,3.28706,4.129536,3.516782,5.619746,3.746196,3.950737,3.401089,0.055688,3.040227,3.223095,0.319958,-3.639969,2.074379,4.141685,4.993802,4.243373,4.816966,3.641885,3.845577,4.243504,3.348255,5.326573,3.144445,5.203263,5.08914,3.639836,-2.367249,-0.306011,2.829236,1.186447,3.788488,2.248543,2.510996,-3.491209,-5.009373,-1.411946,1.122552,-4.522145,-4.779609,-0.097674,2.979211,2.103295,0.172913,-0.754856,0.702918,0.059224,2.672275,4.291459,2.849002,5.509773,3.331156,2.653048,-0.700234,3.048884,3.460923,1.89644,-1.08314,-2.675094,-4.259021,-3.846409,1.631636,-3.289953,1.902296,1.290278,1.174138,2.498481,4.830404,3.611608,4.796622,4.81763,6.135816,5.450176,5.349151,5.431398,2.983279,4.485449,5.241204,5.421839,5.413539,5.656823,5.699252,6.937409,5.718838,5.210098,4.17055,4.636949,4.916237,2.529711,5.235507,4.917624,5.563844,4.459828,5.431789,3.778935,3.916369,4.57406,1.468938,3.868291,1.409388,-1.397573,,
ACH-000903,-5.502808,,,,,,,,,,,,,,-0.024238,,5.314375,4.091587,3.083644,2.477432,1.355565,4.763288,3.943856,2.289717,2.633238,2.353832,5.795778,2.489341,4.78743,2.12928,3.209801,1.715682,2.707605,1.509254,1.870266,0.521928,0.897815,5.781051,4.929641,4.880174,3.632902,3.851923,2.567497,5.573754,3.287163,2.495581,2.219634,3.241115,0.911172,2.508934,0.952901,-0.802925,-2.018365,1.307354,1.97819,1.700704,2.863029,0.740114,2.930559,-5.105288,-1.287543,5.711831,5.137064,1.347673,2.514305,5.128529,3.115476,3.272123,4.026458,1.780805,3.58825,3.46645,3.744709,5.429105,2.723531,4.869193,5.773872,2.436612,-0.997551,4.908933,3.679672,5.302854,4.239687,5.292708,4.751045,4.465754,5.116822,3.350652,4.940539,3.166141,5.799496,5.810285,3.949204,0.229584,0.288327,3.492552,1.518024,2.08845,2.138968,3.831813,0.151845,-3.405382,-3.315494,2.030812,,-5.147398,0.407235,2.682646,,1.036227,-0.460903,1.887372,-0.241339,4.958272,4.422236,5.919362,4.420436,5.584147,4.296852,0.519045,5.106578,4.626742,2.000369,1.977693,-1.930907,-5.228991,-3.786186,1.745341,-3.799843,1.640862,1.856648,2.459509,3.743677,,,4.696462,4.437477,5.080454,5.226326,5.554677,5.824301,3.093167,4.370767,5.134846,5.208032,5.727868,5.765444,5.824301,6.81982,6.052088,6.172485,5.06365,5.608864,5.603646,3.661868,5.37647,4.951322,5.607914,5.073213,5.235748,3.358699,4.258233,4.241557,2.175486,4.876512,2.369981,2.009235,,
ACH-000792,-3.852084,,,,,,,,,,,,,,-2.092011,1.330476,3.475851,3.429055,4.020316,2.444163,0.932902,4.500394,5.078781,2.173669,2.85631,3.84343,5.041135,1.866869,5.014649,1.417947,1.793238,2.917153,1.913288,4.022918,1.958864,1.74291,1.049841,5.284113,2.79162,3.946098,3.690401,4.192825,2.101106,1.795721,0.455135,-0.400345,3.255339,1.004481,1.111596,1.724704,0.502244,-2.250598,-3.86714,-0.999374,1.092397,0.770695,3.734565,0.524277,3.181205,-5.283249,-1.312878,5.476628,4.440834,1.47165,1.896631,5.376008,3.277942,3.359021,4.916781,2.39136,4.314198,2.397367,3.857372,3.009875,4.540815,5.391299,4.915963,1.253222,-2.096801,3.427,4.581562,4.607701,3.0375,4.759528,5.424642,4.078154,3.897349,3.114728,5.175086,2.664906,4.947843,5.399372,2.36461,-0.549491,-0.221261,2.584318,0.86047,2.754523,2.121347,3.035595,-1.498315,-4.641464,-4.568573,1.790693,-3.817448,-5.28621,0.122128,2.077269,3.939204,0.20818,-0.650625,0.817989,-0.473251,4.362031,3.421865,2.018678,3.465415,3.562702,3.845324,-0.0326,5.360761,3.634913,2.568671,-0.234196,-1.62811,-4.074148,-3.138601,2.292005,-2.876995,2.547429,1.262796,2.133001,3.623093,4.25107,3.598028,4.091185,5.67376,5.007708,5.138059,5.061303,5.43766,2.756242,4.464266,4.354023,5.006796,5.389689,5.476306,5.420369,6.361052,4.688364,5.672031,5.503866,5.289125,4.821486,1.454184,5.044111,4.831552,5.331963,4.059423,4.595333,2.456324,2.144769,3.655381,1.679958,3.247608,0.390993,3.075307,,
ACH-000389,-4.203718,,,,,,,,,,,,,,-3.27848,0.860543,2.806383,3.720315,1.451716,1.716648,0.673362,2.346473,3.487155,2.779503,2.230812,3.346576,4.339734,2.21728,3.51924,1.329326,3.66216,3.862517,3.557097,4.859308,1.911593,2.374578,1.865203,5.178429,4.201727,5.086092,3.023486,3.855824,1.701974,3.155629,0.985011,-0.468941,2.779741,2.732992,1.861405,3.04949,-0.417949,-1.440728,-3.266993,,2.11779,0.407555,1.068185,0.935242,-0.6329,-4.999845,-1.173921,4.875056,4.176552,1.598729,0.887708,4.954176,3.502838,6.230784,2.68405,-0.428298,2.04005,1.25719,2.325803,2.860871,2.899395,3.918788,4.702536,-0.226431,-3.242469,2.787027,3.823059,4.546918,2.406466,5.27277,4.231089,4.869922,4.015281,2.314487,4.900788,2.494195,4.31673,5.019105,4.808472,-1.246585,-1.163218,0.533556,-0.512414,1.420808,-1.693682,0.528934,-3.012243,-5.437885,-3.873471,0.216684,-5.533907,-6.736305,-2.743556,3.44113,1.574536,0.897374,-0.785006,0.887614,-0.97239,0.41998,2.097891,1.893225,2.319638,2.590837,1.549772,-1.026833,3.109553,1.985999,1.520341,-0.536893,-2.790437,-5.67202,-4.098291,1.033418,-4.712774,2.778193,1.177839,2.819632,5.176094,4.42304,3.258045,4.775078,4.034215,5.180725,3.976833,3.76036,5.180411,2.371166,2.377414,4.500521,5.151743,4.244606,5.026295,5.159481,6.723886,5.419904,5.245966,5.197003,4.939313,4.772144,1.904483,5.020807,3.521436,3.721753,3.708393,2.460429,4.07256,3.351431,4.598097,1.970263,2.473185,2.420329,2.331106,-0.612765,-5.324339
ACH-001016,-4.101558,,,,,,,,,,,,,,-0.801283,2.849113,3.383908,3.616,2.358514,1.568147,0.315724,6.367958,6.001828,2.816378,4.55692,4.02796,5.372976,2.456004,5.567326,2.526902,5.543132,4.288904,4.955864,4.793436,3.061786,3.864603,4.549183,5.423919,3.867503,5.584077,3.865231,5.256231,1.317415,4.90185,1.398857,0.344372,3.081222,3.750947,2.768283,4.431021,-0.595706,-0.369329,-2.390013,0.007241,4.986117,2.369282,3.978459,1.128738,3.726729,-3.635584,-0.59268,5.87794,5.927797,1.630219,2.996986,5.923617,4.403434,6.691099,4.53989,2.803836,4.206069,3.222745,4.636781,3.886051,2.184291,5.441132,5.382451,1.602719,-1.751116,4.340638,4.92074,5.446485,4.36117,6.155374,5.381964,4.972075,5.775986,2.821907,6.00608,3.441655,5.344202,4.102199,4.27908,0.001984,0.127994,2.070931,0.490934,5.810332,3.871831,3.34752,-1.735464,-5.01629,-3.466836,1.000156,-4.125372,-5.692434,0.069689,3.099901,5.219077,1.981467,-0.161397,2.664773,1.610654,5.123977,4.701461,2.885237,4.161242,6.111071,4.253805,1.101282,4.536347,4.521642,3.415147,3.231237,-0.79388,-3.308681,-0.609481,2.457388,-2.788892,3.050387,2.373262,3.30525,5.975676,4.511173,2.978479,4.784719,5.806607,6.014958,5.613686,5.858311,5.386574,3.146393,4.343426,4.892444,5.717404,5.771988,5.993726,6.014958,6.62403,5.624845,5.54962,5.192668,5.806096,5.902202,3.103073,5.686851,5.917595,4.613185,5.368433,5.513009,4.4727,4.443441,5.586495,2.226708,5.807076,4.5369,3.149398,0.950168,-2.542318
ACH-000098,-6.541664,,,,,,,,,,,,,,-2.198362,4.492436,4.974129,3.842065,2.805157,3.451892,1.97119,5.397892,5.835938,2.686561,4.7663,3.584908,4.767752,3.4275,4.740026,1.46663,3.871047,5.086488,4.505023,4.767959,3.024556,3.922016,2.460189,5.626702,3.870127,4.180467,4.122886,4.31687,1.755995,3.837576,0.856394,-0.370732,2.741703,2.319452,2.040677,3.527259,-1.324325,-1.575361,-2.542326,0.439072,4.562958,-0.061827,3.226304,0.565822,1.087209,-5.487938,-1.788287,4.539926,4.55561,3.057692,1.810234,5.619179,4.021099,3.00942,4.214355,2.593,4.766059,3.394754,3.533632,4.271193,5.026479,4.814294,4.488902,1.314183,-2.453057,4.00242,4.240807,4.771924,5.068959,5.466583,5.322869,5.654247,5.263297,2.907593,5.6689,2.96783,4.813602,4.443384,2.436828,0.43904,0.350864,2.354227,1.314672,2.0542,0.139791,1.766434,-3.858627,-4.552573,-3.661913,1.518073,-4.3724,-6.095049,-0.243066,4.374543,5.197521,2.786441,-0.005091,2.257949,0.372102,5.157455,3.673906,3.477809,3.987295,6.603624,5.229964,-1.516542,5.306259,4.270374,3.931959,2.060802,-1.880934,-3.015999,-1.466067,3.123878,-2.392523,3.931371,1.524335,3.2422,5.654182,5.628818,1.967563,5.736279,4.860881,5.850522,5.720647,4.809893,5.862301,3.327383,3.882332,5.663231,5.31054,5.860369,5.873161,5.873161,7.079384,5.459691,5.755255,5.470485,5.28126,4.839881,3.296704,5.024908,5.084278,5.272386,5.328885,4.380113,4.69532,4.005741,5.006091,2.177104,1.739214,3.600545,2.91764,1.112954,-4.778021
ACH-000469,-4.273013,,,,,,,,,,,,,,-2.149848,4.660005,3.389157,3.789319,2.492519,2.728341,1.153223,3.923634,5.868631,3.230498,2.959075,4.160398,5.855859,1.64354,4.439407,1.905246,4.136694,1.715961,5.562887,4.348733,2.937904,3.577519,3.812421,5.133,2.774244,5.178223,4.211839,4.680557,0.406652,2.395587,0.166004,-0.406594,2.325995,1.787834,2.638893,2.477761,-1.9635,-1.541122,-2.754592,-1.115422,3.52975,-0.787238,4.269534,0.626399,1.347931,-5.016141,-1.547985,5.699664,5.392096,2.988514,2.56086,4.781712,4.20463,3.261778,3.441146,1.452858,2.284432,0.523542,4.385592,3.15463,5.183199,5.656388,4.561234,0.470517,-2.887474,5.516384,4.754135,5.754488,3.937515,5.036131,5.692392,5.649898,5.451075,3.232518,5.509201,3.129958,5.25073,5.402879,2.59441,-0.439858,-0.848677,2.950687,-0.708516,3.998193,-0.098944,3.260564,-2.583867,-5.412392,-4.129007,0.506287,-4.207989,-5.857636,-0.342141,3.606316,5.492183,1.95713,0.088711,2.586913,1.039113,5.704567,3.599918,2.907464,2.406492,4.991861,3.876428,-0.105298,4.080046,4.094375,2.563536,0.56428,-0.62607,-3.52636,-1.13641,3.081624,-1.637781,3.576072,1.728854,3.327719,4.94071,4.713308,4.386814,4.820678,5.664881,5.824416,5.570279,5.221878,5.119576,3.383921,3.248293,4.628246,4.245055,5.873108,5.493161,5.879217,7.060617,4.939019,6.22431,5.698889,5.341388,5.578557,3.610748,4.91244,5.659159,3.8915,4.285892,4.746932,4.186985,4.292784,5.422291,1.074622,4.355669,4.291421,3.299343,0.751849,-3.469021
ACH-000788,-5.548706,,,,,,,,,,,,,,1.123166,2.70731,1.290734,2.80957,2.752879,0.022414,-1.41347,3.366553,4.338825,2.242905,2.200801,3.523789,5.045288,1.585512,4.445513,2.285999,1.99112,2.222346,3.812859,4.533988,1.637299,2.889403,2.499996,5.000127,0.007955,4.584157,1.442217,5.095947,2.814325,4.864018,2.209353,1.084499,2.726692,2.814561,1.467462,2.622029,2.550796,-1.24401,-3.236417,-0.288945,4.082021,3.347652,2.915397,-1.119518,4.57572,-5.761897,-1.203625,4.977068,5.033845,1.460093,1.555282,5.041976,3.235097,3.236114,3.882686,4.094469,2.916361,1.327121,3.501134,3.012162,3.72344,3.905501,4.37806,1.6424,-2.927546,3.281135,4.45106,5.110572,2.921861,5.720159,4.452204,3.836039,4.634934,2.35296,5.052907,2.69887,3.783557,4.41494,2.209164,-0.494253,-0.254086,2.344232,0.564161,4.545508,1.267213,3.079645,-1.978272,-5.491178,-5.549203,0.426937,-5.346347,-6.764153,2.044054,4.439542,4.719745,1.197302,-0.312152,1.153837,0.116965,5.109439,3.210386,4.32433,3.743349,4.770139,4.324051,-1.007542,2.893572,3.174839,2.797111,0.193786,-2.814286,-4.493161,-1.903218,1.004035,-2.97621,1.614517,1.284728,2.337197,2.216495,5.002263,5.1747,3.742677,4.633071,5.16934,5.040851,5.171072,4.941484,5.029599,3.509842,4.136872,3.639135,5.175504,5.178935,5.17911,6.611979,5.163608,4.885233,4.852443,4.481183,4.330896,2.724815,5.020642,4.626381,4.14709,3.966776,1.935955,1.854242,1.890064,4.340475,1.774504,5.482743,3.232772,1.389062,,
ACH-000913,-5.68433,,,,,,,,,,,,,,-1.273886,2.266081,0.859982,3.355909,1.898313,1.410298,0.094531,3.523912,4.002143,2.029586,3.707706,2.952263,4.138016,2.581182,3.010652,1.968966,2.049728,1.675991,3.63626,3.638832,3.041407,3.583199,2.269072,2.636438,-5.315748,5.054195,3.873894,4.210263,2.488428,1.537131,0.250274,-0.122887,1.83157,2.117246,2.783453,3.486817,0.810966,-0.848267,-2.417619,-0.067235,1.817684,-2.516762,1.517815,-0.595693,-0.544141,-5.213339,-1.838821,4.488183,4.18205,2.536031,0.99738,4.557631,3.371588,3.037699,3.280826,2.372707,2.913885,2.29648,1.600028,2.063834,2.34603,3.063761,4.60993,-0.11801,-3.444834,1.963208,3.052265,3.936489,2.626636,4.501661,4.039145,4.248214,5.558632,2.183145,3.486714,1.738452,4.179003,4.088205,2.648467,-1.546802,-0.897151,1.703656,0.546332,1.184206,0.888071,1.60683,-0.306901,-5.175676,-4.875235,1.474403,-5.253834,-5.934287,-0.794571,0.836997,2.85735,0.806403,-1.876225,0.736797,-0.968645,4.610902,3.388118,4.06486,1.52792,3.828081,3.259983,-1.62521,1.585034,3.068963,0.332239,0.903922,-3.138577,-5.793861,-3.825796,0.235718,-4.874567,0.930764,1.668119,2.238168,3.362161,5.057242,4.049373,5.033137,3.303255,5.038751,4.60058,4.283684,4.994413,2.146962,3.342074,4.552788,4.808625,4.544378,5.058668,5.058668,6.131251,3.993357,4.649598,5.209891,4.724858,5.058668,2.814965,4.498359,5.032191,4.103481,4.588236,2.544955,3.534055,2.223699,4.532231,1.467782,1.592169,1.719101,-2.930666,-0.141386,-5.31807
ACH-000273,-4.984311,,,,,,,,,,,,,,-1.723057,2.514151,1.313495,2.514825,1.870874,1.000863,-0.265838,3.201932,4.342893,2.805607,2.158008,3.170837,4.718164,1.533132,4.031826,1.545464,2.460376,1.738707,3.860527,3.875841,2.28789,4.040789,2.002562,3.424885,1.386083,4.607738,5.158785,4.046627,2.733288,3.512095,1.347121,0.623398,1.520296,2.004686,0.734939,1.939233,0.789183,-0.982808,-1.928219,0.659153,3.392446,-0.226212,2.307018,0.341975,1.466791,-5.632107,-1.858849,4.808019,3.834516,1.726012,1.799005,4.918214,2.954515,3.00823,4.117941,1.535327,2.510145,1.413722,1.931671,1.457268,1.092226,2.935208,5.329504,0.841848,-3.718813,2.924157,3.65661,4.085488,3.358097,4.632092,3.13859,3.828064,4.110171,2.863397,4.218798,2.362245,4.214897,4.203657,2.719839,-1.450382,-0.967734,1.702293,-0.053834,1.407251,0.331679,1.299936,-1.311544,-5.910407,-4.99851,0.534372,-5.283113,-6.099827,-1.195835,0.49652,2.751646,0.716964,-1.929529,0.015857,-1.392098,4.763275,3.702592,4.057999,2.784306,2.371117,1.837402,0.27271,2.399372,3.093649,1.780992,1.77686,-1.395839,-4.14201,-3.600088,1.333831,-3.522494,2.260925,1.820322,2.974638,5.176467,4.740119,4.583743,4.563244,4.666084,5.135951,4.644263,4.112613,5.134698,4.164147,4.339071,5.146717,4.698702,3.798353,5.093512,5.177556,4.841121,5.324663,5.383901,5.085202,3.779758,5.112973,2.18794,5.17638,4.556868,3.781261,4.999221,3.933639,4.474521,2.991371,4.921734,0.941228,2.09219,1.63986,,2.258446,-6.386672
ACH-000348,-5.50563,,,,,,,,,,,,,,-3.737943,2.210119,2.210607,3.689181,0.973087,0.44445,-0.637056,3.080218,4.581635,2.345983,3.032292,3.616141,5.238861,2.303167,4.237762,1.762592,2.353557,4.307239,2.408501,2.464961,3.06317,1.944175,1.558913,3.475441,-2.171009,4.38876,3.40089,5.348586,1.786575,3.35075,0.892781,0.239714,2.127298,2.310387,1.722809,2.945366,-0.460102,-1.857169,-3.443513,-0.286098,3.291815,-1.552691,2.969035,-0.469519,0.867102,-5.436715,-1.500448,4.050043,3.876736,1.735503,1.519365,3.639461,2.818136,2.460496,3.84032,2.218622,3.057227,2.011179,2.517925,1.951344,4.022924,5.13,3.511266,1.105118,-3.888083,2.992026,4.811753,4.331639,3.189403,4.850536,4.454336,3.986179,5.871473,2.57586,4.691717,1.345139,4.153721,4.282875,3.649155,-0.772067,0.038318,1.771964,0.603135,1.672214,0.8439,2.860177,-3.491653,-5.608327,-4.329373,1.012653,-4.948784,-6.031444,-0.68953,1.419497,2.575608,0.728272,-0.900405,1.116497,-0.575031,4.027996,3.142909,2.608292,2.570265,3.67603,3.190129,-0.083828,2.15508,3.69841,0.821214,0.223121,-2.329417,-5.319183,-3.580969,1.80756,-4.0443,1.6545,1.26901,2.43303,2.229073,4.656655,3.452662,4.085292,4.688683,5.125933,4.815204,4.803473,4.172817,2.307868,3.094251,3.594888,5.120388,5.23293,4.985819,4.488047,5.513688,3.05581,4.412415,4.701938,3.810716,4.976267,2.284207,5.193572,5.173099,3.640329,4.174287,2.814499,4.349168,1.936741,3.786492,1.987434,4.453106,2.120623,2.760634,,
ACH-000137,-5.76308,,,,,,,,,,,,,,-0.83293,2.691353,2.180115,4.513853,3.648946,2.685229,1.244236,2.997465,4.128373,2.874606,2.802097,2.6143,4.8256,2.372796,3.63128,1.640262,1.978339,2.427422,2.431804,4.056652,2.318915,2.981922,2.980672,4.020459,1.043294,4.614941,4.449361,4.844511,2.643159,2.891597,1.370331,0.801581,2.793631,2.387899,0.937155,2.89114,0.850231,-0.643402,-3.065564,-0.456871,2.836829,-1.182774,2.539192,-0.925569,1.601917,-5.590487,-1.353866,4.431252,4.211274,1.397883,1.566321,5.13771,3.115943,2.950382,3.11475,0.334914,1.828291,0.584673,2.23817,2.45167,2.818402,3.441895,2.971341,1.257413,-3.023244,2.394145,4.272908,5.164881,2.249625,4.498112,4.426174,3.046984,3.798395,1.511004,3.724871,1.886803,3.95006,4.280858,2.007871,-2.058116,-0.464599,2.615466,0.286101,1.859628,1.989729,3.946053,-1.165708,-5.073717,-5.02155,0.745352,-3.21336,-4.551505,0.042652,3.885441,2.833735,0.07778,-1.560566,0.545662,-0.448771,4.762701,4.253586,3.437125,3.643323,3.416825,3.003015,-1.147613,1.879496,3.026574,2.026938,-0.455754,-2.968008,-4.849188,-3.697812,0.716542,-4.256329,2.331185,1.333485,1.725258,2.896631,4.716267,3.90654,4.957089,5.288039,3.937157,4.365429,4.787795,4.5962,3.941033,3.69642,4.61065,4.345033,4.726781,5.187088,5.187088,4.714795,4.982292,4.595889,4.6987,4.24907,4.8334,1.806038,3.369874,4.018894,5.12842,3.782323,2.116402,2.739951,1.442479,3.762318,1.89101,4.248205,3.527382,1.089936,,
ACH-000970,-3.994748,,4.411439,,,,,,,,,,,,-0.203399,3.492518,1.647834,2.86291,1.35014,0.449738,-0.747153,3.110185,2.722809,3.058353,2.372647,3.313874,6.506556,2.506454,5.719266,2.061803,4.767851,3.314699,3.285277,4.285711,2.818075,3.4877,3.19896,4.015924,1.895196,5.981372,4.275505,5.216634,3.098138,3.288862,0.55147,0.785469,1.791906,2.304275,1.886915,2.736859,1.830494,0.614169,-1.335607,0.880961,3.110438,1.747232,2.666353,-0.222227,3.690311,-5.028138,-1.468859,5.754102,5.454987,3.170055,2.653533,4.912722,2.114999,3.477608,4.372601,3.018942,3.504726,2.46339,4.098622,2.282315,1.445785,4.004347,4.065576,2.18629,-2.871941,3.139013,5.091999,4.745226,4.328979,5.583767,5.380926,5.987568,4.849464,3.996419,4.918565,2.822884,5.259788,6.365487,3.062539,-1.335137,0.530752,2.323267,1.632029,3.462358,1.924168,2.875473,-2.558987,-4.598693,-2.836662,1.93436,-4.662887,-4.891356,-0.586716,2.444138,2.740424,0.947035,-1.256632,1.230075,-0.698807,5.812226,3.718198,3.585305,4.10974,3.120459,3.110323,0.202081,4.607161,4.668889,3.359532,1.349858,-1.716079,-3.882775,-2.906469,2.565693,-2.420719,1.814087,1.104907,2.523993,3.563646,6.064652,4.737348,5.425537,6.171698,5.376218,4.419296,5.854586,4.275373,2.852888,4.554231,5.876545,5.778459,6.156266,6.155078,6.151265,6.8696,6.526049,5.952162,5.742774,5.408865,5.923942,3.773552,5.124864,5.84931,5.24959,4.344848,4.2453,3.335929,2.814278,4.45565,2.629099,3.470255,4.451565,-4.091644,,
ACH-000456,-4.466868,,,,,,,,,,,,,,0.296659,2.758189,2.459381,3.679892,2.749468,1.086492,0.281367,3.137946,2.063967,2.767761,2.704813,4.186049,6.40152,2.628763,4.638642,1.801716,2.723429,2.751453,3.254154,3.560196,2.350514,2.434457,1.521223,5.500203,1.816851,6.39963,5.54582,5.846343,3.52138,4.870674,3.750827,1.609734,4.587042,2.996761,1.887052,4.294338,2.749086,-0.163024,-1.754848,0.0955,4.440212,-0.783221,3.073043,-0.42447,3.437993,-5.159554,-1.406781,6.295627,5.793074,2.786593,2.180693,2.784851,2.991376,3.053509,3.517909,2.700377,3.881455,2.619506,3.199868,3.998824,4.407908,4.557711,6.350267,1.913132,-1.916858,2.446676,4.492515,5.462431,3.819335,4.915447,4.929476,5.031691,6.098165,1.834047,5.451249,3.370609,5.26981,6.103048,3.607008,0.220732,0.346715,2.102904,0.112573,2.34618,1.31563,3.941314,-2.417791,-4.311635,-3.871387,1.206947,-4.886403,-5.86503,0.58591,4.836661,4.491249,1.974609,0.318207,2.015753,0.448527,5.65474,4.788155,3.411557,3.480944,5.38703,5.516785,0.088212,4.445486,3.965991,4.79676,3.13034,-1.477373,-3.879154,-1.413655,2.553321,-2.606152,2.796114,1.151409,2.431536,4.372541,5.391588,4.353336,4.830747,6.37886,5.846007,4.767044,5.611656,5.893589,2.517522,5.293839,5.299029,5.986986,5.788635,4.181651,4.728927,7.032223,4.86345,6.224033,5.239333,4.011331,4.659638,3.325079,5.500746,5.201154,4.999317,4.808328,3.07887,3.605432,2.28459,3.676671,2.07505,3.411874,3.763834,-3.23566,,
ACH-000855,-6.159352,,,,,,,,,,,,,,-3.087006,1.787272,0.874214,3.478431,1.322445,1.136732,-0.420052,3.523772,4.949869,2.011127,0.823048,1.357939,,0.695107,2.342357,0.721065,1.037373,2.032033,4.588392,5.303854,2.582947,2.581156,3.895849,,,,0.493879,5.001236,4.159161,2.308645,0.35539,0.269342,,1.952628,2.601163,2.489627,-0.485011,-0.620017,-3.311958,-0.289579,1.522992,1.317009,1.561128,-1.961211,-0.3007,-5.560808,-2.342863,,,1.700919,2.127997,5.598465,3.406739,,3.43067,1.185201,,,,,,,,,,,2.558958,,,,,,,,,,,,3.72446,,0.369223,1.445077,1.125078,0.817677,1.128299,2.473703,-3.365222,-4.888817,-3.972998,1.676973,-5.137003,-6.246162,-0.626405,4.561628,3.600938,3.016808,0.850304,2.143548,0.668855,5.338818,2.874166,2.252301,4.211025,3.256261,3.27927,-0.266388,,4.313305,3.25011,3.145309,-1.420453,-3.30138,-0.487974,2.676869,-2.695154,,1.094765,2.118318,2.660131,4.330145,3.307462,3.748925,4.273526,4.465304,4.950217,4.819296,5.560693,2.425644,3.93744,5.129605,5.272915,5.616954,5.646956,5.646956,6.501315,5.124403,4.912524,5.591376,4.260758,5.6335,2.938735,5.51137,3.840625,5.546626,4.372021,,3.704684,1.619412,3.877019,1.865167,2.523027,3.227823,,,
ACH-000787,-4.728943,,,,,,,,,,,,,,-1.695238,2.195521,2.176152,4.36417,1.388521,1.497597,-0.178882,4.669877,5.218727,2.631756,3.326793,3.810084,3.254764,2.345753,4.560333,1.903814,1.990039,4.652109,2.950768,5.552978,2.8975,2.708971,2.692215,5.098785,1.841074,4.241193,3.388013,4.296401,3.118868,4.103223,1.920826,0.746085,2.383036,1.938595,2.449088,4.573588,1.343236,-0.571546,-2.084732,0.517847,3.459895,-1.940306,2.687216,-0.383199,2.777472,-5.141185,-1.494177,5.48823,3.819009,1.883554,1.135642,4.465388,2.132316,4.208048,2.726968,0.815402,2.849816,0.412667,2.471399,2.499813,4.780066,5.472789,4.04461,1.290408,-3.222998,2.786117,4.385288,4.113226,3.12953,5.621068,3.496697,4.593477,5.244182,2.332076,5.305864,1.840929,4.659336,5.32898,2.781087,-1.823792,0.122115,1.604828,-0.153673,1.673401,0.132539,2.432478,-2.497402,-3.317068,-5.227564,2.630583,-2.331686,-5.799058,-0.928631,3.216877,5.071382,2.604841,0.02043,2.249989,-0.013167,5.443973,4.303082,3.451373,4.07311,4.964064,4.676589,-0.1192,5.051388,4.809121,4.729943,0.37791,-0.892918,-2.86809,-0.422608,2.892531,-1.864337,2.350642,1.506743,2.453326,4.485835,5.009668,4.702693,4.863319,4.980611,4.472481,5.41588,5.040592,5.485121,2.714511,4.047033,4.910221,5.099914,5.246438,5.417552,5.203403,6.863036,5.150927,5.705688,4.741742,4.8345,5.107724,2.453817,4.457765,5.458676,4.319705,5.494463,2.779369,2.888418,1.913246,3.789199,1.93713,3.345217,2.154842,1.983204,,
ACH-000452,-4.144795,,,,,,,,,,,,,,-0.373393,,3.022543,3.672721,1.553638,0.832388,-0.508939,4.449715,2.979573,1.824532,2.857647,2.643102,3.725504,1.859392,2.649379,1.710979,3.632448,3.14324,3.896699,2.703397,2.08286,2.091539,1.983018,5.058472,3.636782,4.958319,3.560428,5.360399,2.927811,3.465717,1.417179,1.200528,3.068219,3.72929,1.659379,3.74477,1.002249,0.822345,0.580032,1.101044,3.939942,-1.718053,2.440321,0.747654,3.882474,-5.020535,-1.709106,6.12058,5.215683,3.808676,2.750939,5.77588,3.582722,4.281333,4.171379,1.919115,3.372663,2.292591,2.894965,3.05906,3.458648,5.43337,4.389032,0.653611,-3.573302,4.790237,3.744011,5.645754,3.452174,6.074268,4.315106,4.256904,4.994891,3.262484,6.127131,3.02219,5.27629,5.338531,2.868995,0.264466,0.573956,2.365683,0.363,3.479067,1.698962,3.383793,-2.887242,-4.368287,-2.854537,2.111145,,-5.342439,-0.64056,2.362939,,2.168256,-0.492261,1.520618,-0.589469,6.18059,4.000029,4.202996,3.907441,5.019614,4.856015,2.433789,5.636445,4.448794,4.421932,2.154202,-0.619124,-2.55581,-0.606137,2.607323,-1.704368,1.754879,0.280216,3.783247,5.353232,,,4.083026,4.640155,6.089352,6.071947,5.532222,5.810558,4.646612,3.534581,4.523115,5.060469,6.138341,6.08617,6.138341,7.229322,6.354129,6.321798,5.665941,4.69687,5.388814,2.807102,5.539194,4.873687,4.849649,4.572775,3.701429,3.649065,2.890259,4.053777,1.508469,2.651605,1.799561,2.506159,1.268307,
ACH-000999,,,3.755391,,,,,,,,,,,,,,2.586534,,,2.30919,0.540636,5.842892,5.175897,,,,4.234381,,3.649529,0.641255,,,,,,,0.25579,5.858293,2.051953,3.848917,,4.490397,,5.084763,2.422203,,1.760286,2.684598,,,,0.977541,,,,,,2.903941,,,-1.685284,4.975301,5.480717,,,6.750772,,5.942043,,,3.815824,2.573593,4.390145,4.957501,5.255384,5.08942,4.395698,4.409074,-2.940444,3.624597,5.172084,5.940757,3.383606,6.232888,5.780448,5.049125,5.085094,3.080781,5.88749,3.426319,5.900971,5.811134,,0.247317,,2.179606,,,1.767149,,,,,,-4.039907,,,,,,-0.471868,,0.029254,4.913565,,4.071618,,5.733998,5.252468,,5.726207,5.272697,,,,,,5.232851,0.766228,3.427306,,,,,,,,,,,,,,,,,,,,,5.862738,5.813524,,,,,,,,5.102732,,,4.62267,,,4.082841,,,
ACH-000689,,,,,,,,,,,,,,,,,,,,2.035691,,,,,,,,,,,,,,,,,,,,,3.899604,,,,,,,,,,,,,,,,,,,,-0.532862,,,,,,,,,,,,,,,,,,,,,,,,,,,,,,,,,,,,,3.253245,,,,,,,,,,,,,,,,,,,,,,,,,,,,,,,-1.067203,,,,,,,,5.478562,,,4.981159,,2.8805,,,,,,,,,,,,,,,,,,,,,,,,,,,
ACH-000725,,,,,,,,,,,,,,,,,,,,,,,,,,,,,,,,,,,,,1.850863,,,,,,,,,0.582658,,1.584328,,,,,,,,,,,,,-1.425183,,,,,,,,,,,,,,,,,,,,,,,,,,,,,,,,,,,,,,,2.67615,,,,,,-2.041086,,,,,-0.039515,,,5.104237,,4.877912,,6.005675,,,,,4.521675,,,,,,,,1.004372,,,,,,,,,,,,,,,,,,,,,,,,,,,,,,,,,,5.121846,,,,
ACH-000207,-2.691206,,,,,,,,,,,,,,-1.401259,2.122958,1.218587,2.303417,1.061462,0.461173,-0.116803,3.636367,3.738632,0.650515,1.100102,2.45068,3.148219,0.55522,1.603281,0.361668,1.138806,2.376881,3.004969,4.003968,3.079083,2.111191,2.607896,4.347523,1.15683,4.053305,3.143051,3.857723,2.250572,2.206941,-1.179043,-0.035732,1.937401,1.920355,1.525617,1.740208,-0.113515,-1.005426,-2.90868,-0.770396,2.51548,-2.305901,1.733396,-0.42442,1.595285,-5.263571,-1.448715,4.918033,3.981025,2.419322,2.020043,4.195707,1.936556,6.366341,2.935109,0.370504,2.175515,0.519928,2.909849,2.1387,1.011477,4.558211,3.434546,0.471084,-3.545534,2.64851,3.236106,4.565479,2.765457,4.681932,3.200073,3.30908,4.190007,2.372716,4.163264,2.07161,4.118083,4.740184,2.126359,0.040387,0.604138,1.092035,-0.267836,0.36906,-1.250251,1.448375,-2.986431,-5.472444,-5.062903,1.287053,-5.377786,-6.394604,-1.55948,3.577611,2.76028,1.0692,-0.286448,1.266904,0.073028,5.09277,2.449238,3.376439,3.920713,3.629013,4.984153,-0.420447,3.671195,4.078649,3.194387,0.934695,-0.817203,-4.20601,-0.992086,2.517538,-2.823194,1.623604,1.483849,2.286462,3.996168,4.339121,2.832069,5.297418,3.777769,4.418894,4.570071,5.321983,4.351077,2.610175,3.178538,4.590269,5.192904,5.079842,5.360772,5.163681,6.941761,5.587277,5.224495,4.409004,5.249392,5.202059,3.209022,4.012982,4.734053,4.708088,3.92027,2.679906,2.168831,1.782769,3.872909,1.85451,3.23265,2.207788,-1.010407,,
ACH-000843,-4.113356,,,,,,,,,,,,,,-1.177484,1.889729,1.64672,4.029947,1.454343,1.685946,-0.248938,3.362389,5.368125,2.099998,1.886849,1.938221,2.28412,0.78074,1.830421,0.47644,1.725269,1.513259,4.700765,4.852993,3.714392,2.594558,3.009813,4.14914,1.984216,4.606096,4.058227,5.233981,3.602261,2.165477,0.42213,-0.00861,1.417411,1.782687,0.967765,2.699554,1.985552,-0.090313,-2.330746,-0.399411,2.47664,0.34585,2.010057,0.373535,3.650242,-5.390856,-1.68038,5.403866,5.381864,3.064651,1.399232,4.365179,3.314816,5.863851,4.857059,1.170574,2.899398,0.860412,3.150727,2.893666,1.562257,4.660094,4.788004,1.231919,-3.816639,2.57245,2.998844,3.731836,3.939856,5.114447,3.833891,3.398075,5.771536,3.262172,5.037098,2.748464,5.562283,5.337714,1.418312,-1.112597,-0.444485,1.748084,0.363008,1.382273,0.299111,2.216625,-3.66718,-5.927646,-4.804888,0.656428,-5.080193,-6.751594,-0.938014,-0.694748,2.522647,0.251275,-2.728224,0.03244,-1.060832,3.745954,2.909022,1.823885,3.140477,3.272761,3.647261,-0.140073,4.795389,4.270987,3.003699,-0.548685,-1.777532,-3.806579,-2.524627,2.097871,-2.72004,2.883483,1.436365,2.669229,5.564362,5.386276,3.742688,4.665762,4.966745,5.580603,5.554487,5.522538,4.73877,3.437718,4.135203,5.2296,5.116515,4.657775,5.56034,5.344565,6.640939,5.395277,5.907616,5.303861,5.305465,5.075785,2.214864,4.797348,4.079098,5.526899,3.831667,2.845002,2.434933,1.501724,2.433056,1.11719,2.471507,1.457353,-2.965844,0.453146,-5.92003
ACH-000139,-6.099267,,,,,,,,,,,,,,-0.089943,2.608319,1.58299,3.549548,1.88671,-0.21928,0.130639,5.709562,5.953026,2.040252,2.739452,1.95946,,1.572199,2.749157,1.242026,2.911024,2.442739,3.959516,2.574345,6.705712,2.962721,2.313138,,,,3.172381,3.76064,2.902238,3.540379,2.095413,1.035672,,2.834305,3.812022,4.964745,2.304375,1.373307,-1.432603,1.842865,4.676233,-0.427335,1.345108,0.967348,3.936558,-3.081949,-0.793403,,,2.590423,1.927508,5.942545,3.783307,,4.125817,4.043451,,,,,,,,,,,4.843606,6.346863,,,,,,,,,,,3.986839,,0.560829,3.698956,2.266406,3.611516,3.312618,3.264498,3.771671,-2.613242,-3.251242,3.354013,-1.465509,-3.981859,-0.455452,1.980677,3.646928,1.826246,-1.572504,1.927563,-0.871906,4.999514,4.487604,4.740463,4.553298,3.273819,4.555894,1.176857,,4.601596,3.512404,1.896265,0.000564,-3.265883,-2.798844,3.347165,-1.889571,,3.592416,3.023479,5.677838,5.516632,5.10298,5.450965,4.582973,4.306732,5.667362,5.216896,4.499213,2.840765,4.74738,5.747794,5.798355,5.223963,5.531014,5.683928,6.170281,6.168491,5.953026,5.80754,5.815983,5.589987,3.328341,5.92666,5.399705,4.535229,5.663626,,4.970216,4.379106,4.806233,3.081764,4.378605,3.527772,-1.494674,0.242003,-4.24653
ACH-000383,-2.89513,,,,,,,,,,,,,,-0.30224,2.843255,0.937707,4.213271,2.137515,1.698333,-0.298461,4.393451,5.143382,2.391801,2.987792,2.444778,4.452465,2.333614,2.673985,0.518711,2.450219,0.855124,4.344162,4.365552,2.626912,2.54149,4.618518,3.914163,0.609944,5.486834,4.153268,4.875827,2.677288,2.465425,2.108358,0.972159,2.310775,3.39853,3.762122,3.119883,0.968748,-0.012879,-2.45843,-0.641172,3.912366,2.115461,4.408245,1.660748,5.32959,-4.697237,-1.198839,5.76738,3.447039,1.400869,2.412226,4.85983,3.794557,5.525741,5.916036,4.424558,2.330164,1.794926,3.607975,2.533038,0.831154,3.997653,1.989111,1.583749,-2.94518,2.678439,4.949618,6.123821,4.840004,5.470821,4.319222,5.683815,5.375277,3.481646,6.08021,3.593304,4.416578,6.194944,3.826529,-0.188352,0.492634,1.479196,-0.553611,2.431749,2.898042,5.248839,0.784811,-1.588248,-3.973518,2.856103,-1.473366,-4.168147,0.270383,0.767061,2.943185,0.711515,-0.950011,2.120896,0.541537,6.059933,4.13945,3.763376,4.161326,2.913981,3.801987,2.183532,5.246941,4.907665,3.163762,1.033215,-0.240063,-1.948046,-1.345228,1.68017,-2.215883,1.022228,1.077665,3.569314,4.484583,5.770053,4.785331,4.752245,5.475138,5.465165,5.534017,5.956111,5.553084,3.473143,3.891745,5.322943,5.963065,5.19951,6.273239,6.268895,7.444263,6.63653,5.546978,5.402723,5.352016,6.110367,2.540502,4.787665,4.311232,4.68595,4.654075,2.646997,3.53676,2.068168,4.599428,1.786924,4.051964,2.573056,-1.072315,1.870408,-3.974872
ACH-000781,-4.640124,,,,,,,,,,,,,,-1.134381,2.617257,2.399521,4.26602,2.755588,1.533289,0.430152,4.556431,4.632873,2.258903,3.748,4.176661,3.72077,3.068967,4.112588,1.814303,3.932538,5.107917,3.577356,5.904881,3.568574,3.159419,3.839853,5.274635,2.563603,5.482145,3.893919,4.121206,3.647045,2.624849,0.796103,-0.231343,2.628027,2.786218,2.119709,3.033506,0.190487,-1.353282,-2.850488,-0.285237,4.034724,1.704579,4.376201,1.676365,3.156824,-2.842249,0.995277,6.274374,5.13074,1.849837,1.921426,5.280755,4.587234,6.844997,4.119112,2.615647,3.954465,2.405684,2.416585,2.699115,2.747964,6.182889,4.393107,2.213523,-2.602183,3.714992,5.595352,5.483643,4.506844,5.340788,4.494852,4.361323,4.901108,3.817378,5.000643,3.067468,5.87081,5.377199,2.190838,-0.036717,0.98847,1.504533,0.060326,2.338941,2.770621,3.637338,0.739524,-3.700974,-3.625543,3.32916,-2.705722,-4.9432,-0.608394,2.847228,3.611911,1.512773,-1.17699,2.29822,1.051544,5.202838,4.562534,3.926438,4.86384,2.306731,3.574976,-0.314187,5.402168,4.219111,0.918143,-1.813623,-1.279654,-2.321763,-2.522017,2.231841,-2.986875,3.289156,2.459304,2.856204,6.134612,5.434314,3.394943,6.070358,5.168317,6.257354,6.032977,4.537917,5.876299,3.826923,4.568393,6.042476,5.703472,5.322832,6.304838,6.304838,5.743822,6.149155,6.35929,5.958342,5.845865,5.848547,4.057672,5.79609,5.126513,5.017207,6.304838,2.731043,5.006127,2.929506,5.299419,2.575051,4.458297,4.497501,-0.576087,1.629323,-1.667792
ACH-000243,-3.733861,,,,,,,,,,,,,,-0.926386,1.110873,1.936178,2.402216,0.34555,0.260593,-0.073303,4.089685,4.651675,2.573892,3.069853,2.799742,5.63167,2.246291,2.72897,1.14949,2.766712,2.325709,3.686019,5.1433,3.554659,2.463937,2.076053,5.5358,2.016854,4.102662,3.679301,4.653067,2.799982,2.114493,-0.044081,0.244484,2.76858,1.849281,2.563194,2.703644,,-2.334224,-4.330304,-1.720732,4.246033,0.683572,2.013132,0.973366,2.488489,-5.450068,-1.776734,5.243608,4.348547,3.201171,1.070672,4.720026,2.831061,6.366034,3.890186,2.409565,3.845119,4.473332,3.415887,3.381401,2.643318,4.95724,5.29054,1.546062,-3.668762,2.846229,3.357016,5.207603,2.942596,5.320585,4.005412,3.959138,4.686737,2.853208,4.969949,3.229225,4.817931,5.623103,2.923939,0.662955,1.450523,3.80681,0.391354,1.722899,1.988983,3.980252,-0.761888,-2.15472,-4.540002,3.126018,-2.446896,-4.642825,0.722597,2.716966,3.760469,1.567182,-0.461532,1.72747,-0.23347,5.485584,2.745386,4.086271,3.945379,3.931639,3.973636,1.524647,5.0464,4.9173,4.739242,0.383685,-1.290977,-2.705952,-2.543384,4.236135,-1.922767,1.917787,1.049077,2.159287,4.550731,4.55168,4.053045,4.605678,4.473677,5.666502,5.465197,5.545061,5.729682,3.189159,4.163942,4.880317,5.508559,4.91155,5.218928,5.638126,5.958802,5.343808,5.231991,5.494559,4.83095,5.505265,2.516552,4.196166,5.69747,3.671477,5.707319,3.862965,3.450263,2.04192,3.704702,2.309055,3.616368,3.550042,-3.180575,,
ACH-000138,-3.886508,,,,,,,,,,,,,,-1.127859,2.983602,3.40166,3.398774,2.336897,1.400228,0.915797,4.110304,4.903885,2.647033,3.103859,2.398571,5.02278,1.676384,2.652445,0.561959,3.850883,4.190206,2.888851,5.501485,5.97879,3.146168,2.340808,6.021163,1.426559,6.311574,4.733406,4.469952,2.222282,4.135307,2.867677,1.060287,3.993304,3.354729,3.296835,4.590523,2.040085,-1.191204,-2.368258,0.557871,4.088172,1.593746,4.134102,0.96656,3.327238,-5.262397,-1.223727,6.490209,5.794324,2.120145,3.182583,4.39692,4.101234,5.316767,3.685423,3.512039,4.321874,3.097115,4.302649,3.691117,3.084889,5.002088,5.85614,1.972938,-2.626203,2.909553,3.893012,6.626385,2.77494,5.145356,5.107296,5.769937,5.076509,2.966235,6.31784,2.508953,5.210944,6.435384,3.963344,1.335899,1.053766,3.326053,1.024321,3.994672,2.440477,4.879803,1.222619,-0.991752,-2.313044,3.096049,-0.815583,-3.448727,2.485256,2.656461,6.280908,2.376091,0.097655,3.394483,0.570765,6.238006,3.754759,3.74082,4.635186,3.5166,5.262765,0.683686,3.843494,4.753229,3.722988,0.358042,-1.437813,-5.133492,-3.444684,1.450089,-3.521215,2.698276,2.316782,3.364657,5.735362,6.476932,5.284991,4.318613,4.611601,5.194708,6.072084,5.526899,5.754534,4.615856,5.481032,6.287906,6.163399,6.445999,6.494998,6.494998,7.192573,5.743148,6.489109,6.284793,5.507679,6.033595,3.17206,5.326592,6.116205,4.91149,6.443636,3.929581,3.511086,3.007639,4.76677,2.038787,5.080531,2.554952,-1.371263,,
ACH-000665,-4.550737,,,,,,,,,,,,,,-0.818283,2.223012,2.216803,2.700433,0.581368,-0.408939,-1.170383,4.230135,2.752807,1.862254,1.434972,2.090017,2.483572,1.040049,1.777305,0.324179,2.327444,2.448691,3.515365,3.871123,3.772401,2.585245,3.307749,5.503846,2.902507,5.172269,4.839534,5.737231,3.185062,5.065054,2.083572,0.705022,4.737792,3.592743,5.65537,5.584499,1.441893,-0.509999,-0.491772,1.109884,4.969616,-0.035633,2.705711,0.322886,3.417966,-2.569429,-0.612952,5.849161,6.006327,2.763967,2.488571,5.060379,2.587787,7.143499,4.838428,2.853657,3.407211,3.20649,4.616231,3.611863,4.24581,4.168596,6.468603,2.272009,-0.48597,5.377438,4.810547,5.948079,3.532232,5.826909,5.036451,4.225779,5.519222,3.735302,6.049309,3.671778,4.962122,4.91931,2.919616,0.624197,1.569786,3.029199,1.546819,2.799915,2.100443,4.889547,0.91189,-2.491074,0.092583,3.897045,-3.966684,-4.020127,-0.936625,1.861169,3.001274,2.954148,0.448179,3.404251,1.214755,5.6526,5.410867,3.976437,4.61195,7.093775,6.301246,1.411207,5.769915,4.745665,4.348507,1.576442,0.192989,-3.412607,-0.71201,2.879551,-2.822013,3.706489,2.964819,2.750204,5.451539,4.05591,4.77879,5.749491,5.361198,5.035276,4.67228,5.116523,5.617161,3.055125,3.838554,5.610487,5.404072,5.103493,6.03983,6.052657,7.69493,6.286264,5.981495,6.176905,4.732046,6.034351,3.76762,4.557295,4.972066,3.683443,5.403063,2.786673,4.624781,2.808983,4.791176,2.028313,4.47559,4.576099,1.606087,,
ACH-000846,-3.590079,,,,,,,,,,,,,,-2.974169,3.364853,2.264298,2.348289,1.456822,0.873202,0.333764,4.125503,5.037988,0.754533,0.832859,0.617111,1.903841,-0.507421,0.296907,-1.261099,0.798511,2.408454,3.474691,4.494058,2.83954,3.302512,2.795326,4.373738,1.379875,5.145469,4.672224,3.812514,3.95983,3.186177,0.99286,1.172225,4.245196,3.861793,4.459838,4.63453,2.07788,0.884347,-1.136725,1.046044,4.372915,1.633728,1.012456,0.112854,3.33556,-4.589507,-0.855851,5.425443,5.394243,3.052536,1.984861,5.248465,3.782556,4.212573,3.544848,1.005382,2.042269,1.279177,2.784839,3.329176,4.767346,4.472851,3.241116,1.877028,-2.307358,2.854085,3.587749,5.110817,2.432169,5.350064,4.235471,3.606504,3.763756,3.124252,5.086245,2.862767,4.039797,5.205826,2.860959,-1.515339,0.31613,2.94,1.628914,1.218226,2.347079,3.491267,-2.630124,-4.883766,-3.177135,1.747469,-3.4205,-4.132801,-1.296659,4.095018,4.275387,2.43165,0.264399,1.186295,0.542724,4.839179,2.764187,2.91778,4.063699,4.433024,3.097565,0.368372,3.291248,4.775985,2.657429,1.190662,-1.736565,-5.762573,-3.864141,0.383526,-4.026159,3.089926,2.124936,2.282804,2.292204,5.473155,2.949096,4.295438,5.272508,5.357928,4.886052,5.028183,5.486531,2.043101,4.668023,5.142766,4.936145,5.149167,5.486531,5.252561,7.0848,5.177609,4.953229,5.448216,5.265928,5.266018,2.904962,4.038652,5.003553,5.467119,4.159113,3.602713,2.766588,2.707602,4.441964,2.794446,4.126184,1.539687,0.377631,,
ACH-000353,,,,,,,,,,,,,,,-2.033752,3.679471,1.609524,2.614472,1.346323,0.568307,-0.752197,2.675367,4.32082,0.746373,,,0.256772,,-1.510867,-2.918735,-0.578281,,,5.235113,,,4.881937,4.162289,2.772376,5.684891,3.236196,3.586848,,3.199032,0.190588,1.11328,2.340067,2.324162,,,0.334624,-0.269046,,,,-1.531441,0.653303,0.245237,4.031891,,-0.604315,4.653497,4.804765,,2.28401,5.435998,3.999193,6.283012,4.253867,2.593426,3.731019,3.167325,2.950271,3.543552,4.828816,4.35065,2.765797,0.919992,-3.301532,2.231367,3.969901,5.359843,2.258246,5.251819,4.751947,4.857053,5.592228,3.275687,5.342853,3.315165,5.700452,5.230693,2.624582,-1.356906,,3.15741,1.742773,4.33233,2.229182,4.319283,-4.144752,,,,-4.365427,-5.492453,0.010556,2.543736,3.833562,,,,-0.026089,5.189398,4.97039,2.757533,4.378058,3.953655,3.968109,,3.768503,4.907749,2.178376,,,-5.591336,-3.569431,0.812847,-3.789219,3.533904,,,,4.631375,4.49597,,4.461135,4.698334,3.573774,5.825144,5.745398,3.691517,3.994896,5.458628,5.601117,4.820256,5.825144,5.825144,4.682717,4.94484,5.229872,5.187179,5.823428,,3.429913,,,5.793348,,4.087939,,,4.311456,,3.112682,,0.784897,0.479715,-5.468377
ACH-000911,-4.671657,,,,,,,,,,,,,,-0.675182,3.021454,2.500592,3.030576,1.782853,0.893497,0.049439,3.224775,3.509405,0.951276,-0.002035,0.592195,2.467496,0.463023,0.69962,-0.38998,1.342005,2.275337,4.521552,4.01288,4.101145,2.378626,2.994368,4.964948,2.504583,5.135653,4.407155,4.824109,3.502243,3.429368,1.15847,0.833798,3.801557,3.213144,2.79385,2.779852,-0.82837,-1.428615,-2.873334,-0.346837,4.224764,0.479792,2.646498,0.264186,0.851615,-4.482376,-1.526036,6.037972,5.961988,3.325558,2.441048,5.69955,2.993978,5.516207,3.439514,3.950645,3.242509,2.713324,3.323189,2.66164,3.669537,4.731569,5.643612,1.561498,-2.954798,2.800846,5.06462,5.245717,3.813263,4.566692,4.887353,4.947463,4.303103,3.308034,4.997741,3.115619,6.004511,5.136368,2.915969,-0.233029,0.993681,3.201563,2.076258,2.934717,1.666294,4.102947,-2.445974,-2.730715,-2.518367,2.52178,-4.696666,-5.394281,1.129154,2.138731,3.770079,1.719387,0.557386,3.968788,0.03335,6.60799,3.09337,3.570497,4.122782,3.98946,2.570461,-0.273987,4.473138,4.742305,-0.541025,-0.15783,-2.36808,-5.273338,-4.014567,0.480214,-4.149414,0.608847,1.800327,2.773089,5.112118,5.100062,3.220553,5.637291,6.379293,5.919994,5.604114,5.970952,5.371907,3.680872,4.692353,5.986096,5.023097,6.059895,6.060369,6.060369,6.348668,6.125832,5.608419,5.651286,5.708223,5.798143,3.237874,5.845763,4.628843,5.472983,5.425536,4.614065,3.454992,3.124521,4.756449,2.730264,3.799788,4.399767,-3.235498,,
ACH-000624,-3.863434,3.577742,,4.544369,3.60901,,3.91794,,,,,,,,-2.622487,1.889158,1.736159,1.887392,2.36802,0.740637,-0.208511,4.343388,4.542075,0.842041,0.858493,1.294953,1.71644,-0.054453,1.388229,0.447275,1.853044,3.027823,3.433239,3.860793,3.269015,2.228508,1.802932,4.117945,1.562286,4.11914,3.501678,4.60687,2.427227,3.216363,1.535537,1.07636,3.100506,3.099089,2.849733,3.411752,1.758332,0.460992,-1.363732,0.951945,2.932172,-1.154952,1.679188,-0.393886,0.163216,-4.839097,-0.960643,3.186345,4.608855,1.727712,1.992389,4.322805,3.475386,4.971189,3.396926,1.303228,2.914634,2.221108,3.447104,2.873349,3.447181,4.959619,3.337475,2.248622,-2.636778,2.632237,4.287044,4.226337,2.783806,4.661672,4.116711,3.909984,5.064896,2.733614,4.554436,2.672355,4.619299,4.942007,2.080855,-0.303118,-0.856046,2.072743,1.141415,2.119933,3.263657,3.784703,,-4.896489,-4.47089,1.341965,-5.687354,-6.374588,-1.121087,0.000374,0.834788,-0.244329,-2.196984,0.244344,-0.544069,4.887807,2.430321,3.917157,3.922469,2.913345,2.46825,-2.179967,3.226856,3.380027,2.228754,-0.536454,-1.536941,-5.016511,-5.852532,1.23108,-3.199791,1.512616,1.715157,2.771465,1.90071,4.626467,3.624048,4.592847,4.894888,5.560402,4.867188,4.981409,4.603324,3.346782,4.03367,4.858505,4.953415,4.948865,5.083214,5.047812,6.838144,5.0303,5.20919,4.947997,5.036663,4.521247,2.941803,4.853587,4.614722,5.091302,4.101288,2.351603,2.749891,1.968323,3.948688,1.122331,3.582599,1.781387,-3.203802,,
ACH-000472,-5.263205,,,,,,,,,,,,,,-2.440246,2.813909,3.156014,2.646172,1.652177,1.753158,0.45184,3.102041,4.128947,1.435133,0.773654,1.328351,1.126959,0.527556,0.830265,-0.465977,1.264736,1.715852,4.795207,3.663466,3.586694,2.73278,1.888047,3.905546,0.674679,3.358227,2.560935,3.72202,2.639452,0.962323,-2.333296,-0.414213,1.756939,1.80152,2.211155,3.337168,-3.534947,-1.701744,-2.056816,,3.311401,-1.652383,1.265649,-1.211164,1.532028,-5.141251,-1.595589,3.7613,3.756655,2.923993,0.658907,3.945248,3.231008,4.994023,2.905034,0.322138,2.147687,0.48138,2.733704,2.226591,2.882838,4.645086,3.066416,1.097539,-4.199722,3.184271,3.906962,4.910429,3.774316,5.330726,3.639943,4.053156,3.936394,2.892537,4.021147,2.808587,4.397267,5.152457,2.542925,-0.164617,-0.516884,1.767439,0.759959,2.709488,1.374161,2.843659,,-5.246331,-4.986477,0.525507,-4.851459,-6.114541,0.701938,3.880825,4.043985,2.832039,0.332816,2.399341,0.471875,5.127038,2.957651,3.076274,3.216684,3.723627,4.447487,-1.54895,3.909552,4.105964,1.731461,-0.253399,-1.512812,-6.117369,-3.943891,0.853381,-4.336077,3.034963,1.730361,2.265815,4.645114,5.178522,3.790533,4.072067,3.585622,4.473211,4.508667,4.129092,3.801781,2.340162,3.034797,4.496348,4.33411,5.245044,5.245044,5.245044,6.59407,4.959458,5.050921,5.082096,4.774125,5.225082,2.557405,4.069926,4.474409,4.775201,4.259158,2.272969,2.492463,3.053158,4.06462,1.940005,3.458473,2.482466,0.189928,1.238535,-4.414961
ACH-000254,-3.874801,,,,,,,,,,,,,,1.086318,3.258984,2.807518,4.235529,2.948985,1.314197,-0.331508,5.82624,5.051766,1.887322,0.941303,0.647699,2.539821,0.415935,-0.287175,-0.547376,2.443009,1.765327,3.47225,4.067587,2.323519,2.163215,2.706548,5.120193,3.432963,4.023948,3.551924,4.339325,2.716856,3.718142,-0.20038,0.530358,3.581647,3.762748,2.913873,5.455845,1.295035,-0.351397,-0.526544,0.639647,4.821732,-0.582625,2.961852,0.192073,2.596704,-4.780231,-1.487379,5.62989,4.666851,2.653512,1.766868,4.798843,3.594421,7.068399,4.022746,4.792946,5.795979,5.078346,3.794456,3.882497,3.671392,6.066167,5.334625,3.359416,-2.996411,4.825693,4.768953,5.008648,5.205934,6.521302,5.53157,5.692076,4.888437,3.64675,5.782743,2.722795,5.534812,5.40472,4.766923,0.68587,1.159343,3.59699,1.048722,2.429065,2.828238,3.906347,-0.132028,-2.400363,-2.230238,3.335846,-1.870863,-4.081604,1.810372,4.821727,5.756987,2.846554,0.800933,4.068844,1.655185,5.702445,5.250498,5.664872,4.685651,5.53453,4.289434,0.476741,6.067363,4.364747,2.461653,1.957772,0.069175,-4.583466,-1.757987,2.051798,-2.889301,4.047128,2.549586,2.916225,4.82823,4.786434,5.45077,5.327906,6.036528,5.030245,5.960315,5.770922,6.002933,3.410815,4.494503,5.559982,6.026728,5.722798,6.050943,6.073395,7.342439,5.833988,6.09111,5.765002,4.992001,5.735375,2.847623,5.419577,5.28961,4.627314,5.970757,5.286069,4.115292,3.134046,4.507231,2.529354,4.443887,3.066271,0.771945,,
ACH-000142,-4.79157,,,,,,,,,,,,,,-2.381866,2.321138,1.967272,2.466901,1.19104,0.761328,-0.325474,5.799248,4.604076,1.203083,2.03388,1.937273,2.345698,0.571058,1.054921,0.701823,2.117513,3.602992,4.099746,3.579346,2.786648,2.684398,1.996436,5.397744,1.683523,4.179589,3.132676,4.459284,1.892547,0.659039,-2.14914,-0.447476,1.422311,1.432746,1.835512,2.680622,0.523674,-1.504404,-2.632642,-0.812401,4.392304,-0.680702,2.707153,0.074388,2.021995,-5.119188,-1.372939,4.611893,5.433255,1.835785,2.077859,5.148361,3.522852,6.419977,4.130284,2.765697,2.967731,2.732458,3.356352,4.282882,2.466172,5.268093,3.40792,2.611497,-3.519356,3.349129,5.259982,5.288481,3.670797,4.848371,5.291497,4.765589,5.240062,3.078408,5.181783,2.980547,4.533589,5.328256,4.288044,-0.667635,0.450619,3.099574,1.823223,1.098515,3.44318,3.164711,-3.106793,-3.207863,-4.39239,2.723838,-3.568839,-5.888062,0.324909,4.012244,3.309454,0.970299,-0.202513,1.580509,-0.105324,5.690022,4.087025,4.807429,3.450165,5.654608,5.4525,-0.424488,4.119994,4.982428,3.278122,3.146872,-1.426669,-5.533149,-3.890203,1.525235,-3.787216,1.772935,1.070004,3.155872,2.405386,5.457772,4.717209,4.574554,5.508455,5.355535,4.116908,5.603949,5.492371,2.975897,4.63229,5.492371,5.365032,5.429192,5.492371,5.481248,6.528543,5.338952,5.612103,5.04605,5.136143,5.334855,2.189073,4.842228,5.386912,5.409533,5.41567,5.422861,3.054516,3.268336,5.680065,1.51852,3.973234,2.446258,0.677659,,
ACH-000305,-2.394395,,,,,,,,,,,,,,-1.751308,1.601675,0.802233,1.982445,0.44614,0.225554,-0.625705,4.777622,4.962864,-0.191034,-0.294373,0.402956,0.185256,-1.210436,-0.947848,-2.524898,-0.133799,3.122598,3.371365,4.189369,1.559131,3.107093,4.33094,5.033352,1.745157,3.598392,3.105618,3.926867,2.150411,2.754142,-0.046244,0.250973,1.600527,2.270516,1.619369,2.022023,-0.28307,-0.557255,-1.93873,-0.655215,4.327842,1.241262,1.73077,0.030678,0.365694,-5.035145,-1.273261,4.804504,4.344041,1.541185,0.902136,4.619146,3.305854,5.907945,5.166871,2.796881,3.335266,3.352817,2.505736,2.094863,2.08287,5.458277,4.97332,1.603645,-4.007012,2.524395,3.277546,4.753598,2.957978,5.087928,4.703256,4.665657,4.653862,2.302398,4.999093,2.204833,5.173834,5.236135,2.192363,-1.719384,0.091189,2.200899,1.221818,2.204078,1.971943,3.087272,-3.348513,-5.661665,-5.188735,0.681761,-5.99248,-6.52129,-0.995129,2.728946,3.888563,1.710556,0.5657,1.094031,-0.68234,4.790739,3.592449,4.671124,4.03655,5.111621,3.799653,-0.377084,3.242333,4.019666,2.683965,0.294296,-1.613703,-5.057735,-0.965955,1.886195,-3.125664,1.553178,1.170394,2.417085,4.66979,4.411562,2.203647,4.042353,4.490296,5.33124,5.428911,5.099041,5.143911,3.686054,3.029745,4.268616,5.107899,4.271106,5.084175,5.077765,6.681367,5.249316,4.804224,4.933284,4.526103,5.251,3.436133,3.830073,4.881463,5.263194,4.952359,3.549134,3.986923,2.805782,4.132131,1.689886,4.237428,2.090635,0.346129,,
ACH-000176,-4.284817,,,,,,,,,,,,,,-0.537312,3.516689,2.71098,4.220044,2.960651,2.314824,1.505117,4.626253,4.023821,0.736865,0.430107,1.415429,2.63924,0.291857,2.055886,0.323265,2.698921,2.74008,3.936387,2.686584,4.0363,1.989888,1.641062,5.193299,3.9755,5.221088,5.239025,5.007044,2.740919,3.009908,2.007961,1.581856,2.961586,4.163951,3.934521,4.048635,1.770478,0.572067,-1.485955,0.30751,5.054141,-0.32763,0.396089,0.466692,1.040272,-5.939475,-1.836804,5.487893,4.272292,2.313748,1.933649,5.98017,2.992547,6.407901,4.370441,0.189778,3.854338,2.105407,2.346849,2.10712,5.364036,4.930579,4.806443,2.45219,-2.528697,3.621468,4.684203,4.80905,3.687241,5.337667,4.666499,6.056172,6.533674,3.212992,5.982088,3.734002,5.801075,5.958929,2.021444,-0.399969,-0.02198,4.260502,0.666757,3.229044,1.703518,3.350471,-1.670238,-4.948544,-3.370883,1.65777,-4.671462,-5.599427,-0.350671,3.133127,4.447399,3.289018,-0.577426,2.511983,0.201656,6.312094,6.030552,4.607826,4.67342,4.239003,4.160739,0.024115,5.290318,3.892662,3.961548,2.194279,-1.762534,-4.129128,-1.22741,1.814238,-3.291577,2.376755,1.906345,2.212264,5.302806,3.983597,5.291633,5.562417,5.785115,5.486934,5.90629,6.077785,5.189277,3.070225,3.584849,5.890329,5.677414,5.489156,6.076466,6.093947,7.220621,6.123096,5.504718,5.613263,5.927832,5.855805,3.51908,6.26753,5.525804,5.20485,5.059987,3.610432,5.350563,3.238259,3.597585,1.334601,3.562936,2.434835,-1.088696,,
ACH-000518,-3.40898,,,,,,,,,,,,,,0.629301,3.224504,2.364493,2.913624,2.103026,0.414183,0.522861,5.0127,5.520132,1.131253,0.990222,1.368742,1.673187,0.478411,1.188854,1.054249,1.26596,1.556366,3.257181,3.294507,2.053859,1.48298,1.422932,5.068795,3.681363,2.646889,2.699464,2.852489,2.791942,1.027133,-2.076604,0.212079,2.615397,3.170178,2.292411,4.431544,1.237412,1.146693,-0.260633,0.338244,4.381853,-0.615066,1.92078,0.740962,1.277489,-5.008962,-1.36607,4.141222,3.960883,1.348961,2.290882,4.388976,2.882363,6.498835,5.518822,3.527595,5.245295,4.250741,4.057777,4.914739,2.537714,5.518574,3.75923,0.763353,-3.149495,4.866364,4.047481,5.037577,3.540837,4.718127,5.332382,4.714477,3.902425,3.194276,5.412927,2.961863,5.520132,5.504995,2.484811,-1.258989,0.374904,2.868815,-0.131013,0.309809,-1.414286,1.663235,-2.326294,-5.528883,-4.253907,1.175516,-4.784197,-5.986201,0.078782,3.99221,3.857336,1.74726,0.41941,1.386243,0.014467,4.62707,3.702305,3.702971,3.89804,3.788075,3.855873,-0.398923,3.672164,3.781333,2.686657,0.189091,-1.646684,-5.495123,-3.218598,1.006533,-3.710975,3.589769,2.397819,3.490628,4.752776,4.569649,3.709093,4.312584,4.851317,5.157053,5.212769,4.84325,5.399898,4.930721,3.3817,4.882106,5.284573,5.072303,5.520132,5.520132,5.067078,5.276466,5.114009,4.972313,4.776615,5.518802,2.898297,4.327215,5.339535,5.444334,5.51631,5.105707,3.418638,3.490882,4.051294,2.41024,4.447996,2.007544,-1.149936,,
ACH-000905,-3.776555,,,,,,,,,,,,,,-0.72209,2.737102,2.180232,4.075947,2.078167,1.278678,-0.275098,4.083145,4.675027,1.011487,0.727383,1.75332,3.888823,0.456103,1.497376,-0.074435,1.960664,3.853876,3.462311,3.247579,2.468903,2.575344,2.542011,5.148428,2.294117,4.316373,3.915698,3.966326,3.703313,3.466124,1.752948,1.436848,3.225742,4.185405,4.149154,4.903796,1.818908,0.406151,-1.311019,0.668317,4.35631,-1.829021,1.613296,0.090634,0.851102,-5.057753,-1.414558,5.814686,5.705697,1.86583,2.060922,4.869955,2.811992,3.935467,3.698494,1.754692,4.122461,2.799707,3.914994,3.38283,4.62002,5.811113,3.604831,2.096996,-1.895834,4.431866,5.506965,5.718623,3.110327,4.441121,4.580505,4.251821,5.438441,3.322088,4.481905,3.047378,5.144301,5.598129,2.593502,0.287935,0.000966,2.786628,0.405319,0.973189,0.00492,2.41971,-2.853553,,-4.413742,0.064226,-5.252216,-6.087374,-0.716298,3.670074,3.833946,2.027117,0.383378,1.865172,-0.402769,5.086789,4.012974,4.24777,4.347599,3.119772,3.94652,0.215762,4.323888,3.837026,1.967072,2.336405,-1.439446,-4.537337,-1.727881,2.161042,-2.631817,0.983006,1.402849,2.871749,4.096179,5.417477,2.974086,4.444254,5.709539,5.200058,5.739344,5.362502,4.69976,2.714112,3.438974,5.663732,5.366005,5.154858,5.823758,5.823758,5.803221,6.065379,6.087377,5.607262,4.936744,5.260269,3.11437,4.292892,5.274009,4.83608,5.616224,4.365862,3.996928,3.115142,4.1813,2.673825,4.349249,2.584857,-3.723944,,
ACH-000832,-2.980022,,,,,,,,,,,,,,-0.38873,2.336593,1.930287,1.575641,0.243591,-0.539472,-1.109472,4.357996,5.543947,0.332796,0.754265,0.584599,1.562266,0.078273,-1.2211,-2.412948,0.767903,3.389534,3.040019,3.340536,2.457554,1.923986,2.367903,4.681713,2.854706,2.747883,2.982657,2.686879,2.453352,3.382486,0.453163,0.904444,3.781992,4.074447,3.912063,4.519546,1.096324,0.915277,0.055582,1.040484,4.466186,-0.670558,2.676042,0.268112,-0.831372,-5.855607,-2.093276,5.622087,4.524991,2.63773,2.673887,5.671747,3.799331,6.167213,3.677458,1.581271,3.671316,3.085834,3.313383,4.557617,2.679725,5.028178,3.480405,-0.159638,-3.777136,3.081978,3.566293,4.005384,3.461134,4.912519,2.902878,4.219266,5.075637,2.287811,4.006933,2.592688,4.713668,5.100025,2.865641,-0.210212,-0.624548,3.047536,0.901308,0.803175,-1.89636,1.689364,-2.991149,-5.886632,-5.071223,-0.352438,-5.031957,-6.476578,-0.954893,4.268319,4.355414,1.907322,0.497984,1.750765,0.760614,5.261017,4.15835,4.015083,4.335247,1.956858,3.889289,-1.640102,3.472717,3.300542,2.332571,2.453971,-1.64929,-4.710233,-3.470265,0.897871,-3.740864,2.007658,1.771004,1.995092,4.327673,5.55348,4.049407,4.303542,4.72421,5.540036,4.792447,4.546732,4.886324,3.635519,3.771512,5.506387,5.564997,5.666258,5.733429,5.398184,6.359039,5.629989,5.472435,5.534511,5.521499,5.612515,2.927207,4.53561,5.488163,5.514463,5.425195,3.346018,3.633341,3.485781,4.661101,1.615035,3.676998,3.19732,-1.700506,,
ACH-000878,-4.306695,,,,,,,,,,,,,,-1.02217,3.176521,2.728265,2.077634,1.059704,0.192931,0.421036,5.700125,4.625768,3.881852,2.289131,2.847451,5.833521,2.527723,5.727848,2.654989,4.208715,3.630746,3.787966,1.15853,0.933266,-0.988617,-1.558481,5.550115,2.058598,4.070004,3.386187,3.397026,4.304506,5.020437,3.479368,1.962602,4.223565,3.603684,3.383025,5.488079,1.640197,0.462563,-1.35908,1.370545,2.615787,2.529458,3.633181,0.352149,4.32297,-4.670093,-1.067239,5.857356,4.062556,2.748387,2.872606,5.778833,2.074706,6.975727,3.872103,2.197578,3.996917,3.786651,3.692273,3.346811,4.662567,4.804417,5.475134,2.195069,0.652501,4.040057,4.655478,5.470563,4.52096,5.084894,4.793574,4.522879,4.134647,3.603655,5.714695,3.471914,5.490473,5.655653,2.264778,1.060855,3.705303,2.212301,0.242048,0.966315,-1.545201,1.454935,-1.679592,,-5.090637,1.296869,-3.982128,-6.299937,1.28909,5.01359,5.847122,4.292481,1.252185,2.593343,0.281253,5.488922,3.380139,5.828476,4.509072,3.781245,4.495175,0.333266,5.669255,4.324566,4.289683,2.712809,1.361232,-3.870402,-1.694657,3.504034,-1.569395,5.27237,2.026298,2.839081,5.102451,5.773586,5.390047,4.365662,4.988074,5.677689,5.476094,5.591403,4.705804,3.060368,5.0122,5.321994,5.359856,5.886203,5.72587,4.721982,6.809803,5.343437,5.398817,5.556386,5.452096,5.693207,2.912899,4.799229,5.903462,5.066435,5.90624,4.069662,3.551005,2.13579,3.419618,4.216703,5.390967,1.624731,0.769065,,
ACH-000054,-4.343006,,,,,,,,,,,,,,-0.588596,2.701253,2.595225,4.39017,1.735908,0.70546,-0.036036,4.285665,4.380859,4.003006,3.193724,4.348128,6.188634,2.294187,5.975623,3.623999,5.257882,3.319035,3.576117,2.762794,3.354982,2.704845,1.127627,6.248774,2.47615,2.351079,3.024834,3.279465,4.491933,6.018435,5.262544,3.405155,5.234095,4.618584,3.545032,5.065199,3.701291,0.373852,-0.170754,1.456555,5.186582,2.547337,2.776759,0.394087,4.748813,-5.430197,-1.509106,5.478,4.726175,1.794345,1.928463,4.518728,3.285209,7.070869,4.109978,4.380908,4.510992,4.990643,4.305718,5.163193,4.461688,5.264266,5.749695,3.537235,-0.022945,3.652372,4.236508,4.533929,4.031557,5.422817,3.87333,4.253581,5.415695,3.560283,5.780564,3.936739,5.870559,6.024257,5.399574,-0.22983,0.771459,4.5093,3.196671,3.970906,4.691877,3.764737,-1.416831,-4.509185,-2.915068,1.551498,-2.905629,-4.458864,2.694575,3.522487,5.421795,2.074088,0.985922,2.205504,0.69302,4.819065,5.384603,6.406958,4.867197,5.888069,6.104431,0.062998,6.070716,4.333302,4.290455,1.982812,-1.302558,-2.626828,-0.137426,4.131767,-0.964793,2.163243,2.155882,2.309555,4.401651,6.104937,5.589491,4.386011,5.281911,5.805259,5.990342,5.952421,3.912981,4.853457,5.180283,5.591468,6.097489,6.082372,6.249653,6.009327,7.491995,5.949308,6.418496,5.936985,5.77122,5.524645,3.624475,5.344979,5.633146,5.583257,5.600073,3.563036,3.770786,2.877068,4.855945,2.373433,4.957491,2.383426,-0.689077,,
ACH-000421,-3.579149,,1.634632,,,,,,,,,,,,-1.153681,3.085829,1.219037,2.06814,0.709761,-0.291087,-2.236592,4.835064,6.486174,2.789796,3.610181,3.775097,6.161444,2.215931,3.944761,2.257914,4.532451,3.113749,4.217441,3.215855,3.690897,1.47059,1.146913,5.19049,5.152308,3.744709,3.83984,4.749599,3.709233,5.526536,3.615343,2.776111,5.328559,4.12525,4.156602,4.601493,3.121958,2.672725,-0.409122,0.795809,5.157335,2.794931,3.415713,1.26735,3.369331,-4.483661,-0.646445,5.828187,5.495122,3.642409,1.883232,5.33856,3.386142,7.185385,5.015544,4.29059,6.049963,5.813903,5.575384,5.588498,4.745377,5.499399,6.165455,4.401024,-0.581062,4.62374,4.904731,5.102065,4.783245,5.091691,5.098069,5.262926,4.499807,3.151434,5.131078,3.569942,6.15022,6.103868,5.465154,1.148844,1.70888,3.135052,1.383012,4.3262,2.771125,4.427185,-1.544037,-1.084142,0.256134,3.007786,-2.028532,-2.490938,0.807339,4.825215,5.681117,3.030821,0.426646,3.239278,0.338265,6.170247,4.423966,4.905825,4.473583,4.067919,2.909962,2.400946,5.937356,4.769863,4.27113,3.881669,0.390334,-3.05579,0.359378,3.93931,-0.931293,4.429895,0.824862,3.936851,6.168627,6.156768,5.180562,4.769157,4.591257,6.153398,6.137346,5.637806,4.342059,4.912899,4.577233,5.216446,5.40656,5.525016,6.168627,6.168627,6.501504,6.561257,6.396333,5.870417,5.726333,6.045933,2.890393,4.304661,4.823353,5.031811,4.566307,6.04938,3.633311,3.641998,4.232072,2.580191,5.649984,3.686265,1.974771,0.28541,-2.889023
ACH-000291,-4.699044,,,,,,,,,,,,,,-2.171902,2.253015,-0.105102,1.212612,0.072465,-1.520328,-3.080735,5.285382,-0.203333,4.042697,5.003341,5.331015,6.981202,4.622685,6.660297,3.808023,5.935191,6.188955,5.768066,3.031662,3.784861,0.492411,1.677549,6.215633,3.291134,2.750194,4.229745,4.322152,5.830105,4.416397,4.336995,3.274764,4.004674,4.666953,2.946136,5.309482,1.283061,0.642967,-0.631429,1.511443,3.572708,3.153917,5.47306,0.815446,4.5269,-4.464917,-1.4016,6.853385,4.627943,4.670402,2.863693,6.620654,4.055136,7.367947,5.243525,3.578279,4.260564,3.251685,6.005623,4.402596,5.104231,5.42994,5.810007,5.043482,-0.08735,5.421002,4.053446,5.851209,4.496794,5.073808,4.265035,3.433481,3.665444,4.087011,6.157619,3.688277,5.186294,5.645372,4.669344,1.300817,2.27957,4.611857,1.456079,4.699546,3.913467,5.323169,1.784634,-2.988943,-0.509881,4.105884,-0.844914,-2.59722,0.845783,4.619713,5.143274,2.827462,1.582364,4.827021,1.638789,7.274904,4.341739,6.250456,4.906676,6.907684,6.230496,0.960978,5.876411,5.222447,4.203431,3.581913,0.095396,-2.91847,0.021238,4.020347,-1.360395,3.721397,3.279973,3.170854,6.953045,6.86173,5.932886,5.402774,5.885976,6.830792,6.104944,5.698088,6.969484,4.856232,5.522759,6.0994,7.255102,6.510467,7.460443,7.495407,6.809585,6.423124,6.847482,7.028648,5.784642,6.320461,4.078673,5.276645,5.960679,6.888376,5.276934,4.488267,4.869702,4.054904,4.811186,4.306319,6.72882,4.557393,1.666489,3.570269,-4.186048
ACH-000825,-5.127452,,,,,,,,,,,,,,-0.392351,2.709432,1.814851,3.936063,0.668299,0.724225,-0.569266,4.729495,5.230898,3.881329,2.46681,4.381717,6.009424,3.246131,4.655226,3.252961,4.261524,2.933179,3.845404,1.188371,2.363817,-0.362312,-1.420294,5.652368,3.725869,3.732643,3.406438,3.949419,3.61065,4.832163,3.294545,1.788266,2.613573,3.432259,3.596791,4.218147,1.393143,2.138957,0.180245,1.261147,5.124699,2.221528,3.253495,0.546381,2.51498,-4.597016,-1.199771,5.297785,4.474864,1.706147,3.318235,6.222448,4.556473,3.686613,4.42997,3.596973,4.363038,2.975479,4.121776,4.32177,3.913394,6.046542,7.030363,2.282083,1.40169,3.644397,4.003593,3.644053,3.782746,4.799175,4.833451,4.634324,4.333478,3.939777,6.284206,2.620768,4.177858,4.482169,5.402659,0.103221,0.658807,3.181784,0.933962,3.366317,2.675535,2.552913,1.790636,1.07604,0.427968,4.228375,-0.578802,-1.969734,-0.464695,3.968396,5.422442,3.040988,1.027236,3.938876,2.114505,5.825326,3.827144,5.488241,4.976672,5.712997,6.947492,1.65834,4.136482,4.548781,3.781695,2.812274,-0.374273,-2.961763,2.593131,3.314569,-1.437002,1.717005,1.549707,2.843326,5.12608,4.598725,5.953343,4.663017,6.541126,5.125683,5.468532,6.313454,6.087633,3.142852,4.731026,6.319468,6.252814,6.215207,6.349611,6.349611,7.369277,6.526863,6.144139,5.677767,5.156353,5.510596,3.606015,5.504366,5.962957,5.977206,5.930718,3.714514,4.415523,3.728487,4.105208,3.107443,4.201957,2.780767,2.027041,,
ACH-000652,-3.761485,,,,,,,,,,,,,,1.469762,4.008831,2.638974,3.618611,1.789844,0.723036,-0.395236,6.031711,5.494748,3.686646,3.539086,4.792984,7.190049,3.016453,6.430076,3.354191,5.020957,2.699868,3.470754,6.89654,5.101031,3.834081,3.122418,6.141469,6.41286,4.607982,3.851722,4.888525,4.733099,6.400877,5.335965,2.37486,6.055314,5.554006,4.986565,5.542166,4.019446,-0.048508,-0.890623,0.829482,5.75428,4.30665,3.005135,0.339521,3.797349,-3.712417,-0.372766,6.948987,6.375859,2.730723,1.725973,5.950197,3.531657,7.082133,5.271125,1.753433,4.006877,3.018321,5.546982,4.997319,5.567272,6.093937,6.149046,5.818114,-0.29093,3.92187,4.436799,6.399956,3.906255,4.63668,3.677277,4.497438,4.341899,3.220573,5.818522,3.649386,7.009956,6.744102,5.418634,1.609788,4.268358,4.532065,3.10646,3.56815,5.076749,5.607211,1.263308,-0.533843,0.111993,4.214004,1.269711,-1.831492,0.050748,3.13055,6.173492,2.542772,1.243978,3.95976,0.248434,6.247982,4.216039,4.014177,4.568002,4.857584,3.688954,1.111277,3.823285,5.009534,2.914199,1.695915,-0.588571,-3.730711,-1.782253,2.295955,-2.766598,4.572305,3.647477,2.121565,5.84362,6.763444,6.693326,4.51695,5.742692,5.481543,5.159324,6.662596,6.762031,3.762916,5.632587,6.74845,6.648573,4.923815,4.900485,5.207011,7.722351,7.142866,6.429563,5.736466,5.300602,5.993231,3.814357,5.209594,6.5032,5.642926,6.488862,4.776382,4.662981,4.165054,5.484439,3.565363,4.595901,3.355957,-0.326597,,
ACH-001307,-5.225886,,,,,,,,,,,,,,0.206582,2.616535,1.48908,2.856744,1.813606,0.543116,-0.555032,4.609604,2.946454,3.553372,3.983976,4.63795,6.367637,2.857925,6.193269,1.932972,5.077557,1.788984,3.678508,3.972943,2.479667,3.409585,2.118803,6.153699,1.350294,6.259077,3.790626,4.911626,5.518766,6.210343,4.95965,3.213833,5.533077,4.336475,3.59374,5.034228,3.539706,1.135128,0.617406,3.768509,5.109251,1.130638,3.114664,-1.175668,3.150747,-5.185334,-1.645372,6.376146,6.027131,2.081182,2.532833,6.06237,3.748551,3.11046,3.951955,1.46405,1.860826,0.997407,3.272795,3.541258,2.946032,3.047164,5.112625,3.873095,-2.321142,3.774183,4.010058,5.695013,3.52578,5.274442,3.945921,4.368308,4.079572,3.633191,5.297142,2.591421,4.83495,4.941645,3.124591,-0.582809,-0.107189,3.219964,1.332191,2.747369,3.744725,3.758084,1.718917,-0.990046,0.334507,3.21097,-2.352096,-3.944279,-0.72115,3.802637,6.256356,3.338608,1.261788,3.628777,1.791,5.662818,5.947157,5.415702,4.982124,6.413517,5.9145,0.537205,4.001116,4.118734,5.075488,4.740598,-1.514949,-3.685596,-1.294856,2.501442,-2.842486,1.836184,1.968416,3.456149,5.101446,6.189419,4.459902,4.080037,5.455601,6.281128,5.767922,6.327768,6.376146,4.506947,5.345516,6.364581,6.249987,5.390607,6.319169,6.356693,6.5488,6.29832,6.716789,6.613625,5.396364,5.083658,3.570304,6.2372,5.545086,5.277653,4.354906,4.000246,3.413916,2.473992,5.339421,2.844654,4.046388,2.73412,-2.865623,,
ACH-000716,-3.959249,,,,,,,,,,,,,,0.775058,5.874435,1.595653,1.980559,1.297998,-0.710591,-1.86286,7.041024,5.999124,4.536379,5.266591,5.331028,7.228571,3.499904,7.037435,2.652482,6.878608,5.70345,3.522113,5.584472,4.433179,3.77447,3.971332,6.670524,6.340132,6.937578,4.732142,5.292954,5.437367,6.964333,5.101337,3.574039,6.494127,6.326126,4.189661,5.897337,2.547015,1.813436,1.081431,3.642727,6.277218,5.675688,4.531785,2.057886,3.340825,-2.44871,-0.706544,5.671372,6.880959,2.886011,3.370211,5.049894,4.242891,7.643845,4.06747,3.500942,3.257128,2.8882,6.024329,4.096652,6.145962,6.28894,7.765683,5.189018,0.117488,4.727844,6.237339,5.829467,4.753408,5.117776,6.585755,5.949288,6.262268,4.589903,6.795125,3.886721,7.165694,7.251931,6.322822,-0.063002,3.664387,4.127589,2.83187,6.16003,2.939767,3.698663,1.212214,1.28955,1.432221,4.529614,1.310681,-2.401831,0.230937,4.902846,6.891261,4.779783,1.296363,4.015126,1.848421,7.067121,5.925678,4.492693,5.273427,8.562659,7.085763,0.477221,5.001732,5.069908,6.111132,3.08718,-1.026742,-2.545689,3.19428,3.956434,-1.956235,3.476636,3.01985,5.204817,4.740671,5.928587,6.930164,6.077479,7.642421,6.125446,6.612346,6.965934,6.912221,5.161485,6.579511,5.926404,7.132395,7.272658,7.272658,7.164328,8.226988,7.639876,7.406743,7.325571,6.087916,7.208251,5.048241,7.073926,6.765636,7.10148,5.526247,5.381536,4.802257,7.067642,6.801044,5.430873,4.493532,4.27412,-0.862211,,
ACH-000434,-4.176881,,,,,,,,,,,,,,-2.698512,3.190855,0.944643,1.086337,-1.16205,-0.651907,-2.314464,4.289655,4.330722,3.834634,4.306998,3.985505,5.073679,3.167425,5.126575,1.492303,5.264732,3.990102,4.692452,4.259118,3.964279,3.402928,2.998207,5.706225,1.904895,6.52458,5.287793,5.923144,5.301298,5.093442,5.119366,4.037631,4.001025,5.288236,4.371885,5.774872,-0.792555,1.07913,-0.918599,1.304171,3.655551,0.747207,3.078811,0.680089,0.444017,-4.822522,-1.59836,6.440303,6.524435,2.533786,2.771439,5.49415,4.094541,6.319477,5.284125,2.619177,3.065369,1.709433,3.582161,2.774178,4.240435,2.339804,4.686235,1.744992,-3.053572,3.513277,6.392311,5.115242,4.679801,4.72308,4.67265,5.286609,5.578134,3.839045,5.897673,2.784373,5.6606,4.997218,4.788244,1.135404,0.619268,4.028446,3.797199,4.462163,1.762196,3.758792,-3.013428,-2.244877,-1.539721,3.168582,-1.616882,-3.668298,-0.069505,3.485662,5.190987,3.710407,1.058789,2.721956,0.747868,6.076324,3.262859,3.615367,3.080667,5.767897,5.243574,1.558422,3.037355,4.612171,3.867005,2.860293,0.964084,-2.101016,2.45928,2.876677,-1.754913,1.452837,1.35486,3.427103,5.087028,5.417085,4.571243,5.308605,6.174675,6.291457,5.20741,6.101141,4.507047,3.499516,4.484353,4.754834,4.252023,6.067737,6.53056,6.233007,7.971083,5.607643,6.216577,5.741024,4.729376,6.24549,3.815149,5.846996,4.819286,5.803077,4.982419,3.234761,4.051374,4.222621,5.717893,3.539176,4.150199,3.476671,-2.852186,,
ACH-000475,-0.472535,,,,,,,,,,,,,,-1.954067,3.927883,3.733701,4.902975,3.477416,2.883794,1.860348,3.922488,5.722155,3.495162,4.00378,4.271344,5.435413,3.853212,5.045495,2.421281,3.5983,5.709379,4.276124,6.140764,3.242938,2.763473,3.660702,5.049005,4.994739,4.389136,3.731622,4.250433,3.383712,3.472693,1.875126,1.281197,3.574975,3.540454,3.92065,6.284384,2.011563,-0.306546,0.695008,1.55379,4.318839,3.591847,2.870686,-0.062509,4.816758,-3.563582,0.626409,4.623405,4.226775,2.533243,2.270728,5.773936,4.419161,6.863174,5.782338,3.266976,4.124145,3.122453,2.196591,3.267494,1.355641,5.009409,1.524051,1.023605,-2.157745,2.284895,3.827526,4.791995,3.330456,4.711121,4.902179,3.197168,5.149814,2.855014,4.987747,3.735357,5.050511,5.479296,5.442132,1.533575,3.205626,2.523445,0.498841,2.20049,2.231612,2.489635,-1.780736,-2.287314,-0.217217,3.675702,-1.866751,-3.220355,-0.583864,4.956784,5.391053,2.648791,1.139979,3.15174,0.447518,6.116963,4.144125,4.022335,3.061317,6.258764,5.213668,2.58347,4.66872,5.532116,3.517396,2.928247,3.160634,-2.950041,-0.354763,3.954922,-1.479632,2.595514,1.985135,2.807222,5.851771,6.016972,5.578772,5.760661,5.405868,6.203945,5.951281,4.881428,6.19867,3.042209,5.248903,5.710785,5.619081,5.900764,6.333441,6.333441,7.893332,5.535262,5.932336,5.835869,5.863886,5.805474,3.891228,6.054807,5.717156,6.015434,6.234351,4.007375,4.499767,2.697514,2.288992,3.416329,3.27667,2.984388,2.177254,,
ACH-000447,-2.686342,,,,,,,,,,,,,,-0.893264,3.711272,2.840438,4.618769,1.610587,1.972169,-0.566433,5.00477,5.539478,4.10597,3.922373,4.025381,6.274045,3.074055,4.25258,2.361375,5.309039,5.618933,3.004243,4.547011,4.088028,4.416044,4.178065,3.71947,3.292899,4.580704,4.915289,4.438999,3.067852,2.672479,1.235209,0.612912,1.620717,1.712131,2.300677,3.528272,1.25857,-0.138632,-1.792299,0.075178,5.352288,1.621318,3.34493,2.426987,2.916026,-4.08758,-0.048894,6.644155,4.399393,3.185019,3.355229,5.895278,3.250814,5.600966,5.859817,2.886159,4.417057,5.416979,3.981642,3.617158,4.139256,6.753137,7.582933,0.947764,-1.086308,3.281385,4.833312,2.853212,3.808508,5.247231,4.892088,5.863181,6.880016,2.450147,6.701608,4.441469,6.807508,6.792375,2.856481,-0.699829,2.438926,1.171639,0.10199,2.684147,1.460399,3.908777,-0.347832,-0.663066,-1.763564,3.435987,0.253158,-4.146531,0.996595,4.549544,6.532569,3.493801,0.326371,4.953997,0.95434,6.051779,2.598013,4.660124,5.225547,4.904895,4.249445,3.042005,3.703622,4.720014,2.648554,-0.107939,0.051804,-2.178999,-1.374019,2.251944,-2.711762,2.615521,2.334577,3.620614,6.47197,6.628105,6.275267,5.462832,5.196229,5.044137,6.052156,5.465178,5.841444,4.963413,4.102681,6.50576,5.840194,6.683006,6.776365,6.004978,7.649378,7.064502,5.639817,6.539126,5.560559,6.757413,4.326489,6.45508,5.367241,5.284143,5.84783,3.776361,5.29088,3.497134,2.587034,3.688734,5.079793,4.635637,-0.672332,,
ACH-000704,-1.706331,,,,,,,,,,,,,,,5.224632,5.195537,,,2.579687,1.051576,5.478377,5.932805,3.397898,3.346163,4.082022,5.157176,2.510322,4.359978,2.287606,5.791834,4.249286,3.058465,2.44243,1.72482,1.79383,1.647664,5.63268,4.385008,3.698159,,4.535045,2.927483,2.807707,0.302538,0.227221,2.642343,1.277901,2.08014,3.898626,,-1.934343,-0.860841,0.304145,4.827251,0.076523,,0.41905,,-3.370084,-0.846401,5.934152,4.746367,3.088778,1.708606,5.217187,3.277175,7.176369,5.464765,,5.360685,4.043752,3.922393,3.198973,2.592504,5.241017,5.030131,2.378422,-1.339,4.687012,3.959347,5.436274,3.67228,5.065939,4.840553,5.1747,4.777336,3.467686,5.709695,3.488367,6.139063,4.925531,5.779422,-1.171697,2.21709,4.780313,2.228058,,2.319899,3.36353,,-0.62351,0.183051,3.25267,1.419481,-1.826813,,3.721775,5.963592,2.522288,0.829028,3.605048,1.426845,4.863995,,4.854311,4.294839,6.445233,2.812362,1.122289,4.400632,4.841803,0.956288,0.913395,1.878241,-4.356803,-2.967469,2.179061,-3.24445,2.952096,2.349425,3.132766,5.46982,6.133166,4.997102,4.795078,,5.216023,5.802063,,6.190473,,,,,,,,7.351296,6.190473,6.189061,5.883942,5.053457,4.950199,2.474421,5.552717,4.950471,5.011259,6.033689,5.440304,4.089682,3.765127,4.624457,4.249581,3.462281,2.239122,1.912224,,
ACH-000879,-2.757468,,,,,,,,,,,,,,0.695647,4.892633,3.075337,4.348918,3.772086,3.74844,2.338163,5.425583,4.57136,2.742281,2.777094,3.962454,5.570381,2.029236,4.60245,3.636634,5.954996,4.605382,3.597892,3.836949,3.210502,3.233132,1.628077,4.282333,4.431101,1.49408,2.252828,2.994275,4.674342,4.957321,3.018689,2.694909,1.419635,4.119775,1.485186,2.842443,3.130095,2.763974,1.383423,2.831852,4.680533,3.184363,3.683218,0.124927,4.642915,-3.580802,-0.553592,4.290888,4.0211,1.105928,2.447684,5.053871,3.927547,5.453602,4.171738,5.003214,4.969368,5.411288,4.741715,5.670567,2.945628,4.775658,5.818919,4.03174,-0.366712,3.690225,4.965145,4.235549,4.247152,5.084109,4.238367,4.255234,3.881045,2.608916,5.222258,3.081377,4.607539,5.492031,2.975204,0.346924,1.304711,4.941282,1.543957,5.681769,3.042469,2.543814,-0.598473,-3.324045,-0.094029,3.05404,-1.89616,-2.509606,2.830257,1.621677,5.57855,3.041707,1.177058,3.063845,2.492263,4.650307,3.635013,4.567998,4.331094,6.968622,4.070489,-0.220013,4.806624,4.160576,4.933667,4.034681,0.522833,-4.583057,2.275647,2.822112,-2.009829,3.445063,2.924044,2.324782,3.615395,5.69512,5.290027,4.301731,5.948366,5.62015,5.575113,4.72872,4.866854,2.924045,3.782205,5.668489,5.692509,5.686626,5.69512,5.304647,6.095018,5.432258,5.260998,5.212885,4.726597,5.690188,2.648978,5.493553,5.690902,3.763889,5.681779,3.323814,3.265739,4.52184,5.023837,3.648407,3.779592,1.828435,1.188907,,
ACH-000677,-4.321667,,,,,,,,,,,,,,2.359533,4.820644,6.060794,6.368352,5.685779,4.690773,3.55409,6.744337,6.578619,4.523282,6.080792,5.484786,7.10492,4.620947,6.203439,4.026242,7.680821,6.015388,4.290893,4.474995,5.077255,4.408473,2.643806,6.971995,6.931062,5.25488,5.438646,4.943761,3.520856,4.154002,2.756259,2.530493,4.290688,3.997726,3.873195,4.46401,3.277411,1.961017,0.196359,3.492459,6.175786,2.832924,4.811083,1.909504,4.396635,-2.579502,-0.863169,6.923713,6.910013,3.308378,2.471704,5.254809,2.620051,3.838374,5.014764,4.680237,5.645522,4.259596,7.019159,6.236393,6.04735,6.105291,7.669499,3.190407,1.243909,5.261084,5.842489,5.811102,5.68459,5.434829,6.626628,6.144443,6.858306,4.498173,6.675145,4.656775,6.53099,6.892766,3.32498,0.095093,2.987612,4.697416,2.388472,5.774471,3.443381,4.033132,-0.477633,-0.457942,1.349336,4.026067,-0.144192,-1.492886,2.729675,6.289427,6.722484,3.967511,2.379339,5.618624,1.949721,5.181122,5.893176,4.422602,5.113306,6.471721,4.598407,0.072027,5.099465,5.303446,5.61318,4.499366,-0.852421,-3.022261,0.574453,2.97183,-2.523269,2.907776,3.246002,4.201848,5.996046,6.455806,6.196674,5.927247,6.94979,6.600914,6.98783,6.546932,5.930058,6.180781,4.930365,6.336486,6.471988,6.981323,7.112299,7.117985,7.878722,6.895082,7.321569,6.324166,6.561182,7.034638,4.607108,6.956706,6.981877,6.966223,7.084321,6.657891,6.269871,5.696819,5.213336,4.294617,6.040143,4.903192,-1.457844,,
ACH-000091,-3.204634,,,,,,,,,,,,,,1.283672,4.93404,6.056955,5.419898,2.972143,3.064703,2.033977,4.152979,5.226228,3.36007,4.776445,4.0976,6.103535,3.798323,5.472234,3.521229,6.411621,6.18649,4.830633,4.357255,4.772391,2.476607,0.798918,3.680377,5.197436,4.017542,3.508119,3.627279,3.754663,5.830391,3.15414,2.054989,5.895756,4.257443,3.30331,4.526188,1.506667,-1.133957,-0.093604,1.096539,4.081478,1.526671,4.5791,0.202625,3.152289,-4.396868,-1.288371,6.074288,5.542484,3.827536,2.205712,5.780835,3.493776,2.920468,4.936057,2.938555,4.800298,3.295102,5.885088,4.515473,2.71613,5.205137,5.81534,3.93775,-1.197372,5.481545,5.455131,5.369423,5.802103,4.021287,5.332378,4.925386,5.198238,3.210465,4.951122,3.40767,5.986836,5.697619,5.024627,-0.939429,0.391858,4.267492,3.875078,3.399181,4.125156,3.605044,3.642117,-1.913596,-0.16416,4.038852,-0.317079,-3.073284,1.274789,2.93759,6.10075,4.791253,2.303212,3.3648,2.492625,4.915211,5.109794,4.144875,4.296304,6.56293,4.558287,2.048431,5.439913,4.524062,2.675062,4.185862,0.819204,-3.463641,-0.952456,4.232044,-2.236009,3.141507,3.554702,3.883361,5.414795,5.765128,5.209952,5.525815,5.906918,6.130733,5.726691,4.783827,5.779306,2.892163,4.483269,5.865853,5.564836,6.152014,6.188538,6.163723,7.117616,6.334735,6.068525,5.343682,5.24983,4.623614,3.541265,5.184224,5.116114,6.157871,5.118921,5.382518,3.717134,5.646188,5.119334,5.326806,4.713351,4.203555,0.786834,,
ACH-000212,-6.772924,4.762193,,5.974173,3.304613,,4.625745,,,,,,,,1.341421,4.374231,5.773096,6.332392,4.264253,4.669492,1.986227,6.669076,6.030223,4.865133,4.841506,5.555368,6.888892,4.574514,7.00914,3.363558,7.068271,2.877861,5.01548,0.843085,4.80612,0.110989,0.026095,6.717795,5.191576,6.842566,4.773047,6.985952,4.925988,6.339822,3.062105,1.755382,6.217711,5.648228,2.664531,4.574777,1.453347,-1.875056,-3.10357,-0.512965,3.189571,1.036127,5.523156,0.596272,7.244863,-5.460317,-1.594505,6.786276,6.841142,2.666047,2.175106,7.287242,4.915028,4.245614,6.136868,6.989917,4.885626,6.735786,5.263853,5.075665,6.543968,6.96036,5.19652,2.674934,-2.089033,4.125,6.289494,7.472345,6.266278,5.572044,6.112315,6.569861,5.356204,4.573572,6.679635,5.002348,7.394954,6.365822,4.597789,0.34127,0.381104,4.580808,0.75811,7.059654,4.16309,5.539316,0.716656,-1.682204,-2.21048,4.109478,-2.567954,-2.942965,0.58042,4.970291,6.931301,3.01059,2.073446,2.771378,1.355528,7.333259,5.395918,6.031639,6.873747,7.133976,5.532898,0.86899,6.861037,7.035727,6.374401,2.761354,-0.580458,-0.826423,1.870149,3.583783,-0.397648,4.329288,2.387211,3.188822,4.079994,6.414055,6.058577,6.292987,5.411506,8.011738,7.099446,5.513203,7.44504,5.32278,4.701967,7.144287,7.23578,7.392748,7.48491,7.504215,9.578903,6.752391,7.538764,7.301503,5.62977,7.421795,4.9727,6.258518,7.196736,7.372633,5.880836,6.448079,4.99485,4.562288,6.564706,2.596777,5.239145,2.399675,0.102303,,
ACH-000153,-4.289934,,,,,,,,,,,,,,-0.111948,4.216657,3.869521,3.861685,3.085338,2.753101,1.982479,5.563346,5.34426,3.885748,2.763072,4.549639,5.809551,2.837277,5.705258,1.584504,5.112173,4.511146,4.093225,5.610946,2.817029,1.886178,3.099152,6.077091,6.278309,4.54056,4.403738,4.109876,3.858421,4.491382,2.246859,1.401074,3.964149,3.411402,3.450076,3.719032,1.694868,-0.643801,-1.537559,0.558077,4.913232,0.338108,2.416223,1.84539,1.935847,-5.343838,-1.462969,6.120578,5.746942,2.462811,3.44408,6.16768,4.221763,6.986484,5.96342,4.048822,3.897306,5.957169,4.446075,3.900408,4.965207,6.143262,6.525918,3.12393,0.178917,5.114179,4.450283,5.178315,4.092355,5.877171,4.371533,5.375217,4.719707,3.720304,5.614929,3.807091,6.087344,5.941328,3.852395,0.791643,0.860991,3.247929,1.399393,3.689138,3.292989,3.817005,0.313531,-4.014113,-1.303819,2.921778,-3.180516,-3.442385,-0.808663,4.90023,6.011696,3.963146,1.380756,3.061192,1.6961,2.630387,3.412171,4.69271,3.519073,5.21876,4.391064,1.852397,6.116118,4.394691,2.889769,2.717086,-0.927439,-3.476816,0.333853,2.856592,-2.286051,5.908455,2.853249,4.000802,4.662589,5.54651,4.534174,4.790816,5.579394,5.631994,6.252581,6.054638,6.320637,4.165325,5.368449,6.116814,6.033518,5.642213,6.320637,6.320637,7.563584,6.432813,6.36907,5.99652,5.541018,5.531883,3.595535,6.130788,5.747921,6.194464,5.853729,6.070287,4.038615,2.498955,4.257349,3.257194,4.340572,1.664793,-3.159457,,
ACH-000599,-3.938797,,,,,,,,,,,,,,1.154729,4.426839,3.045238,4.20057,3.455814,1.27812,1.202203,5.459782,6.533342,3.845112,6.586613,4.761595,6.756308,2.652295,6.217321,3.574829,6.196084,2.508028,4.536122,5.837196,5.865486,3.173809,2.637126,5.524071,4.30255,5.384866,5.207529,5.330351,3.38821,3.612944,1.127874,1.021522,3.888476,4.739515,3.066714,4.308655,2.620466,-0.356565,-2.442417,-0.209336,6.191836,1.769678,4.340051,0.483217,6.59077,-4.389523,-1.069525,6.425668,5.863488,3.713711,1.115378,6.633587,3.228637,5.68846,5.418952,5.022574,5.959961,4.190657,5.34257,3.872197,4.77817,6.857591,6.381229,3.950147,-1.136994,5.464852,5.712333,7.275685,5.107359,5.856912,5.029898,5.484892,6.082384,4.23916,6.444334,4.31642,6.836468,6.84195,5.233294,0.958851,1.206239,5.058878,1.716156,6.290646,3.508685,5.032805,0.274216,-1.467862,-1.294018,3.821588,-0.709062,-2.636234,1.269567,5.445788,6.868536,3.40724,2.550418,3.311228,2.077927,7.481281,6.070982,4.251501,4.988693,6.448423,4.453786,1.633974,5.2692,5.904605,5.596728,3.427767,0.408116,-2.336723,1.489195,4.832424,-0.754749,3.198691,1.472228,3.542508,5.476987,7.188327,6.925018,6.333566,6.463807,7.092231,6.887394,6.627749,7.217744,6.064383,6.071121,6.806749,6.003911,6.900866,7.161172,7.086361,8.390403,7.39671,7.036285,6.902281,6.919262,6.598982,4.151603,4.956799,6.465228,7.075425,5.572862,5.133783,4.482217,3.167715,3.461875,2.638721,6.197678,4.142298,-1.451567,,
ACH-000662,-5.562699,,,,,,,,,,,,,,0.585557,2.12999,2.307989,5.811201,3.824699,1.233911,-0.134196,4.427912,5.02945,3.694554,2.729507,3.798149,6.517117,2.272552,4.773014,2.12837,2.934174,1.792936,3.358295,3.173906,2.336567,1.550846,2.270331,4.708433,3.167743,5.674101,3.354591,5.229377,2.71508,3.430389,0.888251,0.969896,4.453786,2.616657,1.323209,2.185475,3.876594,-1.296732,-3.167557,-0.61522,4.614372,0.914201,3.217184,1.035583,4.503767,-5.492008,-1.369131,6.477516,6.551472,2.927151,2.188559,6.019548,3.838849,6.274865,5.531171,3.275778,4.222219,4.254106,4.755834,3.775615,2.936168,5.980027,6.726302,3.061818,-1.026247,4.702762,4.102041,4.560994,4.016236,4.987668,5.144632,4.197714,4.947776,3.621088,5.405239,3.21164,6.089803,6.387976,3.330331,1.271811,0.197775,2.40152,0.607058,4.838231,2.341761,3.479541,2.040829,-1.705024,-0.802782,3.435066,-1.36949,-3.691352,1.154512,2.428893,3.49011,0.589148,-1.056807,0.851491,-0.682352,4.924587,4.318006,3.99207,3.871197,4.352626,3.168933,1.024903,5.96026,3.956063,2.296412,2.765126,-1.400771,-3.344161,1.854381,3.25967,-1.760348,1.715265,0.604103,2.792995,3.945158,5.459159,4.544822,4.478046,4.640608,5.176183,5.592397,6.13786,4.788306,3.971981,5.43388,5.874552,5.694183,4.034094,4.086859,4.39067,6.84025,5.681789,6.391048,5.905209,6.044381,5.056001,2.98822,4.3336,5.634119,4.74102,5.361075,5.343256,3.019231,1.688772,3.703128,1.666124,4.522139,2.57002,-3.070541,,
ACH-000090,-6.426491,,,,,,,,,,,,,,1.002608,5.674114,6.317321,5.354988,4.603684,4.887607,4.187754,6.032196,6.023079,3.476044,4.738194,4.956328,6.578922,2.371079,6.279048,3.730268,6.210051,2.216411,3.558983,4.480021,2.35344,1.967749,3.00518,6.600698,3.366473,6.092495,3.864825,3.905374,2.374988,4.517421,2.817191,1.433743,2.656298,3.978799,3.126822,4.589462,-1.1508,-0.522981,-1.317272,0.383181,5.633818,2.11175,3.643777,0.985696,2.409591,-3.967802,-0.895759,6.59177,5.380295,2.526438,2.181186,4.318334,2.993594,7.709167,4.129207,6.327656,5.892727,4.798638,3.386193,3.306526,5.15922,6.213254,6.005312,3.150761,-1.687437,4.408282,5.003864,5.828008,4.948138,5.507547,5.091232,6.10712,5.19392,4.289735,6.16428,4.373041,6.322291,6.506624,5.861832,0.61349,0.89877,5.04262,4.166361,4.939001,4.905493,3.792514,1.70343,-2.452108,0.387087,3.551062,0.594223,-2.65207,2.163113,5.186212,5.975491,3.157697,3.072657,4.536739,2.695191,6.757385,4.470098,5.916851,4.848348,4.512739,6.933896,0.847873,5.773746,5.367559,5.440235,4.043035,0.853422,-2.844376,0.813087,3.495689,-1.793144,3.51951,2.906947,3.30736,4.823757,6.553428,5.41542,4.179094,6.827091,6.475618,6.642512,6.631001,5.093078,3.868969,5.328415,5.93846,6.310099,6.59753,6.67489,6.681773,7.505707,7.043742,7.028133,6.678874,4.934058,5.5666,3.561133,5.815274,6.681773,5.506138,6.026645,5.441993,5.787562,4.771692,5.84437,4.21682,6.74029,2.883094,0.256872,,
ACH-000116,-3.519401,,,,,,,,,,,,,,3.931352,4.440169,4.438616,4.160409,3.492668,2.98535,1.657095,4.955621,5.989662,3.14683,3.212493,3.258167,5.986318,1.995074,5.032406,2.435353,3.593423,1.800215,3.194229,0.957025,2.932324,-0.244061,-0.356712,5.431995,4.727471,3.524156,3.621941,4.06893,4.087601,4.840734,3.358379,2.142872,4.124565,3.510333,3.49356,5.346098,2.576388,1.41488,-0.58898,1.824902,4.716261,1.909688,4.377748,0.451328,3.536849,-5.362643,-1.391866,5.844331,5.625771,2.127903,2.521527,5.391434,3.340423,6.796731,4.031522,4.073068,3.890279,2.855066,5.557742,5.032341,3.949975,5.785175,6.399883,4.353605,-0.77002,3.927868,4.825128,5.624595,5.57417,6.641396,4.973263,4.348083,5.094227,3.665001,5.012497,2.902575,5.314698,5.847879,4.211823,-0.542588,0.31354,4.015906,1.915981,2.865188,2.781152,3.501257,0.670005,-1.427413,-2.455815,2.661477,-1.059687,-4.001841,4.092183,3.184534,4.925238,3.082254,2.184996,3.86777,1.937561,5.664023,5.375793,5.159803,4.618718,7.140599,4.828834,1.677122,4.306074,4.024847,2.420878,2.073733,-0.588723,-4.941854,0.718648,2.228365,-2.464299,3.737228,1.713335,2.311908,5.48326,5.827046,5.967136,5.614318,5.501306,5.851267,5.136124,5.428372,5.649989,3.811616,5.264684,5.737897,5.738641,5.964677,5.708224,5.918669,6.846042,5.493424,6.282238,4.802173,5.158027,5.836999,3.30277,5.147579,5.713485,4.220914,4.854235,5.727374,4.474146,2.213832,5.037065,2.70569,3.984906,1.865482,3.341751,,
ACH-000040,-4.378725,,,,,,,,,,,,,,-0.640962,5.454348,4.374752,4.095868,3.135176,2.304391,1.822713,5.202163,5.977464,2.611707,3.232189,3.653559,6.409279,1.794859,6.865894,3.000988,5.155993,4.280885,3.770047,2.592019,4.134069,0.590761,2.162716,5.721835,3.723581,5.793348,5.063608,4.753693,2.389266,6.160295,2.935224,1.648956,2.927243,4.034336,1.358228,3.207879,-1.522367,0.365976,-1.942428,-0.104217,4.118783,0.911857,4.904183,0.456779,1.744694,-5.214264,-1.51205,6.438797,4.839338,1.464777,2.694632,6.058255,3.987002,3.451734,5.910315,5.720974,3.977233,3.74068,4.60312,4.15781,5.618114,5.936289,6.915481,2.557868,-1.585469,4.058856,4.479866,5.677154,4.432128,5.158594,5.69616,6.131198,6.506477,4.066544,5.537657,2.19053,6.410591,5.978532,4.834662,0.088392,-0.133012,4.545506,0.732436,5.397998,2.323783,4.304472,0.785807,-2.554697,0.163406,2.399888,-2.065483,-3.060432,0.416291,3.497706,5.031922,1.714618,0.862881,3.613431,3.239342,5.903307,5.645801,3.781997,5.074074,6.682196,5.200129,-0.043341,5.116842,3.959031,2.818753,0.409227,-0.49787,-3.76042,-2.546857,2.156142,-3.35305,2.95226,2.098319,2.543931,3.241579,6.240945,5.691286,3.679371,6.1238,6.655911,6.040574,5.73168,5.486036,2.82039,5.820068,6.403873,5.589165,6.216549,6.549954,6.162267,7.735855,6.038594,6.755343,6.366517,4.159923,4.896821,3.930304,5.805201,6.288692,5.405461,4.475496,5.881622,4.292781,2.795632,6.398591,2.175417,6.520622,3.031828,3.494843,,
ACH-000720,-4.251411,,,,,,,,,,,,,,-2.010029,5.870803,5.615569,5.087234,3.547729,3.704972,2.667669,5.288494,5.895091,3.706082,2.513304,3.158882,5.096532,2.757346,5.002392,3.537408,6.482928,3.655416,3.375694,3.787275,3.247678,2.026362,1.889067,6.208456,4.735346,5.041055,4.588823,4.781719,4.079183,4.161818,2.785302,1.862348,3.636381,5.137222,3.700386,5.712018,0.520175,1.383796,-1.438938,0.329266,4.81239,1.838158,4.605547,1.059745,4.251317,-4.307812,-0.979949,6.262926,4.263799,2.620237,2.30445,5.242101,2.76525,6.281904,4.237466,5.296247,5.190702,3.760937,4.15763,4.385781,2.379279,5.109656,6.512525,3.981794,-1.065696,5.152339,4.947914,4.514085,4.51096,6.034825,4.673909,4.441485,5.396612,3.388054,5.670881,2.919726,4.936746,5.948015,4.230875,1.742204,1.725807,4.046844,1.189606,2.971755,2.350317,3.408728,0.527148,-1.422961,-1.731261,2.856915,-0.15572,-4.171741,2.892231,3.912258,5.180471,1.883622,0.037716,3.021798,0.476562,6.01074,5.010299,5.596597,4.830392,5.650936,5.571857,2.462854,5.403042,4.493037,2.148716,3.158631,0.089545,-2.602513,0.873237,3.481156,-2.3492,2.040708,1.950813,3.711128,4.207888,6.311407,5.012731,4.564162,5.606463,5.789419,6.170531,6.162381,6.139412,5.976963,5.115726,6.034172,5.808865,6.258408,6.326137,6.326137,7.33695,6.126608,5.925165,5.72807,5.833743,6.225842,3.642445,5.526975,6.205776,5.921639,5.981094,5.359119,4.615927,2.44318,4.389861,2.036566,6.329839,3.669438,2.233836,,
ACH-000738,-4.78526,,,,,,,,,,,,,,1.590186,4.648862,5.434073,4.072351,4.445942,4.219032,2.232433,3.771688,6.183125,4.028721,2.488162,4.43674,5.750678,3.963968,4.861207,3.204362,2.595959,2.780741,2.548854,3.944041,3.974525,2.398108,3.230157,5.860947,5.698487,2.676038,3.839004,4.595477,5.270114,4.889232,2.542396,1.934251,3.70971,4.087239,2.238475,4.787159,1.368322,1.861466,-1.997498,0.251933,5.666735,0.988781,3.556655,-0.420848,2.658227,-5.036452,-1.136771,5.097342,5.441909,2.971132,2.90213,6.016236,2.996382,6.975782,5.444329,3.244705,4.681189,3.871448,3.660381,4.85827,5.250587,6.091031,4.747879,1.781821,-0.838727,5.092612,5.145918,4.517506,4.226764,4.955693,4.561746,5.177306,5.345907,3.604765,6.593274,3.862479,6.025662,6.621911,4.554523,-0.069946,0.990141,4.225547,1.194166,5.367332,2.546033,4.670866,0.533485,-2.17943,0.122456,3.334758,-0.048859,-3.135576,0.655963,4.579833,5.734808,2.48823,1.058114,2.566561,2.509764,6.358496,5.3627,4.432139,5.28666,5.950667,4.708123,-0.784998,4.539494,4.883936,1.374176,2.875248,-0.377075,-3.478561,-1.287427,1.718688,-3.054177,3.798085,2.01522,2.693696,5.077013,6.432953,4.678319,6.341369,5.74408,6.421228,6.341923,6.64388,5.537741,5.246543,5.102033,5.738393,6.238302,5.654308,6.486544,6.349935,7.099293,4.635449,6.631495,5.809711,4.845587,6.350031,3.555491,5.659527,4.117743,5.98309,6.05488,4.212972,4.204491,2.063095,3.800469,1.380512,4.905449,1.207312,1.350157,,
ACH-000464,-4.738914,,,,,,,,,,,,,,0.528063,2.760413,3.510477,2.765849,0.779104,1.676705,-0.608581,5.886633,6.631026,3.86555,4.330824,4.052958,5.425587,2.53403,4.266428,2.785012,3.061747,2.472683,3.979105,6.128195,3.685912,4.812093,4.22328,5.879277,6.158172,5.019583,5.559762,5.001403,2.849841,4.688266,2.271275,0.905213,2.776458,3.362082,2.075909,2.908395,1.178775,-0.747568,-1.192124,0.786325,5.001096,-0.043874,4.668891,0.57335,3.357975,-4.34367,-1.460458,5.728977,4.661709,2.821373,1.267892,4.589713,2.967928,7.151413,3.306042,1.034213,2.217217,1.616506,4.994005,5.472798,4.65266,6.578762,7.326397,1.080634,-1.456555,6.560967,5.663906,6.090434,6.006906,5.646542,5.966537,4.622099,7.061157,4.10762,6.206773,3.639893,6.326536,6.397132,3.599819,0.064268,0.87056,4.214197,-0.025315,2.66567,1.491353,2.089641,0.008489,-1.481555,0.675616,3.48311,,-3.211366,-0.310436,2.350929,5.606976,2.371786,0.57182,3.348069,1.899926,5.5914,4.740204,3.95662,5.102444,7.466494,5.339386,2.524133,5.95519,5.603695,5.417834,3.863025,-0.219082,-2.841455,2.254486,4.334104,-1.054544,2.495463,1.82392,3.877277,5.789978,6.314251,6.239543,4.840573,4.680978,6.497533,6.296287,6.37762,6.559804,3.977017,5.269307,4.626443,5.44259,6.105574,5.778623,6.274222,7.885943,6.78001,6.777359,5.905803,5.998202,6.52158,4.058828,4.377409,5.708607,5.590315,4.918331,4.596062,4.240108,2.654915,5.928642,1.008365,3.034283,1.021775,3.766101,,
ACH-000437,-4.486974,,,,,,,,,,,,,,-0.602404,3.77761,5.490612,5.511623,3.414904,2.973465,2.087405,3.770826,5.879485,3.365969,3.377697,4.428247,5.727416,2.02923,3.421428,2.356924,4.364207,1.905243,3.44606,5.121469,3.152345,3.898254,2.009456,6.094957,6.230019,4.913196,4.751432,4.688326,1.116134,4.928152,1.27282,-0.206327,1.874729,1.556634,1.808368,2.180204,-2.286583,-1.176248,-3.235435,-0.879085,4.92716,-1.864161,3.445426,1.506429,4.5283,-5.763818,-1.829717,5.159738,5.840524,3.420677,2.934421,6.109031,4.64618,7.391999,5.015155,4.009434,4.213735,2.585111,4.913019,4.778233,5.557535,5.431503,2.863946,1.365244,-1.651406,6.055851,3.745017,6.369631,5.971947,5.676851,4.665451,5.381903,6.200183,3.939383,6.233956,3.864914,6.042029,6.10129,3.987917,-0.029282,0.201506,2.117262,-0.292207,1.982738,0.474095,1.704641,0.468844,-2.95185,-3.864186,1.523572,-2.788308,-5.917616,-0.529453,3.560145,5.362719,2.055981,-0.69166,2.210779,1.342319,6.447821,4.640219,3.520857,4.469576,6.284042,5.503249,1.30306,5.895245,4.150829,4.473588,2.990224,-0.446604,-3.254409,4.099863,3.963725,-1.340006,5.053039,2.764767,3.656648,6.417253,6.259539,2.886705,4.752895,5.529331,5.709323,5.788122,4.629236,4.742545,2.530487,4.558698,5.457372,4.873457,6.260471,6.417253,6.417253,7.501798,6.700481,6.61627,5.637173,5.277784,4.954544,3.328455,3.781125,5.579776,4.800493,5.111996,3.419776,3.702894,4.265124,5.628388,1.354459,3.468563,2.251581,3.770537,2.486238,-1.472003
ACH-000699,-2.289421,1.897377,,3.188923,2.021634,,2.241566,,,,,,,,1.131703,3.103712,3.166606,4.464666,2.899189,2.98444,1.30203,4.23314,5.677063,3.131032,3.442586,3.87102,,2.609867,4.194861,1.938865,2.143923,4.132305,3.418783,5.096515,2.763073,3.288043,3.428476,,,,3.317231,4.080088,1.620128,3.552407,2.067386,0.47006,1.863164,1.302306,0.712868,1.667087,0.918176,-0.330094,-1.368371,1.097542,2.619383,0.867954,2.138908,0.537713,1.386808,-4.833891,-0.216885,,,3.275705,1.652348,6.180876,3.978334,,5.027643,3.740983,,,,,,,,,,,3.319273,,,,,,,,,,,,3.884171,,1.1112,2.483368,0.668219,2.214554,3.053199,2.174101,0.775455,-5.107437,-2.801605,2.485777,-3.376164,-4.256649,-1.051292,0.438556,2.467783,0.928808,-2.325056,0.833356,0.142114,4.876951,3.262797,3.414795,3.231521,6.097849,5.560649,3.128329,,3.497213,2.916841,3.47005,1.488595,-4.064561,4.441918,2.568707,-2.255407,2.353891,2.758522,2.464796,5.832004,6.038606,4.115438,4.217602,3.243836,5.471037,5.711629,5.221231,3.941734,2.466436,3.663858,4.393285,4.078109,5.20675,5.937499,4.911411,7.428696,6.17472,5.835207,4.892899,5.072102,5.457894,2.814395,5.805615,5.810119,2.947304,4.744644,,2.467955,1.934056,4.054852,0.865724,1.751555,0.522537,2.419422,1.828112,2.094864
ACH-000092,-5.645451,,,,,,,,,,,,,,0.561551,3.823569,4.737948,3.541117,2.78668,2.655339,1.725842,2.03651,3.76714,3.46908,3.32159,5.138387,,2.71548,3.825071,1.401637,2.839652,2.814828,3.70191,5.478454,3.327108,2.911139,6.192526,,,,5.041382,6.61164,2.723866,3.495915,3.27018,1.326403,,2.403393,2.331393,3.137224,-0.040019,-0.790895,-3.426404,-1.157715,3.348699,-1.340926,3.057299,0.018491,3.427418,-4.564486,-1.270111,,,5.049474,2.236512,5.615473,4.697222,,4.699281,3.222349,,,,,,,,,,,3.3338,,,,,,,,,,,,2.857611,,1.428073,3.237126,0.467654,3.583735,2.559912,2.752693,-3.469164,-5.549154,-4.149869,1.218629,-2.581047,-5.043369,0.514528,1.64827,4.740633,0.322545,-1.979794,1.171451,-0.534885,5.546547,3.480896,3.137856,5.102272,5.047689,5.272578,5.024603,,4.505266,5.840391,2.090188,-0.867436,2.937672,2.537333,2.239934,0.279579,,1.541141,3.408199,6.328694,6.341598,4.756962,4.439441,5.033642,5.696629,6.178878,4.718175,5.413416,3.975457,4.478324,5.496032,4.999598,6.462778,6.392261,6.556716,7.38722,6.635666,7.245686,5.280574,5.59491,5.849262,3.136954,5.737318,5.054126,5.319762,4.659034,,2.486735,2.246716,4.683342,1.313977,2.75461,4.06458,0.51268,1.753003,-0.06404
ACH-000288,-2.300632,3.517147,,4.277474,2.951731,,1.014187,,,,,,,,0.388955,3.943394,3.700997,6.223771,4.185231,3.930913,2.495302,4.805634,5.619476,3.756761,4.939528,4.565935,5.560827,2.354853,5.700581,2.039331,3.193742,1.899279,2.71681,4.75548,5.249051,3.236867,1.113898,4.527154,0.534997,5.656406,4.62669,5.886982,3.197788,4.2128,2.6838,1.351051,3.05956,2.260112,2.035401,2.959665,1.36211,-0.652328,-2.224816,0.663186,1.798265,0.777703,3.582239,1.952437,5.585174,-4.990828,-1.765835,5.874845,4.427093,3.940728,2.227149,5.749093,4.429174,5.852032,2.877781,3.117872,2.009438,2.696173,3.815284,4.888122,2.59981,6.18551,5.080628,2.345249,-1.8439,4.375547,4.277735,6.584831,5.46029,5.743519,5.107748,5.754242,5.068704,3.717537,5.684061,3.507842,4.723296,6.333552,3.230943,0.015315,0.845801,2.824221,2.33473,2.970517,2.452697,2.622629,-1.222718,-2.182955,-4.239301,3.078369,-1.946563,-3.855598,-0.019734,2.592266,4.733791,1.460091,-1.260045,1.236431,0.452136,6.168204,4.50839,4.837125,4.421224,4.980699,6.667967,2.649007,5.101452,5.552938,5.729519,2.80778,-0.670156,-1.346818,3.295814,3.29084,-0.846118,1.738882,3.583752,2.888781,5.106475,6.10701,5.299651,5.477719,5.273675,5.398891,5.473474,6.272286,3.956101,1.57238,5.535598,5.591924,6.212372,6.206726,6.426421,6.228404,8.457597,6.594322,6.773213,6.144413,6.472755,5.989915,3.405904,5.820468,4.546022,5.261158,3.763202,5.229644,3.943827,2.807072,5.372925,1.76835,2.331391,4.488108,0.085374,1.997047,2.747072
ACH-000148,-0.845705,1.599429,,4.723064,2.518085,,2.448897,,,,,,,,-1.73832,3.762711,2.174899,3.960085,1.764089,1.424336,0.361643,2.887615,5.856509,3.375843,3.995964,4.162809,5.714886,3.266886,4.363845,1.455082,2.656292,1.081804,4.013416,3.37629,4.132795,2.337206,0.339584,5.735516,2.03974,5.549232,5.228048,6.000777,1.89847,2.423235,1.258988,-0.406658,0.845379,1.131424,1.609258,1.6708,-1.302485,-1.745735,-2.273762,-0.10947,1.148233,-2.585984,3.313562,-0.342685,3.798179,-6.01245,-2.55999,5.387456,4.998798,3.538123,2.671764,3.777615,3.869699,3.25347,2.801584,-0.564306,1.560322,-0.582974,3.063874,2.502067,2.756611,4.792532,5.644129,0.457759,-3.548179,3.469937,4.35236,5.349889,3.549812,5.179875,4.03013,4.014084,5.23015,3.093757,5.488736,3.365543,4.064585,4.325234,2.63138,-1.249545,-0.448585,2.856482,0.462176,1.473061,1.134765,2.139423,-4.416598,-4.820905,-5.841874,1.179021,-4.569511,-6.97546,0.599336,1.420929,2.503858,1.099491,-0.537589,0.246442,-0.108444,4.741344,4.769386,4.420864,4.651425,4.859618,5.598199,3.285885,5.24663,4.303135,4.295031,3.573614,-0.253385,-2.798236,1.962016,2.98262,-0.684661,1.626524,0.485635,2.241187,5.612357,5.146324,4.159548,5.03724,3.431719,3.345532,5.354763,,2.872139,0.639062,4.299818,5.391783,5.735029,5.264374,5.829744,5.862019,6.274311,5.391808,6.156515,4.696102,5.914702,4.447831,2.97847,5.397577,3.733913,4.798472,4.166974,4.692162,3.209504,3.224328,5.40946,0.915954,2.841974,2.715783,3.497458,0.389767,-4.652328
ACH-000910,-4.834858,0.898335,,2.618175,3.993952,,1.486247,,,,,,,,-3.307947,1.969663,2.637402,5.145646,2.67937,2.341595,1.374619,5.009842,3.500691,3.360981,3.225824,1.802387,0.922425,1.230267,2.585845,1.311556,1.196103,1.987059,5.366211,4.888854,3.648134,5.081946,2.436109,3.076781,0.812424,1.327142,2.507805,2.215885,2.897571,0.357054,-2.347897,-0.542985,-0.459592,-0.187845,0.511997,1.740265,-1.907754,-2.04236,-3.139333,0.544083,2.51672,3.936795,3.893334,0.575298,5.479696,-5.065611,-0.869365,5.338402,3.007156,3.263302,2.191009,6.294053,3.161068,2.094741,5.298548,-1.544453,0.852085,-0.646303,5.526171,2.602958,0.357903,4.483563,2.976467,1.534666,-2.95931,2.994454,2.406042,2.691188,2.597244,4.075082,2.897913,3.384692,3.182248,1.801066,4.944789,2.764332,5.568014,4.847618,3.055836,-0.968236,-0.346802,3.438414,2.507705,2.659861,3.710203,2.000036,-1.095421,-3.690698,-3.42367,2.913958,-3.473321,-4.891998,-0.383029,3.320784,4.264537,1.686633,-0.551392,1.434687,1.321137,5.68636,3.809252,2.469023,2.912318,3.486221,3.522212,2.529294,2.916937,4.830962,4.387309,1.471533,-0.357975,-3.510639,0.140831,2.477901,-1.875319,0.920784,-0.399001,1.833181,2.485616,5.338571,3.617572,5.035888,5.530269,4.399528,5.163519,4.874047,5.18243,2.68888,4.580209,5.486589,5.058616,3.50221,4.823761,4.784478,7.631279,5.034121,4.501529,4.810782,3.728921,5.377837,1.932912,5.545772,5.17944,5.105906,3.527884,3.917949,3.160023,4.023882,3.477117,2.633548,2.294572,2.48632,0.640838,1.79067,-5.307372
ACH-000934,-1.454671,2.573148,,3.394629,3.832862,,3.093525,,,,,,,,-3.121329,4.335888,4.059891,3.98149,2.697293,3.202681,2.159504,5.452848,5.731041,1.925225,2.470764,3.048554,4.863995,0.969903,1.63835,0.272899,2.610317,3.981472,4.375827,4.668635,2.062809,2.671105,1.728405,4.341661,3.626103,4.168541,3.152134,3.892555,1.954153,-0.036575,-2.627911,-0.670898,-0.468225,0.781622,1.367757,1.727156,0.399783,-1.080207,-2.00357,-1.102596,4.358049,2.124753,1.20725,0.774087,5.161422,-4.21504,-0.401743,4.903378,5.409537,1.769917,1.6315,5.746504,2.871598,2.624663,3.124265,0.94036,2.546294,2.128837,4.489484,4.441949,2.690421,4.448949,4.405043,0.657398,-3.420093,4.991144,4.292092,4.465976,4.120633,5.583946,3.876368,3.899422,3.865798,2.086862,5.25972,2.638155,4.08468,5.012458,4.225947,0.129006,1.541634,3.10384,1.403327,3.264982,3.490027,4.08523,1.240399,-5.916018,-1.829143,1.056933,-5.647754,-4.805365,-1.009287,0.159022,1.833807,0.917814,-0.447694,3.372906,1.273187,5.579274,4.649445,2.936682,3.956477,6.175243,4.047228,0.917768,4.653014,4.355381,4.351166,2.78261,1.499603,-3.889827,2.684774,3.795463,-0.997556,-0.186396,1.148233,2.340209,2.637179,5.317191,3.676931,5.260344,4.361954,4.106993,5.298334,5.231223,4.973936,2.344215,2.863072,4.184304,5.225738,4.620838,5.391666,4.77792,6.418936,5.541875,5.056689,4.656524,4.36528,5.025754,1.58972,4.13657,5.144005,5.220404,4.084155,4.36296,3.062311,3.514738,3.924208,3.250503,4.345073,2.792386,0.384418,,
ACH-000547,-4.622164,,,,,,,,,,,,,,1.460958,4.995341,4.888915,4.053089,2.107098,3.270267,1.24948,4.244785,4.003639,3.178066,3.077474,4.037803,6.178489,1.075628,5.449159,2.798172,5.569136,1.825981,3.082254,4.967595,2.07792,2.152683,3.373072,5.94425,2.361232,5.28933,4.095115,3.876731,2.850332,3.4438,1.583385,1.590956,1.258822,3.582615,1.173935,2.00174,1.900421,,-1.902357,-0.012946,5.268488,1.799242,2.481284,-0.122468,2.865245,-4.502592,-1.081627,6.298593,5.568389,2.695301,2.144881,4.95025,3.375016,6.347689,3.647451,0.047544,2.556237,-0.044014,4.647712,4.512833,5.327521,5.179574,5.918662,3.184396,-1.933307,5.558492,3.670452,5.516439,3.645768,5.924465,5.3853,4.332407,4.467991,3.028627,5.855207,3.469437,6.306468,5.990368,4.585396,-0.065747,2.900778,4.992243,2.540924,3.200172,4.867374,,4.240785,-1.630441,-0.831367,3.559991,0.080605,-2.687858,2.855334,5.102621,4.313727,2.622401,0.873744,3.145339,2.637988,2.507427,4.282758,5.082002,,5.791835,4.559464,2.538395,5.202901,4.686779,3.666483,4.488383,-1.273538,,4.286554,4.829862,-1.330792,2.706492,1.57756,3.275051,2.447324,3.72578,4.546448,5.55143,5.30479,5.813517,5.630399,5.801241,6.45499,3.609026,4.017032,5.412953,5.750503,4.977867,5.251149,6.05124,7.075994,6.109804,5.715662,6.161845,4.184285,5.55537,4.139933,5.407284,4.88418,6.306728,5.777342,3.516386,2.434677,2.529961,4.308854,3.861509,4.678122,4.344459,1.772794,,
ACH-000633,-5.138304,,,,,,,,,,,,,,0.312674,2.235022,3.275917,3.201729,2.284257,1.649669,0.541651,3.812264,4.028518,3.506011,4.533445,4.457957,,1.892909,5.198076,2.995687,3.092115,1.660934,3.948538,4.320739,2.484774,2.171391,2.609294,,,,3.931176,3.658552,2.053118,1.113612,1.813321,0.908158,,2.56774,1.128016,2.090449,0.733258,-0.272142,-3.470942,-0.704624,4.155659,2.074519,3.226208,-1.053046,6.38688,-4.298627,-0.384393,,,3.573265,3.177424,6.715156,3.957701,,3.222655,0.968194,,,,,,,,,,,3.819892,,,,,,,,,,,,3.809265,,0.392234,3.136967,1.145483,4.347472,2.923308,2.521095,-0.260731,-3.650381,-3.982301,3.175918,-0.430032,-2.324103,-0.158868,4.062066,5.167021,1.233238,1.828435,2.448657,1.838614,3.356416,3.700179,2.929403,4.461756,5.055997,4.807307,-0.051852,,4.284936,4.450158,2.441743,-0.7907,0.468246,4.170244,2.613989,-0.07404,,1.248081,2.349106,5.233736,5.879733,5.086973,4.636377,5.895062,5.816773,6.102301,5.107592,4.964343,2.348393,4.974124,6.343122,6.434508,5.651802,6.69223,6.879785,6.441627,5.417498,6.387631,5.338417,6.261213,5.12483,0.606848,1.747303,4.715413,4.620998,3.428559,,1.978381,1.80787,4.464381,2.338099,1.742019,3.789957,3.388088,1.323494,-2.127571
ACH-000315,-6.075477,,,,,,,,,,,,,,-0.577723,2.505945,2.764971,4.902215,4.008357,2.908761,2.408935,5.70914,1.703216,2.715145,3.156315,3.783481,1.423788,1.771529,3.818659,1.394568,1.927764,2.085617,4.645152,5.576063,1.354255,0.654281,1.291221,4.052689,0.502923,3.836505,2.975743,3.809673,0.154099,3.210128,0.888045,0.247431,0.906892,0.061575,0.194453,1.499442,-1.872706,-1.340696,-2.641988,-0.659838,3.589055,0.595525,2.354518,0.618527,4.434574,-5.492633,-1.593359,5.062306,5.391336,2.924636,1.855319,5.392919,3.722482,3.224493,2.81543,0.416868,0.775123,-0.497047,3.432688,1.521132,2.628487,3.710338,3.628495,1.856712,-3.874694,2.376717,5.395859,5.387717,2.566395,4.229962,4.83811,4.094273,4.800537,2.681737,5.392472,2.339259,3.190779,4.14181,1.355022,-2.061099,1.153699,1.72425,1.560928,1.15984,3.502369,3.192894,-0.516106,-4.699908,-1.741894,2.769048,-3.586492,-3.684526,-0.751035,1.962027,3.409039,2.179747,-1.03509,1.795914,0.339,4.716177,3.978592,1.745903,1.719605,4.108782,2.194678,0.590547,2.767497,5.312064,3.331239,1.72834,-1.986249,-4.129484,-1.362044,1.907598,-2.988824,0.79553,0.769295,2.059876,5.368153,4.584333,3.84814,4.468096,5.055777,5.392502,5.389512,5.478191,3.333838,1.547373,4.551941,4.294452,4.862645,5.003619,5.348168,5.392919,5.854643,5.410385,5.265407,4.479596,5.12282,5.294564,2.658254,5.091507,4.85041,2.426924,1.845568,3.386053,2.896217,1.940432,4.722216,0.816968,3.736286,3.231021,-0.394871,1.164309,-5.69683
ACH-000864,-6.432513,,,,,,,,,,,,,,-0.025958,2.858787,4.617865,4.598042,2.981247,3.834328,2.812236,5.004738,4.098822,2.598422,3.410708,4.413497,4.902886,3.729472,6.036042,1.667151,3.499645,2.035079,5.188481,5.280987,3.811456,3.983854,3.230462,5.223314,0.483771,4.680299,3.971234,3.786753,2.569437,2.672167,1.246702,0.279232,0.769538,1.090826,0.568489,2.023913,0.012158,-1.173098,-1.91231,-0.206612,2.564894,4.367292,3.223434,1.090746,6.179339,-3.661771,-0.421232,5.463809,5.120139,3.382159,3.001153,6.002752,3.166577,2.985387,3.441432,2.224785,4.688887,2.887509,3.276668,1.538323,3.774561,4.182608,4.135102,2.727441,-2.299463,2.635182,3.141173,5.076265,3.947901,4.512697,2.787412,3.036799,4.409599,2.070332,5.866534,2.411904,4.725721,5.812082,2.626421,-2.048539,-0.536243,2.946837,2.791178,3.961747,4.123409,3.510617,-0.670436,-3.309745,-2.347088,2.621142,-2.954719,-3.287213,-0.079015,2.90716,4.32221,2.06611,-0.513376,1.425451,0.425212,4.320149,3.852674,4.36504,4.579259,5.335156,3.891447,-0.028364,3.673025,5.542782,4.22187,3.091512,-0.414338,-2.321589,2.020871,3.349404,-0.994786,4.312587,1.865851,2.46143,4.930667,5.801713,4.747352,5.401732,5.392448,5.529423,5.933426,6.008374,5.444596,3.508198,3.492979,4.962841,5.388518,5.75823,5.348485,6.056998,6.737394,5.446521,6.398253,5.87018,5.750295,5.657078,2.958211,4.847313,5.993619,5.330956,4.144096,2.31365,2.77813,2.726186,4.545333,2.269576,6.309883,4.289209,,1.238896,-5.589272
ACH-000562,-4.535229,,,,,,,,,,,,,,1.512443,2.124388,2.690442,4.926619,2.650901,2.598667,0.797366,5.479155,6.196358,3.000942,4.664535,4.030994,6.092156,0.962288,2.787755,1.131721,3.39148,2.281297,3.328419,5.76286,3.183399,2.19365,3.175886,5.570392,2.021624,4.355605,3.848167,4.117589,1.030292,2.671124,0.819108,0.317019,2.885003,2.311954,2.148893,2.060937,1.417709,-0.58325,-2.470466,-1.03496,5.040226,2.664026,4.58692,1.497506,5.30214,-5.316073,-1.507158,6.144816,4.275964,3.832762,2.39022,6.138338,4.45113,3.440299,3.538805,2.824313,2.37675,1.395338,2.987538,2.532206,1.699415,3.399168,3.056339,0.831941,-3.227362,3.998332,4.992284,5.021462,2.482995,4.301162,4.848458,2.86541,3.998695,3.200487,5.760438,1.223572,4.53419,4.861799,2.887518,-0.225818,0.05653,1.591408,-0.930749,2.293825,0.739815,3.411047,0.986097,-3.150143,-1.047326,1.790553,-1.325475,-3.512993,2.333576,5.503211,6.196358,0.980184,-0.22742,2.522378,1.649414,4.828893,5.822725,4.904612,4.797614,3.724409,4.033686,-1.143053,3.250469,5.914935,4.466437,1.215343,-2.123375,-6.146389,-3.68282,0.040215,-4.167297,0.073933,0.451432,3.529149,5.202314,6.196358,4.200102,4.356054,6.666372,5.388475,5.294701,6.195513,6.017525,3.743012,5.163625,5.825445,5.277667,5.993325,6.196358,6.196358,7.401267,6.193631,6.257417,5.109519,6.171729,5.35608,2.194326,5.269917,5.066332,3.888156,2.863004,2.378436,2.199257,1.645632,4.431959,1.524752,3.923421,4.72718,-1.407469,0.647724,-4.683845
ACH-000684,-4.616547,,,,,,,,,,,,,,0.169687,2.734592,4.186837,4.988543,3.215393,2.582642,1.07639,5.283988,5.149595,3.055054,4.323527,4.238514,,0.985853,4.326364,2.800969,2.787732,3.845249,4.726258,4.074436,3.028629,3.417889,2.958572,,,,4.540717,5.029383,0.149596,5.308645,2.514877,1.220405,,3.010519,1.983225,1.824135,1.575946,1.03475,-1.297592,0.500458,4.740882,-0.580791,3.005716,0.753423,5.7645,-5.390136,-1.649064,,,4.24619,1.753003,5.456396,3.226566,,5.349216,4.674189,,,,,,,,,,,6.238723,,,,,,,,,,,,5.265131,,-0.322754,3.279124,2.546667,6.152641,3.490705,2.919792,2.437196,-2.308733,0.451327,3.187316,-0.994143,-3.548287,1.571048,5.193143,5.643415,2.233793,0.638036,3.469363,2.833151,4.051221,4.018599,4.310442,4.724876,7.027713,4.880258,2.815935,,4.692556,4.596364,1.316594,-0.206066,-2.993529,-2.239134,3.840402,-1.306893,,2.649116,4.494969,6.558276,5.703725,5.558876,4.837399,6.293294,5.764201,6.116434,5.761338,5.890573,3.954925,4.87647,5.501192,5.767582,6.040634,6.153907,6.153907,7.978936,6.077002,6.564799,5.666825,6.01023,6.015902,3.716963,5.557972,4.841927,5.366473,4.317574,,3.705796,4.82393,6.1506,0.897912,3.471814,3.691752,0.531638,1.93477,-3.327825
ACH-000115,-3.918686,,,,,,,,,,,,,,2.736275,4.688317,5.504926,6.399851,4.237639,4.178922,3.223162,6.402596,3.963578,3.381861,5.058049,4.518247,5.882576,3.027177,6.492987,2.767091,4.925783,1.96762,3.477222,5.534657,1.728365,2.373303,3.401371,4.940391,1.506481,4.040006,3.125796,4.147799,3.624937,3.497652,0.964479,0.824502,0.838387,1.662631,1.105041,2.515034,3.141728,1.846368,0.076588,2.081643,4.17004,3.860778,4.722734,0.638548,7.0527,-3.770622,-0.539409,5.993945,4.806841,3.796211,2.414097,5.235588,4.136177,5.864122,3.389186,0.622476,1.799719,0.362645,4.007902,1.879662,5.466917,4.179868,2.867451,1.601037,-3.600956,3.411687,4.622563,4.814347,4.574372,5.400849,4.081412,5.047554,4.012836,2.994904,5.358464,2.95709,6.041629,6.076267,3.846356,-0.984906,0.572153,2.279509,1.843868,5.618004,2.074086,3.609822,-1.075473,-2.231634,-1.682089,3.384009,-3.085745,-4.302036,0.06994,3.812116,4.815017,4.650334,2.184179,3.48259,1.859095,5.451359,3.693413,3.304442,3.940551,6.468053,3.846762,2.698756,5.215396,4.304608,3.874844,0.805039,-0.490976,-3.260522,0.076798,3.397855,-1.909052,2.334367,1.193147,4.000753,6.254001,5.524141,4.522326,3.654517,5.610837,5.536414,4.702548,4.840762,6.254001,3.892839,3.733435,5.661633,6.284142,4.754157,6.661836,6.709732,6.23506,5.537854,5.602472,4.611144,5.535533,5.925897,2.886327,5.288769,5.131736,4.650765,3.321458,3.393316,3.533681,1.430342,1.079092,3.524178,4.626986,2.168721,1.958981,2.23954,-1.872356
ACH-000019,-5.718297,2.388812,,4.430173,3.394412,,2.675158,,,,,,,,-0.246677,3.717448,5.314418,5.591477,4.113474,4.934125,3.874533,6.075526,4.477433,3.727472,4.55997,4.60075,6.226905,2.675802,5.798639,3.233621,2.342656,3.851179,3.195934,5.088792,3.24501,3.178998,2.138957,5.953468,-0.60839,3.271577,4.116836,4.46603,3.12493,2.24994,1.2441,-0.394321,1.67171,2.619445,2.777523,3.116363,-0.07603,-0.781089,0.474985,1.463696,2.442495,4.740776,4.37407,0.604978,4.836161,-4.979766,-1.522768,6.007249,5.576333,1.390153,3.043539,4.372199,3.510392,6.883468,3.348161,0.466618,3.080461,1.937448,5.691212,5.689029,5.333402,5.790304,6.599297,5.491112,-1.21612,5.156269,4.939789,5.522807,5.141635,5.537624,3.896365,3.674215,4.427367,3.176524,5.589467,3.13525,6.073415,5.413282,4.675058,-0.120355,1.047626,3.985343,1.262603,4.014053,4.082323,3.200529,-0.981825,-2.070045,-2.691453,3.547673,-2.348286,-4.212317,2.223666,5.313572,5.543678,2.83903,1.920291,2.283848,3.011471,2.738762,4.286285,4.009637,3.403184,3.628729,5.029274,0.338266,5.671296,5.335726,4.608782,3.819052,0.091143,-3.312005,0.184624,5.428471,-1.841467,3.625784,1.316703,1.827619,5.432589,5.141659,4.965304,4.428634,6.210624,4.562142,6.003046,4.171033,5.356322,1.958686,4.957193,5.726537,5.739299,6.22444,6.255666,6.172644,7.383073,6.300196,6.34704,6.080363,4.65831,5.435022,-0.339039,2.56587,5.710145,5.370957,5.632515,5.795904,2.688411,3.858023,3.163952,3.744738,6.177464,2.780891,0.208452,,
ACH-000830,-5.597587,3.376237,1.925178,3.082457,-0.803062,1.561989,-0.472001,0.426159,1.745257,3.953165,4.740226,5.403006,2.193115,5.056826,-0.063967,3.729247,4.789701,5.347161,4.913819,4.416141,2.94485,3.934641,4.816158,2.628987,5.35979,3.486402,3.508711,2.019803,4.907716,4.585408,3.582904,,3.739901,5.006585,2.175081,-0.823626,-0.939464,5.029825,2.071998,3.735631,2.950617,3.873822,3.28022,3.015503,2.13377,2.437016,2.803134,2.802263,2.163425,3.502456,2.351256,,0.591704,2.597999,3.476471,2.576894,3.783048,,,-3.603852,-0.725137,4.846006,5.05115,3.106512,2.325988,5.40476,3.75989,5.05345,4.569897,3.676247,4.757172,4.022716,4.657251,4.412498,2.94882,5.350203,5.200931,0.852116,-3.127038,2.412575,4.859628,4.905463,5.104864,4.597786,4.895587,4.668511,4.437338,2.411782,5.315357,2.988219,5.117005,5.36439,4.087037,0.935245,1.183773,1.487519,0.044246,0.3567,-2.287411,1.348465,-3.550264,,-4.342682,1.155381,-4.898645,-5.020771,-1.092092,2.240536,2.434652,1.312992,-0.619191,1.50394,0.026193,4.666428,5.098672,4.708972,3.982522,3.229181,4.460327,3.077884,4.796416,3.948245,,,0.882751,0.14279,3.105884,3.316913,0.731112,0.315128,0.750007,1.924705,3.783651,3.382527,4.185864,5.174026,4.541048,4.165101,4.919872,5.199552,5.409097,3.872254,3.193508,5.308137,5.307082,4.098931,5.409097,,5.657539,4.215277,5.122315,4.670761,4.787564,5.190034,3.104135,5.23495,4.386721,5.236014,3.769597,5.265761,4.5136,4.989217,4.239102,3.952422,5.320832,3.896573,2.905133,,-4.375922
ACH-000515,-5.829953,4.736038,2.342501,2.821507,-1.32741,2.44683,-0.005921,-4.788283,0.705141,4.259708,4.704593,3.183203,2.035798,4.826495,0.811788,5.190865,4.613086,4.100029,5.401236,3.806239,2.860567,3.918004,5.342327,0.839829,5.347128,2.8031,2.447895,1.618915,3.137414,1.01346,2.917261,,2.883236,2.698303,2.338302,0.652507,0.231941,4.132327,1.875806,3.929133,4.312616,4.405306,3.712717,3.075925,3.558567,2.48784,2.926393,2.261169,3.016947,3.643622,2.382671,,-0.056049,1.248823,2.843298,2.787223,3.224204,,,-4.527514,-1.219553,4.531486,4.955115,2.767747,1.632768,5.295168,3.847966,1.066038,4.150874,1.602041,4.720533,2.380897,5.049908,2.06596,1.002956,1.973741,4.294145,0.956246,-3.276582,2.269661,4.782519,4.854859,4.858432,4.685078,3.463251,3.596319,5.872858,2.232341,5.017569,2.50717,5.554813,5.214455,3.05813,-0.33338,0.224966,1.897037,0.54412,0.543505,-1.098404,1.765508,-4.146275,,-4.668903,1.087144,-4.615963,-5.512285,-0.53164,2.056,1.878548,1.148081,-0.989134,1.094128,-0.352668,5.325437,3.608379,4.504578,3.467235,3.995162,3.941702,1.544877,4.774344,4.765609,,,-0.270625,0.928,3.377512,3.924398,0.374165,-0.787677,0.364165,2.558999,1.384986,5.130161,3.335425,2.623731,4.215036,3.575455,4.5484,4.374173,4.522966,4.110837,4.595209,3.790964,5.321499,5.129871,5.18923,,6.639741,3.993415,4.025954,3.164057,5.203108,4.171187,3.228134,5.530351,4.972294,3.430276,4.82921,5.550946,5.0313,1.906343,3.257489,1.805401,3.786505,3.485317,2.764242,,-5.63564
ACH-000112,-5.552529,2.969764,1.563637,1.964047,-3.518444,0.089524,-2.291029,-4.259792,0.62435,3.845989,2.563382,2.736683,0.886113,1.836467,0.113265,-0.907932,2.552777,3.883231,2.67537,1.735574,1.704924,2.203401,2.370319,1.232638,-0.110789,1.320111,1.308455,0.834939,2.081867,0.727587,1.624268,,0.589231,2.07881,2.079169,1.575272,0.376677,3.791805,1.836062,2.251939,2.437957,2.416817,2.602188,2.769184,2.284433,0.332284,0.208174,-0.20382,-0.65443,1.259989,,,-2.13196,0.961847,,0.772626,1.07037,,,-5.478849,-1.179923,2.464471,3.556833,1.581121,-0.381003,2.009683,1.446656,2.276538,3.575232,2.045349,2.41997,1.956783,3.225925,1.406133,-0.004478,2.608404,3.439321,-0.744806,-3.978838,1.818731,2.189427,3.812727,2.997575,3.66981,2.798415,2.339205,2.732809,1.466698,3.878456,1.508296,3.883706,3.883706,2.050224,-1.566579,-0.434121,0.975281,-0.623855,-0.628401,-2.721741,0.578684,-3.513267,,-5.174181,0.618152,-5.236816,-5.402247,-2.376432,1.125871,0.65051,-0.647514,-1.917302,0.300752,-0.482085,3.348716,2.806346,-1.22126,0.710511,2.850766,3.210339,-0.885325,2.960956,2.630832,,,-0.633646,-3.5002,-3.605338,1.728655,-2.917317,-1.748802,-0.791738,1.022205,1.704974,3.483744,2.534891,2.949198,2.361529,2.554423,2.235751,3.877619,3.854625,2.507221,2.4481,0.181595,3.844945,2.735013,3.709794,,4.403264,3.852679,3.863156,2.864558,3.805761,3.546626,1.581053,3.883476,3.796936,3.320135,3.883695,3.883705,3.154498,2.325204,3.359758,1.817735,2.852947,2.978904,1.167373,,0.69821
ACH-000525,-5.54583,1.829961,2.143511,2.582131,-2.416827,0.801924,-0.417989,-4.631561,1.119044,4.041511,3.122773,4.024125,1.344213,3.580253,-0.481532,2.067413,3.768091,3.963205,3.889055,2.224211,2.129485,3.459497,3.595141,1.741662,3.171292,2.68649,3.34708,2.035141,2.83713,1.088641,1.791428,,2.487616,-2.400664,0.194753,-1.260956,-1.835126,4.142299,1.850981,3.571336,2.883844,3.721408,1.374456,0.36981,-1.458289,-0.786634,0.997446,0.094141,0.849672,1.627208,-0.247513,,-2.79043,-0.159891,1.654749,2.336217,2.731919,,,-5.527283,-1.975435,3.5894,3.681518,2.036732,0.793153,3.732498,2.701141,2.63902,3.012483,-0.311787,1.776933,0.264277,3.318766,1.023068,1.594365,3.462133,2.995531,-0.378173,-3.785006,2.281052,2.50898,3.578241,3.278894,4.415437,2.685617,3.034571,3.388372,1.965154,3.658724,1.524725,4.341141,4.194524,2.831244,-0.165355,-0.331171,0.971168,-0.470701,-0.420121,-4.354458,0.677336,-3.727433,,-5.427479,1.06216,-4.677202,-6.857392,-1.828028,1.847644,2.17575,0.47523,0.161496,0.375927,-0.254234,3.731671,3.662319,3.590183,2.787718,3.984179,3.013852,-0.870913,2.813666,2.882375,,,-0.862071,-3.968391,,0.701159,-4.039119,-0.107969,-0.079113,1.565088,1.888368,3.594483,3.448455,4.272523,3.484749,3.156332,4.326389,4.010944,3.865386,1.565405,3.15556,3.958107,4.06444,4.341328,4.341357,,5.358842,4.332561,3.690813,3.586092,3.971616,4.289713,1.863092,4.261409,3.971825,3.119967,3.232358,3.864894,3.682245,0.747882,1.830241,1.892228,4.045162,2.068889,1.797875,,1.249506
ACH-000156,-6.446956,2.723316,1.989367,2.719014,-1.284159,2.539648,1.616188,-3.223717,0.963515,4.092148,4.191914,4.854527,1.116889,1.939143,-0.18666,2.017347,1.72957,2.116575,2.156228,0.718306,0.170502,4.099468,2.347598,2.38354,4.358575,3.20597,4.090322,1.292986,2.516886,0.556717,2.536108,,3.677599,2.938911,-1.542837,-2.167971,-2.085227,1.160664,-6.156474,3.9968,3.470125,3.394874,2.159607,2.305264,0.329189,0.747371,1.324222,0.854037,1.206444,2.04882,1.480592,,-1.537406,0.738781,3.550818,2.451208,1.95547,,,-5.517813,-1.228175,4.539863,5.185972,3.115676,-0.213785,3.615082,3.792427,1.344191,2.360928,-1.096319,0.011435,-1.423495,4.531699,1.3704,1.141045,3.233018,3.745359,0.465421,-3.808366,-0.101893,3.731567,3.917342,3.818889,4.73297,4.56033,5.160897,4.340068,2.539347,4.799896,2.879415,4.72256,4.776891,2.873089,-0.926917,1.425349,1.123582,0.367739,0.853382,1.77186,2.746469,-1.531884,,-4.20261,1.228169,-4.031007,-4.792558,-1.33522,1.453856,2.35274,0.958524,-0.218531,1.514585,0.490357,0.810161,1.243291,2.653156,1.854302,3.016126,0.760698,-0.804641,0.700461,1.169157,,,-2.961442,-4.779229,-4.085174,-0.461131,-4.358815,-0.595494,0.308067,1.842861,1.986475,2.221768,3.12047,4.289692,3.767321,3.541718,4.772722,4.657572,4.697373,2.116066,2.629872,5.288962,3.706794,5.020527,5.418261,,4.802847,1.772892,4.744207,3.169687,5.39026,4.681889,3.097753,4.117671,3.920069,3.734721,1.606127,5.349966,3.985075,1.653514,3.364626,2.052478,3.304969,2.782853,2.429166,,-5.635475
ACH-000371,-6.161303,3.094156,4.712733,3.174533,0.440187,1.891383,2.812261,-3.015658,1.298629,3.720253,4.893997,3.453083,1.987801,2.169886,-0.66805,2.173091,1.456834,4.491484,2.261089,4.009544,2.239966,3.788897,4.983534,1.875626,,3.369458,1.11459,-0.496384,3.946356,1.241757,2.771104,,3.256542,3.926133,-3.532444,-1.629449,-0.389073,1.423911,-5.080221,4.060445,3.551837,3.127212,0.582083,3.842185,2.096536,1.056505,1.50914,0.468792,1.986083,3.001879,-2.361495,,-3.2507,-0.571491,0.713297,,2.101399,,,-5.547991,-2.647892,1.806266,4.639471,2.598947,1.849092,2.88289,2.416503,1.526244,2.856092,-0.916922,0.929695,-0.731846,1.29983,2.028285,1.772264,2.618373,3.028176,-0.335804,-3.968889,1.89001,4.42721,4.04376,3.946406,3.888302,3.722447,3.984873,2.424535,2.676339,4.646694,2.644209,4.982091,4.972468,2.76435,-1.63081,-0.442572,2.473086,-0.355907,2.320319,-2.629428,1.859624,-4.160291,,-5.802949,-0.250489,-6.722824,-6.199384,-1.511511,2.895268,4.359789,1.488046,0.240556,-0.535863,-0.468931,4.968341,2.69132,0.802263,3.347756,3.176011,1.916135,-1.914421,2.778691,3.191927,,,-3.648971,-3.712378,-5.067463,0.702149,-3.56785,-0.302959,0.721836,1.54111,2.280927,3.788167,-0.542045,4.180023,4.774487,2.99901,1.434764,3.835929,4.402715,1.989299,3.886483,4.690382,4.570044,4.619523,4.983534,,6.082146,3.309185,2.280278,3.415938,4.983534,4.98141,2.664637,4.474465,3.186587,3.820885,2.599754,4.982323,4.783877,2.641593,3.860907,1.818109,4.543814,3.398445,1.686949,,-4.904588
ACH-000947,-5.531627,2.332195,1.708763,2.084267,2.548175,4.249411,1.66273,-0.312197,1.145023,3.758596,5.859755,5.622111,1.85015,5.901969,-0.842557,2.778183,2.637312,4.36024,5.612973,3.373818,1.155043,4.684046,4.987979,2.291687,4.677968,4.292531,5.856652,1.367474,5.43559,5.304968,4.617681,,3.852867,3.148521,3.040617,4.689557,2.318063,4.823111,2.773453,2.384394,2.301967,3.023653,2.94556,4.679464,1.746345,1.885497,2.35395,2.722632,0.805708,0.950732,2.199863,,-1.457386,-0.137666,5.901969,4.292531,4.285148,-0.464641,,-5.441198,-1.584527,5.760174,5.440718,3.494515,2.256462,5.901969,4.292531,2.779158,4.502257,2.660417,5.585337,3.969227,6.133424,5.652537,2.854579,3.962156,6.765341,3.548099,-4.129942,2.700535,5.166316,3.978398,3.013813,4.97144,4.663732,4.484884,3.918724,2.713698,5.924561,3.743471,6.080658,6.288895,3.858432,-0.865299,-0.853117,3.496134,1.693697,2.460804,1.301062,2.310829,-1.753191,,-4.299615,1.737036,-3.031152,-4.213516,1.81304,3.052916,2.345873,1.138124,0.804426,1.301233,1.358424,4.102391,3.91449,4.879929,4.176986,2.103283,1.733698,0.371758,4.238495,4.296298,,,-2.31748,-2.495342,-2.392408,1.338778,-2.682006,3.085771,2.071072,1.432515,3.013736,4.245045,3.908537,5.681748,4.68148,5.652854,5.532011,5.637316,5.901969,2.877265,4.562723,5.900771,5.862183,5.901969,5.901969,,5.246159,5.736026,5.923138,5.127376,3.857402,4.839789,3.596934,5.899666,5.762961,5.204528,4.01577,5.270313,5.035108,2.983744,4.224871,2.648927,5.858865,5.358043,1.672803,,-0.605506
ACH-000504,-2.987943,2.773226,5.334258,5.19807,4.720608,3.127221,2.660553,-0.310156,2.420777,4.996718,4.59797,4.672833,3.240715,6.236447,0.114721,3.223247,4.298754,5.336511,3.540459,3.255677,1.388059,3.582587,4.740111,2.123077,4.806191,3.766363,3.594374,1.547359,5.188139,3.63132,4.747912,,4.119401,4.469452,4.451435,4.336232,3.752666,5.757207,3.034026,3.386437,3.874545,6.219918,2.197167,2.694607,1.86662,0.722735,3.476992,2.564594,2.417954,2.964085,-0.677945,,-2.31135,0.374718,3.007978,-0.27914,2.308867,,,-4.731484,-1.473295,3.606371,5.004348,3.775662,3.069904,6.193921,4.332436,3.365504,5.929972,3.566555,4.669612,2.931408,2.47958,3.47395,5.532532,4.289567,5.352105,0.810905,-3.723964,5.350205,5.623852,6.170894,4.66755,6.306171,5.909503,5.599601,5.596246,3.706604,6.082256,3.67408,5.832041,6.236447,3.055544,0.925773,1.287942,2.790887,0.928348,2.278787,2.130669,4.716468,0.117933,,-3.9659,2.675806,-1.914721,-4.925924,1.623422,5.482797,5.116076,2.999911,0.867214,2.673252,1.669585,4.757574,4.163537,4.729086,4.519757,4.404974,4.076229,3.311842,4.069492,4.354978,,,-0.727812,-2.786002,-0.828589,2.892039,-1.922226,4.536882,2.951264,3.19059,6.051877,5.074605,5.240695,4.559422,3.434312,5.240366,4.00736,4.511785,5.71356,2.387683,3.788643,5.250946,6.094531,5.740581,6.174057,,5.706229,5.316347,6.124732,5.91266,5.888673,6.048966,3.930609,6.118267,5.4249,4.687533,5.996756,6.215553,5.421588,4.583005,5.80785,1.911664,3.001433,3.10973,2.48284,,-3.069203
ACH-000376,-4.389154,3.036316,4.049573,4.417523,1.792121,2.685274,1.633758,-1.970963,3.36145,4.320635,4.569549,5.554096,2.040755,5.24483,-1.169413,3.251009,4.754092,4.926294,4.494365,3.988249,2.022483,4.302825,4.961808,1.99294,5.466808,3.607104,3.976081,1.613572,5.275908,3.036488,3.379116,,3.279131,3.83191,2.640474,3.89159,2.96479,4.211496,5.757029,3.692784,3.8314,5.572641,1.931502,3.913322,2.4186,1.879262,1.980059,2.219524,0.71041,2.623555,-1.820721,,-2.528354,-0.26284,2.916522,3.114758,4.097934,,,-5.406081,-1.817217,4.303317,3.762651,3.126295,2.8475,5.815021,4.229857,4.953073,5.220752,2.567878,3.690656,3.157871,4.609989,4.379193,3.919653,4.614917,4.20415,1.885387,-3.040812,3.046653,4.861347,5.108223,4.618639,5.273063,5.815903,3.920854,4.421317,3.531658,5.60281,3.168015,5.769291,5.845837,4.481331,0.585876,0.700141,2.689162,0.534657,1.525344,0.446286,2.688205,-0.747416,,-2.277875,1.775048,-2.421457,-4.088367,0.975417,1.793217,4.066639,1.563326,0.084248,1.257753,0.990265,5.501253,3.007023,3.139412,3.978456,4.105856,3.114747,0.440193,3.524255,3.660534,,,-1.185875,-4.133562,-3.236346,1.652588,-4.145388,1.901879,1.653599,1.840588,4.647119,5.387871,3.719551,3.72183,3.222884,3.534912,4.77608,4.877585,5.845837,2.974838,3.47965,4.095599,5.651462,5.656942,5.845837,,6.191127,4.549726,5.81099,5.479631,4.499538,5.710412,3.543252,4.72949,3.492202,4.639244,5.153238,5.818588,5.845837,4.298247,5.78175,2.427134,5.007376,5.229097,2.95411,,-3.968971
ACH-000609,-4.41769,3.228376,2.929081,3.072804,1.571595,1.047409,2.005377,-4.856982,1.128008,4.919698,3.537881,3.64714,1.870629,4.263039,-0.093202,2.910139,2.460819,3.462409,2.721908,1.800103,0.75815,3.628755,4.973914,2.646844,4.277363,2.834051,3.462716,0.769069,3.727246,2.974264,2.405474,,3.045922,3.093445,1.914843,1.857258,1.684512,4.122388,4.834049,4.897598,3.279644,4.864233,2.398276,2.4384,1.003624,0.113848,2.549253,1.714491,1.106958,2.702151,-1.30442,,-2.888722,0.820094,2.177852,0.479511,2.699543,,,-5.210018,-1.311853,3.080343,4.8881,3.065638,2.287589,4.618515,3.507267,2.33142,4.700898,2.763281,2.248814,2.092843,2.556345,2.539789,2.966925,4.185453,1.755612,0.52662,-3.473546,3.220897,3.982126,5.367528,4.745578,5.474973,5.267922,3.82596,4.113025,2.868001,5.221529,2.742366,5.310083,5.367578,5.306381,-0.538634,0.518189,2.893477,0.969603,1.001471,0.95996,1.871972,-2.073386,,-3.427961,1.272626,-2.937428,-5.067891,-0.598702,4.675076,4.09019,1.49052,0.696964,0.928237,0.810328,4.259802,2.896991,4.083773,3.845526,2.99376,2.971905,-1.545633,2.857526,3.680493,,,-1.097907,-4.497657,-3.671029,0.756725,-3.485832,1.594629,1.410143,2.138979,5.204951,4.926198,2.816618,3.73534,3.759446,3.779058,5.151502,3.446046,4.702065,1.5181,3.805906,4.670149,5.113461,5.055851,5.368223,,5.528827,5.349094,4.52741,4.344973,5.094477,4.731808,3.065638,5.368101,4.328079,5.083588,4.974759,5.363084,5.238844,4.542632,5.122908,3.378018,2.392061,3.64902,1.874635,,-4.736249
ACH-000772,-3.167596,3.165944,1.865134,3.011339,0.057595,2.491926,2.248325,-4.425863,0.334685,4.357929,4.780265,4.590994,2.492576,5.60088,-0.406373,4.698,4.116258,4.14816,5.522781,4.742244,2.710096,3.215593,4.528469,1.868364,3.160451,3.457268,4.335184,1.545406,4.946747,2.982788,2.87441,,4.383346,4.960947,0.688722,0.572266,0.725338,4.713902,1.989629,2.706176,2.517508,5.201148,2.103908,1.81375,1.352424,0.005581,3.112691,1.617153,2.126052,2.837081,0.826623,,-2.099867,-0.086581,2.26195,2.830095,3.856622,,,-5.237898,-1.46822,4.624753,4.774977,3.268842,2.200573,5.59973,3.991442,1.795483,4.310666,3.16365,3.921806,4.737733,3.060634,1.797014,3.974893,3.154956,4.491956,1.619571,-4.860805,1.533804,2.890322,4.65657,4.815594,4.792664,5.398698,3.881092,4.235721,3.295275,5.458746,2.600458,5.540932,5.464755,3.988276,-0.719201,-0.26363,1.275921,-0.213272,1.05986,0.955452,2.753312,-0.739429,,-3.493605,1.82672,-3.401209,-4.90898,0.559165,2.087941,2.947808,2.611786,0.408013,2.350337,0.093968,0.854535,3.594197,4.423764,4.120186,3.509218,2.189217,0.383048,2.79436,3.288036,,,-2.302039,-4.430343,-2.227516,0.894394,-3.177591,0.273909,0.990065,2.007898,2.549195,3.741202,4.048165,3.769773,4.071903,3.441424,4.544967,4.610378,5.210673,2.876739,3.798184,3.708525,5.519713,5.120455,5.521114,,5.971305,4.978014,4.850821,4.842143,5.349783,4.957857,3.117698,4.63806,4.153068,4.497133,2.889338,5.486094,4.500009,1.406846,2.96493,1.960532,3.567519,3.117078,2.692062,,-5.052266
ACH-000394,-4.469378,2.752173,5.335639,2.563195,-0.877751,1.374498,-0.052767,-2.39073,1.494371,5.648639,4.664598,5.481401,2.542623,5.675112,1.599197,2.948436,3.985853,5.601928,5.389211,4.715566,3.11977,3.900673,4.192619,3.204794,3.475878,3.77674,4.38589,2.99303,4.560037,5.061422,2.643811,,3.460903,5.168469,4.188387,2.410894,2.267842,5.421254,3.172121,5.025268,2.404384,3.361125,2.542648,4.821767,2.440392,2.012597,2.697174,2.352361,2.895978,4.297458,0.823177,,-1.015331,1.577589,2.112092,2.007851,3.262623,,,-4.879742,-1.523711,3.423247,4.538434,3.354785,2.732252,5.731852,4.118968,3.087659,3.774253,1.726495,2.758272,2.001911,3.283609,2.427769,3.024082,5.143551,5.84683,1.26251,-2.683471,1.564947,2.544541,3.960896,3.714881,4.264993,4.574092,3.311056,3.947401,2.17437,5.247469,2.739144,5.627352,5.73127,3.710388,0.471011,0.216804,1.817218,0.391223,0.694584,-1.245004,1.294232,-2.772478,,-3.616131,1.6768,-3.476823,-4.636158,-0.0375,3.567735,5.55283,3.947045,1.392845,1.433835,0.825785,5.272982,5.055145,4.815813,4.192976,4.061932,2.395312,1.268581,2.311751,3.332455,,,-0.691165,-4.781872,-1.649639,0.382119,-4.028116,-0.208279,0.618163,1.168412,2.062135,5.389983,3.718846,5.578651,4.615997,5.578957,4.138855,5.125194,5.731852,3.074428,2.494198,4.120423,5.680908,4.874864,5.115181,,6.202163,5.399591,5.217147,5.319746,4.694089,5.52461,3.429267,4.929472,5.060494,4.298047,4.754716,5.377903,5.313318,3.400752,4.74811,1.954659,5.013759,5.029006,2.141203,,-1.797744
ACH-000922,-5.809816,0.008413,2.85575,1.572347,-3.013635,-0.014291,-1.166029,-3.846714,1.306485,2.879691,3.65831,4.053528,1.210341,1.047992,-0.239962,2.293888,3.353925,3.174509,4.108716,2.984892,1.549122,2.679962,2.724848,1.621463,2.341092,2.590722,-0.123413,1.384889,2.912082,0.67061,2.249012,,3.234739,3.608196,1.185941,0.294536,0.411497,3.221791,0.801961,2.71513,2.541062,2.551845,-0.593027,0.149222,-3.722821,-2.674683,0.18066,-1.921589,0.282435,1.169912,-5.593482,,-4.177244,-1.816003,2.187939,-3.490114,0.376339,,,-5.026224,-0.681252,2.386706,3.221635,1.592627,0.785385,1.77292,1.952408,2.620969,1.661278,-0.789176,0.252437,0.397062,2.205659,-0.44087,-0.490572,2.524088,3.130093,-0.566957,-4.481419,1.346819,3.668666,2.349214,3.061046,3.046746,4.210969,1.604625,3.003009,2.021738,4.293549,1.761922,2.885869,4.229102,1.430595,-0.21647,1.453669,0.569929,-0.507823,0.082739,-3.164519,0.389581,-3.561899,,-5.225919,0.435831,-5.535563,-6.014155,-2.799606,-0.300121,0.748365,-0.604151,-2.334513,-0.125607,-1.455705,0.323982,2.48722,-1.404378,0.641119,1.8827,0.904651,-1.15523,0.699033,1.269755,,,-4.476952,-5.753025,-4.491596,0.053314,-4.79445,-1.737767,-0.503889,0.403175,1.927331,3.350379,3.147442,3.273192,2.378413,3.545372,4.337663,4.01432,2.789719,1.346853,2.884577,3.654092,4.221869,3.712039,4.337663,,3.40477,4.332345,4.262147,3.63205,3.221635,3.880098,2.034788,3.601885,4.040389,-0.070249,2.052921,4.334913,3.973175,1.88719,2.927861,1.767948,2.69756,1.486734,1.619948,,-7.839971
ACH-000056,-5.268008,1.178047,1.862098,1.219106,-3.595473,0.486752,-0.497364,-4.812188,1.051588,2.736904,2.690484,3.26805,0.367291,1.140244,-0.406637,2.218588,2.233804,3.362457,3.042776,2.080536,0.752068,2.359803,2.308017,0.502612,2.418448,1.722864,0.551921,1.060435,1.409511,0.673465,1.709425,,3.289598,2.753979,-3.531426,-2.433576,-2.620295,2.919794,1.195575,1.381463,2.134595,2.341413,0.314234,1.858803,-0.189236,-1.24613,-1.838625,-1.381941,-1.111872,-0.573288,-7.200135,,-4.249101,-1.566794,1.945961,-4.380556,-0.791665,1.016123,,-5.776978,-1.964112,3.365855,2.997743,0.795363,0.367291,2.761367,1.727612,0.586982,2.567344,-0.430473,1.031243,-0.392593,2.70668,0.645858,1.5221,1.749265,0.933303,-0.594338,-4.547833,1.744347,2.831678,2.991426,2.479789,3.350394,2.154053,2.160933,2.655412,1.173179,3.303765,0.877867,3.18525,3.345837,1.548659,,-0.423618,0.708998,-0.480208,-0.527676,-3.683567,0.31622,-3.4526,,-6.100019,-0.436969,-5.990089,-6.140003,-2.741061,1.801314,2.177051,0.45682,-2.181969,0.244344,-0.395105,-0.387776,1.455491,-0.882653,1.27029,1.478038,1.404024,-1.521279,0.601135,0.248688,,,-4.532468,-5.225114,-4.328464,-0.92272,-5.626423,0.25489,-1.303622,0.976353,1.801395,3.358206,3.362803,3.196633,2.540405,2.902748,3.250783,2.84171,3.363014,0.731164,1.972933,1.832903,2.625546,3.27195,3.36226,,3.872097,3.251175,3.475777,3.443859,3.363022,2.956935,0.766705,2.980971,3.112176,3.148207,3.338189,2.33582,2.510856,1.812488,3.074612,1.830925,2.811557,1.745553,1.044027,,-6.603758
ACH-000196,-6.693,3.554992,5.80251,4.462882,2.771095,3.797371,3.093917,-2.151337,2.657056,5.04522,6.016186,6.089265,2.213124,4.323615,1.23223,4.134689,5.910094,5.737597,5.929044,5.112648,3.873722,4.04066,6.69109,3.04754,5.094605,4.4035,2.21653,1.961699,3.304676,2.423865,2.611641,,4.245613,4.930279,3.556234,5.09726,2.809397,5.488327,1.812931,4.236544,5.185845,6.0215,4.359388,1.940255,1.455252,0.62828,1.944021,2.246145,1.762857,3.617055,3.630041,0.421742,-1.10293,1.127868,3.679532,3.753062,3.533708,,,-4.680341,-0.912319,4.475638,4.011464,3.648062,2.551982,5.310879,4.357231,3.527801,3.728064,1.482507,1.381587,0.845547,2.795482,2.551132,2.714998,2.502592,4.82899,1.496115,-1.59928,2.186061,5.275845,4.902048,5.340912,5.011988,5.024198,3.442938,4.747668,3.735917,6.012924,3.294778,6.084851,6.012721,3.344839,-1.20673,-0.470988,2.134584,1.352886,3.197227,3.404585,3.281467,-4.239346,,-3.198605,2.078414,-5.181543,-3.618322,1.857675,0.867018,3.602778,0.678425,-1.248061,0.430046,-0.373221,5.165578,6.086222,4.598085,5.57569,5.314777,2.663989,1.079397,3.389948,4.610141,2.386027,,-1.086919,-3.797697,-3.174763,1.605497,-3.246914,-0.329985,0.094574,2.685021,3.104869,5.570319,2.54106,5.420038,6.005205,4.465,4.492306,5.003878,5.479155,3.306557,5.311893,5.670342,5.831025,5.858543,6.012446,,7.334523,2.359763,5.724201,5.739255,4.956727,4.849484,3.614203,5.916484,6.041663,5.449517,4.50406,5.55693,4.997434,3.278941,1.695045,2.264043,4.707922,3.449863,2.950544,,-4.563219
ACH-000287,-6.002055,0.937448,1.706003,0.284158,-2.160858,2.68443,1.360188,-3.976287,0.261198,1.684466,3.968683,3.401393,1.693791,4.665793,0.18428,2.199149,1.704167,2.621476,2.672815,1.509221,0.706604,3.230741,3.423657,2.093852,2.994776,2.826808,0.38299,0.971714,0.833586,0.574588,2.343309,,3.29276,2.677231,2.443204,1.753289,2.0042,4.060237,1.388375,3.946382,3.685578,3.55801,-0.189017,1.82756,-2.554311,-1.730113,-0.436551,-0.918917,-0.49977,-0.073449,,,-2.85801,-0.291973,2.573092,-2.99629,-0.001265,,,-6.41809,-1.456185,4.096235,4.566515,2.403578,1.706498,4.438072,2.296111,-0.473163,2.292292,-1.495451,-0.041288,-1.487204,2.434867,0.804319,-1.311095,1.644283,1.81161,-0.353932,-4.71028,1.537533,2.832915,3.908228,3.783254,3.465141,4.047346,3.330118,3.64186,1.971803,4.710962,2.40502,3.052337,4.711057,1.714383,-2.851293,-0.885012,1.157723,0.593485,0.711214,-2.95089,1.544826,-4.593255,,-5.488602,-0.231244,-5.910686,-6.423833,-2.5739,-0.541796,0.44973,-1.453065,-3.112692,-0.688172,-2.284881,2.668739,1.453149,0.984247,1.087841,2.245944,0.238593,-0.776669,0.943833,1.630364,,,-3.26094,-5.774431,-6.28216,-1.193868,-4.794345,-0.854657,0.022856,1.093496,1.762575,4.18901,2.761791,3.653833,3.449684,2.96915,4.149149,4.177214,2.137705,0.630034,2.136279,3.732403,3.810093,4.438072,4.438072,,4.38586,1.652622,2.685046,2.77552,4.275021,3.715031,2.135487,4.438063,4.007301,0.97243,2.711957,3.509829,1.989483,2.636677,3.355924,1.690257,3.100345,2.653589,2.134255,,-6.260943
ACH-000365,-5.69415,2.175618,1.314506,2.81939,1.653188,1.766833,0.043418,-3.069944,1.398264,2.76416,4.393501,4.176873,1.397769,1.333222,-0.1215,1.166473,2.245484,2.836972,3.73823,2.986798,1.362742,3.665901,3.129371,2.075718,2.756549,2.735719,1.167174,1.387361,2.572244,1.226463,2.023183,,2.778628,4.063887,0.769859,0.085498,0.353508,3.369805,1.362607,3.699955,3.424735,2.96071,1.459602,2.568319,1.264825,0.04162,-0.545696,0.201264,-0.808983,-0.092731,-0.198691,,-2.626443,0.543626,1.196592,-2.52194,0.572473,,,-6.327872,-1.991491,3.695968,3.328858,2.090916,0.609985,2.254338,2.645286,1.954177,3.187742,0.515063,1.222599,0.853493,1.883251,-0.062761,1.114661,3.033837,3.767844,-0.292021,-4.720476,1.449637,2.235614,2.963208,3.467786,3.780039,3.388961,2.395223,3.226311,0.824086,4.393501,2.089562,3.356199,4.393501,0.861342,-3.070587,-0.465907,1.858875,0.370044,0.987109,-0.109357,2.132948,-3.516114,,-4.967285,0.573431,-5.501886,-5.441515,-1.772226,1.361089,1.938346,0.853783,-1.031325,0.478601,-0.807671,4.154616,3.089577,1.179931,1.525072,3.634592,2.02584,-1.840592,2.589845,3.364394,,,-3.364717,-5.127845,-5.161937,0.352238,-4.221698,0.098358,0.65222,1.14238,4.154427,4.182288,3.168889,4.214578,4.159335,4.382741,3.91671,4.385017,4.393501,2.171948,3.694712,2.405181,4.361731,4.287958,4.393501,,3.337333,4.138561,3.213771,3.237925,4.210029,3.48057,2.090916,3.919927,4.337846,2.489848,3.287237,4.367746,3.503095,2.72171,2.258948,1.770774,4.39232,2.617376,2.068596,,-5.738254
ACH-000357,-6.147745,2.357895,2.833433,2.576467,0.000779,1.907441,0.959267,-4.587065,1.33734,2.627825,4.544181,4.289401,1.434324,0.895784,0.126722,2.684164,3.559231,3.97095,3.73243,3.291668,2.462701,3.049205,3.821192,1.80465,2.760466,2.323888,0.428741,1.133103,3.547606,0.991337,2.436206,,2.635365,3.287167,1.77096,0.919363,0.493665,4.606879,1.96817,2.867975,2.680528,3.212754,2.114456,2.207854,1.439071,-0.780071,2.293352,0.670438,0.991733,2.64206,0.1936,,-1.822222,-0.864723,2.184971,1.002814,1.112101,,,-5.529939,-1.925576,3.94465,3.092438,2.250399,1.506277,2.428381,3.038972,2.219144,2.875074,-0.236848,1.02216,0.321975,1.936167,1.032695,-0.535075,1.533027,2.811099,0.701684,-4.501151,1.478565,2.856286,3.125659,2.69034,3.734618,3.592554,2.791599,3.021168,1.877098,4.648569,0.960493,4.132681,4.627067,3.014704,-1.567891,-0.908976,1.439552,-0.374077,0.430673,,1.440694,-4.453609,,-5.332925,0.367541,-5.978028,-6.290251,-2.573099,-0.672158,1.365764,-0.507267,-2.136379,-0.759971,-2.043221,3.772562,2.891365,1.594366,0.612569,3.364345,1.787414,-0.524311,3.352854,3.045578,,,-1.017203,-5.210596,-4.484485,0.735325,-4.224733,-0.749932,0.095454,1.640264,1.779497,3.519937,1.571754,4.09721,2.829908,1.982024,3.335573,4.464959,3.26122,1.529831,3.918567,4.215174,4.57627,4.254362,4.017687,,4.123633,1.780668,3.899431,3.3108,4.648569,3.992264,2.265074,4.254273,4.008519,2.221647,3.077261,4.323245,3.755865,1.878501,3.830962,1.688643,3.136216,1.855871,0.763867,,-7.059998
ACH-000714,-4.673346,2.300938,4.365559,3.676438,-0.135457,1.683914,2.535635,-3.137117,0.795724,4.816465,4.756655,4.724252,2.200902,2.612845,-2.636273,2.235571,2.71641,3.247999,2.969943,2.59006,0.229535,4.412705,3.746256,1.906336,3.702881,3.45234,3.035705,1.57697,3.399197,0.905068,1.279185,,4.871807,3.919077,2.416635,2.457107,2.035447,4.808857,1.91683,4.678926,2.958497,4.695986,1.707671,0.002167,-1.534914,-0.927334,0.851809,-0.471256,0.529292,1.303655,-1.19678,,-3.399176,-1.440775,1.544414,1.012177,2.2058,,,-6.06325,-1.986601,3.737009,4.58539,2.84718,1.526754,3.309637,3.433169,1.315564,1.954787,-1.584205,-0.226055,-2.032167,2.803206,1.390998,2.244577,3.36453,4.024781,-0.621906,-4.698467,1.026308,2.608393,3.868835,3.398941,4.178489,3.631637,3.593543,3.621482,2.362023,4.941199,2.776701,5.331327,5.348809,3.521342,0.300087,0.07746,1.134341,-0.25696,1.414036,-0.818818,0.711762,-3.603272,,-5.416308,0.210413,-5.055349,-6.132273,-0.911041,2.13041,2.744913,1.386798,-1.04352,0.253919,-0.845319,4.697191,2.232003,2.469814,2.233081,2.404346,2.452778,-1.268675,3.846771,4.533075,,,-1.00466,-1.041422,0.431919,3.206304,-1.032094,0.019483,0.242664,1.340307,2.496339,3.95181,2.889039,3.890992,2.862622,1.898814,4.597079,4.907767,3.682915,1.827588,4.179834,4.547394,4.565147,4.600338,4.689214,,5.426017,4.06969,3.391323,3.187523,5.236188,5.172213,3.022118,5.070739,4.275301,4.208136,2.250282,4.859376,4.562958,0.263381,0.831424,0.624406,1.030729,1.092302,2.920701,,-5.595573
ACH-000369,-4.083529,2.677598,2.271152,1.071845,-1.821923,-0.160383,1.113112,-4.043246,1.339238,4.526483,3.642905,3.992481,1.618649,1.721667,-1.696915,1.515979,1.513044,2.39839,2.175476,0.297165,-0.84927,1.834823,2.695077,1.072318,1.605893,2.837156,3.231328,1.502673,4.02482,-0.063786,2.099082,,2.965916,2.271364,1.875503,0.869394,2.354036,4.032521,1.283857,2.774366,,2.963391,2.217478,1.275039,0.154963,-0.327302,2.06555,0.847651,0.930605,2.73002,1.173254,,-2.647859,0.031906,3.587151,1.377766,0.606017,,,-5.445915,-2.094868,3.642876,4.022172,2.59072,0.834683,2.215875,2.912285,1.949457,1.598996,-1.962075,-1.070569,-2.356683,2.04727,0.396904,2.024331,3.56713,3.783622,-0.771909,-4.068222,1.534198,3.916341,1.890559,0.299088,4.187527,3.769197,3.275699,3.018405,2.296717,4.890476,2.360669,4.59226,4.893306,2.798058,-2.15368,-0.73731,-0.002468,-3.749785,-0.495885,-2.313605,1.073889,-3.042827,,-4.764,-0.499234,-5.628873,-6.559307,-4.171697,0.353775,1.321685,0.301896,-1.474639,-0.08769,-1.808561,4.599908,2.298474,1.697044,3.16834,2.658335,2.928464,-0.99223,0.835651,2.02891,,,-1.350658,-4.989089,-4.830457,0.557325,-3.695419,-0.820932,0.418507,1.839266,1.906923,2.891281,3.586975,3.704195,3.346942,2.210886,3.360643,3.50373,3.531956,0.14864,2.3223,4.328529,3.482277,3.190157,4.599908,,2.862598,4.765191,4.029539,2.970744,4.617755,4.345177,2.297323,4.559028,4.597991,4.072596,1.447374,3.981546,4.182966,1.593621,3.605886,2.876963,0.757413,2.076449,0.064004,,-5.265288
ACH-000702,-4.263861,,,,,,,,,,,,,,-1.536694,2.777858,3.796219,5.005415,5.061865,2.906535,2.33381,4.009965,4.216011,2.164334,2.797573,3.451844,3.417389,2.157085,3.813251,0.539397,2.032812,2.08691,4.328508,-2.620206,2.50995,-1.528392,-2.664615,3.536008,1.093911,2.309568,2.713822,2.909463,2.111601,2.760068,1.789337,-0.007848,1.210059,2.359993,1.556042,1.693875,-0.775167,0.245182,-1.975246,-0.922698,2.517803,2.958961,1.546406,0.021922,1.695407,-5.532129,-1.80486,5.062588,2.898803,2.144978,1.980564,4.710495,3.215433,1.312959,3.330256,-1.555903,-0.872768,-2.552782,2.268275,1.384948,2.077055,1.389529,-0.259125,-2.943718,-3.86931,1.928439,3.367281,-1.701002,2.164608,4.359838,2.322218,2.092779,3.063162,2.563868,4.613627,0.584165,2.61761,4.146605,0.951993,-1.588381,-1.669494,0.846358,0.957172,3.050207,3.198476,2.661445,-0.915531,-2.680135,-2.4028,2.19037,-1.802409,-4.453682,-3.315201,1.277628,1.806593,1.07246,-0.872367,-0.039043,-1.103334,4.116811,4.121879,2.784494,3.608423,3.767355,2.531745,0.103862,3.363828,4.347193,3.065009,1.499237,-0.808965,-4.625548,-2.376758,1.99703,-2.452541,0.917423,-0.256138,2.07795,4.812678,5.054496,3.258832,4.496021,4.304781,5.012179,4.304603,5.066004,3.416781,2.815437,3.884328,3.273231,4.799563,4.57403,4.697867,4.17695,4.816169,4.161877,5.286171,4.052476,4.9317,4.53861,1.403549,3.636201,4.467181,3.59142,1.654623,2.205253,3.613574,2.585982,3.928513,1.841775,2.326381,3.426742,-3.166958,-0.497357,-4.019994
ACH-000981,-0.705383,,,,,,,,,,,,,,0.860076,2.408253,2.098224,3.058564,2.85181,1.565427,0.926409,4.426619,3.353662,1.899685,2.496893,2.02361,4.392061,2.08945,4.22965,0.91927,1.847423,1.515238,3.445472,-1.426139,1.147356,-1.20259,-1.95566,4.196842,-0.835782,2.947255,3.165281,3.175121,4.383866,3.717133,3.242433,2.513517,2.709795,2.992748,2.11184,3.67455,0.681974,0.723683,-1.146301,2.014995,1.7106,1.574004,1.371565,0.42847,0.603637,-5.78944,-2.092222,4.300861,3.610679,1.910136,1.39536,3.847703,2.615444,2.286084,3.30806,0.93176,2.062078,2.064827,2.816494,1.625426,1.568288,2.970335,2.43795,-0.06901,-3.925163,1.725282,3.309891,2.099212,3.055301,3.725244,2.924102,3.428082,3.204197,1.896343,4.351897,1.947678,4.338753,4.287342,1.770633,-1.29171,0.350783,1.399066,1.324,1.870183,2.864575,2.316012,-3.701577,-4.493847,-1.783577,1.830439,-3.075696,-3.145478,-1.612489,0.116563,1.362225,0.274239,-1.972115,0.106054,-0.708739,3.897974,2.664651,2.197559,2.250646,4.065201,2.814616,-0.482666,1.661553,2.683898,1.758998,-1.788667,-2.037758,-6.200154,-2.259837,0.004191,-4.247493,1.241206,0.397474,1.550455,3.951581,4.276407,4.287945,3.79257,2.791246,4.392065,3.816334,4.243014,4.380328,1.80629,2.324802,3.502933,4.204581,3.526868,4.188445,4.318411,4.761084,3.646037,4.453773,4.539416,4.024131,3.822911,1.553355,4.276195,4.039548,3.98504,2.766298,1.707556,2.232353,1.859503,3.448286,1.713607,3.130508,2.53339,-3.219644,-0.184952,-7.505013
ACH-000004,-1.83873,3.83721,3.876046,2.541509,1.441849,2.011093,2.759768,-3.873658,1.168082,4.373083,3.070563,3.764337,1.277448,1.043535,0.217353,2.47524,3.395692,4.213927,4.266376,2.94561,1.549934,3.103018,3.765882,1.690591,2.832938,2.442367,3.803914,1.743062,3.910589,1.830878,2.532252,,3.705608,0.162486,2.791771,0.727914,-0.098989,4.511036,4.464754,4.031677,2.898275,3.820743,4.372257,3.426936,4.241866,1.988692,3.792156,3.271386,2.702003,3.972406,0.472727,,-2.54546,1.206981,3.046639,2.165652,1.223188,1.18841,,-5.526198,-1.846089,3.744833,2.697512,1.108371,1.168598,2.228604,2.751303,2.840747,2.288104,-0.718532,1.439985,-0.090018,2.510442,2.055156,-0.014849,2.604943,3.869663,-0.45043,-3.721416,1.703818,4.18719,1.434941,2.635478,3.650549,3.053522,3.354435,3.72267,2.290308,4.305891,1.867207,4.457007,4.011434,4.373158,-1.540775,0.007884,1.63062,2.901355,2.134254,2.270216,2.380458,-2.490341,,-2.214539,2.033787,-2.338475,-4.054835,-0.851305,0.553272,0.905257,-0.401548,-1.444233,0.035601,-1.025868,4.287108,2.50108,1.188299,2.030058,2.462663,1.506568,-2.09157,1.954565,3.503609,,,-1.974206,-4.767978,-4.820891,1.118997,-3.978419,0.481834,-0.043489,1.859532,1.974511,4.167601,2.624115,4.37324,4.044609,2.989417,3.199606,3.671145,4.139366,1.688381,3.221512,3.815731,4.214052,4.367074,4.093971,,4.056126,3.277142,4.556531,3.648165,4.341508,4.371572,1.664763,4.373016,3.7717,4.372633,2.473141,3.187116,4.306699,3.816078,3.230307,1.947726,2.836276,2.660068,-2.372109,,-5.692192
ACH-000020,-5.9592,,,,,,,,,,,,,,,2.685285,3.007891,,,1.475047,1.693626,3.297305,3.453768,2.624014,1.333847,2.888525,4.771305,1.198909,4.672758,1.477677,3.937121,1.266117,2.805625,1.494713,-5.860585,-4.661258,2.998478,4.770787,0.273884,4.628667,,2.759101,2.247986,2.315633,2.929816,1.792237,1.754569,3.148109,2.085126,3.240826,,-0.771671,-1.027856,0.704432,1.882323,2.990227,,-0.637428,,-5.765229,-1.35711,3.799667,4.722639,0.51422,1.583191,2.382579,1.27549,2.725118,3.78569,,0.348764,-0.167644,3.006144,1.627783,-0.723008,0.743151,2.573535,1.207386,-3.866705,1.814332,3.439881,4.511495,1.654887,4.391749,3.72724,2.617764,3.268454,2.355983,4.762451,2.154391,3.944442,4.004077,3.353022,-2.998168,0.028914,-0.528275,0.727417,,-0.335918,1.370701,,-4.436566,-4.05856,1.474537,-4.719897,-4.352035,,1.420752,3.364972,0.252947,-0.792114,1.017646,-0.259629,2.184496,,2.485112,2.858749,1.658968,1.201371,-0.814001,1.786934,2.689229,0.691111,-1.553007,-2.717847,-5.819446,-3.558949,-0.012931,-4.896007,-0.703891,-0.178368,1.649091,1.760206,3.59874,4.771282,4.501466,,4.607276,3.55254,,2.844148,,,,,,,,3.837369,1.926947,5.05349,4.631267,3.031563,4.698125,2.011989,4.771229,4.755344,3.51237,2.59369,1.983726,1.759079,1.028394,2.824039,2.635283,2.773678,0.995747,-3.832687,,
ACH-000210,0.78307,,,,,,,,,,,,,,2.862351,2.728457,3.991149,4.549984,4.935063,3.041484,2.908792,3.738485,4.634236,3.122735,0.820327,3.33427,5.42257,1.400363,4.963687,1.658054,4.096961,1.305976,3.432026,3.017648,-0.885744,-0.821112,-0.081215,4.310847,3.955205,3.667388,2.703806,2.791132,3.85668,4.845284,5.103487,2.726501,4.538305,3.394334,3.32947,5.117059,1.212583,-0.868499,-2.832788,0.137537,3.214008,3.232793,2.881669,0.293791,0.59243,-4.68487,-0.873808,5.360617,5.091794,0.799504,2.123704,4.891962,2.740153,5.746492,5.112515,2.026691,2.931719,2.500417,4.214054,3.330348,3.498803,2.443949,4.441105,0.703659,-2.009348,1.996484,3.125769,3.421813,2.919818,4.085051,2.702659,2.76945,3.094063,2.689058,4.108841,2.268578,4.960803,4.38582,2.775182,-0.564876,0.495589,2.076084,-0.313348,1.20164,-1.51231,0.798373,-0.671725,-3.792454,-0.970084,0.984698,-1.991668,-3.892811,-1.191116,2.519695,3.279236,0.196303,-0.599873,1.428679,1.067561,1.206825,2.154443,2.31246,2.386925,2.526462,2.110534,-0.668175,1.850339,2.070026,1.191229,-2.347882,-1.421761,-6.447718,-3.502613,-1.653306,-5.044471,1.266749,0.961083,1.721537,4.595565,4.759028,4.424524,4.0351,5.569882,5.121868,5.11463,4.997339,5.121015,2.596913,3.416897,5.116538,4.416035,3.846849,5.121321,4.795457,6.301431,4.028657,4.285242,3.870702,4.475723,4.913323,2.514555,4.484312,3.699258,4.167411,4.847496,3.661059,3.731703,1.70706,4.136326,2.064793,5.044876,1.735366,-3.518229,,
ACH-000656,-5.430566,,,,,,,,,,,,,,1.84062,3.768795,3.231539,4.234041,4.234027,3.348252,1.048182,4.42597,4.234038,1.248125,0.990952,2.348364,4.233859,1.05487,3.913019,1.462637,4.343982,2.133759,2.999659,,0.663383,-0.159218,-1.355649,4.227245,1.850153,2.958618,4.233828,3.325864,3.611703,3.869368,2.859651,2.878481,4.022605,3.156394,3.776899,3.555156,1.931456,-0.692297,-0.536116,3.200567,1.706094,2.816069,2.435055,-1.450051,4.064283,-5.246222,-1.120392,4.233985,4.233119,0.842339,1.157959,2.900545,2.360697,2.312103,4.232179,0.139526,3.047176,2.044887,4.156591,4.135527,-0.035629,3.194417,3.792844,2.79346,-3.721444,1.895528,3.509363,4.037965,3.994586,3.335207,4.234041,3.897717,4.834399,1.924387,4.211147,1.858723,4.234033,4.108252,3.154218,-2.793201,-0.757315,2.425313,1.889926,1.743637,1.122293,1.79805,,-4.053271,-1.770998,2.550357,-3.103813,-3.861584,-0.605042,0.111335,1.670403,0.349715,-1.411614,-0.391245,-1.72976,4.415276,4.233259,2.679225,1.973159,4.310429,2.703009,-1.456055,1.352684,1.46325,0.842964,-2.395917,-2.613813,-7.076714,-3.751107,-0.089412,-4.594384,-0.4203,0.441022,1.800719,3.474794,4.212808,4.234013,4.120299,3.812024,4.227773,3.397254,4.234041,4.234004,3.237617,3.48,3.63245,3.313959,4.04295,4.209515,4.221894,3.203253,4.371344,4.403461,4.205651,2.312967,3.130296,2.116401,3.589081,4.234041,3.627881,4.234041,4.231919,3.267196,3.748082,3.214612,1.835621,2.655528,0.437532,-3.268249,,
ACH-000073,-5.394317,,,,,,,,,,,,,,2.182049,4.291138,4.873518,5.528436,5.29129,3.232414,2.5567,6.103688,3.791924,3.484167,4.585274,4.121965,5.755456,2.902569,5.568957,3.169209,5.792112,1.964148,3.381202,4.110727,-2.567233,-1.97319,-0.639971,5.758156,1.831857,5.128415,3.431533,3.886502,4.117912,5.611088,3.756013,3.347594,5.242274,4.70839,4.363345,5.150456,1.099224,0.924267,0.276574,2.54983,4.232713,2.635817,2.331915,0.119158,2.668874,-5.898039,-1.229649,5.74269,5.733449,2.29417,2.761853,4.767163,3.470719,6.425564,5.674657,4.793537,4.856214,5.713686,5.448946,3.88968,2.469905,5.733819,6.451875,4.001394,1.078622,5.280022,4.702578,5.470024,5.137149,4.203621,4.956695,5.677821,5.000449,2.717562,5.754081,3.37715,5.719522,5.691507,5.706927,0.068803,0.125311,4.578127,2.310802,1.759004,2.748502,3.254112,-0.923559,-3.962306,-3.492219,0.729794,-4.959263,-4.227501,-1.158391,0.980994,2.898195,0.311781,-0.661522,0.388952,-0.43612,2.153097,2.146486,3.718547,3.203083,2.410605,1.315829,-1.674835,3.67944,2.99781,1.282954,-1.952352,-2.678547,-6.279292,-2.655934,0.129795,-4.604787,4.077839,1.490421,2.115006,5.604432,5.585968,3.466566,5.096242,4.762693,5.56548,5.757981,5.209376,5.757062,3.769921,3.389358,5.272487,5.301392,4.539658,5.509454,3.780466,6.944606,4.892398,6.119649,4.896541,3.826919,5.756398,3.226112,5.641295,5.754664,4.152074,5.759497,5.756029,4.420375,4.272364,5.346397,3.776299,6.087621,3.004062,-2.505035,,
ACH-000227,-6.218951,,,,,,,,,,,,,,1.995153,,3.210182,3.174277,2.712927,1.103876,0.284583,6.231722,5.789521,3.355895,3.604471,4.384606,5.072816,2.394633,5.740335,2.289393,4.135696,2.324563,3.549483,4.34666,-3.193981,-3.090459,-1.424484,5.462977,1.624217,3.548768,3.811779,4.402434,4.63872,3.986407,1.92534,1.928274,4.071867,3.622088,3.598997,5.289756,2.662544,2.436922,-1.567581,0.808485,5.201138,4.698525,3.626735,1.346173,3.648255,-4.208063,-1.376121,4.989639,3.7264,3.17151,1.639938,6.000511,4.328022,3.022223,3.950893,2.351263,6.261647,6.277366,6.191724,2.923649,2.386542,3.109165,3.817125,2.227501,2.506226,3.080127,5.692228,4.080851,3.445806,4.878466,4.249998,3.849526,6.156516,2.959512,4.63663,3.267845,5.459665,4.64431,2.633701,0.412006,-0.516213,2.261048,0.890474,2.20106,0.569047,,-3.31382,-2.223415,-3.740455,2.715992,,-4.494791,-1.660831,0.209012,,-0.168007,-2.050372,0.720372,-1.058802,2.528026,3.282629,3.380005,,4.383056,3.309868,0.103615,2.863333,3.319523,1.760002,0.330176,-1.487692,,-2.363404,1.025275,-2.622223,1.14776,0.735272,3.172005,5.240595,,,5.120412,6.190374,5.746206,6.054663,5.639336,5.321954,5.848461,3.674341,5.266388,5.681518,6.277219,6.277366,6.086966,7.449668,5.082323,5.892022,5.317304,5.032932,6.169593,3.2516,6.145709,5.70863,4.327171,3.907072,5.51062,5.222479,1.42613,2.850905,2.441901,3.510653,2.388381,-1.024058,1.210871,
ACH-000149,-2.007879,,,,,,,,,,,,,,1.746412,3.065847,3.691856,4.0048,2.350327,2.29286,0.404849,4.531603,3.902619,1.993514,4.07551,3.717198,,1.799348,3.583076,1.532895,3.001678,2.231724,3.048684,2.695718,0.598713,-1.459662,2.424282,,,,4.016771,4.2411,2.667512,2.138582,0.719352,0.925914,,2.643927,1.7681,3.477322,1.847861,0.741509,-0.300821,0.130909,4.344156,2.290019,4.162804,-0.861035,1.008534,-4.529127,-1.660574,,,2.895442,2.411106,5.537362,3.649635,,4.519474,5.436577,,,,,,,,,,,4.779156,,,,,,,,,,,,4.121339,,-0.866928,1.08839,0.008591,0.662916,-3.253541,1.779383,-1.02085,-1.977767,-0.39089,1.729399,-3.671006,-4.260978,-0.824801,2.793494,3.796175,1.930439,0.36477,1.998103,0.802763,1.57518,3.410055,3.959893,2.344864,4.096427,3.21966,3.158118,,3.269989,2.00542,3.417101,-0.649839,-6.096549,-0.938662,1.329503,-4.349996,,2.003987,1.950999,3.367658,4.859965,3.89928,3.679374,4.771824,5.469557,4.814361,4.992281,4.313911,3.349249,3.181744,4.674259,5.302465,5.551834,5.772242,5.636269,6.908008,5.120082,5.772242,5.112952,5.270439,5.469483,3.097079,4.654351,3.567697,4.820494,5.415079,,3.60714,0.872284,2.761217,1.421589,3.648879,2.823648,3.019645,0.715871,-5.070958
ACH-000099,-0.233921,,,,,,,,,,,,,,3.465211,1.380787,1.46362,2.495883,1.379073,0.373039,-0.927385,5.461672,5.30856,3.0727,4.374032,3.441208,5.077576,0.952047,4.050638,1.871324,3.051007,2.319398,2.436507,1.16704,0.458937,-0.553651,0.3881,5.340958,4.235912,3.645326,3.16651,4.119192,3.29604,4.133012,1.584644,1.504823,4.141257,3.384183,1.867141,3.240883,2.054108,0.709317,-1.895103,-0.116734,4.068779,3.979935,3.797948,1.217453,2.322461,-5.441122,-1.651368,4.610727,5.195791,3.009338,,,,3.218024,,3.017064,4.038038,4.097015,5.358214,2.617993,2.322569,2.118802,3.105458,0.908053,-1.403579,2.481793,5.809836,4.61856,4.384264,4.917004,4.757391,4.14012,4.306679,3.110904,5.392035,2.501276,5.384732,5.420893,3.464169,-2.270264,-1.590502,2.130769,0.768183,1.256049,-0.005116,1.847169,-2.881323,-3.387121,-0.660512,1.199277,-3.366224,-4.525886,-1.097443,0.059215,3.113216,0.472369,-1.68251,0.010928,-0.895584,1.745885,3.668875,3.833411,3.287578,2.594121,2.072492,-0.068831,3.186932,2.681621,1.223941,-0.51949,-1.799153,-5.902567,-4.089232,0.64518,-4.359756,0.92898,0.578653,1.958227,2.952255,4.995318,3.577195,2.780173,5.725699,,,4.902175,,3.179944,3.48398,5.372074,5.211434,5.437062,5.278453,4.26501,6.294786,3.215885,4.964263,4.070603,3.709223,5.48772,1.814361,5.492258,3.786499,4.013099,4.019697,5.053435,3.185945,0.058768,1.947272,1.564009,3.346187,1.574996,,,
ACH-000078,0.838841,3.182129,3.927705,3.4967,-1.717618,1.283932,0.535095,-1.422562,1.754602,4.526979,4.586006,4.498414,1.42964,3.798268,0.703652,2.382452,2.137254,2.718726,2.188645,1.242162,0.06653,4.47245,3.505506,1.645356,3.938068,2.335852,3.373099,0.528621,3.938185,2.510177,3.680622,,3.368426,1.768144,0.453545,-1.078169,-0.656515,4.24764,4.834991,3.858717,3.692597,4.631385,2.881061,2.767396,1.727929,2.442819,3.63334,2.832785,2.010609,3.444655,2.604613,,0.175546,1.929871,4.029952,1.537889,3.310977,,,-4.92358,-1.03991,3.995152,3.406517,2.559449,1.794235,4.766153,3.296725,3.875794,4.932177,2.194031,3.45495,2.737174,3.159103,2.037742,0.744367,1.882799,2.729636,-0.737835,-0.181839,-0.003884,4.351613,4.259435,4.388214,5.002343,3.745638,4.429579,4.242689,2.628622,4.930721,2.101384,4.297738,4.9223,4.307768,-1.389417,-0.425239,0.88928,-0.11667,0.84292,-3.467828,0.358354,-2.691664,,-3.96987,0.070754,-4.0321,-5.283244,-1.248241,1.007293,3.44674,0.347816,-1.228315,-0.04903,-0.543042,0.850909,3.012427,3.726966,2.454434,1.484285,1.198727,-0.452285,2.006054,2.27858,,,-2.588227,-5.964539,-4.77015,-0.848604,-5.261267,-0.749706,0.403443,1.961355,2.422098,4.113915,1.91454,4.434364,3.39722,3.717462,4.748103,4.470468,4.932005,2.815677,2.950748,4.282365,4.930324,4.554879,4.799136,,5.755169,4.71549,4.851717,4.376372,4.665115,4.82097,2.555909,4.128495,4.545639,3.945672,3.294784,4.592152,4.805516,1.657019,2.368768,1.899613,3.497538,2.415869,2.331981,,-2.123936
ACH-000586,-5.543609,,,,,,,,,,,,,,2.251375,4.6564,2.649031,3.616007,3.223053,2.49012,1.854015,5.642233,5.313436,3.060821,2.137305,3.137856,3.789048,1.432466,5.140569,1.462451,3.325066,1.281022,3.961649,0.187637,1.092695,-0.638256,-1.037515,5.296717,1.655199,4.385589,3.049767,3.884834,3.342539,2.451622,1.986289,0.807827,2.647321,2.711306,3.047104,3.327046,1.412081,0.034272,-1.85034,-0.294232,3.556359,3.543645,3.701834,-0.215718,0.22891,-3.703996,-0.754289,4.891932,4.295201,2.31222,1.511983,5.171157,2.791441,1.07073,4.301517,2.646662,5.300289,5.313436,5.240259,3.308958,3.974989,2.424759,3.237472,0.217813,-2.383029,2.730602,5.421769,4.292455,3.323327,4.680843,5.246501,4.802821,4.274103,1.04202,5.266925,2.988113,5.294213,5.313436,0.75084,-1.599037,-1.012009,1.723709,0.007693,0.45924,-1.438906,1.137581,,-5.086896,-2.808199,0.495808,-5.851636,-5.137808,-1.422824,1.932682,5.267391,0.500911,-0.386629,0.666451,-0.994568,5.020345,4.576471,4.947957,3.866783,5.572367,0.877363,3.072671,0.524657,1.154296,-0.166586,-0.262869,-3.156196,-7.988245,-3.739308,-2.578276,-5.815119,0.736257,1.092969,2.016828,2.54753,4.439195,4.673629,5.144109,4.85073,5.10915,4.25729,4.844271,5.262541,3.741861,1.938464,3.712202,3.914384,5.311738,5.092092,3.646105,5.619421,3.439231,5.256064,4.23593,3.589476,4.059712,1.858064,4.392505,5.312107,3.485164,5.252555,4.594155,4.598384,1.660847,2.378275,1.991524,3.252996,2.493726,2.886067,,
ACH-000366,-0.856804,,,,,,,,,,,,,,1.025814,5.119183,3.567988,4.262561,2.840655,2.602258,2.35101,3.817438,2.937581,2.039329,1.107875,2.444525,5.176657,1.422652,4.528215,1.466376,1.883661,3.471448,4.024795,2.401259,1.76754,0.297647,-0.265613,4.467852,4.138772,4.173217,4.013536,4.640289,2.914576,3.9125,2.087252,1.22724,3.145245,2.49519,2.673061,3.700046,1.061284,-0.392609,-1.584673,1.002772,2.351987,2.19699,0.716994,-0.181118,2.961862,-5.282326,-1.195954,3.287789,5.121309,1.119474,1.774052,4.988801,2.267383,2.080417,2.922467,2.67622,4.205331,3.736305,4.724321,3.065199,0.428878,3.198677,3.589599,1.081754,-2.410487,4.295957,2.189245,4.499385,3.33221,4.850058,4.489835,4.230534,4.705166,2.253491,4.574712,2.848979,5.146855,5.177204,3.089705,-2.858037,-0.228262,1.138547,-0.145519,1.483479,-3.167098,0.803027,-3.171096,-5.178507,-2.35852,1.023598,-3.21802,-5.991737,-1.309693,1.542005,2.732218,0.539968,-0.905567,0.025443,-1.448564,4.033656,3.466358,2.06528,3.499039,3.685842,2.660348,-0.678626,2.346069,2.583744,1.80912,-0.925485,-2.232376,-5.430096,-2.192128,1.104739,-3.70315,0.363406,0.457049,1.639805,2.432597,4.306437,3.955876,4.10467,3.589268,4.932647,4.248401,4.712892,3.647358,2.795135,3.379172,4.587479,4.870009,4.247289,4.875499,4.88357,5.967226,5.15162,4.941461,4.524091,2.411284,3.845972,2.574616,5.060764,3.582896,4.702662,5.168075,2.189213,2.128932,1.374272,1.654229,1.705069,3.687866,1.287207,2.738982,,
ACH-000002,-5.547198,,,,,,,,,,,,,,-0.02127,2.050311,0.146872,-0.373055,-1.167613,-3.501066,-3.320319,3.794436,4.896857,2.156169,3.516011,3.269647,3.251737,1.05863,3.307865,1.518567,3.124205,1.435243,2.307919,3.762251,-4.488296,-2.817798,-1.246696,3.909526,1.523764,0.928478,2.148829,2.274807,1.816854,2.21634,1.075933,1.262272,3.110145,3.567611,3.057738,2.421669,0.734264,1.456973,-1.099591,-0.282199,2.067855,2.184483,1.746057,0.645424,3.346662,-5.511162,-1.14181,4.893069,2.037886,1.442681,1.874233,3.882611,2.912734,5.892109,2.459947,-1.774252,0.75756,-0.554517,4.430713,2.149309,3.054477,4.391048,5.559532,0.054884,-3.863254,4.133874,4.988584,3.372182,2.656222,4.850157,3.037778,3.23988,3.795059,1.86372,4.740492,1.963023,4.656184,4.259533,4.298902,0.814406,-0.174372,2.02268,0.507843,-0.106262,-1.114913,1.346913,-3.860741,-6.310347,-4.906881,0.316688,-4.581106,-5.534284,-1.224208,3.474365,4.8754,2.042793,0.296543,0.84796,0.537033,3.685447,3.580526,2.306101,3.433514,2.558926,1.720214,-1.459439,4.647715,3.475814,1.387772,0.250847,-2.725109,-5.868396,-3.005111,0.505657,-4.472606,0.657198,0.205701,0.645929,1.495135,4.338849,4.336599,3.644734,3.321006,4.815009,4.787407,4.802852,4.233836,0.40654,3.78804,3.578583,4.110177,3.177559,3.398147,3.332171,5.287843,4.251009,4.468414,4.743614,3.967546,2.452611,2.482466,1.950125,2.065239,3.808546,2.824221,3.666695,2.773471,0.25705,2.296419,1.939612,4.208856,3.137978,-3.429267,,
ACH-000770,-2.229426,,,,,,,,,,,,,,0.611283,1.802243,1.805602,2.371335,0.669866,-0.757547,-1.287592,3.900668,3.066437,1.358401,1.887208,3.171084,,2.002598,4.977603,0.344067,3.223896,5.065925,4.4533,3.798945,-0.741794,-1.064646,-0.734361,,,,2.828405,3.303566,4.941842,3.058548,-0.041973,1.192556,,1.282784,0.069608,2.419251,-0.277066,-0.312621,-1.381869,0.995037,1.618993,1.863902,0.396076,-1.284451,4.951099,-4.422318,-1.10385,,,1.359247,2.060246,5.071203,3.461765,,3.033249,0.237237,,,,,,,,,,,4.949213,,,,,,,,,,,,2.511323,,1.956345,0.162014,-0.423461,-1.1146,-1.832613,-0.53924,,-5.302865,-4.655713,0.526887,-5.044439,-5.677226,-2.475723,0.685018,1.976204,0.838047,-2.210642,1.432834,-1.473499,3.544983,3.208324,2.666719,3.173234,3.758446,3.262009,-0.823622,,3.521254,2.469141,1.19069,-1.378687,-4.24372,-2.373292,1.689763,-3.403966,,0.874789,2.178235,5.071203,3.852713,2.743676,3.254819,3.742135,5.071203,5.071203,5.071203,4.422611,2.725815,3.275209,5.069763,4.510706,3.54733,4.344537,4.590489,4.176991,4.750993,5.071203,5.071203,5.066747,4.612206,3.115564,4.130047,5.071203,3.717901,3.48499,,2.43837,4.166603,4.109363,2.004713,1.685259,1.65175,-2.971667,-0.097769,-6.290499
ACH-000006,-4.214986,,,,,,,,,,,,,,-1.510369,1.284252,1.356441,1.823184,-0.360598,0.066447,-1.376072,0.4971,1.593584,2.26116,1.927682,1.772904,,0.550132,3.48152,0.410422,2.895672,1.620338,4.778531,2.517096,0.578429,-0.383812,1.415579,,,,2.119919,2.712634,0.329936,3.08351,-0.266481,-0.349823,,0.212378,-0.969202,0.422304,-0.181792,-0.519294,-3.14532,-0.384044,1.801977,0.601436,-0.189497,-0.9275,4.258549,-5.692622,-2.050918,,,0.797373,1.478139,4.602899,1.51788,,1.465349,-1.728477,,,,,,,,,,,3.361578,,,,,,,,,,,,2.796411,,-0.722456,0.863304,-5.432385,0.962118,1.402632,1.635504,-4.694406,-6.359207,-5.82445,0.335603,-4.617505,-5.362865,-4.419524,-0.148302,2.003538,0.37761,-5.224524,-0.52499,-1.030491,4.336738,1.89959,1.859921,3.069551,0.072576,1.637134,-4.033075,,3.170312,1.057342,1.6038,-1.279449,-5.062373,-4.843396,0.09869,-3.878581,,0.087911,-4.572455,0.986203,3.392309,3.8941,3.6054,3.139284,3.319389,4.696689,4.779869,3.387302,1.289203,2.372484,4.084193,3.977152,3.754978,4.225031,3.840053,3.176285,3.90638,3.383985,3.643607,3.771469,4.761188,1.171788,4.653824,3.959929,3.168427,1.345108,,1.862034,0.556723,3.131902,0.724321,2.519559,0.93736,-4.703608,0.312281,-6.360406
ACH-000157,-5.525731,,,,,,,,,,,,,,2.541536,-2.070216,-1.520035,1.591157,-1.468733,-0.848584,-3.804635,2.984632,4.278219,2.760191,2.427549,3.195885,2.979506,1.578364,4.030083,0.921219,1.976707,2.835145,4.041086,4.796141,1.45637,2.256678,2.4021,4.809422,1.84155,2.928157,3.153727,3.143623,2.007717,0.231453,-1.590742,-1.069003,-0.049848,0.136994,0.3645,1.440044,-1.10694,-1.213719,-3.432144,-2.050185,1.296171,0.754853,0.272869,-1.457284,3.587104,-5.643146,-1.996577,4.187954,2.741439,1.818147,1.774539,5.113754,2.525111,0.508682,2.34486,-0.7972,-0.005173,-1.721505,3.225624,1.249902,0.936563,4.80597,2.148276,-1.48147,-4.687955,0.697765,3.895643,4.193734,2.840405,4.036077,2.495405,4.185046,3.63009,0.423571,4.447514,2.492283,4.132122,4.78646,1.887563,-1.705225,-0.994432,0.522756,-1.049913,0.78677,-3.561755,-0.701595,-3.776489,-6.207493,-5.054982,-0.580593,-6.035218,-5.924248,-2.275145,0.073712,2.23761,0.338633,-2.513571,0.120119,-1.6299,4.003892,2.040321,1.276881,0.973096,1.972033,2.064107,-1.876789,1.331925,3.6321,1.518118,-1.278972,-2.844555,-5.247595,-3.960969,0.348687,-3.998056,0.853045,0.114743,1.495345,3.368993,4.593068,4.094976,4.689768,3.655625,4.770716,5.114039,4.50567,2.570609,4.615582,4.104711,3.982126,4.20693,4.811224,4.453827,4.354057,3.386845,4.724311,5.134058,4.820833,3.934901,4.758443,2.507671,3.811821,4.811224,3.071132,2.532049,1.640579,3.667965,0.168607,0.08742,1.055929,0.844056,1.14186,,-0.553657,-5.463653
ACH-000745,-5.786354,,,,,,,,,,,,,,-0.954198,2.651111,1.316282,2.646169,2.033326,1.329069,-0.465273,5.125018,1.321537,2.596549,3.58084,3.21183,4.6293,1.544226,4.460095,1.079616,2.498796,1.937283,3.758857,5.058918,2.591721,2.63101,1.761776,3.488232,1.9338,2.920009,3.686023,3.334332,1.799344,0.804747,-1.75624,-1.150771,0.313723,-0.108942,2.115,1.818895,-5.78863,-2.178997,-2.90489,-1.122994,2.611717,0.734423,1.072648,-0.528499,2.225361,-4.66019,-1.434211,4.821268,4.231818,2.388983,1.798714,4.695017,2.012372,1.352385,3.017766,-1.512106,0.796195,-0.448904,4.392717,1.352791,1.190341,4.819039,2.345781,0.579138,-4.189291,1.446328,4.353514,4.600614,4.162379,4.947693,4.431515,4.189929,4.588185,2.514766,4.819024,2.464659,4.63071,4.820341,1.742953,-1.333639,-0.4061,0.490394,-0.342935,1.298317,1.350857,1.614918,-3.421503,-4.375535,-4.418767,1.856085,-5.703755,-4.759478,-2.191999,0.473579,2.447356,1.540948,-0.857362,0.97465,-0.51256,1.410759,1.990583,2.132732,1.331693,2.531195,1.57314,-0.335485,4.117287,3.554959,1.058985,-0.103752,-2.022185,-4.93189,-4.176143,1.880324,-3.264569,-0.015905,0.354271,1.895193,2.205524,4.821268,4.370158,4.821162,4.489331,4.189997,4.38397,4.552024,4.021209,1.381752,3.017751,3.982971,4.448828,4.006842,4.820185,3.89042,4.628028,3.818003,4.840234,5.060011,2.559469,4.636057,1.804689,3.594586,4.294894,2.864694,2.818832,3.235116,3.52702,0.203563,-0.173728,1.664806,2.32398,3.123195,-1.973319,,
ACH-000050,-5.841627,,,,,,,,,,,,,,-0.93666,0.737377,0.915025,1.421871,-1.199379,-1.190144,-2.969017,4.99298,2.698188,2.591672,3.127348,1.663209,4.809702,2.543474,4.947556,1.033985,3.346901,2.868834,4.184861,5.243048,0.788267,3.051184,3.154587,4.815711,-0.856316,3.327256,3.084044,2.878051,0.550946,-1.016434,-3.863989,-2.180606,-2.57027,-2.561175,-2.575387,-1.088066,-2.845679,-4.165687,-4.422553,-2.558853,1.328792,0.652864,1.05002,0.298107,2.753616,-5.774925,-2.928634,4.633588,4.709451,1.540325,1.79944,4.846059,3.072813,1.68817,1.697028,-2.355215,-0.001967,-1.61842,2.85177,1.840895,4.150518,4.118891,2.149276,1.387116,-4.215739,1.642431,4.331663,4.619988,,4.06048,3.441302,3.268734,3.946805,2.527193,4.185936,2.485756,4.841927,4.651645,1.74128,-2.112885,-1.181962,0.626305,0.274883,1.838299,2.606442,3.431119,-2.448483,-4.615743,-4.669659,2.366866,-4.889462,-5.163942,-2.004093,3.41076,3.811762,2.445042,-0.457986,1.750909,0.891672,0.89509,3.142231,2.068644,3.370937,2.370688,4.185681,-0.13286,2.561568,3.729511,2.11716,-0.379174,-2.462956,-4.925711,-4.032126,1.444812,-3.516091,0.855691,0.583849,1.769591,3.663268,3.741211,4.489423,4.002507,4.527099,2.666353,4.404628,4.84521,2.993079,0.678935,2.744357,4.605423,4.778125,3.251968,4.846059,4.673278,6.037617,2.403563,4.135358,4.768069,4.8459,4.715985,2.863405,4.673582,4.835144,3.263812,1.433636,3.442631,2.884772,-0.949365,-1.477084,1.943834,3.421355,1.633203,,0.255606,-4.933981
ACH-000380,-4.975799,,,,,,,,,,,,,,-1.072864,2.419378,3.379119,4.057107,2.892134,3.053929,1.770774,3.198294,3.338089,1.980924,1.070812,2.532494,4.409107,0.388945,4.243536,1.184228,1.807669,2.016658,2.718687,3.303933,-4.062689,-2.84828,-2.240087,3.217087,1.597494,2.45321,2.231159,2.412411,2.080174,2.320906,-0.045976,-0.566221,2.786405,-0.141349,1.126277,2.32569,,-1.463838,-2.58293,0.163615,1.79942,1.00711,0.846276,0.114668,3.957502,-5.734239,-1.786695,4.407703,3.645002,1.011364,1.387947,4.398715,2.786831,2.659113,1.673031,-2.327549,-0.082867,-1.63568,3.059882,1.702837,0.720243,3.339045,3.396595,-0.309272,-4.17057,1.557301,3.672669,3.408404,2.663555,3.753051,3.028329,2.521483,2.852772,1.43626,3.607186,0.958207,4.238023,4.180445,2.759849,-1.873546,-0.315246,0.900985,0.758175,2.577382,1.83208,2.094426,-3.984827,-6.190147,-5.479312,-0.155542,-5.498917,-5.857826,-2.874802,1.916868,2.611,0.665118,-1.429685,0.690088,-1.009987,3.554201,1.630805,1.266322,1.751283,3.754061,-0.527633,-0.255886,4.016753,3.553586,1.610293,0.917515,-2.092508,-4.642553,0.050269,1.534016,-2.82856,-0.132706,-0.185252,0.872454,2.816202,4.032659,4.03086,3.578766,4.136761,4.407258,3.532686,4.409178,2.897719,1.70479,3.633196,2.838413,4.163032,2.888357,4.367605,3.68702,3.011991,3.790215,3.764652,4.204998,3.64653,3.828449,1.879739,3.295527,4.409178,3.307141,1.515388,4.090067,2.116609,0.692805,0.103971,1.692499,2.062658,0.72565,-3.538838,,
ACH-000995,-4.517265,,,,,,,,,,,,,,0.43043,2.618514,3.809909,4.639918,3.832811,2.800352,2.475055,2.349062,2.781359,2.177395,1.32371,2.926532,2.791573,1.602478,4.648855,0.897472,2.528536,2.461598,3.097016,,1.1535,-0.875321,-0.241433,4.633269,,1.368669,2.121895,2.395012,1.070065,2.206092,0.698966,0.867846,-0.228812,0.257153,-2.401162,-1.463972,-0.865156,0.648032,-4.301194,-2.14661,1.927709,1.444361,0.469848,0.606651,1.622541,-5.432756,-0.870061,3.754876,2.551885,0.992753,1.627419,3.860881,2.492489,3.029023,3.718679,0.141363,1.758865,1.43827,3.417547,2.755705,1.480013,3.512152,1.551139,0.027112,-4.069392,2.358261,3.506085,4.023314,2.92727,2.9791,3.689915,2.786322,2.648988,2.327234,4.620089,2.320833,4.437347,4.639783,3.161925,-0.478179,-0.732235,1.955435,1.42557,1.994075,1.894957,2.307524,-4.016078,-6.635362,-4.872132,-0.167149,-5.712105,-5.438258,-2.471455,1.734483,2.440764,0.239787,-1.168848,-0.110218,-0.65948,3.59803,3.546157,1.507556,2.694825,3.667823,2.999632,-1.199105,2.817876,2.578969,1.231411,-1.874384,-2.611834,-5.685682,-2.218518,0.32791,-4.346429,0.061704,0.025701,1.546135,1.95327,3.998198,3.293152,4.317489,3.543138,4.639918,4.575971,4.633199,3.699953,1.660837,3.909692,3.791914,4.433544,4.435421,4.030549,3.533907,5.608042,3.626052,4.40405,4.470333,4.189194,3.748842,2.291171,4.267864,4.100005,3.796531,1.19584,3.35796,2.25856,0.985398,3.695561,1.83145,2.976365,0.821895,-3.183663,,
ACH-000763,-5.690729,,,,,,,,,,,,,,-0.38068,2.371412,2.63593,2.725126,2.086569,1.488777,0.738541,4.314217,1.866202,2.104427,2.658353,2.816842,4.022142,0.863129,3.677327,1.492353,3.455511,1.640106,2.118329,,0.856993,-1.143072,-0.604258,4.309458,0.793394,1.990106,2.366121,2.110134,0.883891,0.231718,-2.048351,-0.937709,-1.589347,-1.260166,-1.5047,-0.922542,-0.298648,-1.749182,-2.966572,-1.787136,2.607965,2.621135,1.097432,0.681569,2.273281,-5.81221,-1.942323,3.138081,2.929472,1.186922,1.451345,4.433687,1.96189,2.1888,2.58401,-0.961803,1.548467,1.020356,4.446997,1.640822,2.100813,3.933753,3.234117,3.459143,-3.821089,1.791286,4.044973,3.921879,2.597348,4.533578,3.123489,2.489917,2.965604,1.431828,4.441554,1.999427,4.192869,4.446795,2.259859,-1.277243,0.221268,1.645578,0.377448,2.802708,4.216926,2.42694,-3.248941,-5.445716,-4.808058,1.711729,-4.821474,-5.460242,-1.730249,1.1799,3.047959,1.287061,-0.540913,1.717507,-0.516028,1.574891,1.677725,3.53359,2.969767,3.688918,2.38989,-0.28498,4.287629,2.754875,1.736771,2.837639,-2.571841,-5.254218,-3.170897,1.292451,-3.797032,-0.359742,0.452558,1.88849,2.888573,3.817517,3.918519,4.341966,3.515538,4.439198,4.103319,4.35922,4.447077,2.329964,2.486999,3.696764,4.016673,2.000869,4.446356,4.290123,4.903022,3.922377,3.68153,3.412827,4.254078,4.385316,2.332474,3.39844,4.447077,4.447077,2.759427,2.889305,2.847249,-0.799532,-0.870467,2.18591,3.064513,1.905194,-2.978946,,
ACH-000611,-5.484852,,,,,,,,,,,,,,0.823582,1.59463,1.98624,2.712063,2.729023,1.943488,0.666572,2.514074,1.19259,1.120852,2.783175,2.451896,0.54719,0.485812,1.058985,-0.110714,1.584557,1.775517,3.123392,1.985863,-0.745914,-1.057131,-1.296691,3.532695,-0.540375,2.68442,2.714067,2.653406,-2.068024,0.270221,-4.699307,-3.022503,-2.078818,-1.197456,-1.639727,-0.527901,,-2.406756,-3.958227,-1.592472,1.076821,-3.951667,-1.320937,-0.826564,1.319144,-6.09002,-2.389568,3.715375,2.6697,1.094387,1.193463,3.854759,2.134193,2.860285,2.762052,-1.138468,0.982315,-0.550298,0.132074,-0.096722,2.269245,2.290755,1.577791,-0.777865,-3.967207,1.793223,1.704769,2.407031,,3.475319,2.004696,2.193134,2.595055,0.920207,3.803749,1.886479,2.527688,4.185831,2.470525,-2.789429,-1.855654,0.702955,-0.14363,1.569171,-1.256433,1.647125,-4.644513,-6.353146,-5.555907,-0.279084,-6.560896,-6.117321,-2.688438,2.631833,2.079522,2.810168,-2.738911,0.391461,-0.300994,2.729147,1.772694,0.889046,1.330611,3.205856,2.685353,-0.642304,2.375806,2.925176,2.461257,-0.156346,-1.152291,-5.462261,-2.902063,0.247975,-3.769833,0.637616,0.396888,1.689318,4.121836,3.525222,2.895181,3.365089,2.3754,4.189171,4.173001,4.165421,1.816836,0.158057,2.581575,3.297839,3.524992,4.181211,3.378863,3.040027,4.7623,3.624616,4.399337,3.670624,3.684242,4.189215,1.734709,3.450634,3.941414,,2.565013,1.939668,1.75708,1.794441,2.742357,1.36011,2.369584,1.92635,,-1.121083,-6.08977
ACH-000847,-5.777355,,,,,,,,,,,,,,-1.957848,3.217654,3.277156,4.338817,3.727521,3.503664,2.580892,3.76137,4.982969,2.629985,1.5818,3.154744,2.897044,1.180349,4.014154,1.544935,1.534195,2.374136,2.871391,3.123889,1.266848,1.548277,1.795091,4.704478,1.545449,3.282582,3.214727,3.528033,0.760815,0.38556,-1.713828,-1.257866,-0.62153,-0.596739,-1.628305,-0.39652,-5.345143,-1.929854,-4.291325,-1.757618,2.059875,-1.368549,0.76921,-0.330209,1.443552,-5.498967,-1.659275,4.985546,3.590962,1.254347,0.727262,5.002682,2.516322,6.050414,2.516543,0.005194,4.124416,2.991359,3.086757,2.599433,1.233455,4.605066,5.151234,2.326783,-3.591549,2.628331,2.971516,4.983252,3.573936,4.684916,3.156074,3.459302,4.042338,2.628941,4.241535,2.688324,5.0298,5.047035,3.110844,-2.302134,-0.677125,1.195666,-0.187741,-0.169618,-1.674201,1.398268,-2.287898,-5.819469,-5.175074,0.334507,-4.805427,-6.315421,-2.115819,3.234284,3.910399,0.694116,-0.439969,1.617977,-0.064365,4.564078,2.854927,0.979476,1.857439,3.292983,3.350121,-1.51709,4.689861,2.589364,3.203775,1.149349,-2.605001,-3.639689,-1.795361,2.072261,-2.885985,3.025487,1.08368,1.954038,2.988448,3.86409,4.770368,3.430763,3.22916,4.183289,5.047709,5.00043,4.49465,1.482194,2.647234,3.358636,4.761163,3.894583,3.582293,4.723307,6.124107,4.900768,4.727321,5.256906,4.539892,4.521054,1.832871,3.778396,4.496311,5.047048,3.800295,4.664527,2.771424,2.109099,4.200651,1.556748,3.734388,2.160762,0.563892,,
ACH-000534,-5.303559,,,,,,,,,,,,,,-0.319408,2.564334,3.313156,4.094199,3.465179,3.164462,0.641326,,2.420217,1.553143,1.336972,2.962573,,0.457404,1.380989,0.657461,2.36504,2.392655,3.169713,3.948237,-2.449311,-0.92594,-0.987686,,,,3.19108,3.095943,1.090485,2.646338,-0.781958,-1.550477,,-0.865186,-2.779826,-2.435294,-5.974346,-2.579156,-4.084515,-1.835285,1.54898,-1.463565,-0.19838,-0.654053,0.906074,-5.916104,-2.240842,,,2.099349,1.419951,4.401206,2.583958,,2.836045,-1.865988,,,,,,,,,,,3.76347,,,,,,,,,,,,1.479018,,-0.450041,1.499911,0.84367,1.271807,3.300789,2.523782,-4.67476,-7.103903,-5.375203,-0.132022,-6.196508,-6.588512,-1.691793,1.280336,1.172757,0.851625,-1.451044,0.2574,-0.598993,3.295898,2.841989,0.848821,1.4587,3.616916,1.93824,-3.220577,,2.668815,1.212479,-0.818698,-2.007785,-4.959568,-5.7968,-0.008013,-4.066548,,0.316012,1.844528,1.425052,3.805585,4.167263,3.13154,3.97747,4.281163,4.416625,4.417889,2.693418,1.614159,2.868579,4.394535,3.814801,3.90756,4.231958,2.480803,3.987264,2.920964,4.677091,3.634011,4.034529,4.019364,1.745323,3.796745,2.823261,1.76691,1.695625,,1.559998,1.752245,3.03617,0.393312,2.675392,2.621569,,-1.046295,-6.196767
ACH-000754,-3.30794,,,,,,,,,,,,,,0.580425,3.255801,3.920966,4.597006,4.560068,3.243592,2.545732,2.877545,4.212891,2.352426,0.756942,2.651492,4.597378,2.064265,4.02347,1.064509,2.42975,1.659597,3.19945,0.59774,2.257805,0.131859,-0.765827,3.818568,1.762863,4.583448,3.158728,3.681778,3.056159,4.484695,3.257885,2.039318,2.848657,3.178331,2.263683,4.557597,-3.473272,-0.627684,-2.790098,0.147257,1.874593,2.554255,1.48002,-0.279062,2.200379,-5.324124,-1.049831,4.704428,4.787804,0.977972,1.851287,4.869466,2.161211,2.908118,4.465545,-0.16791,2.874012,1.894139,2.485456,3.533817,1.608111,2.262988,3.631488,3.161361,-2.85089,2.537623,3.223035,4.70693,2.548716,4.358882,3.18876,2.771097,3.422257,1.558686,4.604404,1.643776,3.903561,4.086251,2.44157,-0.888657,0.451775,2.131267,2.079813,1.677729,2.927625,2.214802,-2.296188,-5.577981,-1.799752,0.565046,-4.059771,-4.799007,-1.102014,1.188515,3.471648,1.538269,-0.621076,-0.084645,-1.284041,4.752736,2.630226,2.831028,3.239804,3.918606,3.414775,0.618833,3.325444,3.888422,1.324089,-0.940161,-3.563605,3.003139,-4.939537,2.284485,-3.451069,1.001282,0.548253,1.61836,3.197787,3.990564,4.749922,3.285724,3.870569,4.554867,4.52273,4.700367,3.494973,1.997063,2.907134,4.430355,4.670504,4.256544,4.675757,4.109523,6.149752,4.619218,5.034171,3.414802,3.866945,4.702182,2.616423,4.51882,3.118566,4.047487,4.216666,4.577609,2.364384,1.941253,3.366717,1.695161,2.991202,0.954904,-2.604424,,
ACH-000104,-1.546642,,,,,,,,,,,,,,0.558611,1.98592,3.43293,4.259798,2.735186,1.818819,1.066654,3.730339,3.397697,2.181891,1.052653,2.805349,3.607895,1.145783,3.983057,0.201416,2.677285,2.272144,2.584481,0.871533,-3.948906,-3.154018,-3.297382,4.459919,-0.231973,4.843507,2.767834,3.226069,3.891385,2.693264,-0.073877,0.629813,-0.797506,-0.094116,-1.306508,0.258701,-0.126209,-0.13505,-1.776148,0.863061,1.44695,2.340666,1.199533,-0.414495,3.302655,-6.327935,-2.385594,4.843507,4.301169,2.213515,1.415565,5.161958,3.537853,1.793233,3.646443,-0.485884,1.326693,0.28756,1.817007,1.442929,1.388083,1.51397,2.56803,-0.066495,-4.289213,1.580168,1.664845,4.265883,2.488856,4.279401,2.797387,3.954669,4.197818,1.845305,4.363602,2.466509,2.580512,4.842766,1.820755,-1.401359,-1.334687,0.924958,-0.891175,-0.184953,-1.385265,0.81936,-5.115594,-5.343711,-4.462749,0.972077,-5.011773,-5.31419,-1.706647,1.023978,1.601912,-0.023501,-1.598445,0.517945,-1.39558,2.9279,2.249987,1.388218,3.273202,4.167355,2.898388,0.489314,3.222687,3.705578,1.741756,-1.009239,-1.535804,-4.766413,-0.362247,2.072917,-1.799262,-0.095749,-0.243588,2.246805,4.266406,4.417018,4.489385,3.94626,3.16005,5.158126,5.16013,4.528355,4.213756,2.041113,1.839308,3.109528,4.137482,4.203667,4.80176,3.763511,5.362964,2.359689,5.007575,3.963813,4.843507,4.639105,2.750866,3.089462,3.766052,2.785299,2.632274,2.082684,2.122078,2.021937,3.602837,1.22596,1.913691,1.377513,0.265422,-0.777668,-6.78182
ACH-000530,-5.459576,,,,,,,,,,,,,,2.007504,3.275962,5.485843,5.143881,3.865269,3.534565,2.671592,5.588838,5.105251,3.22072,3.760643,3.770469,5.715562,1.806354,5.443998,2.181062,5.211861,1.279018,3.91909,4.200203,2.322831,3.156873,2.453538,5.573495,2.086353,3.309088,2.749596,3.538177,4.100969,4.288051,2.565496,0.549114,4.27447,3.5066,2.128945,3.406751,1.242579,-0.100746,-1.509438,0.577762,4.07981,3.952866,3.798607,-0.134388,1.49013,-4.721334,-1.354332,5.595614,4.613605,3.191822,2.565544,5.717602,4.11433,5.299032,3.675005,2.246936,4.154416,2.4,5.057137,4.778872,4.275794,5.178011,4.35846,1.537627,-2.533649,3.347804,4.042622,5.707771,3.877136,5.093402,3.588111,4.843277,4.59491,3.357931,5.455605,2.642118,5.783742,5.039746,2.631992,-0.767273,-0.446655,2.448993,1.371679,2.374598,2.903916,3.301335,-2.05837,-4.256053,-2.707542,1.5458,-3.398556,-4.343577,1.884556,4.288771,5.571187,2.57858,1.62099,2.993189,1.986966,4.605144,4.242179,4.692656,3.478094,7.32017,4.965054,-0.192709,4.49508,3.712507,3.474129,2.964847,-0.861416,-3.758836,0.902282,4.089602,-1.096392,4.452673,1.58655,3.200283,5.685081,5.771489,5.707273,4.402574,4.849018,5.788622,5.788622,5.741655,4.871833,3.380984,3.834648,4.208665,4.717457,5.776078,5.591186,4.810431,6.218722,5.7719,5.966753,5.297363,4.645978,5.197029,2.92427,3.922805,4.334756,4.858682,3.744603,5.651256,3.344858,2.073106,3.759289,1.097751,2.56403,1.507247,0.201951,-0.523971,-6.633369
ACH-000789,-5.344746,,,,,,,,,,,,,,3.804489,3.756181,5.214591,4.906175,3.852923,4.684229,3.007818,4.786999,5.430282,3.50559,3.947941,4.048514,5.686348,1.752479,6.026117,2.226833,5.079361,2.026965,4.297028,3.511698,2.101988,1.469691,2.623135,5.776071,2.902938,2.389769,3.037064,2.848984,5.763135,5.669526,6.177962,3.599994,5.570384,5.336471,4.383701,4.246995,0.036399,0.589341,-0.42814,2.2234,4.812722,4.774074,3.446126,0.398251,5.091031,-4.16027,-1.057364,5.798744,5.225185,3.596718,1.718811,5.814607,3.97316,4.574217,3.166852,1.919507,3.34839,2.214965,5.791717,4.387157,3.849359,4.263306,4.89078,2.799353,-3.605575,5.448268,4.746256,5.77995,4.448925,4.881264,4.069726,3.815901,3.755033,2.697583,5.811904,3.171749,5.845922,4.985026,3.744057,-0.82272,-0.619477,2.803879,0.767964,0.706408,0.21561,2.171434,-2.246708,-2.66745,-2.138545,1.85743,-2.73351,-4.62982,0.292585,4.050267,5.018734,1.923092,-0.081299,1.361402,-0.242804,5.386641,3.848944,5.699689,4.22291,3.91059,3.206829,0.928627,4.090547,3.684822,4.199375,2.335942,-0.891571,-4.180045,-0.514723,2.973048,-1.917749,1.330372,0.517658,1.365582,5.856764,5.889965,4.427427,4.48721,6.158572,5.534133,5.71611,4.6681,5.708549,3.531241,3.202775,5.398236,5.354004,5.87867,5.899304,5.899304,6.452485,5.709483,6.293222,5.376259,4.097325,5.227574,2.615211,4.395389,5.671247,5.440931,4.620259,3.120338,3.089083,3.640728,4.871034,1.705366,4.828506,3.13362,1.888882,0.6177,-6.259246
ACH-000804,-4.443814,,,,,,,,,,,,,,-0.256905,3.02069,4.560976,4.150028,4.520036,3.379271,1.921155,5.48958,5.30609,3.371112,3.376844,4.098604,,1.066822,3.390482,1.600173,4.814594,1.264797,2.414581,3.889908,1.153032,2.440587,2.765496,,,,1.680315,2.71407,2.27001,2.400679,-0.687795,0.530334,,0.867819,0.432964,1.842471,1.500358,0.272531,-1.328753,-0.259263,3.061993,4.211046,4.329641,0.488355,5.061891,-4.905666,-1.401674,,,2.251945,2.800821,5.132817,2.971664,,5.150878,4.57748,,,,,,,,,,,4.768184,,,,,,,,,,,,2.706887,,-0.742208,-0.82937,1.084124,1.893968,,,-2.646255,-2.940818,-1.478453,2.655088,-3.151405,-3.391484,-1.020674,3.444105,4.779621,2.4609,1.297726,2.984464,0.61779,3.898373,1.509267,4.553801,,5.128803,3.011426,0.592484,,4.956538,3.004565,3.903015,-1.409889,,0.262899,1.634808,-3.088806,,0.925479,1.895775,3.297493,5.336238,4.460611,3.466404,6.123929,5.868173,5.937725,5.180776,5.918851,4.97822,4.136799,4.603342,5.122848,5.636954,5.939079,5.939079,7.356148,6.31591,6.362532,4.1633,4.144784,5.890443,3.368262,5.742572,3.458914,5.238838,4.080988,,2.557455,3.079672,2.969256,1.605823,5.03702,3.095235,-1.126299,,
ACH-000257,-2.781011,,,,,,,,,,,,,,0.516055,2.822623,4.397842,4.282244,3.859263,3.075267,2.836944,3.688027,4.690275,2.361217,3.100779,3.692389,,1.290824,4.333791,0.999499,2.004632,2.268938,3.888715,1.239777,2.433582,0.071453,-1.207626,,,,3.204591,3.563707,2.615774,3.358069,0.934165,0.261538,,1.274188,1.521895,1.181842,0.251291,-1.045957,-2.118381,0.110856,1.653011,3.249397,2.656502,-0.419721,2.448633,-4.04412,-1.396829,,,2.969893,1.646348,4.994215,3.309182,,3.045497,1.617819,,,,,,,,,,,2.532797,,,,,,,,,,,,1.990645,,0.25584,1.472579,0.752368,0.391512,-2.61754,1.138619,,-5.540748,-5.073363,1.606411,-5.207963,-6.392142,-1.586164,4.274528,3.07177,2.238027,-0.025736,2.0806,1.093968,5.585927,2.661286,3.711937,3.598225,3.855725,1.446649,-2.026102,,1.361076,-0.487765,3.063002,-1.504502,-5.789209,-2.466129,-0.839357,-4.877905,,0.623286,1.761917,4.864358,3.505737,3.52752,4.222726,4.309142,4.690203,4.085477,4.760398,4.664827,2.429963,1.768283,4.630648,4.157809,5.037195,4.647742,5.044845,5.938974,4.497318,4.887577,4.025019,3.537086,3.955704,2.183128,4.740324,3.453876,4.112621,3.250376,,3.134658,1.989189,3.483927,1.106974,3.714988,3.352102,,0.940497,-6.458295
ACH-000358,-6.959878,,,,,,,,,,,,,,0.366606,3.906113,4.944984,4.460662,3.505831,3.540057,3.353268,4.389014,5.872865,3.177974,3.320359,3.685713,,2.063439,4.076123,0.596611,3.036805,2.158032,4.537502,3.271825,1.40252,-1.073478,-1.398827,,,,2.820491,4.336979,2.08785,0.928766,-1.100215,0.544457,,0.815674,1.254039,1.851083,0.470905,0.051935,-2.539411,-0.901024,2.000039,3.277328,3.644745,-0.208473,2.156056,-5.539485,-2.15294,,,3.497223,2.22071,5.63607,3.048847,,4.822625,2.04725,,,,,,,,,,,2.711373,,,,,,,,,,,,1.95453,,-0.473622,1.506455,0.251864,1.696866,,1.427213,,-6.548131,-4.894262,0.712518,-4.72954,-5.753086,-1.101088,4.043282,4.804523,2.900063,0.71471,2.029073,0.697218,6.271153,3.624856,2.878203,4.072093,6.877263,2.301161,0.685127,,4.012019,2.806254,2.115926,-0.717005,-2.485255,0.509483,2.029365,-1.456208,,0.795848,2.455757,4.175941,4.08557,5.27026,5.058345,5.398708,5.623853,5.639805,5.36709,5.571878,2.978624,3.021371,3.195446,3.820064,5.585375,5.625475,5.583584,6.662531,4.940528,5.855241,4.569052,5.362515,5.886004,2.985478,5.648166,4.38368,4.307457,2.756113,,2.719477,2.325737,4.319975,1.503824,4.171153,2.805496,0.772149,0.356074,-4.802242
ACH-000749,-5.347928,,,,,,,,,,,,,,-0.293345,2.52766,5.108962,5.499463,4.0663,2.873081,1.293279,4.102771,5.378071,3.29142,2.457213,3.785738,4.823906,2.903927,3.818826,1.285582,1.993205,2.455235,2.582956,4.877322,2.686433,3.096687,2.503882,5.323597,2.091322,3.865479,3.204337,3.338285,1.031671,2.733219,1.389115,-0.449025,-0.252496,0.150181,-0.59438,0.614059,0.88433,-2.395195,-2.406386,-0.321239,2.111311,3.041938,3.855338,-0.501179,3.240878,-5.231441,-1.41045,5.495265,5.105138,1.206932,2.240643,5.006152,3.565876,3.636244,3.517381,1.051459,2.839472,2.593555,3.684127,3.308251,3.093956,4.513522,3.713872,0.582769,-3.906852,3.124601,4.519869,4.944555,3.485909,5.63028,3.292766,5.043132,5.124045,3.128829,5.231502,2.837374,5.22195,5.077099,2.01963,-1.181219,-0.288329,1.277276,-0.449556,0.179969,-0.5154,1.552563,-2.892345,-4.730972,-4.650783,1.144789,-4.33309,-6.345625,0.584905,3.072579,5.157115,2.317758,0.133393,2.049593,0.220605,5.178489,3.486164,3.767171,3.362689,4.72581,1.785842,1.746782,4.248175,3.082183,1.701683,0.889473,-0.491374,-4.964533,-2.586681,2.514202,-2.648122,2.187294,0.910544,1.659104,4.60835,5.262693,4.159247,4.478309,5.689276,2.976012,4.114786,5.485293,3.86351,1.487153,4.770876,3.99965,5.35217,5.076521,4.420468,4.635563,6.436929,4.15,4.642274,4.612698,3.908408,4.662414,2.673467,4.377355,4.054367,3.584274,3.325911,2.707953,2.278571,2.866732,4.511467,1.593292,2.896662,3.90963,2.050875,,
ACH-000800,-4.330791,,,,,,,,,,,,,,2.011635,3.719572,2.437982,4.716154,2.753229,1.919266,0.64626,5.701466,5.27895,2.253357,3.063237,3.996602,4.350639,1.711369,5.293177,0.628406,1.729221,3.596657,2.97948,2.347035,1.10255,1.338687,0.940514,4.85623,0.447406,4.35846,3.505487,4.826646,2.11732,3.865218,1.308965,0.235915,1.178361,1.129002,1.35447,1.492355,0.3188,-1.370545,-2.355983,-0.156685,1.415497,3.733574,3.016514,-0.382748,3.160054,-5.928389,-2.094259,5.234505,5.292247,1.49414,1.794549,5.199257,3.286901,2.91786,3.801012,0.196488,1.629708,0.512966,4.586895,5.174439,3.126345,3.826421,4.117261,0.172718,-3.502398,2.239635,2.786317,4.972115,3.708983,4.994637,3.899545,3.838934,5.333408,2.897793,4.985127,2.282278,4.00598,5.019917,1.526867,-1.637102,-0.69108,0.632775,-0.938843,-0.132211,-2.254327,0.683838,-4.150908,-7.480207,-5.286783,0.503052,-6.038316,-6.609865,-1.814411,4.450445,4.660493,1.675552,-0.081641,0.988625,-1.098014,5.403506,3.516347,4.163723,3.793506,5.29256,3.25005,2.930881,4.247534,3.554315,2.782169,1.435015,-1.406255,-3.190187,-1.4051,2.676522,-2.294729,0.355458,0.25886,2.07352,2.168519,3.761339,3.299255,4.522237,3.661758,4.856255,5.290743,4.481507,3.906881,2.471348,2.700632,4.292508,4.047164,3.693035,3.532335,4.953896,6.294409,5.20216,5.247798,5.315762,3.347236,3.862398,3.298042,3.275394,5.065468,3.43538,4.977444,3.67309,3.740032,1.787761,4.509749,1.013001,1.735694,-0.180028,,,
ACH-000729,-4.865703,,,,,,,,,,,,,,-0.150311,,3.377435,4.996429,4.118365,2.290634,1.760647,4.956964,,2.744481,2.415133,2.74237,2.323098,1.000403,4.513457,1.406726,2.364759,1.614965,2.416891,-1.506392,-3.214138,-3.53401,-3.076101,5.196385,1.783644,2.096812,2.271456,2.712382,4.474092,4.201898,3.278449,2.938834,4.201295,3.53619,3.532282,4.348813,2.138542,2.730304,0.294068,2.149748,3.174187,3.046486,2.854209,0.02511,1.937622,-5.102645,-1.004889,4.159941,2.865933,1.971505,2.170814,4.952986,2.219159,3.071075,3.142578,1.164763,3.813051,5.050228,5.249451,4.44673,3.699082,3.869942,1.423314,0.381402,-2.973722,2.671328,2.647411,3.573226,3.818741,5.231254,1.947016,1.738098,2.672414,1.837569,4.794951,2.909227,4.485864,5.249993,,-1.793487,-1.604189,1.561486,,-0.234532,-2.271774,0.794604,-4.559691,-4.36334,-3.832206,1.946954,,-4.879798,-1.450103,,,1.951369,-0.118504,1.545641,-0.339999,4.620889,3.056209,4.180942,3.66775,4.743407,1.979056,-3.098671,3.506262,3.541626,1.468258,2.314549,0.251492,-4.604099,-2.059215,2.47236,-3.298337,0.876109,0.064386,1.077468,2.810209,,,4.825264,3.978956,4.492463,5.180777,5.080772,4.117588,3.933047,3.578198,4.862808,4.307682,5.357789,4.698238,4.36736,5.835663,5.389727,5.337031,5.109377,,3.209738,2.517915,3.951397,3.88434,,3.04634,4.820798,2.649422,2.233261,3.09069,1.759478,3.937928,2.099782,-2.456442,,
ACH-000129,-4.514014,,,,,,,,,,,,,,-1.273039,3.196163,3.705718,4.950348,3.277796,2.092363,1.340848,5.124026,5.224222,2.528338,0.700936,3.305116,,1.720725,4.521601,1.86457,4.21045,3.531014,3.880642,1.614301,0.350137,-0.736758,-1.751009,,,,2.568319,3.564602,2.538156,3.95829,1.730531,1.284399,,2.676162,3.509894,4.145544,0.92915,-0.436848,-1.034572,0.593007,4.316238,3.462978,3.375959,-0.954006,3.816063,-4.362382,-0.729493,,,0.540235,2.109206,3.478683,2.827117,,3.303644,1.486187,,,,,,,,,,,3.261165,,,,,,,,,,,,3.223355,,1.998404,1.699277,0.105502,5.023289,0.013649,2.281159,-2.537212,-1.564008,-2.156691,3.004735,-1.575578,-3.82708,-1.541185,1.669036,3.645318,1.103153,-0.795189,1.42595,-0.074336,5.552733,3.495005,5.018678,3.934418,5.175114,3.046339,1.021981,,3.048267,1.023007,1.131158,-0.394383,-5.048952,-1.96835,1.511219,-3.020274,,0.961066,2.096763,4.696632,4.030235,5.432874,5.278117,4.62011,5.432436,4.763568,5.058353,3.91784,1.889651,4.742961,4.670381,4.742213,4.616245,3.414311,3.974522,6.851959,5.425373,5.397516,5.320725,4.947806,4.291454,2.672369,4.801877,5.119334,4.238703,4.890031,,3.605673,4.268739,4.92393,4.143268,4.186304,0.8632,-1.927777,,
ACH-000980,-4.835742,,,,,,,,,,,,,,-1.539115,3.631055,3.144733,3.54075,2.997673,2.227876,2.085609,5.198917,3.125916,2.419991,1.159648,3.297779,4.360802,1.86411,4.646613,1.555837,3.838417,2.618915,3.344088,3.855057,1.190243,-0.294143,0.137119,1.664097,4.350639,2.600949,3.089631,3.327375,3.055775,4.787129,2.82097,1.82076,1.822366,3.48418,2.103407,2.384423,-0.734915,0.531474,-2.54053,,3.917739,3.715468,2.463366,0.511686,2.7487,-4.711037,-1.086797,5.064628,3.766543,0.871639,2.260031,5.251465,3.644462,4.280644,4.134378,-0.304927,2.227741,1.427812,4.06967,4.734299,4.131412,5.243573,2.196369,2.405634,-2.810427,2.727606,2.816668,4.640383,3.415946,4.130762,3.927834,3.424919,3.722535,2.865904,5.135139,2.948961,4.986845,5.255763,4.058833,-1.528643,0.143947,2.069289,0.622871,1.160969,-0.550709,1.279284,-2.115201,-4.461298,-0.869593,0.411276,-3.447291,-5.287153,-1.248153,3.510598,5.254511,0.757602,-0.355003,1.345623,0.864929,4.493093,3.466306,4.892766,3.822144,6.010541,3.35574,-1.780284,1.833559,2.963545,1.97595,-1.573166,-2.184148,-5.873054,-2.859723,0.617325,-4.396837,1.530911,1.479768,1.902529,3.579783,5.255763,5.077971,3.692932,5.040656,5.089209,4.494751,4.580508,5.255763,2.697516,2.757627,3.399196,4.331635,3.704384,4.993684,5.13309,5.81986,5.302473,5.515869,4.012779,2.911095,4.387514,2.546991,3.688538,4.809214,3.865687,3.755004,5.254512,2.824576,3.266534,4.199739,2.21633,4.989151,-0.231629,1.530366,,
ACH-000866,-4.172363,,,,,,,,,,,,,,-0.795289,4.564395,3.809436,3.971079,4.137726,2.651062,2.090865,5.171384,5.347354,2.770248,4.104115,3.792777,5.26347,1.577876,5.599449,2.185952,5.118358,4.36977,3.106918,2.823915,-0.808185,-1.502977,-2.872998,3.915968,2.076243,2.728797,1.758867,2.707735,2.447867,2.288684,1.242883,0.824354,2.68371,3.000665,2.032128,2.648774,1.167695,2.333039,-0.4293,0.628085,4.276971,3.266886,3.44321,0.954549,2.379699,-4.404075,-0.747261,3.816694,3.68517,0.859478,1.773274,4.591074,2.721727,4.866982,4.413409,2.823094,5.414144,5.308095,5.350416,5.383367,4.718898,5.232688,4.646751,0.830476,-2.903626,3.457782,4.729831,4.559813,3.360319,4.168231,3.301268,3.817193,3.978869,2.856682,5.373342,3.103733,5.089271,4.803529,2.245841,-0.381541,0.465019,2.364865,-0.048131,1.218742,-0.725268,1.301892,-3.265646,-4.706145,-0.662779,1.200891,-4.253829,-4.749162,-1.172696,4.03305,4.86659,2.6385,1.024623,2.332006,0.098869,4.778552,2.919384,4.787134,3.993053,3.430622,4.312061,-2.32293,3.311824,2.774162,1.965755,0.47075,-2.378262,-6.142403,-2.861527,1.116719,-4.366109,3.095249,3.025851,2.484842,3.821725,5.33447,4.283913,3.417332,4.320138,5.414745,5.388974,5.153009,5.404999,4.359299,3.482336,5.379611,5.638386,5.139139,5.763468,5.552012,6.208156,5.676847,4.954865,4.980064,3.817947,4.145718,2.340438,4.546325,3.683067,4.806226,5.020445,5.393409,3.130512,5.27745,4.600852,3.117683,5.511197,2.671705,-1.397779,,
ACH-000187,-5.707521,,,,,,,,,,,,,,-0.039062,2.72789,4.789404,4.773781,5.073172,2.603094,3.012367,4.757482,4.029143,3.101719,3.791787,3.502212,2.110535,2.210711,4.4577,1.501504,3.780083,2.817243,3.404613,-1.059171,-0.072843,-1.664816,-1.919291,4.978724,2.042644,2.926078,2.67938,3.233222,3.030205,2.241629,0.780347,0.679467,2.449646,1.775243,2.369135,2.722653,1.223934,1.208497,-0.654055,0.580784,2.928596,3.879234,2.996881,0.346499,3.889285,-4.560858,-1.617106,3.716847,2.143551,1.973707,2.102222,5.068644,3.071317,3.223461,4.808754,-0.189017,3.162138,1.142585,5.11165,2.666161,2.743447,3.89465,3.523198,1.680296,-3.161479,4.404644,5.208772,4.632881,3.843689,5.136152,3.867735,3.274448,4.410899,2.809065,5.11165,2.809065,3.63374,4.017805,2.407463,-0.903843,0.227133,1.4913,-0.372875,0.105617,0.449684,1.676447,-4.649233,-3.846603,-4.338689,2.559419,-4.345189,-5.466925,-1.550724,2.075878,4.611842,2.838464,0.788637,2.054192,0.431759,5.346704,3.379531,4.430056,3.667839,4.726503,3.736187,-2.619713,3.344469,3.283672,0.922512,-0.629304,-1.229838,-5.931679,-1.668311,0.916316,-4.506791,1.043889,0.440896,2.38845,2.137187,4.831005,3.736046,5.11165,4.619184,5.11165,4.818617,2.891323,4.772412,2.564878,2.384134,4.526622,4.960427,4.142992,4.964438,4.504348,5.850233,5.338287,5.277168,5.434225,3.224712,4.884949,3.073418,4.845702,5.037208,4.781371,4.851211,2.942845,4.554386,0.105249,1.498198,1.911999,5.164379,3.034371,-3.73585,,
ACH-000817,-5.253263,,,,,,,,,,,,,,0.112626,2.909689,2.244939,3.878524,3.303479,1.291466,0.062923,4.593609,2.245157,2.682495,2.066092,3.077351,3.033028,1.234302,4.28049,1.400636,2.528355,2.430755,3.575149,2.04809,0.948468,-0.567112,-1.324766,4.50949,-2.867314,3.43067,4.021263,3.468262,3.039526,3.592902,2.058064,1.474183,2.33806,2.125387,3.012694,3.222288,1.273168,-1.785148,-2.710846,-0.419676,2.922111,1.923745,1.645777,0.170087,3.945782,-5.686696,-1.724209,3.732262,3.945912,2.265736,1.253922,4.71238,2.5317,2.971756,3.313943,0.334469,1.233515,0.248741,2.199385,1.746709,1.267465,3.7354,2.954987,0.154333,-3.820903,1.938826,4.101166,4.197448,2.968224,4.519029,3.001847,2.93034,3.109271,1.31046,4.250126,2.20642,3.903826,3.963194,1.950259,-1.062562,0.201336,2.274249,1.304771,1.257732,-0.774937,2.500015,-2.847792,-5.487554,-5.723445,0.611696,-5.239731,-6.053116,-0.593227,2.652172,3.001344,0.314356,-1.270265,0.935377,0.342653,4.636202,3.91763,2.332352,3.250189,1.390286,0.941954,0.880679,3.110135,3.101348,2.564669,2.17003,-2.819298,-4.130837,-3.634323,1.475459,-3.963442,0.033166,0.403247,1.624411,3.191111,4.518985,3.829852,3.94254,4.972958,4.711641,4.640919,4.300854,4.712693,3.119269,2.860551,4.181912,3.983726,4.307805,4.42531,4.162509,5.01223,4.448694,3.348556,3.25575,3.591713,4.656965,2.133197,4.577668,4.434895,4.279262,2.916567,2.451171,2.402118,1.627109,2.616671,1.94562,3.523939,2.225674,-2.576011,,
ACH-000816,-5.818881,,,,,,,,,,,,,,2.441332,2.326128,3.921667,4.787997,2.984451,3.245502,2.249743,3.590029,3.678253,3.009652,3.4664,2.985034,3.330498,2.587904,5.02272,0.602431,2.942749,2.632917,4.807033,-0.468814,1.553947,-1.286543,-0.880062,4.890489,0.770522,2.922687,3.681607,3.317571,4.866779,3.192089,1.81257,0.841953,2.62767,2.166824,2.968315,3.305933,1.208362,-0.090061,-0.804859,1.942609,2.756485,2.655853,2.34227,0.147817,2.74495,-4.861812,-1.838336,4.468924,3.012559,1.016199,1.650089,4.879175,3.265308,2.569499,3.934329,1.039721,2.518716,2.29034,4.529586,2.020344,3.493399,4.879326,2.642059,-0.323836,-3.847363,1.888179,4.713,4.31202,3.594542,5.036034,3.109641,3.514771,3.597687,2.158099,4.521737,2.587011,4.889567,4.889816,2.534379,-2.103303,-0.934931,0.419319,-0.415533,-0.364684,-2.131605,-0.235937,-4.259847,-6.404447,-5.802108,0.418657,-5.708621,-6.999972,-1.746361,2.430194,3.127631,2.245804,-0.281736,1.399641,-0.104676,3.416155,3.174748,3.275825,3.292152,3.806367,1.204063,-0.041549,2.71506,2.505487,1.752456,2.033187,-0.71512,-4.64569,-1.744591,2.49634,-2.105079,0.948737,0.756994,1.933108,3.553903,5.006784,3.828373,4.224906,5.240081,4.590043,4.890489,4.716379,3.683842,3.773076,2.290494,4.226099,4.195311,4.421126,4.890316,4.041899,6.260436,4.801511,5.169246,4.562759,4.10639,4.889149,2.53501,4.881175,4.888913,4.172951,3.76723,1.871679,3.068569,1.752888,2.696697,2.024922,2.186373,3.12627,-2.580958,0.632281,-5.920286
ACH-000290,-5.913068,,,,,,,,,,,,,,1.357493,2.847453,4.483012,4.911654,4.428349,2.761806,2.195756,2.746774,3.771018,2.858002,1.323062,3.391096,5.035107,2.236033,3.736794,0.430854,3.333552,1.160747,2.282632,1.465962,-2.337462,-2.534775,-1.171853,4.762181,1.172823,3.463308,3.087892,3.60751,4.933523,4.675441,3.311901,1.90093,4.220089,3.28701,2.788599,3.841122,-0.211315,-0.115874,-3.521118,-1.370772,3.545256,2.463051,0.331335,0.986337,2.647223,-5.726479,-1.570712,3.601534,3.829629,2.247293,1.340044,4.002294,1.641829,6.052324,3.787185,2.708958,4.48828,4.788619,3.176989,1.694364,2.314058,2.949938,2.649636,1.433628,-3.852056,2.770337,5.383392,4.748853,,5.391179,3.21469,4.055983,3.924582,2.645399,5.055814,2.29908,5.009221,5.061174,1.782316,-1.46625,-0.522285,2.56929,1.107938,1.46309,1.448919,1.30427,-2.774475,-5.602547,-5.104501,1.462138,-4.973875,-5.955845,-2.077356,2.02001,3.12609,0.96088,-1.427906,-0.203898,-0.98461,4.88192,0.765676,2.392868,3.637708,4.216623,-0.70215,-2.417227,-0.185864,0.238947,-1.309506,-0.840983,-2.756765,-7.035138,-3.165173,-1.748332,-5.422201,0.407426,-0.653442,1.060176,2.651032,4.455085,5.083547,4.155629,4.829827,4.960709,5.083645,3.91279,4.897763,2.966035,0.318189,5.086803,2.355561,4.418648,5.062099,5.086803,4.724348,5.263523,5.180905,5.096284,5.064149,4.377101,3.066752,3.962276,5.032208,5.086803,5.086803,1.321616,2.950197,1.723662,3.684488,1.804987,2.279385,1.320668,-3.751024,,
ACH-000052,-6.083814,,,,,,,,,,,,,,0.939662,2.696722,3.873168,3.929161,3.122181,2.117186,1.222227,3.601904,3.43092,2.486393,2.730018,3.578673,4.627663,1.37315,4.892546,2.217784,4.978386,1.062561,3.346088,3.627991,1.996644,-0.084918,1.09033,4.994853,1.678019,3.158491,3.63127,3.64225,3.209736,2.748654,1.782255,0.977047,3.737004,3.297024,3.417316,3.503035,0.090029,-1.246753,-2.77721,-0.241321,4.04711,3.50165,3.093127,0.006006,2.750989,-5.23388,-1.531149,5.192777,4.592916,2.717995,1.723942,4.884472,3.10185,3.634317,4.50499,2.68907,3.040161,1.750779,3.339687,2.539198,2.291956,4.157572,2.740594,1.342469,-3.564444,2.769846,3.777529,5.184373,3.379063,4.333747,3.644749,4.036257,4.834869,2.730538,5.209741,2.645011,5.219213,5.110946,3.203657,-1.156412,0.557259,1.019778,-0.512838,0.374213,0.475115,1.180284,-3.662076,-6.014483,-5.193243,0.464058,-4.672532,-6.170864,-0.987762,2.879665,2.5272,0.900249,-0.485929,1.632439,1.075156,4.990523,1.419881,2.219622,3.237048,4.316464,3.634207,-1.829998,1.238439,1.782117,-0.006975,-1.422633,-2.342677,-6.826775,-4.432786,-0.373574,-4.869447,2.168162,1.268468,2.52675,4.702387,4.862155,2.43293,4.141424,4.375042,4.232434,5.240599,5.187042,4.47732,3.227013,3.122203,4.392506,4.708132,5.007261,5.240599,5.240599,5.773081,4.228557,5.532907,4.491484,4.048136,4.263469,2.717588,4.9625,5.074112,5.137153,4.053855,3.541434,3.381185,1.332749,2.513584,1.611559,5.071992,1.041571,-2.334867,-0.580572,-6.29083
ACH-000087,-5.935602,,,,,,,,,,,,,,-0.851745,3.703103,3.190651,4.7572,3.644728,3.546514,2.389822,3.357225,1.820737,2.4837,1.6935,3.052249,4.385274,1.660238,5.161824,1.136394,2.50231,1.496424,3.125001,2.990896,0.993522,0.201947,-0.364979,4.924086,1.835961,4.893467,3.876226,4.932345,2.215143,2.62297,-0.187627,0.014055,3.200384,1.891534,2.424275,2.806232,-0.868109,-1.430566,-2.863144,-0.418266,2.015979,2.881486,0.863219,-0.18026,-0.429476,-4.926689,-1.210738,4.923212,4.924086,2.082053,1.496861,4.922465,2.560426,5.043177,2.916881,1.909148,3.697497,3.349091,4.734812,1.928082,1.204495,3.074723,2.861917,0.334423,-3.722942,2.508289,3.307042,3.830358,2.530393,4.58771,4.641373,3.553301,4.737141,2.243736,4.924086,2.609832,4.817476,4.91403,1.99164,-2.350432,0.212018,0.352841,-0.280417,-0.724531,-2.55006,0.63959,-3.509546,-5.168848,-5.339177,0.218913,-5.402686,-6.386234,-2.700049,1.587686,3.297234,0.72882,-0.667561,0.426299,-0.955699,4.309899,0.963063,1.592211,1.1108,3.838966,2.413564,-2.03507,0.281302,0.592341,-0.133787,-2.915064,-3.125209,-6.395879,-5.07636,-0.320424,-5.143017,1.405709,0.831563,2.213065,3.469486,4.1041,3.329241,3.984553,4.73168,3.470379,4.268108,4.883636,4.915026,2.872411,1.405011,3.820031,3.925514,4.536863,4.80575,4.894064,5.339216,4.433259,4.849047,4.186022,3.593721,4.358209,2.68807,4.641018,4.249259,4.171967,4.038855,2.325065,3.263194,1.021452,0.925569,1.52056,2.79729,0.395364,-3.29868,,
ACH-000334,-4.898905,,,,,,,,,,,,,,0.580625,2.433566,4.781376,4.808865,3.487688,2.856276,2.86815,2.667617,2.095548,2.648739,1.659424,-0.050744,5.27798,1.66688,4.710989,0.712715,2.778284,1.719051,2.927562,3.467027,-3.772327,-3.614867,-1.126378,4.722743,1.178511,5.180479,3.81099,3.737579,5.278969,4.823258,2.948671,1.811808,5.031424,2.097021,1.581375,3.695165,-0.697286,-1.344755,-3.790723,,0.294876,2.457532,1.722764,-0.096555,3.436245,-6.676726,-2.574406,5.263161,5.278969,2.166679,1.392106,4.227318,3.518009,3.676418,3.378397,0.732474,1.379499,1.701194,3.456548,2.650869,2.44723,3.677519,1.63991,1.477393,-3.533677,2.341417,4.121206,4.152713,2.175152,3.296187,2.969484,2.293872,3.212744,2.230179,4.341131,2.597372,4.074427,5.246553,2.285902,-2.460231,0.710516,1.882743,1.311032,1.605358,1.771676,3.188771,-4.328662,-5.788067,-5.237666,-0.08519,-4.810713,-5.682048,-0.389686,3.677038,2.577662,1.599702,0.310472,0.912027,-1.022187,3.728823,2.5603,1.486497,3.13312,4.348822,1.147891,0.313535,4.253592,3.53363,1.16724,-0.439188,-2.115732,-6.229213,-4.937816,0.546775,-4.620816,0.871115,-1.417908,1.120896,3.982861,5.196637,5.265643,3.790015,3.899068,5.278969,5.278969,5.266449,4.162708,2.101716,2.773253,3.943897,4.407256,5.414716,5.411549,5.32419,6.233445,5.112465,5.369961,3.924474,5.278969,5.278826,2.673082,4.798105,5.278969,5.278969,2.549924,3.239169,1.787212,1.854665,4.230626,0.871312,2.790267,2.424476,-2.901776,0.103145,-6.176777
ACH-000874,-5.006203,,,,,,,,,,,,,,0.701313,2.74615,4.104881,4.222124,3.191009,2.767607,1.42242,2.999257,2.956539,2.195141,0.944915,2.782916,4.380335,0.812509,3.973475,1.054978,2.743531,1.725041,2.637081,2.80487,-5.150647,-3.578698,-2.754576,4.278938,1.539196,2.408659,3.593738,3.017807,2.449671,2.155904,0.60522,0.083565,2.13232,1.024966,1.548012,2.521617,0.812731,-0.337069,-2.426934,0.56044,1.161401,1.313203,1.201202,0.644482,1.058118,-6.443088,-2.846652,3.07347,3.514002,0.955793,1.498082,2.831652,1.891755,3.430885,2.979052,0.17938,2.451004,2.959098,2.778753,3.20034,2.769133,2.58296,2.019477,0.053181,-3.971327,1.988669,3.317762,3.929248,2.395563,4.446667,2.707318,2.456444,3.018948,2.069441,4.47136,1.973007,4.025058,4.494095,2.395899,-1.071697,-0.089305,0.380711,-1.072691,-0.619491,-3.339337,0.407998,-4.876244,-5.035088,-4.650407,0.744352,-5.003429,-5.38122,-2.50866,1.682943,1.31627,0.870447,-0.981519,0.740033,-0.67475,0.405283,1.919453,0.566589,2.130533,2.22595,0.620313,-1.081158,2.540605,2.036452,0.557999,-2.008975,-3.199346,-5.663022,-4.028933,0.259906,-4.646612,2.101146,-0.292996,1.537782,2.681863,4.494941,4.257273,3.843595,3.500292,4.494941,4.20436,3.657557,3.788047,2.688454,2.745108,3.901479,4.237003,3.066445,4.361075,2.571276,3.787482,3.850438,4.516544,4.341138,3.008496,3.586513,2.418132,4.407,4.366476,2.699925,4.079254,2.613166,2.567533,0.633424,1.992961,2.306038,2.444421,0.277593,,,
ACH-000960,-5.966715,,,,,,,,,,,,,,2.054033,3.076393,3.719552,2.849653,3.294736,2.589586,2.251157,4.728201,4.536587,2.366469,3.184344,3.124163,4.327586,1.242053,4.316745,1.216069,2.955773,2.798366,3.882766,4.399982,-2.711649,-1.603833,-1.468148,4.366102,-2.966942,3.370976,3.272526,3.393356,2.543907,2.348104,0.601774,0.364713,1.692065,1.048151,0.814062,1.93057,0.899331,0.537688,-1.402422,1.212017,2.066388,2.343325,2.598197,0.547444,1.038343,-4.421879,-0.885587,4.723889,4.01952,2.194805,1.655361,4.521036,2.399621,3.016544,3.720792,2.649307,3.330657,2.824682,3.761546,2.461793,2.520068,3.44054,2.564774,0.872358,-3.607744,2.995947,4.306728,4.716799,3.262851,4.560464,3.521978,4.649643,3.641388,2.26383,4.727279,2.38962,4.51955,4.733702,1.979448,-1.793907,0.936717,1.125389,0.586567,1.037468,-0.361348,1.898194,-4.506228,-6.175602,-4.899205,1.135418,-5.166937,-5.361565,0.063764,2.850698,3.49808,2.137842,-0.308213,1.618013,0.07278,1.773844,2.695984,1.440329,2.735495,4.282356,1.447646,-0.407907,1.667157,3.140372,1.000196,-2.65019,-2.87569,-6.598457,-3.107741,0.436385,-4.088666,2.169517,0.930656,2.454614,4.466657,4.355761,4.153261,3.776792,4.29697,4.708268,4.733515,4.373011,4.427179,2.60864,3.221088,3.580095,4.380052,4.364898,4.121403,4.495302,5.467707,4.485455,4.727687,4.339476,4.717781,4.285318,1.604784,4.367984,4.150698,3.344439,2.836782,3.146427,2.870403,1.369883,2.35645,1.683937,2.75804,3.175766,,0.51585,-7.323958
ACH-000660,-5.549936,,,,,,,,,,,,,,-1.465039,2.014826,2.301646,3.777045,2.467033,1.339303,0.460635,3.354032,2.533264,1.026697,1.283682,1.208121,1.328272,-0.173328,2.340079,0.373826,1.403719,1.693751,2.76632,2.500347,0.935138,2.238284,3.266808,3.777045,-0.591868,3.120635,2.776044,3.277176,-1.19568,1.885507,-1.283825,-1.574835,-1.116886,-0.078055,-1.522914,-0.889959,-7.02019,-2.097316,-5.263184,-2.138278,0.59654,-3.779891,-0.929985,,0.515347,-6.293005,-1.837642,3.270916,2.935522,0.544911,0.770525,3.777043,1.696947,0.696101,2.924002,0.5213,0.7025,-0.71817,0.26764,-0.719653,-2.21648,0.821179,1.251525,-0.815508,-4.003923,2.002041,1.905414,3.728089,3.656901,2.858465,3.708693,3.193155,3.576594,1.473604,3.716112,1.47446,3.608107,3.777045,0.732243,-4.508195,-2.249743,0.730282,-0.17988,-0.603622,-2.558353,0.733691,-4.183861,-6.586494,-6.549056,-0.288777,-5.733741,-6.71243,-2.785659,-0.16554,0.591672,-1.239831,-3.373876,-0.336464,-0.869074,0.782888,2.063004,1.184335,1.799368,2.232085,0.475221,-2.453625,1.035484,0.922751,0.386938,-2.396623,-5.383936,,-5.501931,-0.858401,-5.153279,-0.728591,-0.89272,1.290971,1.126092,3.75977,3.077245,3.49287,2.953746,3.685121,2.805398,3.776298,2.822545,1.040243,1.810618,3.02863,3.777045,2.625747,3.403729,1.805174,4.596928,1.584531,3.338488,3.889363,3.76851,2.760696,1.307985,2.908228,3.741424,2.813484,1.593401,1.8839,1.489831,0.805781,3.087453,0.456767,1.967578,0.360343,-3.903972,,
ACH-000607,-6.213973,,,,,,,,,,,,,,-1.408123,3.000519,3.074724,3.869963,2.80108,2.829941,1.369471,3.552184,4.549289,2.630267,3.734715,3.336063,4.264772,1.037323,4.693451,1.493543,2.484242,1.539159,3.805001,4.853481,1.761628,2.335424,2.342111,-0.132221,-6.217388,2.481764,3.321608,3.062716,2.66912,3.452971,1.901185,0.706764,3.211895,1.851676,2.648655,2.446777,-0.537334,-1.302364,-2.776447,-0.365097,3.820261,2.822425,3.008611,-1.072976,-0.127548,-4.756014,-1.542234,4.070634,3.450606,2.749641,1.970583,5.110031,3.130438,2.749002,4.519944,-1.278625,1.364945,-0.429296,4.160876,2.304691,2.273467,3.179125,3.456407,1.487711,-3.504295,3.346598,3.479228,4.528273,3.662363,4.354929,3.10335,3.154377,3.276944,2.297708,4.387777,2.423902,5.153134,4.638891,2.889694,-0.87233,-0.536788,1.278923,0.476231,5.153134,-0.356443,2.445963,-3.955411,-6.129868,-5.221006,-0.249972,-4.874712,-5.886711,-0.450194,-0.441545,2.636442,-0.804323,-2.685162,-0.428628,-0.505707,0.753212,2.989976,1.135119,1.417939,3.465079,0.411225,-0.157498,1.783737,2.208143,0.638015,0.041765,-3.143476,-4.837961,-4.277066,0.219688,-4.6487,1.973411,0.545391,1.964302,2.594793,3.32104,4.143087,4.156201,4.025041,5.058012,5.147902,4.580074,2.973307,1.982981,3.12077,4.079588,4.455746,3.773453,5.149367,5.153134,5.602825,5.319844,5.326163,4.327437,4.486588,4.8331,2.695803,4.416234,3.418688,4.606744,3.713414,2.055494,2.429295,1.378047,3.688614,1.34378,2.520701,2.595791,-2.91806,2.113226,-5.458309
ACH-000751,-3.840229,,,,,,,,,,,,,,-0.025592,0.880265,0.696499,2.066502,0.121242,-1.849401,-3.456037,3.135482,2.956748,2.730315,1.174703,2.722638,3.137674,1.008161,3.725204,1.069323,2.243892,1.0595,2.448763,-2.583187,1.11051,-0.690857,-0.607064,4.450262,3.03953,2.012587,2.685466,3.283632,3.041973,3.562883,2.887311,1.453114,4.152008,2.058314,2.546276,2.940267,0.309314,-1.149441,-3.517801,-1.009349,0.625161,1.409981,1.269132,-0.265366,3.139983,-7.041479,-2.823149,3.810887,2.288676,0.793287,1.323685,3.689759,1.432904,2.957172,1.756078,-1.716075,1.000874,-1.012834,4.179722,2.55338,-0.63059,4.336541,1.90919,-1.04972,-3.077654,3.096079,2.249579,-1.691643,3.054035,4.453013,3.38193,2.887875,3.422023,2.24742,4.380682,,4.561575,4.560043,3.09754,-0.985967,-0.068403,0.77331,0.847721,1.722966,-2.732342,1.082369,-3.667589,-5.649216,-5.394718,0.330416,-5.40304,-6.506348,-2.730738,1.357777,0.991996,-0.327917,-1.535015,0.497695,-0.93107,4.186952,2.706049,1.515482,3.084098,3.855369,2.084501,-3.10304,1.576362,2.713662,0.775251,-2.840433,-3.17991,-4.90884,-4.669705,0.53987,-4.435575,0.412341,-0.452446,1.64925,1.898274,4.261677,3.653784,3.314136,3.660261,4.153836,4.21487,4.325288,3.623066,1.651748,3.010179,3.65481,3.902895,3.749027,4.560741,3.94213,3.454506,3.520429,3.9537,4.378914,3.376952,3.896845,2.137708,4.32252,4.98352,3.047098,2.084516,4.268782,2.035144,1.405662,3.189353,1.740723,2.842172,1.244042,-1.026788,,
ACH-000372,-2.900862,,,,,,,,,,,,,,,2.377099,1.842346,,,0.649352,0.501925,3.17775,3.132823,2.719386,1.998446,3.140616,3.400099,0.341511,3.223631,0.301385,1.801852,1.675263,1.850359,-2.868196,0.243194,-1.673246,-1.788585,4.00944,0.686664,3.588078,,2.797404,2.858795,2.305329,1.30097,1.057084,1.138538,0.381873,0.742976,1.189889,,0.402523,-2.833425,0.026354,1.485563,1.785647,,-1.454771,,-6.247577,-2.421503,4.541056,4.540302,1.167916,1.436897,4.528562,1.492346,1.630277,3.888488,,0.603679,-0.804282,2.37985,1.780153,-0.082735,1.424697,2.651892,-0.235976,-3.661481,2.118697,2.249372,3.997794,1.668757,3.324495,2.76997,3.743562,3.28311,2.133026,4.110335,0.997715,2.538445,3.653954,1.877156,-2.262253,-1.060582,0.540399,-0.857819,,-3.239084,0.677514,,-6.172352,-4.951134,0.665007,-5.698383,-6.023764,,0.451384,2.058839,-0.480567,-1.521389,-0.033649,-1.061082,3.264133,,-0.172035,1.455445,3.756262,1.181192,-1.757148,1.713584,2.747644,0.36525,-4.279194,-3.783644,-6.408207,-4.690472,-0.687895,-4.972176,-0.503319,-0.761638,0.883999,1.085995,3.704913,3.310083,3.248925,,4.528789,4.541056,,3.963473,,,,,,,,4.28246,0.796407,4.451165,4.240103,4.540893,4.896541,2.495424,3.86881,4.076122,3.173845,3.422874,2.463368,1.891999,1.318968,3.130562,1.153933,2.17641,1.339759,,,
ACH-000567,-4.984006,,,,,,,,,,,,,,,2.827485,2.121713,,,0.735745,0.646759,3.600479,1.286458,2.427634,3.24768,3.20501,2.89612,0.959156,3.418521,0.482309,2.422281,2.125613,4.788044,0.403755,2.173789,0.102045,-0.472771,4.180677,0.465063,4.942905,3.664691,3.643524,4.731903,4.020506,2.848985,0.93739,2.50096,3.19541,2.261427,4.39469,,,-2.41341,0.204982,0.60777,0.335028,,0.65784,,-5.509532,-1.817619,4.573462,4.700229,1.018599,1.787193,3.523985,2.549611,1.887689,3.084283,,-0.052455,-1.347681,2.124613,1.474758,1.896724,2.069152,2.745913,-0.385766,-4.350546,1.858396,3.488994,3.510111,2.205689,4.213821,2.440743,3.089813,3.304672,2.033293,4.29876,1.758642,4.675794,4.595382,2.325803,-2.298791,-1.10715,0.441351,-0.710776,-0.330243,-2.175358,0.0899,,-6.148191,-4.697744,0.203205,-5.741642,-6.025647,,0.778732,2.378002,0.947382,-1.400357,0.50693,-1.280854,3.909549,,2.168179,0.578341,3.656843,2.005693,-0.831253,2.982173,4.255178,1.925957,-1.170807,-1.299008,-4.333862,-3.681742,1.095098,-3.427675,0.134355,0.486871,1.484046,4.045959,4.805098,3.699264,3.224481,4.803351,4.201563,4.54209,4.644215,3.438589,2.180861,,,,,,,5.444433,3.383461,4.796691,5.004666,4.814289,4.814448,2.146835,4.149322,3.708539,3.986856,2.392171,1.826047,2.717369,2.286585,3.974744,1.389483,2.556395,1.936237,,,-7.482204
ACH-000838,-6.084771,,,,,,,,,,,,,,-2.275686,1.250547,1.56142,2.606905,0.715129,0.061944,-0.702729,3.092893,0.482117,2.100384,2.64214,2.780888,3.298665,0.804087,3.936948,0.765995,1.596779,0.007309,,3.509945,1.392958,2.359598,3.914871,4.574516,0.173563,2.486637,1.790035,1.823768,3.098147,1.37326,0.217044,0.160243,1.409652,0.797296,0.795539,3.453708,-0.36326,-1.596126,-3.037204,-0.864853,1.580605,1.028496,1.512037,-0.375125,3.509512,-7.125314,-3.171612,4.572895,2.425268,1.535645,1.417787,3.493691,2.451449,1.843772,2.848143,-1.505728,0.070981,-1.337416,1.763096,1.2441,1.741687,0.954348,1.924151,-1.283512,-4.428067,1.116184,2.860848,2.435751,1.65696,3.540372,1.717186,1.277698,2.800784,0.957325,3.339533,0.566685,2.696909,3.726225,2.656777,-2.188785,-0.570411,0.817563,0.659974,0.861923,-2.866362,,-4.914012,-7.532931,-5.987695,-0.266326,-6.247262,-6.899155,-2.239098,0.405318,1.788752,1.718673,-1.479884,1.103029,-0.671922,0.631763,0.87179,2.245642,,1.913757,-0.761141,-1.433996,2.724928,4.574516,1.276902,-0.027324,-2.912631,,-4.194547,0.944561,-3.476284,0.333693,-0.087435,1.631519,3.986995,3.68054,1.09768,2.649616,4.089195,4.567078,4.574409,4.513206,3.216662,2.679503,2.442603,2.588492,4.573814,3.935828,4.526315,3.237494,3.902606,2.344169,4.276489,3.61871,4.574516,4.574516,2.251336,2.970715,3.126906,3.702852,1.97264,1.002355,1.688283,0.730316,1.035024,1.782028,3.283722,1.47591,-3.742967,-0.057911,-6.955432
ACH-000786,-1.919454,,,,,,,,,,,,,,0.504847,3.291489,2.299646,3.955319,4.010128,2.395362,1.73264,4.522425,2.308462,2.574102,1.651281,3.123936,4.712336,1.08776,2.994292,1.39721,2.04332,2.890269,3.70292,3.676511,1.999672,1.86997,1.884361,4.730128,1.761302,3.485472,3.478312,3.801315,3.132187,2.767479,1.628097,1.042377,1.984542,1.811689,2.081847,3.937828,0.649587,-0.983934,-1.334458,0.590241,3.551763,0.855421,0.712533,-1.231651,2.238319,-5.197276,-1.40819,4.733374,4.733374,1.516977,1.737148,4.730465,2.767693,1.870683,2.48502,2.108278,1.099735,-0.216192,3.078043,1.333754,-0.368029,2.464216,4.371161,0.233066,-3.705363,1.961879,4.872275,2.823343,2.348721,3.525679,2.951744,3.991786,3.953359,1.681991,4.499499,1.542789,4.356149,4.732966,2.521131,-2.009656,0.311021,1.25302,0.109125,0.481183,0.899575,1.998172,-1.970478,-4.450195,-1.444624,2.529086,-4.702713,-4.397435,-2.089878,1.210382,2.221333,1.915588,-0.686095,1.304776,0.095115,2.264,2.823385,2.394401,2.606766,2.635084,1.14026,-0.767611,1.679286,2.483956,1.370281,1.558371,-3.062963,-5.454714,-2.222155,0.913365,-3.881287,0.047761,1.224816,1.61367,4.73336,2.931588,4.221061,4.190092,4.283706,4.483501,4.461211,4.5375,4.731185,2.651445,3.974427,3.485992,4.18316,3.425103,4.729844,3.611156,6.079085,5.000537,3.560715,3.951667,3.768245,3.984786,2.660756,3.944419,4.148404,2.835083,3.409371,2.415064,4.262667,2.070558,3.872976,1.898785,2.548476,2.354456,-2.676596,,
ACH-000440,-4.530047,,,,,,,,,,,,,,1.278481,2.267447,3.859358,3.062601,4.37358,3.410128,2.739177,4.530148,3.433462,2.381455,1.965835,3.701101,4.58728,1.361708,3.037882,1.343225,2.605598,2.662814,3.47025,5.044711,2.987751,2.702174,3.107693,4.844468,1.620831,4.693051,3.041045,3.936362,2.332957,4.207727,2.192244,0.257273,2.110573,1.963401,1.606692,2.253598,-1.410669,-0.268996,-2.074199,0.268496,2.603393,0.503402,0.853662,-0.341782,5.779674,-5.086121,-1.177539,5.502705,5.527223,1.697495,2.47196,5.470456,3.016638,1.942115,3.598029,0.988005,1.469007,0.930979,2.678826,2.351364,1.720017,4.24388,6.22037,1.402393,-3.233837,2.412524,2.964642,3.597142,3.463763,3.623878,3.6835,3.705161,3.375608,1.054957,5.147072,1.922949,4.942669,5.35967,2.273025,-0.723483,0.645493,2.136018,0.626979,1.716666,2.942085,2.494396,-1.917674,-4.388966,-3.320013,1.704264,-4.635543,-4.450185,-0.631987,2.630089,2.761501,1.844487,0.403095,1.588604,0.080901,4.983386,3.116192,2.746303,4.099414,4.60345,2.553037,1.224438,3.805884,3.752375,3.366138,0.482842,-1.935475,-2.734376,-2.127708,2.574453,-2.004145,0.897021,0.223234,1.769425,3.530037,4.573127,3.793988,4.475918,4.694882,5.519854,4.685841,5.427992,5.527223,2.029235,3.226393,5.291193,5.526836,4.191074,4.853052,5.344312,5.86788,2.384342,5.446282,4.824919,5.524535,3.957519,2.021081,4.129432,5.12398,3.914412,3.176199,4.436489,3.214538,2.235279,4.110503,2.023014,3.56581,1.536853,-2.402356,,
ACH-000162,-6.219399,,,,,,,,,,,,,,-0.745522,3.687812,3.377751,4.412143,3.736023,2.603277,1.433669,3.57207,2.159329,2.303959,1.372643,2.432338,1.19615,1.140817,2.225598,0.635291,2.678523,1.76127,2.52314,3.593812,1.732637,3.082395,4.081395,4.609227,0.73825,4.897698,3.539946,3.38993,0.236528,1.664646,0.243396,-1.155919,0.836621,-0.112372,1.1544,1.131875,-1.070963,-1.637329,-4.693078,-1.859216,0.490598,-1.161365,-0.078207,-1.572624,2.096674,-5.962081,-1.594406,4.917289,4.91728,1.381576,1.230804,3.994222,1.245005,1.089016,2.496561,-0.675135,0.446078,-0.486571,0.125701,-0.073941,-0.519255,2.188747,2.943296,-0.063363,-3.854343,1.819847,4.146454,4.037339,2.468397,3.20138,3.653691,2.973329,3.702926,1.273326,4.444112,1.008651,3.113432,4.267888,1.520963,-2.452022,-0.186591,1.222206,-0.04498,0.127504,-2.118835,2.058128,-4.23664,-6.073158,-4.785149,0.990793,-5.607395,-5.917805,-2.431384,1.116458,1.10499,0.226293,-2.454681,0.654162,-0.976259,4.28439,2.587951,0.444481,1.320068,3.88184,0.641024,-1.262337,2.0062,3.268507,0.683244,-1.996291,-2.030576,-4.224927,-3.753197,1.363014,-3.213451,-0.008031,-0.049884,1.806325,1.999182,3.37347,1.79389,3.76978,3.735893,4.895117,4.297236,4.744964,2.291207,1.853567,2.612284,3.683158,4.733915,3.538973,4.430837,3.966146,5.596112,1.963646,4.355139,3.978784,3.777584,4.295213,2.482329,4.905928,4.496562,1.694153,2.660959,3.196134,3.390758,1.462226,3.355473,1.450374,3.127556,0.792562,-3.243336,,
ACH-000271,-4.961073,,,,,,,,,,,,,,-0.552388,1.788032,2.493854,2.866243,3.501145,2.012673,1.161097,2.38673,3.224087,1.671358,1.697216,1.402883,1.712037,1.297342,2.835048,0.624869,1.446025,2.724396,2.664693,2.888703,0.32568,1.821759,1.89582,4.078299,0.446365,3.419778,4.15781,3.483978,0.598203,2.901945,0.44732,-0.522737,-0.552308,-0.326328,-1.334769,0.281966,1.200517,-2.156564,-3.932654,-0.620948,0.754206,-0.132299,0.966259,-1.96569,3.12682,-5.756465,-1.741475,4.157814,2.347714,0.859926,0.221462,4.157723,2.404019,2.723031,1.434565,-1.318866,0.165097,-1.444988,2.579239,1.545034,0.818759,1.928321,3.536079,1.951458,-3.796695,1.836649,2.569185,3.472473,3.097963,2.088543,2.457782,3.114064,3.639478,1.391283,4.109847,0.652655,3.336751,3.062526,1.595652,-3.647983,-0.800465,0.884694,-0.324088,-0.262985,0.466938,1.131311,-3.511642,-6.368668,-5.458521,0.915062,-5.801251,-6.024225,-1.829917,1.620363,2.082138,0.96339,-0.806507,1.002725,-0.723718,3.198145,3.341696,-0.37026,1.359272,3.070721,1.738013,-2.652724,2.458251,2.935192,1.515046,-0.373412,-2.89706,-4.728111,-4.49387,1.256118,-3.561816,-0.008743,-0.114201,1.54848,2.607338,3.617358,3.186184,4.081511,4.006821,4.138746,4.157814,4.132404,2.392569,0.777282,2.852357,4.146734,4.157792,3.576675,4.077003,4.010433,5.087381,4.27478,3.340761,3.651545,2.644573,4.157814,0.972153,4.157813,4.157814,3.173974,1.956419,1.463999,2.073803,0.895501,3.336276,1.195298,2.489801,2.436819,-3.786349,,
ACH-000355,-4.768,,,,,,,,,,,,,,0.223054,2.499982,3.699669,4.94389,3.831651,2.86223,2.948023,2.811329,4.546959,2.094526,1.805653,1.826086,3.5605,2.066937,3.924542,0.837474,2.515371,2.729923,3.436134,3.981959,3.13232,2.520855,2.051674,4.759453,0.570367,4.093491,3.567444,2.922254,4.847982,2.7211,2.759372,2.129403,1.833317,1.754142,2.390401,4.597388,0.306419,-0.382431,-0.629255,3.658229,2.123543,3.405082,1.391304,-0.08794,2.640447,-4.533517,-1.691703,4.69246,3.155752,2.426539,1.713735,4.930123,-0.956749,3.005179,3.76259,1.717853,2.857246,2.532436,3.199406,1.309261,0.037379,2.392208,2.813981,-0.289885,-4.89306,1.744229,3.080257,2.726991,2.322996,3.925691,2.34611,3.315271,3.892725,1.938791,3.764525,1.427708,4.124431,4.388885,2.375264,-2.783076,-0.256634,0.781238,0.639201,0.940445,-1.253863,0.902228,-5.179056,-5.355752,-4.707263,1.574475,-4.632603,-5.414883,-1.191072,1.944067,2.349728,1.394005,-0.600156,0.976113,-0.457527,4.708376,2.595587,3.032281,3.433322,3.354082,1.903134,-0.138198,1.761846,3.780796,1.117694,-0.317912,-1.281478,-4.345898,-2.989662,1.844334,-2.796747,-0.195775,0.874029,1.564044,4.871016,3.847271,2.863888,4.241214,4.442204,4.941469,2.427527,4.90919,3.092037,2.851886,3.041762,4.657594,4.943742,4.048628,3.410182,4.362174,5.455629,3.703706,5.142199,5.173265,4.943195,4.928438,1.692211,4.851225,4.413846,4.149555,2.741928,1.564546,2.970324,2.690879,2.735358,1.909324,2.679235,3.176156,-3.252797,0.334407,-6.705624
ACH-000245,-5.546032,,,,,,,,,,,,,,1.498218,1.889669,3.238366,3.005233,3.457877,1.825204,1.182078,3.874035,2.655615,1.124053,2.150585,2.121183,3.03388,1.272232,3.590649,1.058108,1.771067,1.61432,3.088643,2.758488,0.458252,1.972093,1.798444,3.730406,0.779746,2.685696,2.525348,2.746963,3.140821,2.733131,2.582706,0.828802,1.976011,2.596774,1.638204,3.724071,0.684908,1.293133,-1.149306,0.386907,2.199366,1.190875,1.6224,-0.93231,1.906591,-5.774085,-2.749786,3.73062,3.635515,0.967439,0.682296,2.930873,1.927532,0.539431,2.21463,0.003915,0.322853,-1.025266,2.827396,1.743594,-0.670706,2.860956,2.597807,-0.497188,-4.017044,1.765098,2.830502,3.696306,2.805345,2.554256,2.724319,3.219842,3.131499,1.426598,3.65761,1.193339,3.730607,3.730613,1.844241,-3.842782,-1.480453,0.688267,0.345601,-0.108007,-3.039382,0.054841,-5.008033,-6.40909,-5.142659,0.028708,-6.781894,-6.555997,0.590835,1.750084,0.794712,0.007527,-1.649905,0.161235,-0.88274,3.533203,3.357856,2.170354,2.218822,4.624618,1.824569,-2.135536,1.585905,2.993134,1.002684,-0.433832,-3.620521,-6.339192,-4.303825,0.06172,-4.314905,0.304782,0.615296,1.751379,3.730621,3.730163,-1.796942,3.616971,3.757793,3.730177,3.261865,3.729391,2.882584,1.950191,2.309252,2.832035,3.424268,3.714843,3.730621,3.717189,5.037699,2.721224,3.860762,3.751606,3.071943,3.729208,0.969575,2.60492,3.328283,3.279692,2.801797,2.527475,2.328434,1.826135,3.410766,0.370822,2.585048,2.048573,,-0.284117,-7.172896
ACH-000944,-5.839587,,,,,,,,,,,,,,0.035426,1.884425,2.758691,3.841894,2.614724,2.549798,2.24308,2.751209,2.075956,2.585318,2.181309,2.866149,1.940593,1.022211,3.056955,0.902038,2.869574,2.772898,3.454133,3.394473,0.990221,3.212909,2.466635,2.939945,0.177216,4.133851,3.108246,2.79244,1.73292,1.658716,-0.192357,-0.255616,0.615783,1.547573,0.498885,1.974676,0.164083,0.070495,-3.044718,-0.274432,2.61392,0.553006,1.093843,-0.635158,2.314782,-5.666366,-1.935963,4.634202,2.866961,0.819318,1.638008,4.624321,3.023588,1.419748,2.320591,0.307051,-1.124172,-2.023488,1.003735,0.210591,0.900373,1.688578,2.847432,-0.556822,-4.187695,1.944728,3.111706,3.980965,2.09518,3.215203,2.554928,1.947559,2.733788,0.554623,3.54729,0.249732,2.630226,2.863848,1.487722,-2.087612,-1.291933,0.821374,0.610618,1.03576,-1.042584,0.971319,-4.736241,-5.810021,-5.061577,0.588897,-5.32922,-6.044627,-1.826436,1.616117,1.485662,0.172394,-2.009709,0.319413,-1.073039,4.421218,2.894879,1.919861,3.158527,3.016073,0.344925,-2.027286,0.651043,2.389438,-0.597198,-3.070115,-3.841509,-6.430223,-4.925927,-0.779982,-4.954536,-0.228552,0.388609,1.833824,4.251368,4.445452,1.711755,3.871566,3.241446,4.62157,3.657132,4.432901,4.065873,1.710092,2.909293,3.568024,3.747631,4.448901,4.620116,4.634202,5.360037,3.79731,4.161723,3.368485,4.439095,4.615641,2.59218,4.422594,4.630096,4.195019,2.179478,1.882443,2.968996,1.962605,2.934386,1.115818,2.663072,1.409782,,1.088455,-7.055359
ACH-000953,-5.667269,,,,,,,,,,,,,,-0.590121,4.184867,4.000891,5.070253,2.902572,3.432513,3.319791,3.809567,4.608851,2.57323,2.38771,3.670408,3.234121,2.588739,3.335165,1.135896,2.973382,3.261803,3.635864,3.494992,2.058659,4.711819,1.433002,5.521357,1.745939,3.923265,2.871578,4.413734,3.751477,1.984831,0.807572,0.851814,1.870603,1.222817,0.853365,2.155949,0.806895,-0.71504,-1.914497,0.292005,1.622256,0.350863,1.653547,-0.36446,3.308055,-4.012694,-0.661726,5.47661,4.725481,3.217141,1.63515,5.520215,3.737546,3.233938,1.959446,-0.100932,0.66102,-0.125439,2.520289,2.277908,1.631517,3.301082,3.199322,1.088635,-3.001127,2.841706,4.343065,5.406168,2.422121,3.911206,4.313833,3.959105,4.426315,3.115472,5.26587,2.765794,5.236702,5.513632,1.677649,-1.225094,-0.074518,0.678329,0.76517,1.376617,-1.769696,1.101528,-3.722884,-5.842747,-3.434261,0.889012,-5.109514,-4.763986,-1.787308,1.469149,2.294368,1.31797,-1.087356,1.330376,-0.698568,5.007147,3.558035,1.723969,1.35856,3.614388,2.806994,-0.950023,1.904374,3.111308,0.836857,-4.361092,-1.78241,-6.457492,-3.796801,-0.179828,-4.656972,1.03011,0.413543,2.965955,4.102148,3.607879,2.989076,3.44582,3.050637,2.966208,5.425473,5.47068,3.158777,2.724036,3.047556,3.934776,4.868174,4.915006,5.460906,5.521357,4.885318,3.698386,5.739366,5.064985,5.301937,4.620792,2.880944,4.498865,4.139961,5.197311,2.015713,2.339715,3.127425,2.557364,4.006717,1.788387,2.879199,2.750707,-1.515773,1.334214,-6.417782
ACH-000226,-5.321826,,,,,,,,,,,,,,-1.602252,2.067384,2.6669,3.924917,3.530954,1.845792,0.212505,3.30751,2.8445,1.754208,0.64016,2.291424,3.747625,1.335547,2.889821,1.13578,1.911744,1.814018,2.979388,1.646295,0.398243,1.253337,0.514758,2.336695,,1.253162,2.052983,2.335449,2.943241,3.47354,2.226232,1.140421,2.722849,1.765069,2.22776,3.889289,0.008172,-2.00618,-3.458592,-0.322137,2.036648,1.847207,1.664127,-1.042459,0.530797,-5.767948,-1.824594,3.924917,3.923247,0.608013,0.564804,3.672573,2.226204,4.844388,3.099096,-0.850572,2.592704,0.738433,3.574716,1.489408,-1.027038,3.008672,2.908795,-1.431942,-3.998776,1.791862,2.450093,3.362959,2.350279,3.215446,1.755297,2.147386,2.978453,1.002295,3.892461,1.550546,3.049554,3.724004,2.699214,-3.099766,-1.665216,-1.697336,-0.746936,-0.423756,-3.349581,-0.287479,-3.853243,-7.296693,-5.251059,-0.676762,-6.387451,-6.836167,-2.390607,0.134997,1.322861,-0.720591,-1.787244,-0.199772,-1.4773,0.391775,2.462928,1.529921,0.776977,-0.189862,1.176185,-2.004388,1.126908,0.701913,0.211484,-1.103148,-4.161165,,-4.58892,-0.275283,-5.387526,0.515867,0.847763,0.960436,3.924917,3.830257,2.782982,3.132588,2.452524,3.924511,3.924917,3.9116,2.67283,1.527155,1.950558,3.924917,3.482782,3.587884,2.785115,3.250987,2.356599,4.107297,4.053999,3.230407,2.455159,3.240868,0.824918,2.77017,3.500092,3.922762,3.52574,1.868213,2.048267,1.808744,3.206486,1.767123,1.830266,0.620462,-3.946999,,
ACH-000806,-4.735987,,,,,,,,,,,,,,-0.345802,2.92252,2.777596,3.873991,3.110628,2.974628,3.067358,3.362704,1.874144,2.78443,3.554872,3.103591,3.570866,0.319496,4.318011,1.338329,2.372776,1.709234,3.711666,2.616544,0.674866,1.427924,0.500628,3.846562,0.813237,2.372385,2.757076,2.905015,4.603722,3.287297,2.469705,2.467699,3.027693,2.764137,2.919068,3.419749,-0.003531,0.226631,-1.933132,3.199903,3.016937,2.51361,1.923563,-0.8842,2.338876,-5.639047,-2.155257,4.795825,2.489554,2.38728,1.770032,4.628718,2.941815,3.207423,2.834152,0.248025,1.507474,-0.106804,3.886637,1.635277,0.035606,2.213972,1.56606,-0.747002,-4.695174,1.698322,2.742351,3.021011,3.132253,3.629278,2.193152,2.999737,3.154487,2.394625,3.917084,2.348164,4.796347,4.794424,3.293952,-1.563569,-0.943289,1.837461,1.065086,1.039,0.583961,1.934422,-3.093364,-5.104694,-3.685491,1.125683,-3.714913,-4.228487,-2.271765,1.211403,2.858703,0.632616,-1.04372,0.220639,-1.47284,1.110688,2.419282,2.77568,2.776627,-0.120625,3.625271,-0.399378,1.829513,2.783289,0.437537,0.83975,-2.309255,-6.464092,-4.786658,0.114268,-4.830855,0.391363,0.771327,1.524383,4.789648,4.690347,4.796347,4.10827,3.427469,3.77255,4.694005,4.795036,1.950472,1.759553,3.36717,3.432794,3.851567,4.902754,5.056365,4.045752,2.466737,5.233729,4.859848,4.708427,4.129889,4.053202,2.51559,4.483558,4.629966,4.027649,2.814481,1.591023,3.239405,2.328072,2.79205,1.749516,2.862373,3.161796,,1.330474,-4.258878
ACH-000639,-6.12401,,,,,,,,,,,,,,-2.22126,2.870953,2.741682,3.88336,2.527844,1.369325,0.628475,4.253956,4.643084,2.608255,3.463212,3.267683,4.092789,0.296313,3.907598,0.70338,2.022012,1.384103,4.569461,3.12495,0.016259,-1.102596,-1.746969,3.565941,-0.338138,4.539882,,2.976625,3.652615,3.329744,3.091504,1.743209,3.482769,2.031907,2.345438,3.099984,0.632502,-0.385746,-2.230433,-0.289584,2.005484,1.635769,1.675411,-0.047242,0.77396,-2.990416,-0.529157,5.037471,3.616137,2.403986,,4.910817,2.893547,3.09932,,-1.683535,1.597616,0.17467,3.94246,1.736036,2.051231,2.040176,2.171239,0.173675,-3.575358,2.381882,3.450801,4.730242,3.009517,4.327189,3.130583,3.068735,2.759216,2.521779,5.154466,1.794639,4.707929,5.215127,1.483589,-1.046616,-1.326345,0.816755,0.381874,,-2.15487,0.749648,-5.443965,-5.577113,-5.18067,1.39019,-5.586124,-6.191453,-2.513083,2.213492,3.502684,1.341011,-1.054253,1.057645,-0.295362,4.477621,2.542899,1.340624,1.749395,4.351757,3.179589,0.199677,3.496228,1.589995,1.730337,-1.973795,-2.361759,-4.678446,-3.56074,0.711307,-3.787467,1.233687,0.24746,1.471496,4.130668,4.333102,3.846607,3.248377,2.615427,4.010808,4.110184,,4.916862,,1.527307,3.263104,3.177279,2.93812,4.90877,4.18879,5.927593,3.900291,5.139773,4.532776,3.642305,3.56346,1.951836,4.349337,3.805632,3.623573,2.425869,1.631394,1.540267,1.340777,2.129472,1.077462,1.791388,1.175277,,0.274381,-6.28636
ACH-000055,-3.704419,,,,,,,,,,,,,,-1.208653,2.276701,4.274143,4.748343,3.058958,1.785336,1.076998,3.68446,4.765655,2.015142,2.72543,2.939838,3.638474,0.397936,4.59429,1.270924,1.948735,2.365781,3.834332,-1.012553,1.814871,-0.325213,-0.314395,4.872132,1.888939,4.537513,4.129158,4.071003,2.485793,3.474687,1.628497,0.287108,2.32936,2.185836,2.201081,3.103347,0.679832,-3.153112,-3.598762,-1.65026,2.752945,1.924151,1.886427,-0.532308,-0.20295,-5.885459,-2.557247,2.370887,3.730189,1.599739,1.907892,4.905354,3.216217,2.474059,2.921091,-0.913769,0.815624,-0.384806,3.107871,1.458697,1.220767,2.239026,2.38354,-0.01052,-4.099344,1.736982,3.269713,3.695568,4.772547,4.839546,4.445864,3.834443,5.163415,1.978352,4.684614,0.962493,4.254243,3.483606,2.131205,-0.552151,-1.065328,0.692299,-0.360022,1.536127,0.116545,1.270054,-4.110396,-5.479217,-4.94015,0.044073,-3.356482,-6.115041,-3.08004,1.144125,1.589702,-1.025538,-2.371241,0.174034,-1.013591,1.616044,2.105864,0.512915,1.633045,1.953803,1.411683,-2.317395,1.855694,1.926328,0.589487,-1.530571,-3.206585,-6.181375,-5.557686,0.254125,-4.52823,1.687335,-0.396166,1.730926,3.766907,4.680823,3.366601,4.124176,4.721833,4.906651,4.615062,4.686872,4.753206,2.804819,4.025566,4.905328,4.903846,3.387535,4.847527,3.700127,5.847487,4.632617,3.810583,3.502666,4.668457,4.547826,2.437379,4.570668,4.698615,3.313921,2.466017,1.669604,2.672151,1.27838,2.386314,0.741661,2.208468,0.908515,2.458435,1.330062,-7.553559
ACH-000937,-3.628041,,,,,,,,,,,,,,-0.284172,2.986961,2.544938,4.05802,2.044093,1.711124,0.894865,3.845832,3.531686,2.980377,3.64465,2.435733,3.454435,1.131945,3.803686,0.81469,2.056431,2.160818,3.443273,-0.195063,2.867537,-0.54697,-1.07022,4.879018,0.750331,4.899706,3.433214,4.143352,2.528541,2.449711,0.808686,0.482334,0.820914,0.68961,1.472547,2.172912,-1.321136,0.015136,-2.84021,-0.071527,1.60814,-1.161704,-0.268688,-0.251178,-2.250469,-5.909004,-1.906145,4.957294,4.879243,1.957828,1.114436,4.945097,1.796741,1.810803,2.198978,-1.258168,1.969567,0.830511,3.127881,2.016336,1.904173,2.888172,2.526045,1.777772,-2.760408,2.542181,2.823828,4.236506,3.379562,3.869951,4.020636,3.64178,4.042954,2.626032,4.957957,2.031874,4.959092,4.9572,2.636485,-0.861444,0.222916,1.074335,-0.509633,-0.496204,-0.814017,1.47418,-4.689081,-4.466274,-4.049329,1.850524,-3.562614,-4.644409,-2.382679,1.427211,2.71778,1.098198,-0.95936,0.082555,-1.416596,3.661393,2.287084,1.212546,3.273254,4.317769,2.989682,-1.232535,4.407717,3.839579,0.9849,-2.742329,-2.797765,-5.781449,-3.285716,-0.003666,-4.512769,2.053368,0.098376,0.832114,1.971452,4.959977,4.915183,4.917609,2.68395,4.78804,4.850763,4.908039,3.460321,1.800671,3.095477,4.960031,4.842848,2.941642,4.073317,4.558957,5.228104,2.044056,4.683875,5.273292,4.475339,4.960031,2.894506,4.671149,4.270403,4.048004,2.802047,2.572309,2.177813,1.349856,4.115806,1.863211,2.805152,1.805458,-3.431284,,
ACH-000636,-4.442903,,,,,,,,,,,,,,0.461612,2.235297,1.401639,4.255787,3.102582,3.022182,2.467872,4.175114,4.272872,1.704639,1.387907,2.921107,,0.2555,3.198703,0.360576,1.111025,2.295727,3.056856,-1.002415,0.76722,-0.116636,-0.812582,,,,1.874799,2.63222,1.299658,1.409695,-1.198356,-0.795715,,-0.2895,-0.699707,0.67509,-0.023226,-0.698205,-3.144661,-0.725098,1.818318,1.308975,0.406499,-2.251677,2.502357,-5.570942,-1.600976,,,2.229513,0.34414,4.385858,2.802552,,2.458579,-1.894871,,,,,,,,,,,0.183544,,,,,,,,,,,,1.3477,,-0.327823,0.159556,-1.173241,-0.837479,-2.235928,0.553349,-6.247839,-6.523183,-4.771135,0.022044,-5.505838,-5.957033,-2.977387,0.175794,1.972369,-0.323378,-1.987041,0.247252,-1.701093,3.247442,2.077559,-1.541335,1.176421,3.063505,1.107066,-1.132048,,2.521322,0.684582,-3.931726,-3.43424,-6.738547,-3.537216,-0.324793,-5.173864,,-0.585908,2.034493,2.329199,4.532098,2.747029,3.616934,1.730835,4.452779,3.958831,4.287349,3.124221,1.431634,2.307024,3.437822,4.111295,3.479151,4.198369,4.390846,4.263852,1.797862,4.475519,4.532098,4.532098,4.531778,0.543489,4.476251,2.436455,2.136183,1.751808,,2.392672,0.893562,2.629276,0.792516,1.229419,1.506494,,1.045661,-7.312357
ACH-000697,-4.318172,,,,,,,,,,,,,,-1.358676,0.828678,2.098036,2.280266,0.276551,-0.719793,-0.224288,2.179484,,2.032976,0.56646,2.225012,4.341659,1.164907,3.236194,0.505441,1.838533,1.604545,2.741532,2.876553,0.932507,1.503953,1.795287,4.336736,1.561468,3.428147,3.081762,3.376951,3.727109,2.674474,2.746106,1.219665,3.342619,1.96342,3.101616,3.542125,-5.876315,-2.189161,-3.748363,-1.491225,1.346894,1.307106,-0.333418,-1.080171,-0.339936,-6.448996,-2.11196,4.341564,3.516478,0.9735,1.346374,4.305803,1.587122,2.904885,1.433032,-2.602973,-0.758791,-2.044443,1.735485,1.351403,1.100854,2.902526,2.528331,-0.592042,-3.772483,1.48156,2.353478,0.972409,,3.270626,2.822814,2.18253,2.813833,2.031123,3.739728,0.84692,3.578175,3.986349,1.71926,-3.046233,-1.554254,1.004885,-0.248661,0.459874,-1.941045,1.048557,-3.494032,-5.714846,-4.111013,-0.06847,-5.6973,-5.871259,-3.669558,0.217272,,-0.803435,-1.892352,-0.420577,-1.620936,0.40456,1.534867,-0.24859,1.060211,-0.628819,0.333046,-2.08229,2.006959,1.972224,-0.46778,-1.720298,-4.112528,-6.74808,-5.103198,-0.547736,-5.308995,-0.597936,-0.640501,0.906053,1.484854,3.422722,0.875758,3.597842,3.242527,4.316556,4.343267,4.338943,3.381514,1.311927,1.577605,3.829554,3.290708,3.765219,4.196226,3.51521,4.743581,1.50503,3.998327,4.114217,4.257046,4.612296,1.839298,3.817212,4.539407,3.633932,2.104706,1.414894,2.290241,1.313075,2.794045,1.76587,1.460174,1.394584,-3.949273,,
ACH-000106,-4.154206,,,,,,,,,,,,,,-2.004458,1.75152,2.009801,3.434917,2.745343,1.062206,0.804809,2.179428,0.453102,3.026943,1.490088,3.174174,1.548508,1.570544,2.227869,0.474543,2.188327,1.598352,3.909049,1.778343,-0.600971,-1.874711,-0.442727,4.750275,0.924943,5.057815,4.834993,4.091792,0.165749,1.876866,-0.710909,-0.813549,0.744231,0.730936,0.600793,1.349542,,-2.219715,-3.342044,-1.295116,1.508461,-1.698322,-1.629386,-0.919358,0.252956,-6.082604,-1.809289,3.067121,5.146328,1.441034,2.396188,4.611582,2.57897,2.254094,2.12219,-1.484655,0.659837,-0.751821,0.985983,-0.048338,2.693696,2.81968,1.83511,-0.61254,-4.516665,1.111845,3.66096,2.38906,1.265198,3.674798,2.639862,2.733805,3.252328,2.773216,4.626867,1.843218,3.217993,3.873406,2.441979,-2.640665,-0.579083,0.985054,0.279028,0.285716,-1.977107,0.721809,-3.627197,-5.303138,-5.060945,0.147706,-6.786644,-6.02665,-3.586867,0.407413,2.838618,0.946794,-2.336664,-0.809389,-2.12428,0.421134,0.689448,0.539279,1.011805,1.10871,1.213027,-1.547985,1.291683,2.226769,0.654045,-1.143581,-3.657024,-6.282807,-4.793585,0.142156,-4.85674,1.211432,-0.108706,1.991193,2.280362,3.353166,3.070827,4.391296,3.808722,5.236536,3.802552,5.124479,3.148138,1.228164,1.841192,5.344606,4.630311,3.294779,3.108712,3.346943,2.69467,3.525671,4.704831,4.709913,3.851596,5.989083,2.793731,5.791842,4.787916,1.351662,2.409558,2.065984,3.425526,1.665581,3.458278,1.38675,1.999796,1.255772,-3.407112,,
ACH-000346,-5.534428,,,,,,,,,,,,,,-1.409413,1.41899,0.595025,2.554515,2.053128,-1.270064,-0.241303,1.189576,-0.233545,2.852253,1.689837,1.932217,2.707889,1.344393,2.050062,0.129527,1.482293,1.664232,3.261556,3.233727,2.037753,0.840567,-0.309393,2.996311,-0.077666,4.945576,2.671539,3.752836,2.090445,1.720748,1.524248,0.038099,2.036654,1.743352,0.445152,2.806831,-3.673654,-1.969494,-3.903138,-1.558291,0.788677,0.164284,-0.203378,0.4167,0.168643,-5.763841,-1.916922,2.987126,4.756034,2.32096,1.614873,,,2.679168,2.299221,-1.261352,-0.531001,-0.537181,0.294028,-0.484006,1.483434,1.772105,2.302285,-1.663382,-4.049519,2.270736,3.51482,3.129977,1.724013,3.009308,2.119946,1.744952,2.82289,,4.774068,0.852573,2.526406,3.167913,1.694636,-1.987172,-1.030494,0.334234,-0.23203,1.877519,-3.411266,0.3209,-4.639907,-6.639616,-5.980315,-0.884031,-6.666652,-6.933448,-3.753963,-0.228418,1.602013,0.043881,-2.596756,-1.159779,-2.096435,-0.499592,0.798135,0.412304,3.320136,0.958126,0.965885,-2.210257,1.37504,1.438554,-0.148348,-2.139146,-4.053257,-7.191339,-5.521125,-0.866247,-5.559322,0.585895,-0.136623,1.44563,3.687933,3.437335,2.317064,3.723597,4.243879,,,4.953375,,1.886046,2.640255,4.947424,4.05278,4.183989,4.937125,3.686874,2.24741,4.356117,5.274883,4.566874,4.873941,4.787713,1.325342,3.735686,3.664534,-0.282049,1.065478,1.726972,2.390624,2.224908,3.226373,1.220267,1.621087,2.896874,,-0.275106,-5.602779
ACH-001106,-5.783523,,,,,,,,,,,,,,-2.186988,1.409833,1.381094,2.091208,1.074527,-1.704261,-2.212484,3.651241,3.379994,2.357475,0.880055,3.236866,4.848496,1.693922,2.456266,0.682004,1.992651,1.944378,3.274078,1.541378,-3.112478,-2.638983,-1.774279,,0.261788,4.377928,2.790135,3.395759,2.335276,2.659808,2.317688,1.706512,3.726959,2.138855,2.088507,3.605854,-0.516515,-0.071201,-2.461456,0.216178,1.693875,2.04141,0.612974,-1.449777,1.211827,-5.726357,-1.5534,4.850095,4.850095,0.348718,1.628638,3.897369,3.002021,1.602877,2.23294,-0.748145,0.528812,-0.469475,1.967068,2.969345,0.226345,1.272167,2.670077,-0.505277,-3.420249,2.548877,2.877075,4.424398,2.427699,4.084246,2.689842,2.918155,3.753757,2.252667,4.133122,0.825601,4.5325,4.328867,2.255772,-2.086665,-1.052437,0.933637,-0.441886,0.500349,-2.771329,0.983947,-3.319176,-5.926708,-4.597012,-0.106588,-4.978226,-6.136969,-2.399073,1.632338,0.907744,-0.950408,-1.683397,0.492005,-0.752021,1.924485,2.344766,0.695038,2.260733,2.440444,-0.117147,-1.487611,0.677243,1.091716,0.373653,-3.386576,-4.428291,-6.487783,-6.338743,-0.242426,-4.931196,-0.214763,0.124382,1.216903,1.987247,4.56838,3.651347,3.71331,3.459763,4.827621,3.101787,4.850095,2.818314,1.777164,2.022068,3.773049,4.055012,3.542908,4.07897,4.076627,4.086353,1.564946,4.337359,3.134116,3.037847,3.371206,2.947373,3.004904,2.527216,3.709329,2.769679,2.622535,2.668914,1.966848,3.24828,1.727335,2.391958,0.930996,,,
ACH-000938,-6.104494,,,,,,,,,,,,,,0.660133,2.017323,1.943968,2.762971,2.025234,1.263313,0.174497,4.265562,3.566354,1.815175,2.948732,2.686118,3.054008,0.845035,3.15686,0.727767,2.033789,3.998969,3.23939,3.166729,-0.919901,-0.26462,-1.100394,4.382782,0.536206,3.861806,3.260939,2.91458,0.073837,1.027243,-2.199164,-1.783978,-0.237916,-0.723539,-1.0452,0.914256,0.05051,-0.575992,-2.539038,-0.687024,2.111708,-0.33684,1.618921,-1.273635,1.942589,-5.363676,-1.462414,4.755214,4.30221,2.423606,1.757007,3.182767,3.035275,1.742235,2.270444,-0.800123,0.22405,-1.098908,1.526411,-0.040625,-0.335502,2.169639,1.283717,0.084479,-4.224755,2.023375,2.66095,2.987869,2.234415,3.555295,3.694408,2.973935,3.172162,1.541339,4.295428,1.928103,4.222454,4.747557,1.302916,-2.997842,-0.727115,-0.281366,-0.886001,-0.751454,-2.227482,-0.057691,-4.771664,-5.802433,-4.852787,0.821118,-5.698506,-5.572535,-2.307055,2.069369,0.574999,-0.404029,-2.074906,0.290131,-0.637957,0.718258,2.696345,0.394899,1.712356,2.339003,0.570438,-1.162747,0.739496,1.521719,0.504532,-3.716131,-3.763082,-5.54685,-5.252655,0.184377,-4.83983,0.078611,0.778016,2.172664,3.598047,4.643405,1.942118,3.013045,3.416298,4.726052,3.907457,4.360438,3.749744,1.735317,2.511529,3.9033,4.738774,4.506879,4.755214,4.755214,4.092354,2.168196,4.736326,3.556458,4.755214,3.930173,2.715579,4.362985,3.949506,1.916969,2.505286,2.603473,2.435694,1.911815,3.387871,1.313062,2.297618,2.624619,-3.59115,-0.099289,-7.519153
ACH-000070,-5.73839,,,,,,,,,,,,,,-0.03205,1.8068,1.844601,3.108733,2.684146,0.890717,0.510164,2.139766,0.768096,2.144702,0.94029,2.339705,3.225762,0.408694,4.024392,0.312853,1.689682,3.105107,2.592088,3.358262,-3.781931,-2.458444,-1.782363,3.58641,,4.535409,2.909094,3.47521,1.779143,2.050415,0.647953,-0.874276,2.182925,-0.037289,1.070939,1.534852,-1.174619,-2.237363,-4.084134,-1.2858,1.331009,-0.099122,-0.787153,-1.380774,1.266705,-5.433288,-1.171642,4.515153,4.464949,1.370717,1.208482,3.620745,2.230069,1.170668,1.500032,-1.608236,0.288191,-0.693477,1.389303,1.297366,1.299999,1.494133,2.178651,-0.800703,-3.818191,1.917834,2.198304,4.173744,1.323642,3.458384,2.826894,2.595579,3.227182,2.013182,3.782731,1.856767,3.380139,4.505667,1.385244,-2.736504,0.068768,0.209241,-1.667044,-0.758715,-3.407882,0.129092,-4.029953,-6.319451,-5.969496,-0.571283,-6.198092,-6.844056,-3.5463,0.010297,0.986515,-0.820948,-2.157743,-0.337426,-1.832702,0.279861,2.294465,-1.542848,0.356101,2.253101,0.242323,-1.36052,-0.529285,0.636699,-0.051323,-5.32641,-5.123477,-6.163897,-5.760367,-0.178906,-5.013665,-0.126633,-0.14413,1.296461,1.746053,3.515854,2.462297,3.871163,3.712944,4.316906,4.244964,4.317213,2.554623,1.241707,0.434871,2.765249,2.923028,3.205714,4.209837,2.23121,5.596331,1.760941,3.431578,4.136611,3.571155,3.463679,1.43612,4.103026,4.229783,2.491237,2.038604,2.138157,2.701165,1.208238,2.338151,1.366117,1.191264,0.542792,-3.934445,,
ACH-000918,-4.429551,,,,,,,,,,,,,,0.117776,2.344621,2.614481,3.277577,2.977749,2.127521,1.134935,2.711225,3.749705,1.435035,1.730636,1.915921,3.899465,1.59688,3.436071,0.648135,1.688183,1.450077,2.516649,2.637746,-0.647289,-1.297999,-1.686016,3.880142,0.873771,2.928741,2.492313,2.426847,2.431499,2.64395,0.019213,0.852531,-0.054724,-0.585313,0.582143,1.615993,-0.290987,0.186762,-2.63938,-0.329089,1.728415,1.373692,1.026399,-2.085126,-0.005461,-5.96013,-1.902245,3.898941,3.349021,0.873476,0.903703,3.899283,1.985132,1.599272,2.571208,-0.920873,1.408534,-0.3072,3.376417,1.909568,-0.294159,1.331381,2.725098,-0.565208,-3.919961,1.710764,2.464174,3.420207,1.405904,3.168758,2.6076,2.584825,3.066657,1.585298,3.563311,1.106923,2.531728,3.836401,0.663582,-3.002706,-1.122062,0.619115,-1.26534,-0.67814,-3.131814,0.272758,-3.908563,-6.277419,-5.144962,-0.418946,-6.262442,-6.275866,-2.622402,0.052317,0.435636,-0.830187,-1.63494,-0.375149,-1.766233,0.119305,0.897082,0.622058,0.905883,1.786328,0.406984,-1.798153,1.574117,1.634957,0.228272,-3.699278,-5.211821,,-4.492016,-0.748061,-5.356302,-0.234376,0.245893,1.224023,2.026516,3.899465,3.663815,3.89946,3.190208,3.898093,3.79201,4.117517,3.899465,1.914988,1.978821,3.192889,3.839667,3.128564,3.84512,2.561675,3.964987,2.552676,4.07814,3.191729,3.155155,3.883512,1.702125,3.809616,3.836086,2.795871,2.73662,2.19209,1.871297,1.69128,3.344915,1.770484,2.035991,1.014342,-3.887189,,
ACH-000640,0.898524,4.169652,4.627807,4.651822,4.089744,5.325843,2.99603,-1.913561,2.041212,5.124046,4.83124,5.601982,0.992318,3.095918,1.904971,5.67567,1.881853,3.510714,2.820681,1.380848,-0.388156,3.067438,3.491337,1.371987,4.544655,3.599111,4.303805,2.30925,5.045784,4.518919,2.513679,,4.093594,2.313465,0.927051,2.611856,1.616127,3.188832,2.270756,4.611677,4.737887,5.244409,2.151731,3.150445,2.512282,1.671429,1.548503,1.937233,1.551862,3.356364,2.673557,,-1.342673,1.094097,1.776067,2.166369,4.435279,,,-4.910987,-1.198656,5.149498,5.184023,3.714084,0.737056,5.834653,4.583053,3.368729,4.209478,2.685316,3.26927,2.458712,2.52078,2.984572,3.542251,4.400985,6.78794,1.569198,-3.20607,4.528985,4.987936,6.203769,4.037317,5.591607,5.78505,5.472738,5.186714,2.662926,5.264299,3.149319,6.022051,6.128016,5.993376,0.580708,1.675203,3.162349,1.262731,2.117029,4.455581,5.820159,1.509509,,-2.009978,3.036149,-0.745297,-3.71452,1.427967,4.686797,5.784702,2.955994,2.820954,4.475312,2.13436,2.409826,4.477438,4.934391,3.881651,4.946078,4.281546,3.058673,5.447636,5.281627,,,0.362125,0.266402,2.004463,5.379495,-1.695358,1.160483,2.015654,2.650996,5.99323,5.472348,4.15318,6.088805,3.834745,4.787689,6.08263,4.740055,6.031088,2.272485,4.913333,5.042052,5.691015,5.456433,6.176951,,5.996041,6.113057,5.997375,4.660474,6.067305,5.690328,3.806948,5.663711,3.635232,4.022423,5.746623,5.71816,6.086702,2.474898,5.969697,2.308647,4.527186,4.856213,2.617796,,3.380877
ACH-000625,-3.053263,2.497084,2.998498,1.99844,0.167941,1.505358,1.542403,-4.54189,1.384286,3.692691,4.587804,4.957887,1.147225,3.335882,-2.45068,-1.323579,-1.807802,0.411535,-0.656514,-1.39402,-3.39376,2.77139,2.647946,1.405419,3.579335,2.153451,1.419228,0.505531,3.981256,2.341665,1.294257,,2.700261,2.231688,2.057147,1.404321,0.614383,3.646449,2.622922,3.407329,2.131506,3.564933,2.524896,1.876811,1.302707,0.272179,0.888742,1.584888,0.280524,2.083875,0.122334,,-2.820384,-0.494546,1.535175,1.05662,2.406932,1.234179,,-4.983388,-1.111869,4.991,3.705005,2.630169,1.236537,2.860035,3.322711,2.499142,2.879845,0.025733,1.252616,0.603698,1.803138,2.151543,1.98627,2.690449,3.994525,1.507897,-3.635783,2.840635,1.923014,4.11386,1.846338,4.587929,3.181863,2.578903,3.28451,2.339185,4.934644,1.915586,4.473071,3.724127,2.676638,-0.244976,0.800746,1.627594,-0.676232,2.279569,1.12705,1.058387,-2.116349,,-3.254933,1.561594,-2.916666,-4.125543,-1.839801,2.854163,3.16089,2.625877,0.452768,1.040687,0.029845,3.829437,3.180602,4.167503,3.526404,3.656488,3.329531,2.872929,4.381639,5.302977,,,-0.481622,-0.588293,1.674737,2.860572,-1.133342,2.884171,1.057924,1.293785,1.916989,3.735219,4.971997,2.857047,3.320264,3.187464,3.38915,3.656859,2.984012,1.17481,3.01408,3.462806,4.353932,4.981605,2.836544,,6.067833,3.613398,4.768,3.469455,3.97817,4.023542,2.373724,4.200892,4.475409,4.9478,2.670142,2.534979,2.681661,0.731407,3.405639,0.331613,0.250077,-0.260477,1.870542,,2.268647
ACH-000228,2.928735,3.699615,3.565793,3.581185,3.194531,2.10444,2.425714,-3.168677,1.6324,4.04949,3.683311,4.673747,1.988989,5.047207,-0.404431,1.799096,2.030471,4.903392,1.813803,1.349478,-0.082802,4.539681,1.813806,2.141943,4.307693,3.11241,2.93283,1.54687,4.483434,4.047624,2.803729,,4.061429,2.443418,2.203702,1.217245,1.157571,3.145735,3.296456,2.636245,2.787595,4.376235,3.423254,2.911982,2.430435,1.970035,3.169328,1.640519,1.825702,3.739897,2.352134,,-0.948001,1.876429,4.363791,1.112352,3.425493,,,-5.242089,-0.947256,3.032352,3.161785,2.744622,2.018429,4.984394,2.412022,2.940855,3.159752,-0.628397,1.506373,-0.902522,4.253156,3.901031,4.17072,4.817986,2.774844,2.008632,-1.764699,2.465066,4.227409,4.276376,4.146587,4.658957,4.291728,3.739968,4.073627,2.673393,4.962563,1.543371,5.046423,5.047207,4.962659,-0.365233,1.016539,2.029347,-0.620752,1.860904,1.454802,0.656026,1.549876,,-0.666943,2.121459,-1.185496,-2.284257,-0.063276,4.09402,2.37677,2.158694,1.548692,2.163577,2.188924,3.271228,3.043222,4.169475,3.518517,2.040621,3.818154,2.668971,4.489373,4.45841,,,-0.014082,0.483771,-5.164967,3.83256,-1.175315,2.655793,1.741992,2.153985,3.787777,4.279445,3.533682,3.650112,3.752412,3.503182,2.180753,4.957327,5.046292,1.543052,4.282967,4.428618,5.029087,4.846084,4.773105,,5.954841,4.749152,4.317537,4.591244,3.854532,5.037868,2.744622,5.047207,4.828101,4.509915,4.058985,4.669356,4.591244,1.782293,2.817997,0.557011,1.877632,2.127098,2.251721,,-2.591982
ACH-000197,-1.663352,4.373735,2.202688,2.120622,-0.975342,1.338315,0.848717,-4.897893,1.376671,3.833025,4.163563,3.213957,-0.247935,2.488829,-0.202774,1.581029,-0.075393,0.419859,-0.109905,-1.387858,-1.127231,1.607846,1.591307,1.438779,2.487416,1.861461,2.179369,1.302247,3.818894,0.284023,1.260171,,2.310536,-3.451595,1.184486,-1.498629,-2.768058,3.356277,0.721027,3.309835,1.39878,3.223256,2.236028,1.377853,-1.008636,-0.813063,0.631815,-0.383767,-0.09472,1.45243,1.252012,,-3.429561,-0.280432,1.062881,1.293932,0.733282,,,-5.815556,-2.063849,3.834456,3.640673,1.560356,1.603976,4.822013,2.022157,1.956094,1.508232,-1.418875,-0.36208,-2.148848,2.640347,1.534575,-0.69028,2.043902,1.747133,-0.172101,-3.559777,1.598582,1.460924,3.897695,1.585014,3.920525,2.661212,2.844618,2.91441,2.37932,3.920226,1.76023,4.480834,4.380583,2.469606,-1.71965,-0.101745,0.26309,-0.038207,0.406437,-0.918896,1.208855,-4.421904,,-4.851556,1.004391,-4.530025,-5.914231,-2.962635,1.046439,1.889217,0.472662,-0.466024,0.059562,-1.080761,3.389694,1.598325,-2.043783,-0.162564,4.178028,1.582562,-0.045701,1.09323,1.412464,,,-3.050122,-4.709247,-3.228581,0.03434,-4.37207,-1.305486,-0.437544,1.681218,1.116859,4.564811,2.8508,3.39361,2.08527,2.267634,3.195128,4.517908,2.963617,1.00304,2.417961,4.649676,3.471684,3.443652,2.682335,,3.243458,2.497671,3.97616,4.222598,4.834852,3.65198,2.27546,4.519472,4.159243,4.48117,2.237389,3.434984,3.357434,0.128614,1.092977,1.079476,1.492895,1.490064,-0.610288,,-4.235387
ACH-000603,-2.534438,4.842653,4.096212,2.716891,1.903996,1.827967,1.566101,-1.783143,3.403231,4.46461,4.712753,5.449218,3.276682,7.075923,0.893711,2.492192,3.224704,5.156594,3.916231,4.078073,2.638251,5.535993,4.563119,3.243745,4.275797,4.375184,4.529106,1.198364,6.178967,3.768273,2.478077,,3.815293,1.664289,2.290111,-0.290985,-0.912865,5.442538,4.479377,3.331726,2.260366,3.522553,3.894624,3.698841,3.076749,1.585903,4.557062,2.379268,2.578823,4.820863,-1.122521,,-2.896369,-0.361279,1.480386,3.448866,3.109725,,,-2.198875,1.002102,3.21215,4.855013,4.040757,3.583531,6.776877,4.237397,4.855906,3.744809,0.2239,1.31612,0.558085,3.467271,1.914775,2.956012,3.385545,7.288117,1.961527,-2.084618,2.899747,2.622068,5.397708,3.034616,4.742624,3.760374,2.173383,2.926992,3.228192,6.600001,2.839825,5.872479,6.778532,4.175757,-0.353724,0.218347,2.116636,0.687337,1.690432,2.504673,2.222562,-2.293149,,-2.793185,2.992034,-2.53814,-3.825643,0.0018,3.224415,3.569277,1.886563,1.351943,1.547017,1.789791,5.476161,2.634745,1.824798,3.047863,4.079038,4.763587,1.312485,5.60989,5.982924,,,1.07013,0.845982,1.118952,4.645102,0.394258,0.23985,1.101096,1.648038,3.411101,5.159877,4.020322,5.666604,4.397171,2.797369,4.048703,6.042593,4.692429,1.499868,5.30363,5.494817,6.982865,6.448818,5.13733,,7.435659,5.776018,5.991139,6.489038,5.609522,6.166061,4.657038,6.009016,4.155896,6.485099,3.138588,6.293404,4.531023,2.321139,4.360847,2.260641,3.502689,2.874458,3.357125,,-1.928629
ACH-000568,-4.602057,,,,,,,,,,,,,,2.675458,4.860358,5.811658,4.648604,4.34714,4.309752,3.236443,4.295139,5.629003,3.979941,5.607128,3.743174,,-0.060692,1.293052,1.022277,1.018219,2.543035,4.086718,6.211488,4.721814,4.408901,1.957301,,,,2.757327,4.180055,2.184037,2.532909,1.046366,0.259686,,1.806948,2.091306,3.327421,-0.409182,-0.557664,-0.463752,0.452883,5.578955,2.401875,4.068323,,5.413282,-4.524712,-1.201541,,,4.415623,2.426175,,,,5.361082,6.286251,,,,,,,,,,,5.484927,,,,,,,,,,,,5.036732,,2.085242,4.674481,2.21023,4.829958,,3.614132,4.243807,-1.463222,-3.348612,4.504893,-1.709646,-3.233451,4.505558,5.562955,6.288759,3.355016,3.387329,1.807742,2.840821,3.152664,4.264446,3.881588,1.997102,3.474266,4.296255,2.895861,,4.932301,3.518721,4.884193,-0.295789,3.551207,2.241003,2.898965,-2.13024,,1.608329,2.107243,4.427617,6.282428,6.221171,4.668599,6.714135,,,5.430025,,5.270978,4.428711,5.154345,4.45216,6.291418,6.29668,6.203492,7.854548,5.510698,6.543222,6.283159,5.833734,5.646067,3.108543,5.60537,6.581701,6.183359,5.630752,,3.937792,3.996271,6.508894,2.146758,4.230237,5.160375,,2.764132,-0.149548
ACH-000783,-5.771475,2.008437,,3.179485,3.856936,,2.560018,,,,,,,,1.234707,3.185218,3.68575,4.379342,3.11956,3.162963,2.327883,4.583854,4.345421,2.788375,4.065659,3.539915,5.426667,1.681666,4.393703,3.212363,4.035816,1.917048,3.777951,3.691459,2.345786,2.669704,1.27461,3.869972,0.746178,3.176204,3.686744,3.366801,0.491356,4.311051,2.295293,0.470671,0.455237,1.180047,-1.049225,0.088486,0.256998,-1.009244,-2.627354,-0.720439,2.447542,3.548073,3.900463,0.915664,5.326984,-5.5766,-1.268768,5.410657,5.441901,3.139293,1.874098,5.885424,3.225715,2.818841,5.180134,2.808298,3.868422,3.539614,3.588443,4.978723,3.493311,4.372569,5.314539,4.669187,-1.810454,4.450518,4.091932,4.442602,3.467568,4.807366,3.452295,3.030181,3.989159,1.643815,4.403039,2.106371,4.418463,4.596247,3.457708,-0.417338,-0.138692,3.373321,1.986303,3.887386,3.713676,3.586316,2.533176,-2.049185,-3.639428,2.182401,-3.484704,-5.156129,3.043441,4.06593,4.976012,2.14785,2.529623,2.406504,2.335327,4.835104,4.325446,3.416853,3.884101,4.991762,5.100357,4.35839,4.829301,4.145929,3.996505,2.294994,-1.023284,3.588772,2.510895,3.822917,-0.46905,1.978878,0.818978,1.899276,5.164851,5.503001,5.272642,3.689849,5.099567,4.306653,4.730963,3.651277,4.377954,1.786083,3.258558,3.606575,4.735431,4.917964,5.510828,5.426835,6.432159,5.336228,4.793616,4.325239,4.138142,4.773076,1.200042,2.721474,3.842331,4.490179,3.546613,5.362275,2.636583,3.959855,4.745847,1.805621,4.307414,3.519523,1.245907,-0.230836,-3.350959
ACH-000876,-3.425439,0.070392,,3.954115,4.623404,,2.579623,,,,,,,,-0.294175,2.394212,2.779725,3.486388,2.808934,2.291481,1.128074,4.476002,4.631454,2.629069,3.291888,2.769355,4.055396,1.274352,3.957429,2.242572,2.367683,1.833125,3.892707,1.906131,1.74569,0.429958,0.081363,4.975734,0.164466,3.534281,2.845732,3.923951,-1.60915,4.110934,1.414598,-0.288872,0.089209,-0.244861,-0.857367,-0.68995,,-1.170025,-3.601244,-1.209243,2.880854,1.837591,3.003274,0.638541,6.404869,-3.80185,-0.675081,4.896534,4.687538,2.97406,1.760885,5.356956,1.472298,2.674118,4.499239,3.246983,5.201359,3.948696,4.980639,2.840589,4.578177,5.168531,5.516073,3.55555,-2.690663,5.221032,3.976925,4.694276,4.676289,4.589343,4.451917,3.677974,4.718226,2.052304,5.083883,2.922162,5.215388,5.083482,1.943876,-0.608399,0.886382,3.584359,1.374008,3.846838,3.007594,3.897776,2.428827,-3.872312,-3.463808,1.610538,-2.957437,-4.354914,1.004786,4.339857,5.210977,2.482012,2.40307,3.436352,3.024783,4.468658,4.303379,3.756781,3.091709,5.356341,4.126188,3.451039,4.740694,4.116108,4.704719,2.56375,0.076078,3.42004,4.003605,4.045998,0.050204,3.014332,1.922995,2.497266,3.409862,5.041215,3.831993,3.989589,4.499524,4.137273,5.12666,3.197595,3.331936,1.501173,3.637581,4.891257,4.843204,5.242542,5.276645,5.276645,5.879912,4.101473,5.540977,4.534504,3.346183,4.562839,1.600208,3.812408,4.455167,3.119266,3.132055,3.214289,2.848887,3.04723,5.044008,1.633691,3.986061,1.489107,1.334036,0.93212,-3.042959
ACH-000330,-4.407407,3.724204,,4.453285,4.741607,,3.174401,,,,,,,,0.977001,4.10292,3.480647,5.886019,4.847504,3.661424,2.939156,5.317985,5.046342,3.033959,4.434248,4.322491,5.86266,1.645112,3.725874,1.896849,4.10131,2.27344,5.011399,0.967981,3.688846,2.141517,1.305645,0.887469,-2.28101,4.075288,2.77832,3.764972,1.698746,1.189664,0.435502,-0.298636,1.558382,1.088701,1.339601,1.394116,2.093332,0.397723,-1.001749,-0.932753,3.145405,0.795906,3.964243,0.682251,5.740906,-5.337366,-1.274949,5.908503,4.599819,3.787914,1.59649,6.709146,3.391766,3.089963,3.737899,3.386039,3.674406,4.123915,4.487384,5.946458,4.704354,4.028165,3.90426,2.470822,-2.692306,4.091226,4.575899,5.24523,2.49379,6.313765,3.797585,3.502496,3.941111,3.058928,5.719527,3.061643,5.942022,5.718697,3.748544,0.545742,-0.062901,3.571904,1.72332,3.822097,3.113732,3.812046,0.61881,-4.028903,-3.939287,1.487705,-3.818441,-4.187898,0.223333,4.230629,6.078112,3.801801,1.492007,1.925343,1.910438,5.538242,4.870007,3.903416,4.110288,4.701571,5.292022,3.773147,5.348557,5.194682,5.636578,4.02576,0.057605,-2.034703,4.830612,5.515273,0.222987,4.418208,0.615145,2.675606,4.252729,6.034632,4.718285,4.725811,5.148226,3.278019,5.853569,5.368831,4.888628,2.559582,5.361931,5.011534,5.298989,6.09043,5.336947,5.596861,7.289399,5.993306,6.323992,5.062075,5.025166,4.15124,2.040442,2.959647,4.576292,4.724595,4.844019,5.991897,3.523532,4.184105,5.418744,2.863167,3.848458,2.139472,-0.558849,0.163348,-4.362509
ACH-000147,-3.280379,2.254174,,4.259718,3.804385,,3.876589,,,,,,,,2.656687,3.670414,3.231423,5.049747,3.154598,3.962264,2.395883,4.597722,3.95163,2.174105,2.70857,4.099682,3.771399,1.163801,3.40586,1.792157,2.986515,2.271571,2.661778,3.516854,2.209428,2.849926,1.834105,4.964699,1.92206,2.190719,2.956259,3.589349,1.831681,1.613641,-0.055352,0.287315,2.874958,1.957418,1.047112,1.311541,-0.641473,-0.49806,-1.634055,-0.717061,2.393384,1.838308,3.101952,1.440087,4.97641,-5.240235,-1.229026,3.148817,3.300888,2.235309,2.11669,5.650589,3.116836,3.438855,4.818876,3.410163,3.909863,3.723111,3.838427,3.665576,3.607251,3.902574,3.473482,3.715124,-1.269971,4.760588,2.35733,5.333932,3.792805,7.266787,3.380732,3.099022,3.747082,3.397295,5.444629,2.961734,4.90416,5.755426,4.075331,-1.634477,1.458913,2.946664,2.453351,4.026332,3.237344,3.262501,1.75775,-1.427683,-2.383534,3.746401,-2.220848,-4.477861,1.519228,4.952667,5.306585,3.438453,2.696109,2.885996,2.280872,4.335964,3.824796,3.234588,3.461965,4.94711,4.730867,3.083529,5.703967,4.629842,5.887789,4.085559,-0.799243,-3.973162,3.98328,3.331434,-1.333854,2.388147,1.376427,3.489782,2.428964,5.650924,4.373641,4.400933,5.313039,5.355478,4.988195,5.114294,4.56428,3.60643,3.979621,5.170475,5.717061,5.725907,5.724775,5.758604,7.131194,5.85386,5.81427,5.338498,4.65463,5.483147,0.773349,3.237236,5.003125,4.866001,5.495412,5.089136,2.451953,2.732341,3.491313,1.695343,3.966305,2.921394,-2.170193,,
ACH-000536,-4.000364,1.274653,,2.68016,3.190288,,2.674646,,,,,,,,0.038982,3.368636,2.346321,2.68118,2.282789,1.220348,0.002256,4.041487,4.917856,2.419852,3.13986,3.46637,4.078311,2.642914,2.30645,2.600366,2.183625,3.771879,4.183344,3.633881,2.086231,2.416184,1.96434,5.180942,4.473287,2.454735,2.313567,2.760235,3.659899,1.093168,-1.130199,0.514032,0.627528,2.154319,1.826552,1.80272,1.782484,-0.228835,-1.459358,0.274889,2.498179,1.581687,2.587364,1.107747,3.90436,-4.355652,-0.041865,5.225455,5.197195,2.73444,2.210043,5.98132,3.71726,4.021973,5.178802,4.035706,4.341341,4.649867,3.214076,5.222153,2.167312,5.089313,5.799708,4.695811,-3.227398,3.131735,5.26797,5.003075,4.316825,4.534432,3.884006,3.511719,3.302745,1.667539,4.511134,2.527816,3.13939,4.262437,4.072325,1.075241,1.695509,4.541737,2.79534,2.648526,2.393125,3.781183,,-1.857034,-3.69383,2.152282,-2.062576,-4.24507,2.738515,3.798548,5.169167,3.018945,1.870653,2.353192,1.847123,5.267914,3.636203,4.263771,3.283353,5.400676,5.022518,1.910657,5.090956,4.416464,3.605331,3.616618,0.472971,3.602709,2.929784,3.325924,-2.467717,3.53358,3.038475,2.144877,3.714703,5.207027,5.217633,4.558309,5.052515,4.661155,5.267088,4.541386,4.553417,2.323161,3.585247,5.084295,5.130884,5.195845,5.225258,5.226056,6.505983,5.031114,5.472368,4.325486,4.788957,4.110102,3.060263,4.818987,5.151257,5.191222,5.226056,4.472929,4.340347,4.845183,4.17896,3.885009,4.824844,3.342241,2.652912,,
ACH-000991,-4.670588,2.397748,3.041809,2.886894,3.871465,3.13579,2.470263,1.010774,4.517992,4.933759,5.2492,5.65982,2.469897,4.006807,1.036608,2.568066,2.654757,3.27414,3.259782,1.97918,1.335241,3.659767,5.075078,1.735553,4.153162,3.60667,4.959846,1.89122,4.852092,3.07546,4.469081,,4.227104,2.683148,2.854979,0.262454,0.112577,3.951131,3.160307,2.566578,2.822242,3.664674,1.554305,5.439135,2.100544,1.880751,2.699444,2.848914,1.410504,1.192685,3.374761,0.783361,-0.079952,1.136063,4.233324,3.061326,3.14629,3.094688,,-4.303604,-0.733869,4.400965,4.801548,2.765242,2.575516,5.759677,4.000423,5.737731,5.514117,3.76968,5.616244,4.23769,4.07804,3.099254,4.999439,5.404363,6.33747,3.201542,-2.447999,2.925343,4.8202,5.306185,3.7796,5.69037,3.596457,3.752078,4.01188,3.164829,5.528922,3.409704,4.748425,5.730227,3.80196,1.471182,3.045481,3.931648,3.246901,3.666797,4.769759,3.302836,-0.771217,,-3.148646,2.399253,-2.749858,-3.837041,1.599204,4.102348,3.695828,3.264225,2.100052,3.316812,1.492032,5.378716,5.119064,4.01076,4.112055,3.300397,4.77312,-0.847348,4.960271,4.3555,,,-0.381715,2.21456,2.091255,4.257608,0.075422,2.842085,2.191286,2.533816,5.576204,4.607167,3.877618,4.231314,4.66053,4.558506,4.084523,4.990609,5.344202,2.378543,4.742257,4.329453,5.437814,5.704427,5.704975,,6.42126,5.568893,5.379844,5.444196,5.020817,5.190477,3.441782,5.222214,4.471996,4.001925,4.51574,5.188822,5.663782,4.92203,4.957508,4.090213,4.608341,4.061764,3.058881,,-3.430947
ACH-000978,-4.760547,,,,,,,,,,,,,,1.175394,4.905828,3.610307,5.10235,4.040263,3.200847,2.677188,4.951111,6.23209,3.529513,4.760487,4.365287,5.979223,2.758336,5.555841,2.582701,4.836455,5.761689,3.307465,4.295909,3.847418,2.696837,2.992055,5.981016,2.103626,3.216598,3.929698,4.127953,4.461868,3.06046,1.186893,1.435235,0.97011,1.942619,0.59918,1.905704,1.216448,0.393084,-0.836994,0.863089,3.470355,4.578746,4.520787,1.436023,4.514874,-4.497695,-1.400318,5.596725,5.523429,3.572976,3.046153,6.217038,4.614485,6.121603,5.481767,5.808288,4.707859,4.387914,3.789994,3.164462,3.373426,5.447569,4.042981,3.979403,-3.307739,4.18026,4.340253,4.808567,3.961971,4.512326,3.112935,3.085968,3.513481,3.518526,3.842473,3.552446,5.625629,6.149079,3.858948,0.596289,1.221917,2.67417,1.501511,2.027359,0.589235,2.062991,4.081341,-0.719151,-1.83007,2.893077,-2.417911,-3.887786,1.540448,2.866264,4.868844,2.341769,0.410941,1.997205,0.353334,5.697984,5.183829,4.591629,4.807674,5.965203,5.656169,-1.295133,4.997145,4.798003,5.056813,4.276079,0.084675,3.750774,4.544064,5.474922,1.665894,3.287459,1.9558,3.223615,5.366367,5.98274,5.162454,5.969182,5.273094,6.124087,6.23209,5.944674,5.778167,4.315556,3.751964,5.193247,4.560629,6.181848,6.2058,5.995157,6.946945,6.139919,6.59972,6.012583,5.640789,5.033289,3.932724,4.272074,4.328641,5.217378,4.661434,4.571048,4.181162,4.647581,4.726355,2.642843,5.504181,4.603088,-2.405658,2.052508,-5.935529
ACH-000784,-0.048517,,,,,,,,,,,,,,0.57197,4.655434,4.576773,5.161625,3.790908,3.077851,2.3886,4.687809,6.952752,3.026992,3.632066,4.244924,6.567659,2.141089,5.999963,3.38033,3.56398,2.526786,5.39109,5.117909,3.393705,3.874304,2.823956,5.832169,4.948182,4.762335,4.15665,5.082879,5.100251,2.95872,2.433928,2.617462,2.960812,4.109788,3.266626,3.684344,2.270395,2.023638,0.072468,1.341752,5.711551,2.726413,3.60607,1.291287,3.994375,-4.265248,0.290033,6.577355,5.541733,4.703673,2.930016,6.236877,4.591026,6.178287,5.075005,3.51695,5.85278,4.381795,5.179385,4.476339,4.81858,6.193539,6.988069,3.161801,-1.019421,5.928481,5.711438,6.086902,4.71535,5.53317,4.481238,5.867889,5.354717,3.569302,6.390711,4.066531,6.003548,5.792959,3.271854,2.05028,2.120381,4.162578,3.133582,3.197261,3.83478,4.370557,2.92814,-1.877012,-1.280511,3.726962,-0.086664,-2.736836,0.664954,4.446071,6.049533,4.067587,1.049336,2.46829,1.176889,6.92243,4.755911,5.149959,5.261776,5.62011,6.052349,1.327823,5.632654,5.096673,6.527706,4.785553,1.65823,4.981098,4.894602,5.72827,0.932681,4.721194,1.792055,3.726929,6.847145,6.597361,6.052831,5.21297,4.150156,6.576487,6.331583,5.861335,6.592694,4.457673,5.136132,5.739272,6.059728,4.799876,6.556568,6.862477,6.751027,7.226436,6.595387,4.784146,5.936533,5.813574,3.408859,4.843083,5.45583,6.648981,3.844956,5.155915,3.976455,5.030625,5.364071,2.922099,5.342532,4.911531,-2.224075,1.840973,-5.092161
ACH-000668,-1.453145,1.685655,,3.180748,2.233183,,2.569962,,,,,,,,0.564787,3.238115,1.874422,2.834612,2.712727,1.236477,1.116376,3.526308,6.037352,2.472499,2.853258,3.166692,5.31739,1.92316,4.558102,2.163163,2.994229,3.987751,4.111202,4.506925,2.692487,2.936949,3.214074,4.625676,-3.859447,3.427417,2.547572,2.981418,0.172493,3.321115,1.409742,0.352151,0.603772,0.160715,0.382934,0.683262,0.175373,-0.794972,-0.797791,0.026075,3.551812,4.177487,3.467123,1.941498,5.197626,-6.376605,-2.242848,5.345437,4.281479,3.111539,1.340531,6.21559,3.768003,6.015467,4.843708,3.275347,5.381979,4.418879,3.222468,5.388734,2.814767,4.951913,5.268472,3.770076,-3.856289,3.585776,4.351201,5.082446,3.747974,5.366587,4.125596,3.299855,4.52403,3.060154,5.270133,2.995876,4.489106,5.394579,2.273147,0.225339,1.516595,2.93633,2.471273,1.530692,3.596903,2.500691,1.466323,-2.480784,-2.502904,2.092623,-0.302727,-4.814398,1.250206,1.681225,4.925959,1.127912,-1.509747,3.334339,1.397855,5.936488,3.572128,4.003557,3.584228,5.646082,4.703453,-1.528371,5.287395,4.156962,2.532703,3.250188,-0.356472,3.504356,3.570824,4.360528,0.363821,0.410397,1.515287,3.035923,5.268475,5.129589,4.808503,3.963782,5.078994,6.075923,4.257105,4.170672,3.47089,2.817123,3.385314,3.963734,4.869741,5.410245,5.415684,5.415684,6.875518,4.586153,5.481533,4.597778,4.809866,4.698754,2.816238,4.705073,4.260885,3.374447,4.033766,4.624411,3.999509,3.444596,6.03121,3.55352,4.08688,3.520266,-1.828616,1.759687,-3.718517
ACH-000859,-3.927675,2.781671,,3.103186,4.158295,,2.779002,,,,,,,,-0.256821,2.517196,3.267912,3.446873,2.681348,2.147711,0.952721,3.831122,6.083803,2.011442,2.491506,3.480012,2.092209,1.138786,2.528649,1.898886,1.747664,3.842172,2.946808,2.622033,2.020592,2.077355,3.654613,5.34101,-1.050528,0.866538,2.553083,2.656794,3.178684,1.479433,-1.266485,0.820936,2.301661,2.197363,1.628423,2.404069,1.787712,-0.270258,-0.546181,0.111469,3.083647,3.13938,3.76161,2.236186,4.401015,-5.490257,-1.130691,5.363585,3.539856,1.690277,2.010031,5.258969,3.150993,6.472646,5.329468,5.266425,3.998384,5.377641,3.141458,5.095728,4.219026,5.134,3.352798,3.43245,-4.38149,2.912641,4.265309,4.831156,2.084613,5.012315,4.509517,1.906931,2.71284,3.066781,5.270396,3.019466,5.378024,5.377757,4.294007,-1.568083,2.404669,3.625105,1.856893,2.630612,4.21613,3.341702,2.621336,-3.054632,-3.171301,2.434218,-4.086239,-4.051586,3.684045,4.602899,5.019182,2.614768,-0.406538,2.646591,1.618194,5.166697,3.99646,5.067826,4.414034,5.370844,5.782365,-2.107844,5.339918,4.018724,5.090243,4.078851,1.088717,3.419256,5.128743,5.382177,0.319888,1.994134,3.087117,2.393832,4.829118,5.300768,4.069106,3.830933,4.035765,4.741976,4.411794,4.739377,4.416577,3.498519,3.803934,5.215882,5.004288,5.363509,5.378024,5.000442,7.20916,5.532419,5.858053,5.256388,4.803463,5.217039,2.826614,4.896475,5.051619,5.189259,5.697171,5.378024,3.436966,3.50549,4.554555,2.882022,4.704166,2.316358,-2.16093,,
ACH-000061,-3.307214,,,,,,,,,,,,,,1.404481,3.313975,5.437118,5.088475,3.555328,3.308756,4.07873,4.29443,2.564565,3.490625,4.449685,4.215969,4.122193,2.740172,4.824546,1.728535,4.989887,2.818726,5.574886,4.29715,1.048084,4.043091,2.114223,5.81628,1.859447,5.168404,3.504761,3.669861,3.211377,3.046162,1.980247,0.76685,1.872634,2.146877,1.71224,3.771711,0.104678,-1.392823,-0.068201,2.168574,4.187592,3.335326,3.230407,3.239451,7.589695,-3.911764,-1.502127,5.741919,5.52453,1.794632,2.777316,5.652031,3.875286,3.185764,3.304826,2.061169,2.893051,2.675825,4.04955,3.438261,2.953617,5.682109,4.551773,4.292675,-3.452719,4.039107,5.127553,3.878925,4.310297,5.072616,5.164525,3.803964,5.53379,1.785448,5.694123,3.357589,4.684486,5.818607,5.823543,2.327043,1.287583,3.971569,3.191243,2.912816,4.88039,3.124695,1.078109,-2.106043,-0.14866,4.606205,-0.868867,-0.113206,0.729229,3.307474,3.275618,5.818865,0.602284,2.597361,2.300066,5.909024,4.111973,2.42245,4.431604,5.656113,5.405913,0.402664,5.565627,6.403653,5.891128,4.215804,4.436672,3.928221,5.800001,5.937355,2.346681,2.86012,1.326762,2.511866,5.825407,5.433013,3.159916,5.170757,3.757433,5.80677,5.64012,5.109239,4.799205,2.359329,4.278878,4.897247,5.695074,4.063772,5.598888,4.660035,7.168587,4.91823,6.175887,5.825572,5.818513,5.811443,3.897738,5.825407,5.734392,3.987433,3.985481,3.99602,3.926775,3.911905,3.805293,4.16978,3.89735,2.763702,-2.834741,2.108786,-5.400161
ACH-000482,-3.166835,,,,,,,,,,,,,,-0.287686,3.765652,2.410246,3.32522,2.834975,2.525813,1.815001,5.463662,5.473952,1.493902,0.963704,1.802456,4.761114,1.41588,3.260928,2.044011,2.961201,3.213482,3.045765,4.96114,3.53079,2.819753,4.202413,1.491241,-5.912118,4.418279,3.471926,5.254763,2.557439,3.065276,2.56079,1.072401,2.738392,2.824926,1.241835,2.980323,-0.544712,0.195807,-1.362884,0.495276,3.941152,1.632853,2.375515,0.973324,1.71114,-3.8486,-0.503548,5.669786,5.645221,2.264236,0.951325,4.840054,3.091317,6.68106,3.131447,-1.26445,1.293215,-0.335372,3.374204,2.796416,3.878867,4.460256,4.84361,2.518769,-2.945822,2.773686,3.523388,4.490131,3.123114,4.691965,3.887145,4.355725,4.877903,2.110202,5.660345,2.126513,4.940133,5.098492,3.475566,2.045323,1.616333,3.185595,1.202206,1.759497,1.792146,3.063315,2.189151,-2.571024,-0.469683,2.235804,-2.878214,-4.44231,-0.045268,2.496167,5.11285,2.959389,0.929187,2.97806,1.463515,4.863264,2.942738,4.52148,4.282129,6.534176,4.984991,-0.988635,5.442708,5.183766,4.068255,3.999311,-1.279601,3.688307,4.813971,3.480598,0.085474,2.47458,2.786272,2.79187,5.222694,4.65423,3.804496,4.66276,4.855183,5.686871,5.531418,5.261362,3.834649,1.55288,3.250974,5.686871,4.665151,5.685569,5.675951,5.422408,7.176259,5.211283,4.282695,5.194084,4.569351,5.415309,2.903636,4.779907,4.871159,3.815469,5.416797,4.485552,2.890107,1.861099,4.11928,1.952142,4.355217,1.713478,-1.968722,,
ACH-000628,-0.472249,,,,,,,,,,,,,,1.735585,6.014668,3.520187,4.753905,5.30305,2.697882,1.971122,5.379837,5.929739,4.062872,4.37187,3.2901,4.231146,3.515678,4.538852,2.126082,4.886883,3.730428,4.209,3.961852,4.22729,1.698995,1.471379,5.18498,-2.908057,5.983834,4.570707,5.250033,3.598752,2.429924,1.015255,0.91422,2.386696,2.527561,2.992193,3.951922,0.916124,0.576899,-0.86364,0.444437,5.026596,0.624739,3.709045,0.682416,4.543954,-4.388573,-0.91212,6.093791,3.710035,3.311589,2.428333,4.243389,1.200207,3.091817,4.037837,1.651241,3.30389,2.039846,4.009382,3.219173,5.287439,5.411938,4.72795,1.70391,-2.627462,3.848803,5.27238,5.838555,3.797407,5.857827,5.848249,6.03949,5.644392,2.555769,6.141571,3.304504,5.506683,5.985952,2.637744,1.100801,4.439462,3.812722,0.331272,3.202227,2.312032,3.63824,0.847749,-0.3796,-0.854584,3.799326,-0.940288,-3.976668,2.54569,3.053364,5.765589,4.375749,0.405333,4.266392,1.380598,6.391454,5.830547,6.170738,4.823388,4.651282,4.860202,5.802903,3.865716,4.248577,3.766121,4.433507,2.363217,4.010071,3.77326,5.169298,0.631423,4.139663,3.041584,4.023768,3.990062,5.87577,3.995901,5.97996,5.468311,5.565238,5.998945,5.492176,6.073362,3.887802,5.504128,5.185226,6.072293,5.952512,5.05131,5.073556,7.849862,6.545477,5.601091,5.345182,5.24661,6.0061,3.066231,6.205993,6.205167,4.518751,6.203137,4.64624,6.066277,3.00531,4.099941,2.722636,2.390686,0.343503,-1.751451,,
ACH-000752,-1.468504,,,,,,,,,,,,,,0.798585,5.083111,5.506082,5.124293,4.797427,4.341256,2.77838,5.431758,4.94837,2.643746,3.006664,4.020855,5.499707,1.765613,5.239466,2.556394,6.268532,3.369687,3.475683,4.718789,1.713952,2.638131,3.437653,5.065487,-1.422684,4.495784,4.342534,4.546421,3.041174,4.899712,3.382693,2.123788,3.639565,3.972578,3.079102,3.862708,2.396168,0.979986,1.474467,2.071708,4.967562,4.294534,3.001015,2.474896,4.550932,-3.376903,-0.518028,5.700085,5.649848,2.456994,1.814235,4.915068,2.567297,6.446418,4.752723,2.755079,4.358084,3.911846,4.749343,5.086149,4.653742,4.470054,5.032209,3.6333,-0.879209,3.453924,4.912189,5.361359,4.641227,5.938562,4.616981,5.55475,5.074342,3.48244,4.65314,2.599405,5.020106,5.517479,3.403312,2.372832,2.231827,5.682577,2.863859,5.036937,3.254059,4.454326,3.648385,0.783427,0.150518,4.974838,1.072685,-1.851814,0.214742,2.872333,5.74466,3.709571,1.777149,4.050292,0.96809,5.180775,5.809201,4.574121,4.282875,2.994138,5.772749,2.544347,5.319464,4.582074,4.641057,4.184015,2.220301,4.551869,5.383147,5.435429,0.496526,1.884883,1.853171,3.773171,4.054247,4.984098,4.473555,4.914582,5.789801,5.806923,5.837603,6.160942,5.096817,3.529982,5.136253,4.772459,4.568722,4.647522,5.657663,4.805004,7.309377,6.153336,6.136788,5.079191,5.755904,5.4714,3.46477,5.509357,4.749461,5.542089,4.632277,5.236217,4.321929,4.502488,4.823625,3.195217,4.982486,2.298991,-0.824999,,
ACH-000107,-3.917778,,,,,,,,,,,,,,,3.422417,2.265129,,,-0.038041,-1.101901,6.317174,7.247008,2.69356,4.238155,4.372496,6.811507,1.531528,3.043557,1.272538,6.117093,2.697523,3.787193,2.945767,4.64293,1.465316,-0.587145,6.462485,3.673431,5.933244,5.39227,4.798923,2.858979,4.08464,2.48556,2.069308,3.616211,4.665462,5.095922,4.942005,,1.745679,0.184964,1.72326,5.871527,-2.01827,,2.181334,,-2.910213,-0.439162,6.755328,5.589418,4.708758,1.655963,6.861696,5.365007,6.244816,5.658822,,4.376449,3.65312,3.880554,2.808596,4.324997,4.896989,2.89245,1.808785,-1.608688,3.848326,6.01864,6.706759,5.485784,5.628827,4.220117,5.115977,5.538417,3.274031,6.350849,3.272782,6.576853,6.445194,5.27466,-0.79614,2.321085,2.788164,1.236063,3.997706,4.77332,4.594934,,1.009576,-0.227963,4.703897,2.370686,-1.048677,,6.712413,5.934134,4.577237,0.498232,5.770713,1.90782,7.346377,,5.286146,4.286437,7.199653,5.100001,5.094448,4.799228,5.824039,7.678457,5.146375,3.970764,4.81119,5.500639,5.945411,2.949812,4.697843,3.872091,4.66788,7.150957,6.305886,-1.24937,5.610128,5.152306,7.171579,6.887168,6.608344,7.029163,6.254861,,,,,,,8.711027,5.80273,7.497408,6.028139,6.836424,6.387041,4.155095,5.654349,5.513496,6.227829,5.950934,3.737612,3.94294,2.741696,4.253491,3.131081,5.337737,5.578347,3.375347,,-4.882197
ACH-000420,-2.689841,,,,,,,,,,,,,,3.488979,3.000384,5.078696,3.178995,1.679705,1.918915,0.639403,3.910789,6.205911,3.39125,2.836829,3.22246,3.731402,1.349809,3.4843,1.977039,3.654357,3.786128,3.989198,4.184567,4.026121,3.786974,3.265098,5.969165,4.789321,6.0238,5.111204,5.832403,5.768928,5.139087,2.92648,2.41336,3.678627,4.898122,3.690941,5.813287,2.17292,-0.133966,-0.812147,0.696376,4.39671,-0.813635,3.762942,0.83211,2.65098,-3.380144,-1.086732,6.530563,4.500015,4.916776,1.555225,6.874327,4.275811,5.238125,4.201651,5.948369,6.314355,5.726217,4.071433,3.494239,5.335993,3.871728,5.537544,2.030371,-0.782677,3.646692,3.970194,5.884397,4.726051,5.193947,5.229392,4.236728,4.164725,4.310512,6.331569,4.323638,6.736239,6.690344,4.704192,0.169251,0.259489,3.359439,0.752726,5.489837,3.231798,4.154135,2.715044,-0.520002,1.297724,4.016099,1.392393,0.405077,2.896453,6.054291,5.860668,5.562532,2.125764,4.230409,3.068986,6.493982,4.936997,5.008799,5.860532,6.034857,4.922732,5.293502,5.163386,6.263644,4.986512,5.210769,4.411516,4.645414,3.060565,7.293486,1.379567,4.921509,2.309277,4.262786,7.183234,5.544873,4.36102,5.109366,5.551688,5.044165,6.880419,7.057673,6.158489,5.706027,4.119028,6.78889,6.015146,6.866398,7.106734,7.219361,6.972973,6.056446,7.344466,6.143863,5.001105,5.885569,3.025647,5.779041,5.522685,5.398291,6.773698,2.603234,3.992731,3.817654,4.716851,2.84038,4.612033,5.051176,,1.633667,-4.528583
ACH-000573,-5.652328,2.731563,,4.535918,4.252994,,6.142439,,,,,,,,1.432262,4.050941,3.865555,5.092537,3.771344,3.227564,1.931796,6.30232,5.277138,2.664057,4.473786,4.67185,5.070372,2.546386,5.068497,4.350084,4.758232,3.239653,4.109511,5.123492,4.449633,3.950396,3.274222,5.549746,5.248203,2.964216,3.749821,3.301216,3.401729,4.789746,2.958274,1.958278,4.114462,4.704935,3.181753,4.907406,2.092433,0.577729,0.893889,2.077631,3.763383,4.509415,4.306602,0.891522,5.164351,-5.738062,-1.578309,5.83193,4.828693,3.763654,2.091537,6.526602,4.486181,5.593932,4.909011,4.323488,5.274416,4.682246,5.634913,6.180142,5.620698,5.919319,6.201723,4.876738,-0.229908,3.82598,5.219778,6.029984,4.49084,5.238114,4.432902,5.329466,5.133695,3.737317,5.663519,3.833851,5.840049,6.231023,2.711802,-0.081113,0.274059,5.863544,3.93694,6.298348,4.414097,3.808871,3.186356,-1.553674,-2.114029,4.602419,-1.634063,-3.192978,1.655998,3.799357,6.081002,3.555309,2.334572,2.112538,2.149033,6.909493,5.410843,4.958542,4.895903,5.028935,4.606258,3.413328,5.935155,5.295649,3.947137,4.516106,0.568317,3.918142,0.567429,4.134665,-1.255809,4.170649,3.07515,2.71827,6.088271,6.006768,5.1278,4.555891,4.761924,6.343259,6.346463,6.344267,5.28593,3.81591,4.334752,4.976542,5.732546,6.201055,6.346463,6.346463,6.79371,6.725094,6.406615,6.239164,5.48226,6.00263,3.314492,5.505537,4.886316,5.615405,4.859076,6.245611,3.970216,5.317319,4.509501,4.353446,5.61803,4.824566,2.11859,1.631565,2.027656
ACH-000672,-6.34231,,,,,,,,,,,,,,3.94596,4.67908,3.919883,5.653524,4.591886,2.369947,2.039718,4.982619,4.85569,3.935465,5.198611,4.182042,6.103566,3.466994,5.605306,4.411422,4.804736,1.033142,4.647384,3.952313,4.90888,2.939883,1.902864,6.097019,4.883229,3.646684,3.605202,4.752548,6.107953,5.018844,4.397254,3.257441,4.991121,4.805051,5.242256,5.664302,2.972698,0.964777,0.557799,3.869726,5.221663,2.005263,4.486255,1.161644,5.226431,-3.251954,-0.852963,5.567322,5.897429,3.565212,1.217146,5.868364,2.228637,6.845715,3.730402,3.601079,3.524746,4.178772,4.796463,5.734211,5.05799,5.167133,6.76516,3.667043,3.331911,4.655522,4.919276,4.921473,4.656943,6.796564,5.499261,4.920845,5.040195,3.4175,5.81778,3.243385,5.760713,5.271781,4.671429,0.965689,1.076389,5.021937,2.622853,4.537868,2.904527,3.840256,2.983158,-1.464932,0.12304,6.689201,0.667126,-1.388658,1.827031,3.954728,6.012384,5.597764,2.342159,4.223607,2.807263,5.18825,6.091792,5.083987,3.882808,6.945379,6.435932,3.839106,6.011296,4.883712,4.453401,4.449831,2.034813,4.532209,3.349416,5.058673,-2.425279,2.953559,3.022737,2.691609,5.843546,6.077403,5.816567,5.409898,5.585041,4.518488,6.107953,6.105822,4.377486,2.810157,4.420725,5.107746,6.048569,5.320192,6.107953,6.107953,6.377368,5.370155,6.287521,6.3005,4.396682,5.997021,3.386169,4.802353,6.106856,4.801469,4.705635,4.043261,5.023829,5.559806,5.0042,3.346271,3.088414,2.65154,1.353333,0.911154,0.137852
ACH-000244,-3.040617,,,,,,,,,,,,,,-0.167663,1.737152,1.792401,3.735515,0.373216,0.974023,-1.466215,4.672203,6.229809,2.764956,3.032728,4.644936,6.338847,1.3121,3.942693,1.814273,4.085671,2.140785,3.116873,3.957373,1.875678,2.08023,3.845065,5.989705,1.24322,6.275946,5.519241,4.096942,2.652519,4.771892,2.871058,1.936918,2.804489,2.810843,2.683312,3.158066,0.007138,0.564147,-0.587457,1.18251,2.667502,0.406563,4.809947,-0.064563,1.136993,-5.461898,-1.682041,6.40877,5.240451,0.561408,2.605112,5.6307,2.88963,5.97697,3.964854,1.991479,2.743189,1.56492,4.48854,5.224307,5.520627,5.378721,5.900449,1.180029,-1.856059,5.387168,4.71426,5.101041,3.048745,7.130349,5.121832,6.148349,6.169727,3.937885,5.919457,2.785553,5.722008,6.410507,2.890912,-0.559172,1.168204,1.77025,-1.203817,2.705906,2.062862,1.76549,1.157676,-1.989051,0.237212,3.423648,-3.619078,-3.191254,0.365298,5.100852,5.7496,3.778053,1.104738,4.025846,2.723784,0.886929,4.397297,3.763462,2.846468,7.476738,6.258132,1.180954,5.997149,4.834599,6.228567,4.110496,0.129299,3.710726,2.730484,5.601552,1.002262,1.895497,2.165681,2.941779,4.285501,6.05612,4.86203,4.84652,7.143534,6.266566,5.462728,5.603151,6.34453,3.137536,4.95079,6.330923,5.911769,5.714667,3.889937,6.212437,7.389938,6.441844,6.807617,5.989434,5.872475,5.669588,3.971683,5.131394,5.252934,4.682355,5.510108,4.926809,4.215846,3.141173,5.831409,0.929459,2.849886,4.317221,1.794381,,
ACH-000616,-6.235941,,,,,,,,,,,,,,-0.476199,2.388006,1.068538,3.947715,1.064687,0.422029,-0.902067,5.313919,4.380928,3.491784,3.808097,3.87311,5.98449,1.92844,6.373129,2.485626,3.280719,2.328972,1.863751,3.6906,2.903709,1.772132,2.855671,2.216284,-0.055524,4.795056,4.141683,5.284285,2.629244,5.514093,2.935688,0.907315,2.44233,2.338164,2.035764,3.493278,2.032837,0.738445,-1.504252,-0.318224,1.927459,2.169366,4.792715,-0.56866,6.602871,-5.739621,-1.976023,6.027161,6.106528,-3.951646,2.669638,6.146149,4.418945,2.373359,4.138791,0.948619,3.189828,2.227814,5.17986,4.550198,2.917083,5.426158,6.227954,3.654198,-0.540895,3.816792,3.972014,5.853486,5.310789,5.535863,4.764498,5.294648,5.591959,3.638964,6.348566,3.766282,6.321532,5.802833,2.932139,-0.127875,2.014777,0.027667,-1.543566,3.595775,2.284366,3.966801,0.633952,-1.91533,0.383434,3.428918,-2.623998,-3.992558,-0.164757,3.352168,3.680778,1.239661,1.162239,2.869106,1.456455,6.385965,6.232766,4.520708,3.484225,7.292332,5.937529,0.034147,5.106892,4.269434,6.384332,3.097046,-0.518296,-1.915571,3.452565,4.139617,-0.749189,1.728624,0.732231,2.500417,2.754255,5.269419,4.837076,4.380693,5.235738,6.249533,6.002493,5.610771,5.098043,3.889715,5.599324,4.827447,5.938983,4.854088,6.209867,5.05353,7.40158,6.811003,6.69926,6.459334,4.756952,5.037305,3.624913,5.089994,5.038694,4.673292,4.357395,5.293288,4.680019,2.962191,5.732388,3.160173,4.294334,4.422029,2.822636,,
ACH-000009,-4.336893,,-0.852822,,,,,,,,,,,,1.611758,2.793273,2.57271,5.675298,2.472064,0.513687,-0.389648,5.289576,6.276868,2.738243,3.333798,3.968477,3.283569,1.751272,2.325257,2.739204,3.136563,1.697711,2.965499,3.352828,3.736786,1.670033,1.304275,6.262801,4.726047,3.720597,4.242232,3.895076,-0.10401,4.185727,1.069836,-0.150238,2.922426,2.963832,2.654248,3.74146,2.449772,0.312687,-2.529623,-0.755963,2.652653,1.613203,4.010423,0.076891,5.869675,-4.759192,-1.576372,7.032531,6.73699,3.228321,3.512081,6.027876,3.873771,4.13912,4.347031,4.393711,3.846866,3.597799,2.876508,5.555017,6.246838,4.978184,6.288245,2.582341,-2.000374,3.509565,4.52576,6.248011,4.168855,5.999492,5.229348,2.717836,4.732432,4.165703,6.704215,4.685981,6.361846,6.37079,4.722071,0.392222,0.285884,3.915682,2.001516,6.392406,4.576492,4.039492,4.365715,-0.681085,0.985598,4.15991,-0.222999,-1.958732,2.135856,6.157275,5.84664,2.274581,2.997346,2.728205,1.838394,6.199884,5.688705,5.892031,4.650282,5.541599,2.922918,2.716201,6.304951,6.645957,4.287714,2.917281,0.967466,0.060204,1.557271,5.906862,0.342885,2.975619,1.520015,2.940689,3.61517,6.354227,4.281626,5.702127,6.676652,5.709769,6.768874,6.738015,4.599611,2.27521,5.46074,5.702972,6.438521,6.839356,6.813743,6.745721,8.334454,7.291203,6.435764,6.556827,5.580072,6.890442,4.719177,6.462043,5.269113,6.934709,5.351201,4.316267,3.649441,3.117841,3.912477,2.207552,4.181016,6.406839,3.567483,,
ACH-000565,-4.88673,,1.920354,,,,,,,,,,,,0.227393,0.959615,0.452361,2.055036,0.242076,-1.467745,-3.078369,5.397913,4.813743,2.406196,2.891258,3.953791,4.587039,1.504441,2.797341,1.664934,3.018984,1.536351,3.69104,1.454796,3.874337,2.665665,0.532655,6.188009,2.193237,5.438373,5.185423,5.873247,4.141525,3.349354,2.725189,1.895611,3.458176,4.673296,3.648299,5.380336,3.680678,1.778841,1.264272,2.313735,5.615425,3.010446,3.726096,-0.716553,6.628342,-3.206004,-0.569868,6.464878,5.54282,4.322892,3.060192,4.585252,4.720776,5.549091,4.498034,1.630488,3.343872,1.671856,4.147752,3.863791,2.312709,3.866552,6.41024,3.031074,-1.735333,3.303917,4.652943,5.391262,3.906977,5.494255,4.533765,5.573943,6.003883,4.102274,6.353328,3.856178,6.587153,6.168081,5.983564,-0.378065,0.916734,2.278954,2.352203,2.488072,5.337536,5.074871,3.516975,1.74183,0.291852,6.966772,0.057725,-2.153575,0.780962,5.810879,6.305672,1.967747,-0.551299,3.85792,1.255107,7.323537,5.241023,3.774427,3.584276,5.428844,4.445113,2.055719,5.696474,6.902439,4.715207,4.801078,1.331592,-1.638934,1.848411,3.660946,-1.608705,0.508901,0.875141,4.469345,5.537218,6.425984,5.915155,6.364568,4.754457,6.593693,5.982278,5.180178,5.94706,3.789548,4.845793,6.649028,6.096696,6.217626,6.694728,6.672069,8.241355,6.928723,6.825896,6.771064,6.604885,6.686808,3.888127,5.85926,6.599198,6.672047,5.16972,5.853247,3.916324,3.75244,3.975345,3.231674,4.679082,4.103068,0.268891,1.800068,-3.844123
ACH-000042,-2.880517,,,,,,,,,,,,,,-0.921974,2.148144,0.457699,2.195946,-0.579318,-0.743206,-2.02258,5.171055,5.898905,2.825202,4.393868,3.648548,5.740681,2.032212,2.623174,1.53604,4.863979,2.082996,4.05927,0.527275,1.877141,3.919214,,5.814326,3.489678,6.170976,5.88703,6.185407,2.747281,3.293473,2.061339,0.713402,4.600671,3.400683,3.781734,4.334828,2.497946,1.140426,-0.244131,0.570563,4.130555,0.157171,4.697013,1.134508,1.254953,-4.562689,-0.681846,5.168916,5.536087,4.606166,2.554456,5.96122,5.023791,4.79948,3.755374,0.356227,1.05241,0.578244,3.703581,2.833822,6.228886,4.472119,3.134395,2.445088,-1.985618,2.926981,4.709487,7.56386,3.285805,5.904296,5.26725,5.696039,6.076214,4.748368,6.857147,3.00586,5.996072,6.106476,3.944387,-0.003772,0.761959,3.967199,0.110593,3.938423,3.150264,5.134453,-0.407834,-1.071763,-3.285726,3.646127,-0.465275,-3.898896,1.430608,4.377499,4.794483,2.072445,1.582393,2.853183,0.567987,6.201565,3.734795,4.42156,4.350045,5.338036,4.715046,0.781922,4.869527,6.993584,6.633729,2.231929,0.62227,-2.764697,0.348362,5.351365,-1.842379,2.194054,1.795819,3.688642,6.249959,6.235275,4.41379,4.419507,5.308516,6.277297,6.916889,4.989297,6.867324,4.112116,4.358417,6.242817,6.730549,6.141424,6.925159,6.925159,8.686819,6.497893,6.96672,6.558212,6.523916,6.699748,3.842582,5.03385,5.272835,5.559757,4.456059,4.064979,3.709027,2.488266,4.319435,1.891268,4.236135,4.461384,-0.155187,2.93954,-4.467701
ACH-000060,-3.583391,,,,,,,,,,,,,,0.438501,3.249805,2.294313,2.864054,1.269847,1.014167,-0.012025,8.210407,7.293212,4.75095,5.427082,4.573774,6.998621,4.188872,4.780931,2.289803,2.985794,2.483811,4.007954,4.535318,7.190313,4.129172,2.412169,7.243013,3.210395,7.231565,5.042008,7.359049,6.10419,5.287839,1.917573,0.893536,3.550296,3.767754,3.245307,5.558004,1.698685,0.155768,-1.626062,1.511956,4.505745,0.080678,4.496542,1.777987,2.100445,-3.837663,-1.886555,7.271325,6.469287,4.349249,2.634837,5.524396,5.057548,3.729243,4.607502,3.402263,4.35831,2.850988,4.676665,4.203796,6.745254,6.09475,7.935872,3.818195,-1.183681,4.899698,4.44919,8.810752,7.026982,5.79232,6.279261,7.159706,6.226144,4.128253,6.634526,3.43222,7.021174,7.260692,5.579549,0.766481,1.90205,4.915131,1.829389,3.538895,3.457638,6.19543,0.99946,0.425758,-1.946652,4.9411,-1.023813,-2.758644,1.070345,5.554046,7.717256,4.895986,2.836499,5.140083,2.099109,6.783467,5.911785,4.664075,6.148913,6.609891,6.366803,0.658488,6.486753,7.287024,3.933587,3.196657,2.721609,2.142258,-0.26898,4.485765,-1.457417,6.131702,3.865167,3.826918,5.999211,7.706145,7.583142,7.171363,6.147679,7.883992,7.883992,7.835286,5.67552,6.30102,6.367931,6.678121,6.859716,7.228248,7.883992,7.883992,8.335626,8.133388,7.924093,6.979895,7.273632,7.462053,5.069233,7.710332,7.883992,6.276165,7.578398,4.724488,5.506318,4.032784,3.652568,3.608766,6.131426,5.886411,-0.42632,3.226451,-3.4615
ACH-000118,-4.619844,,,,,,,,,,,,,,0.55832,2.322446,1.752319,4.070957,2.938581,0.394802,-0.556746,6.260292,6.803104,4.096706,5.206202,4.843653,6.972951,2.722574,3.891753,2.738253,5.691017,4.759514,3.940372,4.972941,6.502053,3.741789,3.102561,5.333825,4.985114,5.684347,4.830747,6.510435,3.050983,3.764068,3.059643,2.079755,4.554665,5.05991,3.478528,4.346506,3.815625,1.938377,0.641964,1.241364,5.192292,-1.431233,3.304578,2.186063,5.662677,-5.07682,-1.294428,6.900821,5.818955,3.157255,2.573323,6.887944,2.751036,3.566369,4.323545,2.35884,4.680004,2.848331,3.705283,4.267184,6.232637,5.446315,7.328904,3.924827,-0.565391,4.945596,6.230288,6.992083,5.597851,6.205926,5.52225,5.526972,6.743122,4.423357,6.428228,4.090001,6.637872,5.679288,5.1884,0.259591,0.118635,5.369132,1.983741,5.907037,3.25876,5.336774,2.917101,-1.911228,-2.43135,3.85554,-1.452017,-3.712686,1.494658,3.100715,6.612262,1.752248,-0.050779,2.006147,1.009064,6.450868,6.968825,3.781254,5.619481,5.700618,4.07843,0.123355,5.2294,5.918721,6.628738,2.930223,-0.268502,4.636571,1.086821,5.328577,-0.826389,2.92097,1.834141,3.270515,3.978715,6.654058,6.357431,5.766282,6.367716,6.707033,6.752959,6.269375,6.963326,5.39077,5.689319,6.873993,6.894329,6.238464,6.972951,6.615399,7.598601,7.309043,6.367938,6.565939,5.683064,6.272366,4.590467,6.227221,6.504028,6.897172,4.732687,6.181189,4.753664,3.052012,4.16636,3.235906,4.631652,2.016205,-1.865393,,
ACH-000403,-5.781672,,1.558907,,,,,,,,,,,,-1.026908,1.374275,-0.797768,0.63145,-0.067088,-2.79156,-3.846814,6.788903,6.955315,1.830478,1.021039,2.301677,5.034525,0.561993,2.108067,1.350956,2.373072,2.154273,2.15635,1.153191,3.406815,1.645435,2.161504,4.000741,2.828363,4.707008,4.195452,6.401495,2.462493,2.134442,0.997581,1.076495,0.592099,2.586971,1.328282,1.83153,2.359849,-0.914998,-1.832683,-0.35447,5.678898,-0.139873,3.425916,-0.193218,2.506495,-4.715473,-1.394869,6.16565,4.968186,3.416688,2.712756,3.739233,4.376563,5.421894,2.717179,1.082136,2.060701,1.748069,4.954128,2.804418,4.943603,6.10648,4.338343,2.412524,-1.50597,3.384876,5.041253,6.13089,5.600726,5.123964,4.759155,5.917151,5.182889,4.193624,6.357458,2.136878,5.580378,5.710757,4.821277,0.429742,-0.003314,2.796516,1.534806,2.469366,2.662515,5.131471,0.812,-0.699987,0.830158,3.885482,-1.859531,-1.684579,0.471861,5.176198,5.344874,4.513191,1.786151,3.689186,1.04882,7.258145,4.9737,4.12152,4.072822,4.979016,4.765558,2.576992,4.382941,5.663151,5.569773,3.299306,0.065887,3.627931,1.809953,5.393326,-0.704139,2.98601,1.670841,3.145079,5.396042,5.912198,5.490787,5.980064,5.686911,5.907628,5.512845,6.657455,5.70876,4.370832,5.927292,6.575288,6.671577,6.175048,6.630016,6.478891,8.283369,7.369768,5.975916,6.598383,6.368803,5.192413,3.857932,5.494732,5.726451,6.015706,4.851757,3.22672,3.46736,1.91123,2.906827,1.638849,4.530404,3.636322,0.438762,,
ACH-000501,-6.495478,,0.666541,,,,,,,,,,,,1.089685,2.604585,2.147491,2.662534,1.68126,0.502399,-0.986018,6.76369,6.563875,1.976833,4.673303,4.069079,6.429415,1.95545,3.96396,1.427384,4.36835,2.846464,2.631538,2.171872,4.970139,2.464038,0.738197,6.72399,4.44811,5.84229,5.265955,5.538827,2.942961,4.262619,1.234845,-0.159627,5.800168,3.431596,3.745789,5.512721,0.943099,-1.044307,-1.4838,0.385052,6.220283,-0.98968,3.433592,0.546163,4.177334,-3.90175,-1.572318,6.99261,6.0665,4.481621,4.220407,6.007947,4.996937,3.893844,5.393121,3.17617,5.159247,5.121019,6.027653,6.672073,6.568892,7.162678,7.57281,4.672751,0.543394,6.977011,6.514118,7.179256,4.947474,6.08052,6.153818,6.788272,6.593315,4.86928,6.701924,4.906232,6.43394,7.010956,4.989929,1.302456,2.130528,2.814673,1.628888,3.015984,4.147232,4.92908,0.932509,-1.254382,1.377641,6.337543,-0.295608,-2.92752,0.881584,6.205539,6.924177,5.196637,0.597408,3.868491,0.698569,6.713757,6.223947,5.325289,3.85279,7.052001,5.390687,2.602246,6.514821,5.699484,6.596301,4.308021,-0.686768,2.960516,1.109491,5.484861,0.2192,3.901691,1.838183,4.948193,5.498713,4.654274,5.0413,7.101474,6.608062,7.152474,6.326597,7.035761,6.886506,4.819799,5.553264,6.670735,7.175259,6.355835,7.259328,7.060075,7.780661,6.764272,7.18357,7.347143,7.308425,7.320707,3.445853,7.076175,6.178419,3.971741,5.312649,7.082365,5.709602,4.970857,5.277617,2.678665,4.451124,7.033708,3.341034,1.848426,-3.118367
ACH-000888,-5.486485,,,,,,,,,,,,,,3.219092,4.711178,5.531961,6.110089,4.315668,3.288385,2.481015,5.540102,7.123358,4.490499,4.379195,4.355905,4.819299,3.708593,5.030401,3.458241,5.393839,4.078647,5.188194,5.496841,2.954022,3.969508,3.472978,6.738388,4.502788,3.665331,6.310854,5.758112,3.68307,4.932421,3.105799,1.280849,4.853769,5.126837,5.996949,5.303221,1.171673,0.316283,-2.473441,-1.16503,4.718896,2.911925,4.015889,3.346071,6.034546,-0.697855,1.362223,6.536971,6.271985,3.790714,3.856189,6.879471,4.825449,7.084573,7.037243,5.640815,5.803069,4.417696,2.637796,4.116322,6.543864,6.670092,6.367576,3.727776,-0.680445,4.965067,5.263678,6.467714,6.523442,6.486929,5.015413,6.00374,5.950091,4.331598,7.025088,3.614927,6.533476,6.756429,6.796235,1.478283,3.325647,6.820332,3.13737,6.301781,3.802329,6.652557,3.982243,-1.499995,0.674122,3.886594,-1.904082,-2.660418,3.609439,4.717258,5.419462,3.088976,1.851707,3.17642,2.00145,6.638691,7.220156,6.047136,5.913595,7.762684,6.354826,3.231296,6.563964,6.641344,6.67413,5.742597,0.89438,5.425635,0.475966,6.71462,-1.569089,7.420063,5.387303,3.612134,4.690507,6.677428,6.0167,5.92788,6.305094,7.255133,4.808599,6.796024,6.473175,5.049114,6.652648,6.298817,7.068377,7.420063,7.420063,7.411415,8.305081,7.414381,7.207649,6.431099,6.89634,6.943721,4.522012,6.491852,5.766193,6.384398,5.119186,6.7614,4.850863,4.323253,5.004225,3.63172,6.070585,4.19106,3.302566,,
ACH-000332,-2.615185,,,,,,,,,,,,,,0.607455,5.896782,4.52613,4.682205,2.897879,3.392029,3.598733,5.054191,6.525886,4.24949,4.633937,5.115407,5.899052,4.272213,4.11173,2.260178,5.759456,2.908786,6.341932,7.895727,5.60134,4.909259,3.137932,6.04418,7.174461,4.216195,4.29504,5.062897,4.68642,3.455501,2.913657,1.695542,5.376945,4.015379,5.00056,5.47259,1.19572,1.094398,-0.756873,1.138186,4.374257,1.407784,3.906629,2.760499,3.886805,-3.866131,-0.806095,4.793913,6.67079,4.606569,2.624257,6.980754,5.307157,7.445868,5.898702,6.086236,5.344112,5.283639,6.467749,5.585854,6.476286,6.98944,7.738483,5.290132,0.709009,5.06744,6.530917,7.202923,4.533621,6.228413,5.527684,6.620816,5.817606,4.123036,6.845594,4.100064,6.969078,5.596247,3.648523,1.129777,1.021649,4.038286,1.450848,6.317337,4.918864,5.392598,2.345894,-0.095525,0.195684,5.687697,2.307072,-1.618403,2.464807,5.820507,6.315315,4.552421,2.739335,4.073713,1.952993,6.689194,4.413429,4.692335,5.473422,6.484018,5.399901,0.204381,5.627684,6.333937,6.790985,2.276452,0.987132,5.073883,-1.090436,3.634888,-1.417319,5.37336,3.251568,3.308937,7.008563,7.051184,6.457673,6.775559,6.771712,6.715971,7.183752,7.173243,6.815109,7.183752,4.508441,5.479549,6.170869,7.111167,7.183593,7.183752,8.639208,7.413594,6.656337,7.527056,7.143874,7.162348,5.009245,6.613552,7.134247,6.560837,6.109483,5.159329,6.485657,2.225828,4.202726,2.299398,4.679231,5.479334,0.614196,1.921553,-5.076682
ACH-000451,-5.991596,,,,,,,,,,,,,,2.027978,2.978275,3.669597,5.060164,3.155464,2.782369,2.084246,5.091444,5.364782,3.585442,4.842788,3.301327,4.439844,1.774312,3.716494,2.332833,3.952807,2.81223,3.794753,5.558469,4.317263,2.268826,1.477338,3.907294,-1.182488,6.178098,3.72666,4.416033,1.98486,5.703594,2.833658,1.122899,2.975203,3.794551,4.535934,4.560327,3.635037,1.063624,-0.829088,1.276335,4.570704,-1.716165,2.956597,-0.465493,5.808506,-4.981673,-1.771684,6.216214,4.739094,3.017971,2.306476,5.052873,4.453368,2.557634,5.79043,5.272462,5.090143,5.153901,3.164168,2.193293,2.44536,4.277759,5.901925,0.718222,0.034976,3.866538,5.39872,6.029927,4.910574,5.15508,5.593923,4.61436,4.81861,3.602523,5.57887,2.999006,4.510474,5.535617,4.278923,1.136246,0.661145,2.968509,1.059486,1.491195,0.435922,2.873906,3.893899,-1.957182,-2.33755,4.619688,-0.060268,-3.80396,1.185501,3.316467,4.913209,3.523975,0.196795,1.440407,1.756863,5.496095,4.987414,5.239757,4.54345,6.914849,6.642087,0.93932,5.212897,5.308698,4.389612,4.274287,1.296983,3.990067,2.884958,5.0268,0.583359,3.174505,2.952418,4.051781,5.042214,6.19907,5.643034,5.959982,4.90516,6.146906,5.150075,5.94949,4.698261,3.311247,3.716723,5.209483,5.428063,5.68278,6.198402,6.216214,7.490695,5.572415,6.456962,6.007021,5.441732,5.685725,4.044315,4.988761,5.279405,4.603799,5.948453,5.539207,4.606762,4.418511,5.594178,3.294254,4.738215,4.836075,2.607574,4.012338,-4.272507
ACH-000648,-5.671776,,,,,,,,,,,,,,0.990766,5.929133,3.913892,4.640006,3.435144,3.66707,1.681926,6.279937,3.190375,3.902322,3.821584,5.650738,3.021194,4.158073,3.315578,1.766892,3.735762,7.332924,3.626901,5.928787,4.044628,3.639176,4.16158,7.221296,4.74477,7.600315,5.703561,6.440477,5.38045,5.200509,2.717279,1.921304,5.071522,4.624996,3.892806,6.033947,3.094085,2.874116,1.143523,2.362984,5.409967,-0.45968,2.131169,1.658074,5.991699,-1.687787,0.033088,7.368228,7.574687,5.097383,2.817276,6.657807,5.014613,6.475223,5.253543,2.293608,3.10879,1.692526,5.499181,3.838001,3.591111,4.58387,6.067478,2.283452,-0.789157,5.423267,7.57122,7.163002,5.344872,7.260908,5.759697,4.332725,5.673562,4.909671,7.240222,4.687336,7.124698,6.738336,5.73729,0.513943,3.66869,3.55369,1.627391,5.07312,2.981767,5.402293,4.199237,-0.02191,2.011996,5.011831,0.495043,-1.453729,1.04889,5.216519,5.991428,3.080992,0.978092,3.659877,1.342699,3.91402,5.588853,2.539168,5.292072,6.434487,5.084421,6.465066,5.895293,6.705573,8.007391,4.440704,0.675751,4.951108,0.016182,6.700431,0.235244,5.060607,3.129958,5.540583,7.835769,7.391388,6.409686,4.956857,6.90501,6.822827,7.398591,7.319244,7.728126,5.242149,5.286431,7.183075,7.856638,6.984087,7.923487,7.923487,8.998074,7.02807,7.991961,7.681306,7.503266,6.935084,4.805456,7.56419,7.337877,7.152195,7.42543,3.853328,5.895208,5.166414,6.088582,2.854083,6.738425,6.319706,-1.041467,4.125322,-2.583984
ACH-000717,-5.287507,,,,,,,,,,,,,,1.086391,4.328065,4.495581,5.182744,3.751488,3.069623,2.037309,5.860409,5.396345,3.234118,3.884081,3.786432,4.007561,2.288057,3.772059,2.874285,5.041894,4.536227,5.564924,5.833723,4.239739,5.647151,4.126645,5.420747,1.113779,5.899225,4.419998,5.937604,5.90893,4.548544,2.906565,2.680378,5.135333,5.745509,4.965689,5.274731,2.590919,1.754966,1.730987,3.375455,5.393395,0.850011,3.091579,2.330554,5.059947,-1.027237,-0.531954,5.904794,5.797823,4.492558,2.803082,6.483439,4.772241,6.017532,6.104899,4.444386,5.123118,3.540826,4.112193,3.932602,5.257011,5.771609,3.896308,3.458116,-0.784481,4.987785,5.382057,6.166243,5.16619,5.916794,5.019608,5.383045,5.350244,4.285061,6.721469,4.078331,6.402589,6.559029,4.445767,0.880944,2.647934,3.660124,2.87578,5.344764,3.641807,3.533196,3.183702,0.174568,0.989545,6.662277,-0.293765,-2.478606,1.933999,5.561633,6.204795,5.049933,2.412214,5.283189,3.601473,7.398969,5.611466,5.333614,5.346068,4.840498,4.752753,4.128755,6.063918,5.980134,4.657163,3.754355,1.901161,4.182101,3.781621,4.978287,0.176146,4.407824,3.166137,5.83139,6.790337,6.222803,5.180951,6.48741,6.590834,6.735406,6.493468,6.57255,6.056493,5.274807,5.51357,6.348643,6.102649,6.494099,6.817551,6.817551,7.632325,6.802756,6.628369,6.150966,6.363742,5.842525,4.323422,5.959107,6.501368,6.795999,5.947191,4.378026,5.4271,6.379549,5.518239,4.819545,4.948308,5.011001,3.915528,2.794547,-3.653502
ACH-000181,-4.106277,,,,,,,,,,,,,,-2.005817,2.105286,1.419154,2.759796,1.427221,0.387716,-0.165031,4.987563,5.881128,1.708669,2.083556,2.409385,4.663118,1.209734,0.628469,-0.49987,1.430358,3.621099,4.050737,3.258268,3.272588,2.337279,3.359843,4.078136,2.048554,3.725257,4.462396,3.942443,2.901865,2.475166,0.360084,0.098045,2.090993,3.259852,3.822778,4.971861,2.295794,1.376258,1.019959,2.11915,4.839781,-0.724936,0.861504,0.760824,5.298538,-4.233407,-1.155812,5.713729,5.290109,3.505426,2.501978,5.908237,3.515423,3.872279,5.068764,2.652344,2.911261,1.984471,2.673039,1.885614,5.133314,5.79077,5.624724,1.335636,-3.809032,5.322894,5.873161,5.108211,3.248888,3.767525,4.237548,4.851378,4.151394,2.005672,5.774083,3.179399,4.314345,5.778173,5.886333,0.036203,1.746645,3.439652,1.639379,4.888622,2.409616,3.71119,1.224562,-2.521878,-0.156376,4.134057,-2.65051,-4.315423,0.422523,4.457069,5.6788,3.146175,1.982738,4.098456,1.877976,5.720497,4.781228,4.741656,4.383123,4.341688,6.076582,4.255045,3.537698,4.906524,4.228991,3.166742,0.715191,3.673908,2.770844,4.599889,-0.206888,3.240183,3.047478,2.79716,5.81369,5.326355,5.80556,4.504966,5.28151,5.947664,5.546787,5.571573,4.679854,4.562852,4.174395,5.890209,5.370612,5.199678,5.955502,5.955502,6.642065,5.745236,5.777906,4.957121,5.617825,5.954813,3.467083,4.472276,5.259572,5.403913,4.635747,3.112877,4.521766,4.011024,3.566151,2.956373,3.28793,4.514255,3.17868,1.684254,-2.908317
ACH-000308,-5.322818,,,,,,,,,,,,,,2.520016,4.571894,3.46742,5.199854,3.77805,2.691646,1.459894,6.56954,7.823045,3.12185,4.532081,4.999571,4.197659,2.605903,4.855211,3.463709,5.696658,6.382173,5.695699,5.074139,6.216487,5.414031,5.841808,7.413872,-0.726252,6.546768,4.768727,6.131016,3.651622,6.060126,3.720758,1.942947,6.553552,4.787194,3.995546,5.600213,2.646421,2.073724,0.390628,0.882813,6.722311,1.692618,4.382313,3.09619,6.266719,-2.756796,-0.841077,7.466114,5.883423,5.678793,3.995162,7.48573,5.205501,8.672239,5.076901,3.217021,5.091683,3.620209,4.663609,5.536241,7.016723,5.650656,4.94656,3.687781,-0.474264,6.026696,6.518449,7.304481,6.623715,7.257229,6.244641,7.137099,6.818442,4.090669,6.798289,4.922192,6.08278,6.585987,3.881664,2.014958,3.251583,7.475472,3.330408,7.133459,5.922282,8.382822,2.917188,0.050028,-1.280728,4.348576,0.109849,-2.258563,2.883945,5.177638,7.086104,4.414506,0.925804,4.69577,1.585253,9.031498,5.076316,7.538896,6.490744,7.794808,7.087489,4.030821,7.21526,6.420966,7.497483,4.100879,1.176735,4.396058,0.67828,5.425637,1.02423,6.837282,4.933541,5.877987,7.973196,7.495687,6.022131,7.135466,6.846355,7.718482,7.803343,7.543502,7.02445,6.347964,5.721167,5.684073,6.812012,7.632725,7.649835,7.981378,9.203067,8.058454,7.886468,6.463404,7.445462,6.882005,6.458302,7.26863,6.525955,5.805744,6.4195,3.928086,8.315455,4.61805,4.51805,2.446896,4.487441,6.534287,2.204076,1.512898,-3.943359
ACH-000811,-4.616447,,,,,,,,,,,,,,0.885488,5.41253,4.271983,5.143732,3.56921,2.477144,2.122851,4.576832,5.319851,3.349745,2.604517,2.972631,4.904122,0.539541,2.231405,1.503342,3.039575,4.365689,5.742099,4.951054,2.894452,4.790339,5.64128,4.137982,-4.543608,6.310994,4.972417,6.08314,3.401341,2.968062,0.637033,1.128,2.010921,2.550246,2.281069,2.980292,1.064733,0.051865,-1.366182,0.478533,5.993784,0.713995,3.632157,3.109407,4.951499,-3.712681,-0.940576,6.960558,6.460949,3.881746,2.997006,6.72695,4.933737,6.836899,5.651511,3.311356,3.825922,3.001952,4.549904,4.714229,6.208457,5.749018,7.500769,4.366012,-0.272053,6.5319,6.961984,5.262027,4.451362,4.807315,6.636174,6.579165,7.336372,4.008203,6.557844,4.250856,6.926247,6.276158,3.505139,3.333303,2.058928,6.005639,2.593356,4.377117,4.741378,6.765573,0.416316,-2.2288,-2.613822,3.768287,-1.156817,-3.174424,0.293411,4.438879,5.904407,1.668002,0.051417,2.080324,0.671177,7.139981,5.210852,5.594613,6.038374,4.606807,7.158232,4.72164,4.761935,5.782655,4.157058,3.207432,0.04391,-0.177634,1.549212,2.962106,-1.422711,3.608282,2.379522,6.191797,6.839901,7.119754,6.991877,5.407327,6.687875,6.750889,6.806525,5.52717,6.302927,4.722102,4.714976,6.998847,6.910672,6.703806,6.974802,7.042255,8.070876,6.994114,7.03757,6.258322,6.627125,6.291422,4.695139,6.462144,6.352891,6.421466,5.909879,6.127299,4.800685,6.30572,6.357251,4.276526,4.533638,4.639899,-0.655196,3.86016,-4.186361
ACH-000035,-4.784976,,,,,,,,,,,,,,-0.854031,5.971197,5.375354,6.113476,5.689825,4.184456,3.755359,6.931967,6.953179,0.872422,1.253604,2.798332,5.196527,0.401363,2.224148,1.798059,3.917525,4.472741,2.674716,5.073997,3.127608,2.537756,2.103178,5.000008,5.51904,5.534872,4.129609,5.482312,2.262832,4.953524,2.584808,2.635787,3.690641,4.111969,2.843108,4.072757,4.015177,3.888961,1.329789,1.748963,5.84552,0.4036,3.093987,2.239845,4.306892,-4.754171,-1.429061,6.87582,5.156775,2.500436,3.033642,5.993074,3.837894,6.453558,4.775908,3.436888,5.149989,4.221004,4.905995,3.760991,5.450766,6.068483,7.063483,3.549114,-0.184581,4.84469,5.477283,5.773252,6.036284,5.465998,6.638416,6.753782,5.951542,4.072801,6.588655,4.369612,5.972652,6.670484,4.127447,2.206592,2.051597,4.911743,1.47021,5.77287,2.175445,6.248361,1.67377,1.739959,1.149481,4.861607,2.377243,-1.991299,2.076569,4.456417,6.812684,2.653521,-0.175007,5.253676,1.916881,6.612779,6.842012,5.329501,4.495264,6.060187,5.790531,1.875965,6.746632,5.187174,7.061911,5.076661,-0.754336,4.826101,2.769188,5.176364,0.137554,6.55613,3.904035,4.881633,4.985516,6.973139,6.825398,4.082709,6.351867,6.011948,5.925967,6.194696,5.363749,2.950949,6.301547,5.908556,6.833754,6.972097,6.281092,6.342452,7.615344,7.089441,7.179293,7.042618,4.974818,5.65103,3.719395,6.768233,6.306549,4.663091,6.36916,6.51286,3.748408,4.85827,4.795981,0.906666,5.29938,3.521248,-0.894744,,
ACH-000159,-4.372108,,,,,,,,,,,,,,0.304433,3.701497,3.430359,3.755294,3.371209,2.804346,2.120552,6.110049,6.093662,2.49363,3.611414,4.324435,4.758458,1.855985,3.779138,2.567348,4.222754,3.995017,3.422547,3.900247,1.906984,3.907006,4.120776,4.549135,6.34027,3.922898,5.121793,4.273908,1.231601,4.278092,2.536794,1.651324,2.100594,2.667023,2.147336,2.867753,0.433753,1.063021,-0.963406,1.149778,5.435283,1.193324,2.392765,1.871825,5.127596,-4.313869,-0.787629,4.420353,4.127091,2.902018,1.567984,6.183718,3.773884,5.475351,4.277047,4.18313,5.136477,5.34531,3.417471,4.474899,3.169324,6.352113,4.734384,3.06937,-1.216658,3.700962,4.940571,5.75715,5.871212,4.884888,6.062479,6.30465,6.826169,2.260582,6.405002,4.093096,6.169694,6.018026,5.703522,1.350145,2.254373,4.216499,2.016676,3.550823,2.381211,3.793458,3.734656,0.760303,0.559372,5.208423,1.213139,-1.568552,1.051602,3.735802,5.939599,2.745566,1.269609,6.067944,2.870166,6.259525,5.162103,4.750084,4.544675,5.512216,3.5873,0.339825,4.780458,5.908908,3.739463,4.38202,0.684392,3.959138,3.269024,4.540508,-0.860562,2.387131,2.911762,4.64325,3.267066,5.695173,4.971018,5.724419,6.551392,5.203224,5.447224,6.150616,6.093301,3.469094,5.202291,5.470661,6.185044,6.345789,6.420641,6.423767,6.78069,5.857025,6.415763,5.03759,5.995183,6.418041,3.621846,5.466573,6.222507,4.448468,6.193643,5.611276,5.037159,4.218892,4.712208,2.155635,5.488988,3.167061,-1.807033,,
ACH-000223,-3.952319,3.489608,,4.334041,5.069131,,3.947405,,,,,,,,-0.401356,3.561272,3.694641,4.150724,3.517036,2.545539,1.417948,5.279741,6.536769,2.897789,2.373613,2.879339,3.788499,1.40634,3.251922,2.36305,2.616753,2.707944,3.188438,2.4874,3.17217,1.823212,1.548924,5.771075,2.269366,4.379078,4.217635,3.900279,2.835884,4.157038,2.199183,1.456199,2.604057,2.70577,2.478173,3.039648,1.831835,0.525252,0.460341,1.693104,3.545197,1.713869,3.101712,1.885812,5.034706,-5.702136,-1.646372,4.85721,4.80579,2.410909,1.600118,7.547349,3.002793,7.150506,5.448551,3.547299,5.113233,4.365459,4.248512,4.706392,4.030553,6.079895,4.005296,4.571509,1.35839,4.078829,5.023506,6.005454,5.833165,5.855673,3.843892,4.417908,4.656749,3.614736,4.906206,4.083247,4.567381,5.854637,4.113553,2.47505,1.35037,3.77567,1.737748,2.853977,3.297928,4.629161,1.24816,1.328234,-0.758195,5.853801,-1.301174,-2.694594,1.148413,1.966903,4.623514,2.992636,0.009107,3.064874,2.146722,5.903577,4.715655,5.801337,4.188235,5.655269,5.626052,3.086542,6.354492,5.937681,4.894278,5.063871,0.998825,4.308215,5.417407,5.188617,0.134905,2.957913,2.785021,4.041005,3.035464,5.945486,5.844733,4.483306,4.926246,4.861729,5.931992,6.513344,4.776917,3.112607,5.324658,5.714397,5.900024,6.154088,6.370516,6.267548,8.277147,6.51729,6.307909,6.110641,5.549489,6.267047,4.233968,5.020039,6.719461,5.744675,5.742857,4.470849,4.124004,4.127044,5.689349,1.998873,4.678556,3.583654,-1.660638,,
ACH-000171,-5.237121,,,,,,,,,,,,,,2.73695,5.817965,5.956281,5.299906,5.922208,4.955731,4.016511,6.924954,6.614114,4.421732,5.586303,5.905662,7.860119,4.1789,6.634764,5.038705,7.229082,5.910209,4.375759,6.466788,4.192805,2.891507,2.724021,7.488664,7.548881,6.785584,5.37519,6.399434,5.03222,7.515249,5.612818,3.618279,4.668252,4.717856,4.616177,5.359137,3.711378,5.101814,2.455986,2.948812,6.947001,1.8511,5.844153,2.242406,9.250306,-4.416144,-1.451393,7.386086,7.624415,3.844056,2.60286,7.147468,5.048269,7.73487,4.905523,4.602796,5.553069,4.784651,5.986829,6.496017,7.190429,7.274595,8.477886,4.576612,0.168964,6.253884,6.791163,6.129806,6.377013,6.670395,6.266942,6.029594,6.977757,4.63932,6.492132,5.11157,7.508225,7.250519,6.879889,2.268002,5.166191,6.456864,2.900745,6.077964,4.910071,6.035842,5.117472,1.557005,2.184725,4.869108,2.208084,-0.653466,2.224662,6.401054,7.513516,5.268945,2.991174,7.454271,3.473159,7.994895,6.112859,6.364763,6.134374,8.344377,8.40025,5.971417,7.546285,7.01332,7.762761,5.946005,3.402999,5.731387,4.58089,7.279121,1.189876,5.798534,3.685371,6.734952,7.908817,7.449504,6.956365,5.558728,6.726376,7.515987,7.429502,7.451379,6.446478,6.51399,5.619823,7.236809,6.888293,7.778642,7.907324,7.908817,9.104477,7.313845,8.258374,7.709442,6.942085,7.618458,4.857345,7.15963,7.723069,7.730073,6.708557,6.791168,5.325125,7.247979,7.193666,3.920573,5.807916,5.329418,2.143323,5.33024,0.7668
ACH-000417,-2.536149,,,,,,,,,,,,,,1.47585,6.168417,4.468152,4.601486,3.949526,3.213449,3.068094,7.057374,6.566791,3.03214,3.960322,4.153323,6.22275,3.223728,4.663438,2.917578,4.838074,4.226557,3.354439,2.726614,5.850547,3.232202,1.36137,6.549803,5.36532,4.183996,4.307592,5.020754,3.193192,3.967654,2.448657,1.50536,3.333772,4.815121,4.425861,4.954118,3.571982,0.455033,0.36836,1.530055,5.503417,2.403084,3.758548,1.142943,5.261849,-4.77404,-0.79881,6.435482,6.039503,2.219908,3.68369,5.438794,4.195582,4.233933,3.576063,0.454109,2.077309,0.397069,2.792219,3.381344,5.512627,6.547156,6.99291,3.341007,-1.113356,4.18028,5.536492,6.830378,5.189049,5.929114,5.137815,5.292299,6.321661,3.789368,5.854995,4.320832,6.585587,6.158546,5.830603,2.312926,3.47514,4.216654,1.823396,4.768008,2.929442,5.785687,0.728196,1.747909,-0.996206,3.733949,1.59592,-1.548461,2.961706,5.990338,6.632239,4.188877,1.672665,6.037244,2.318689,5.876082,5.656921,5.562196,5.309404,7.430475,6.638011,4.282406,5.132234,5.740258,5.733777,4.462296,4.529788,4.896134,4.168348,7.229805,2.240355,1.951976,2.900366,4.12912,5.997658,6.531427,4.275596,5.504616,5.949547,6.689525,6.667279,5.995827,6.660558,3.884253,5.263097,6.134467,5.386802,6.510168,6.685619,6.518145,8.041837,6.114059,6.616097,6.381465,5.905839,5.663369,3.358794,6.166191,6.631244,6.122765,6.235862,5.556568,4.967231,2.972523,4.455095,3.668939,4.483572,3.258051,-0.320997,,
ACH-000852,-3.162646,,,,,,,,,,,,,,0.821819,3.561556,3.755766,4.147653,2.965936,2.617594,1.763718,4.693166,3.218167,2.444244,3.701689,3.210104,4.938433,2.217471,3.900295,1.531057,3.704726,3.708908,3.348575,3.725043,4.009969,0.568351,-0.878585,4.122952,1.913844,3.785096,3.617001,3.494247,3.695564,4.065357,2.581211,1.629815,4.009843,4.329047,3.143911,3.6948,0.911369,,1.218713,2.615785,3.954607,2.464278,2.564615,0.918154,5.628213,-1.139096,0.215498,5.006119,5.019251,2.413743,1.631722,4.705304,2.934049,6.058211,3.96556,4.214739,4.616638,3.597306,3.831398,4.473417,4.382337,4.19243,5.752068,4.999049,0.391434,5.009977,4.624399,4.555093,4.582409,5.285953,3.621342,3.985283,4.656164,2.638352,4.306631,2.405898,4.196706,4.935451,3.435776,1.923836,2.832383,3.523957,1.113061,5.070215,3.987461,3.774444,0.347812,0.188946,-0.598814,5.253744,0.439581,-2.718131,1.282302,3.714754,4.26826,5.03973,2.215694,5.075512,2.448549,4.964646,3.779943,4.28767,3.641164,6.088595,5.603503,5.075512,4.983779,3.706396,4.580373,3.451912,2.978282,3.88683,2.458556,5.146785,-0.929752,5.008131,1.949994,4.459808,5.061144,4.518609,4.401622,5.022734,4.622099,5.055898,3.98955,3.88577,3.882581,1.890382,3.685977,5.022782,4.424711,5.075512,5.075512,5.075512,5.319587,4.336121,5.314926,4.808301,4.942448,4.873718,2.590286,5.039206,4.843962,4.058286,4.954311,4.693247,4.555029,4.215211,4.539276,3.63441,4.328447,3.350804,1.48677,0.953872,-3.32562
ACH-000114,-4.998628,,,,,,,,,,,,,,1.661228,3.931048,2.418329,2.675481,1.335243,0.825194,-0.094028,5.120989,6.33284,2.589466,2.988613,4.757101,5.456706,2.223835,3.527135,3.82746,4.504576,5.313409,3.6974,5.138704,4.499338,2.303739,1.819395,6.200275,5.165483,4.947799,5.209536,4.113246,2.695609,4.80264,2.995114,3.431768,6.712934,5.481903,4.465285,4.722031,3.664858,1.246784,0.915061,2.29213,5.293977,0.560099,1.899875,3.688077,6.833534,-3.42363,-0.900068,4.837022,6.751233,3.188032,3.59456,5.664161,4.220975,7.930576,6.4754,6.383836,6.859776,6.864798,4.382505,6.206619,5.115181,6.107146,5.697279,4.509169,0.010712,6.112263,5.788926,6.414602,4.536342,5.786473,6.228181,5.680123,5.509045,3.568792,5.41765,4.524773,5.900093,6.697438,5.539912,1.27988,2.057738,5.924629,3.167988,4.423023,5.549599,4.62386,2.345909,-0.35394,-1.07066,3.6357,1.26691,-1.829898,0.692672,4.90232,6.082396,3.362966,1.487815,3.757917,2.55166,6.732301,5.046302,7.7461,5.527313,7.179846,5.999712,2.157225,6.848015,5.246999,7.338775,5.187567,1.181357,4.927151,2.362586,6.173199,1.42072,5.889773,5.193188,3.064999,6.591932,6.679384,5.348413,5.018076,5.174426,6.146516,5.75326,6.858403,6.811946,5.076674,5.381825,6.239632,6.738262,6.187803,6.718371,6.316534,7.708936,7.268892,7.300837,5.854653,5.401495,4.705564,3.551488,6.057763,5.969546,6.415,6.703918,6.725688,4.685554,5.952925,5.925837,3.070956,6.309726,4.733348,-0.15576,,
ACH-000863,-4.280242,,,,,,,,,,,,,,0.406026,4.904175,2.87011,3.182942,2.896439,1.379191,0.653241,3.090949,1.804605,4.00687,3.944992,5.686863,7.259808,3.173074,6.895751,3.737196,7.299769,4.919652,4.094606,3.645823,2.757231,1.318175,1.741017,6.746903,6.703078,7.119226,6.385772,5.996025,3.748815,7.02935,4.818387,4.662839,5.483515,6.088682,3.569156,4.738245,5.430918,2.251773,1.893191,2.383414,6.306979,2.894519,4.461273,1.545014,4.954666,-3.359768,-0.815023,6.395556,6.878497,3.412819,3.625,6.694121,4.68048,8.319044,7.178716,5.168375,6.912772,5.639005,4.418729,6.136801,6.688849,7.345619,7.994048,3.108557,0.032565,6.623615,6.751798,6.708805,6.060812,6.416665,5.978614,6.572598,7.18585,4.941621,7.195178,5.091695,7.397798,7.725608,7.303839,0.759707,2.558403,6.919826,3.516372,4.697597,3.757325,6.679618,3.354514,-1.030951,2.002112,3.636687,-1.639763,-1.038846,1.095318,5.77497,5.657282,4.420646,2.075139,5.492983,3.515373,5.344679,7.194773,6.750059,5.727343,9.465316,7.280747,2.637326,7.02262,6.217097,7.103084,3.747637,-0.733391,0.5546,2.256936,4.387317,-0.384704,5.66726,4.480749,4.67353,5.763869,6.315226,6.826775,5.61102,6.138751,7.373062,7.107809,7.533257,7.50582,6.369346,5.886064,7.733503,7.396061,7.583114,7.557468,7.559801,9.386209,7.860899,8.301448,6.995066,7.632357,7.525176,4.580194,6.542539,7.489467,6.559396,7.012364,6.921916,5.358359,5.847682,6.866546,4.330334,5.891533,3.848538,-0.931229,,
ACH-000505,-4.094454,,,,,,,,,,,,,,3.468929,3.038212,2.203083,3.859663,3.165038,1.220822,0.664543,5.703302,4.749606,3.681554,4.931517,4.567142,6.07017,2.932289,5.55421,4.033812,5.760384,2.524512,4.395855,5.205061,4.084628,3.932334,2.905627,4.862329,2.259678,4.113559,4.811028,4.299231,3.838454,5.326755,3.537113,2.728013,6.077945,5.176398,5.031999,5.616965,2.833788,1.597145,0.844632,2.727936,5.244326,0.539802,3.691784,0.58519,7.970817,-2.48463,-1.040817,6.139481,5.608291,4.215852,2.891689,6.300068,4.6961,7.168189,4.107414,4.381091,3.371181,3.274184,5.550598,5.118142,5.821711,5.889178,4.460414,3.82406,0.407739,4.962698,4.625676,5.502926,5.723919,5.113036,4.925148,4.8599,5.678119,3.883063,5.616687,4.081761,5.99796,5.421467,5.376327,0.489051,1.235475,5.021077,3.851153,5.51462,4.075056,4.740972,-0.998923,-3.768459,0.725162,2.994354,-2.666493,-2.896006,1.698211,5.260508,6.491835,4.801611,1.863561,3.665836,1.24343,5.554709,4.344084,6.077917,4.459407,7.349226,6.550144,4.774443,6.001158,5.165538,5.342632,4.715389,2.481956,4.359143,4.072216,4.854366,-0.828653,4.278665,3.052856,4.413132,6.201444,6.417735,5.344544,5.863059,5.323913,6.568223,6.394708,5.809003,3.6987,4.099709,4.227667,6.25248,6.496053,6.302152,6.568223,6.568223,7.992579,5.739726,6.364489,5.175557,6.039988,6.161761,4.068727,6.119742,6.445636,5.519952,6.090077,6.362535,5.191073,6.170285,5.584575,4.064659,4.41401,5.141609,0.453363,3.272226,-0.014174
ACH-000595,-4.075707,,,,,,,,,,,,,,-0.658859,5.431867,3.160804,3.447601,2.056327,1.511611,0.319365,5.815055,5.916844,2.789334,1.75641,3.073512,4.466868,1.351587,3.098869,2.344228,4.389016,3.810006,3.767193,4.748865,3.07671,2.998338,2.651074,4.811056,3.949986,4.848549,3.818408,4.509935,4.36992,4.62902,4.405573,3.372538,3.487237,5.516734,4.823126,5.531085,2.775389,2.605172,0.245504,2.271607,5.044589,3.289994,2.860903,0.807688,5.650471,-5.27268,-1.373016,4.594859,3.849642,2.598207,1.830244,4.698714,2.688305,5.775196,3.832041,2.890504,4.129415,3.491733,4.779859,4.551505,3.56605,5.723645,5.744407,3.746397,0.134866,3.815556,4.540099,3.890013,4.915747,4.84112,5.539961,5.137754,5.672803,1.52375,5.706323,3.560178,6.005411,5.079082,4.401545,0.771831,1.429492,5.08076,2.939489,5.548428,3.814231,4.511454,-0.924712,-2.19616,0.293268,3.833248,-1.74554,-3.820584,1.70657,2.301461,6.03381,0.847173,-0.528033,2.257026,1.612672,6.025942,5.406703,5.836393,4.781356,6.996243,5.311049,-0.158564,4.434787,4.902145,5.734074,4.314154,-0.470355,4.345035,5.059987,5.59291,-0.292696,5.077743,3.192233,3.468685,5.370101,5.534657,4.407021,4.932902,4.843795,5.753828,4.629944,4.386139,6.145108,5.61245,4.054048,5.942921,5.519215,5.899601,6.495066,6.468535,7.48169,6.03431,5.596052,5.663005,4.914612,5.497882,3.103318,5.407306,5.283123,6.072652,5.290534,5.770153,3.878527,4.20358,4.456092,4.05016,5.511322,2.16655,0.718571,,
ACH-000617,-6.082305,,,,,,,,,,,,,,1.529895,3.053291,3.200675,3.658085,2.73841,1.638117,0.524321,5.599049,6.093351,3.764857,3.159958,3.947038,4.864247,2.221219,3.803411,2.16386,4.488925,4.213881,2.805844,4.332456,2.570604,4.051102,3.655,5.815201,0.367833,3.332237,3.344008,3.570388,5.292979,5.762982,3.887903,3.335339,5.76227,4.994876,4.911053,5.66685,2.694354,0.412855,-1.260583,1.88008,3.905302,1.256215,2.545443,0.782954,5.074553,-4.43764,-1.337862,5.65826,4.262887,2.831591,1.295793,4.989736,2.679399,6.827462,4.408299,2.501328,4.596088,4.062574,5.788975,5.006993,2.380172,4.261234,3.811099,5.214001,-0.358353,5.083038,4.984107,5.418827,4.51649,4.455591,4.748746,4.19671,4.91388,3.444766,6.028105,3.745446,6.087431,5.957586,4.284765,-0.319278,1.606101,4.120226,2.463761,3.202507,3.265599,3.410594,0.462301,-0.777928,-2.370292,4.902025,0.526159,-2.613595,0.624694,4.258579,4.997115,2.561065,0.107293,2.645537,0.534713,5.628286,3.911692,5.893532,4.641615,5.827709,3.91093,3.450034,4.843219,5.66955,4.66411,4.164184,1.982495,3.700906,4.012235,5.156255,0.606632,3.3068,2.829783,2.614768,4.946275,5.62316,4.54451,5.702685,5.81594,5.57186,5.544694,5.960557,5.032698,3.95249,4.754287,5.151722,5.778414,5.751277,5.94598,5.236331,5.945632,5.230698,5.920328,5.851977,4.409489,6.090482,3.818725,5.549874,5.670217,5.794939,5.48921,5.811519,4.460882,4.468284,4.50576,2.529696,4.377242,3.273152,-3.09406,,
ACH-000853,-6.268279,,,,,,,,,,,,,,0.335214,4.942326,3.461077,4.941298,4.518464,4.375376,2.306258,5.661331,5.714096,3.031348,3.560128,4.301673,4.792265,2.245015,3.331093,1.597289,4.48507,2.047843,3.438744,5.27024,2.083664,2.557123,3.883377,4.787667,2.997958,3.973152,3.44001,3.375734,4.11998,5.494045,3.731005,1.808128,5.127404,3.942131,4.008226,5.392152,2.419667,1.697637,0.811618,1.320396,3.317733,0.787124,2.792653,1.649174,3.903018,-3.460006,-0.731242,5.96758,5.346944,2.39782,1.407683,4.467658,2.657049,6.417847,3.820398,5.607705,5.559024,5.420463,4.591973,5.43941,3.607466,5.214037,4.234891,3.340345,-2.874634,2.924213,4.31809,5.428162,4.292918,5.819793,5.601999,4.358503,5.088162,3.217589,5.966781,3.114405,5.048878,4.877594,3.376473,-0.61516,0.256304,4.065876,2.108228,3.65734,3.582299,4.433852,-2.689963,-2.950671,-0.187607,3.743351,-2.094711,-3.21284,1.561816,4.884133,5.676199,2.376227,1.036657,3.468527,0.707362,5.082586,4.889999,5.502332,4.591358,7.348746,5.665171,2.089485,5.822477,5.220556,5.872053,4.348297,-0.296167,4.142472,4.748856,4.65376,-0.592774,2.78694,1.511045,3.281156,5.010959,5.628143,5.826621,5.163534,6.085618,5.567349,5.463423,5.558275,5.786961,3.562673,4.984663,5.468173,5.289173,5.583082,5.87852,5.718996,6.246911,5.289368,6.132941,5.14275,4.0479,4.853202,2.959981,4.562704,5.006403,5.647308,5.112258,4.81126,3.352193,4.360937,4.756237,3.195951,5.172431,3.053825,-4.876129,,
ACH-000532,-3.399165,,,,,,,,,,,,,,0.46341,,1.214395,3.154626,1.833681,0.170249,-1.551134,5.827965,,2.874561,2.240535,3.77295,6.084326,2.378439,2.964907,2.142205,3.840738,4.891977,3.891803,5.950783,3.645507,3.986556,3.386669,5.582313,3.307339,5.00908,4.08521,4.594095,4.900333,4.637745,3.533525,2.778416,4.169755,4.406991,3.90307,4.770353,3.478703,3.639334,2.27233,4.399309,4.57046,2.562018,3.721828,1.41238,7.837122,-3.305045,-0.712017,5.44493,6.128079,2.542831,2.866949,6.029232,3.561064,6.319614,3.906646,4.798027,3.541059,2.302097,4.251267,3.80335,3.636909,5.604018,6.179246,2.494976,-0.741509,4.220343,4.2903,5.623741,3.43411,6.31582,4.056852,4.532689,5.561765,2.912052,5.076618,3.116562,6.081823,5.929608,,1.884822,4.918801,3.930868,,2.493257,3.485883,4.266,1.493322,-1.746361,0.317649,3.380312,,-2.792506,3.704178,,,4.449091,1.151412,5.231892,0.850033,5.911821,4.143346,5.08934,3.832402,5.596999,5.020991,3.045787,5.177333,5.603088,5.834803,4.246428,3.033077,4.537075,1.921712,6.103478,1.350655,1.059416,1.47543,3.917574,5.229912,,,4.334319,6.220884,6.128649,5.928507,5.722556,6.130028,2.980059,4.485764,5.83293,5.535133,5.953586,6.11353,6.130028,7.556415,6.374034,5.963259,6.186251,,5.70582,3.763279,5.966922,5.99931,,6.043904,4.841554,4.894682,3.9429,4.334474,4.049734,4.272686,3.754023,-0.012721,,
ACH-000489,-2.340173,,2.724963,,,,,,,,,,,,2.273655,2.10985,1.611903,2.392206,-0.039187,-0.65934,-2.102477,6.659258,6.721046,2.469587,1.981181,3.484301,5.320525,1.682344,2.319147,1.749621,2.964824,2.444088,4.419534,3.386341,2.73316,2.062291,0.707172,5.536528,5.342654,5.072412,4.054395,5.263871,5.916849,4.22002,3.740542,3.274245,5.750859,4.775015,5.288293,5.687258,3.052729,1.997746,2.363392,3.125244,5.55226,2.090322,3.026125,1.519908,4.134717,-3.574759,-0.525512,6.28493,6.203841,4.245226,1.463193,5.154102,4.381084,6.964978,4.960129,3.445759,4.053808,2.489879,5.534526,5.683472,5.387091,5.866435,6.910373,4.200475,0.12554,5.397948,4.521224,5.76831,4.988554,6.107575,6.169993,6.037646,5.680234,3.92325,6.193897,2.223337,5.948245,5.926218,6.153096,1.453299,2.332604,3.015426,1.319729,4.011221,2.267666,4.052751,0.139169,0.52946,0.674171,3.370959,0.296894,-2.695162,1.923504,4.597331,5.41171,3.600709,2.156844,3.673299,1.883294,5.537132,5.042189,5.767137,4.915082,6.401155,3.785694,5.048539,5.692852,5.964391,5.33009,4.485527,2.159545,4.443452,3.566832,5.901959,0.012046,3.151276,1.692215,4.043123,6.575834,6.161302,5.884451,4.926002,5.519558,6.278251,6.285993,6.101238,5.952111,3.412477,4.632403,6.225297,5.428316,5.933633,6.285993,6.285993,7.052667,6.773885,6.886983,6.107216,5.581628,6.079459,3.34301,5.831123,6.25166,5.308213,6.398707,4.834062,4.990939,5.342054,4.690479,3.224943,5.963094,5.91955,3.037203,1.244591,-3.833426
ACH-000094,-3.943871,,,,,,,,,,,,,,,0.85655,0.964491,,,-0.6982,-2.22595,5.847543,5.202243,2.923775,2.765603,4.461431,6.39159,2.823462,3.953149,2.155225,3.776343,1.893748,3.160695,3.315493,3.147518,0.692845,-0.830082,5.186408,3.128252,3.690732,,1.74665,3.516308,5.172835,3.019722,1.053228,3.857465,4.29776,3.620383,3.946389,,,-1.738659,-0.003653,4.330238,1.573619,,1.891061,,-4.631489,-0.795233,4.936451,6.187503,3.842633,,6.375533,4.82949,7.234984,,,6.036501,4.762656,4.864766,3.499021,5.812947,6.129493,4.305718,4.137329,-1.704113,5.700169,5.814021,6.278477,4.469966,6.300388,5.051725,3.310544,4.918063,2.51063,4.409896,3.70973,5.819164,5.805029,4.378469,1.560028,1.703742,5.322594,1.157475,,3.707066,4.113362,,-0.932001,-2.09703,4.832018,-0.577801,-2.909296,,5.32017,6.407552,2.442569,0.725909,3.56811,1.269187,5.834706,,5.783828,5.146975,5.667101,4.820938,2.862234,5.926332,4.680393,6.813806,3.192382,1.812474,3.865359,0.976532,5.407978,-0.190988,5.189944,3.164341,3.770101,6.418943,6.40016,5.907394,5.528503,,6.480757,6.497693,,5.956062,,,,,,,,6.378875,6.479402,6.576068,6.160536,6.232073,6.288539,3.800339,6.306962,5.859457,5.788611,5.856806,5.366916,4.624789,3.804874,4.594077,3.290949,6.191586,4.063146,3.544302,,-0.157294
ACH-000270,-4.39112,,,,,,,,,,,,,,0.21597,2.496469,-0.027303,2.745646,2.442431,0.464968,-2.025553,4.439691,5.244137,2.608171,3.84152,5.388757,5.320123,3.940778,4.619718,2.297776,4.229684,5.181808,3.562428,6.850374,3.947493,2.629335,2.323748,4.756342,2.865579,2.723929,5.330518,2.419829,2.996319,5.562918,1.630177,2.068051,4.64769,5.488066,3.892221,5.619522,3.337411,2.395878,-0.875036,1.120474,4.482098,2.021946,3.468306,1.000373,8.788278,-5.075765,-1.157302,5.341067,5.199156,3.567628,3.649456,5.954029,3.696097,7.342902,5.396796,4.072629,4.088408,3.06304,5.089161,2.905682,2.862009,5.752305,4.861824,4.839762,-1.577754,4.250595,4.794639,7.993292,3.26474,5.11311,3.561989,2.196617,3.94188,1.004598,5.440841,4.450069,5.769243,5.510412,5.526623,0.84069,3.359767,3.592845,0.517036,2.050707,1.210197,3.637911,0.779863,1.714812,-3.617258,3.067637,0.0427,-3.881553,0.428066,6.235233,6.614412,2.325189,1.176046,2.097273,0.253363,7.215687,5.81828,5.138793,5.667127,5.493028,3.690002,1.366962,5.096417,6.32794,7.137306,5.123392,1.103005,4.145113,0.100458,5.651593,0.569962,2.71306,2.790773,2.167572,4.508153,6.918235,6.854567,5.481046,6.160342,6.917422,6.373927,6.74516,5.47486,4.909487,6.220795,6.849032,6.773593,7.00709,6.69608,6.590586,8.172458,7.492122,7.165288,5.751729,5.770929,6.239581,4.366287,6.967292,7.333331,6.232877,6.049083,4.118301,3.690604,2.916637,4.188037,3.264415,5.935321,4.947092,0.999179,,
ACH-000691,-5.526804,,,,,,,,,,,,,,-1.483921,3.313002,4.336254,4.468683,4.622331,2.969423,2.46641,4.125509,4.01681,1.888946,2.095456,0.800449,1.096705,0.472942,1.395223,-0.310199,-0.147211,2.024856,1.78008,1.360349,0.302717,-1.052327,0.035857,4.85636,1.660374,4.278156,2.627952,3.15779,0.355781,3.342288,0.043633,-1.153188,-0.11115,0.187767,-1.149681,0.415861,0.320543,,-2.897795,-1.172983,0.91425,1.564455,1.216739,0.462477,3.397207,-5.593466,-1.622043,4.90968,4.113934,1.869781,1.896604,4.417582,1.989185,3.138971,1.551113,-2.238914,0.222594,-0.854478,4.542646,3.012921,2.113882,4.608515,4.656934,1.857559,-4.138982,2.889956,5.1578,4.517553,3.626712,4.647084,4.525261,4.181185,4.206319,2.580763,4.90968,1.908541,3.592791,4.716693,4.366776,0.399695,0.486726,2.794277,1.918591,1.073454,-0.264543,3.718345,-3.795271,-4.123346,-4.977451,1.665533,-1.028871,-5.645948,-1.983323,3.92795,4.888428,2.554764,1.058654,1.328805,1.483898,4.528481,3.812481,4.466444,,4.591789,5.132553,1.682318,4.90968,4.669825,3.930649,3.300242,-1.088793,,3.766191,2.818207,-2.655449,-0.803005,-0.549439,1.143699,2.24814,3.851682,4.400446,3.1919,4.435368,4.560877,4.90968,4.793275,0.699454,0.318692,3.821232,4.846035,4.909532,3.754983,4.222088,3.726284,6.392506,3.774228,4.664966,3.89385,4.024559,4.90921,1.61659,4.90968,3.132049,3.909042,2.310243,3.255862,1.817936,1.735753,3.869079,2.051879,4.217251,3.30303,2.604141,,
ACH-000392,-2.853845,,,,,,,,,,,,,,0.061558,3.388377,5.251472,3.841462,0.95565,1.297038,-0.040345,6.106849,6.570012,3.456334,3.384283,2.949289,-0.082525,0.10337,-0.320081,-1.7637,0.466954,2.39708,5.317208,1.663665,2.374982,1.411444,-0.296817,6.024059,5.93881,2.873901,3.370598,3.231389,6.390634,3.500164,0.823985,1.025909,2.380831,2.455592,2.219828,6.299266,-0.518095,-1.696317,-1.105747,0.392416,5.337878,4.602561,1.73254,1.150258,3.583947,-4.157449,-0.85409,5.801741,6.054331,4.185718,3.234636,6.121277,4.618075,7.019495,5.687958,0.378054,4.273226,2.390171,3.906603,4.103776,5.772217,6.048346,5.967512,3.230532,-0.239447,6.12914,4.928468,6.124619,4.407248,5.575658,4.258703,3.196189,4.559905,4.067589,6.62691,3.72544,6.622123,6.749239,5.510724,2.166429,2.378191,2.975366,2.917161,6.354721,2.914079,3.934251,2.79927,2.164219,0.824616,5.296608,1.812616,-1.067262,0.336203,4.779518,6.672465,4.346912,2.306825,5.722498,2.306773,6.076981,3.701855,5.389256,5.406778,7.379187,6.611314,1.713603,5.131165,5.168349,4.638974,4.996607,1.080475,-3.261952,0.143305,5.665837,-1.627038,2.894235,2.525111,3.542484,6.779013,6.631374,5.541301,4.711264,5.017381,6.716264,6.131057,6.168898,6.758888,4.866456,5.035956,4.473558,5.453298,6.651398,6.779013,6.779013,7.325485,6.564705,6.932344,6.536766,6.724874,5.907311,3.533415,5.171125,4.950922,6.616569,6.070518,3.316344,1.967566,4.248481,4.910435,3.002633,4.922448,4.529191,3.739004,1.831162,-3.468112
ACH-000012,-4.616246,,,,,,,,,,,,,,1.484273,2.985633,1.519828,6.660125,2.633088,3.312647,2.250742,3.303863,6.494942,-2.602837,-2.707414,-2.738697,4.930049,-3.593735,,-3.935928,1.139135,3.498521,4.14231,4.807175,4.727563,4.389625,3.326192,4.12887,2.972299,3.666942,4.657623,4.241947,2.968449,4.250128,1.636005,1.080641,4.765942,3.571288,4.136904,4.428936,1.814163,0.20646,-0.743924,0.670109,5.265869,-1.569385,-0.149514,0.214271,4.117045,-4.751015,-1.488899,5.333651,5.909207,4.425659,2.557969,5.519993,4.333161,6.004583,4.923893,3.797048,4.108792,6.368497,5.248491,4.610552,5.554657,6.527695,5.936296,5.047218,-3.045723,4.410972,4.790134,3.707325,3.852861,5.431557,5.258638,3.909002,5.843242,1.912871,5.621263,3.695111,5.523252,6.165112,3.318982,-1.225513,2.288275,3.554618,1.215347,3.100615,2.581718,4.678995,-0.024598,-1.382337,-0.057143,4.201303,-1.832171,-3.037564,0.150939,2.227803,3.082994,2.491286,-0.259637,2.799336,0.629055,6.196977,3.94838,6.131633,5.29779,5.191741,4.156658,2.32072,5.389704,4.128216,4.559979,2.25954,0.302015,-0.430806,2.488382,4.13326,-0.321596,-0.061344,2.554634,3.868251,3.348494,6.178287,4.344956,5.698307,5.974605,6.395796,6.47021,5.944281,6.402763,3.533807,3.376308,6.367726,6.252406,6.196843,6.600753,6.682668,7.065678,7.49016,5.850756,5.774092,5.171032,7.068307,3.718146,6.591395,6.097336,4.792711,7.025837,3.106007,4.133604,3.899977,5.207676,0.034428,4.979329,3.380675,-0.163374,,
ACH-000869,-4.075207,,,,,,,,,,,,,,0.968523,3.502715,1.93652,3.997717,2.2985,1.15511,0.313355,7.451363,5.866677,0.770407,0.088188,0.837906,1.497292,0.468542,0.540266,0.400135,2.994525,4.753972,3.978616,6.026723,3.013045,3.341263,4.373786,2.763157,-4.041646,6.48774,4.738589,4.469309,3.271596,4.885387,3.143086,2.051272,4.723541,4.836093,4.404766,5.254131,2.787707,3.009989,1.410765,1.880183,6.039832,2.401595,2.084813,1.055897,3.242975,-2.548232,-0.977374,6.344027,6.755249,2.913616,2.531822,6.104117,2.586687,7.351772,4.203833,3.694032,4.363105,4.543214,2.476322,5.167525,1.528129,6.209864,7.411549,4.542616,-3.840903,4.78914,4.670302,4.505747,3.254909,6.410987,4.568669,3.414175,6.61769,3.493262,6.095247,3.486777,6.512709,5.509717,5.425118,1.570168,1.193759,4.179171,3.189229,3.001165,5.229849,3.907903,5.039772,1.119455,1.181371,5.611118,0.116046,-1.860151,0.06362,2.389886,4.449294,2.288924,-0.036992,2.958988,0.925413,6.642449,5.193863,5.788835,5.239532,5.264492,6.171234,2.332002,6.593577,4.413624,5.921436,3.791574,0.329466,3.007174,1.709966,4.46663,-1.234122,4.133023,3.597796,5.098972,5.821189,6.547056,6.50004,5.366592,5.96362,5.536958,6.734848,6.05863,4.511347,4.479925,5.59473,6.514557,6.739369,5.566936,6.76977,5.973862,6.52614,7.326251,6.844879,6.393728,6.42304,6.83541,3.933805,6.102443,5.679131,6.510122,6.912205,5.672496,4.91378,4.149903,5.442221,2.59031,5.621133,2.809717,-1.303924,,
ACH-000744,-2.05962,,,,,,,,,,,,,,2.429448,2.842579,1.626046,3.374929,1.688084,0.158195,-0.235236,5.719633,5.458125,1.011095,0.546014,1.493007,-1.267053,0.194384,-1.365445,-1.746087,0.235809,3.512547,3.483743,3.099026,2.015062,2.487142,3.560819,3.857312,2.911766,3.151299,3.577475,3.51331,2.320138,1.820186,-0.131189,0.00525,1.338258,2.834838,3.184503,4.794854,0.861228,0.048222,-0.493638,0.109871,4.701127,4.109411,3.6561,1.013047,1.830079,-3.289727,0.370381,5.919094,4.18908,1.47499,1.09229,4.792155,2.732303,3.393985,5.162204,3.245979,4.415925,3.93505,4.706241,5.096276,3.766421,5.905582,5.80897,2.889149,-2.918591,3.052771,3.901304,4.609905,4.017422,5.07281,3.484252,4.181669,4.700475,2.171558,5.739727,2.713553,5.916306,5.485046,3.427839,-1.42178,2.001663,5.305872,1.185383,2.796421,2.912742,4.37513,3.587526,-1.190774,-0.570169,3.325969,-1.00672,-3.583533,-0.031655,3.219356,3.401933,2.161293,0.519565,4.337313,1.491841,5.86891,3.948634,4.415485,4.536662,2.947562,5.33914,-0.947102,3.1056,2.774284,2.175801,-0.965326,-1.426357,-5.636585,-2.950304,0.484409,-4.135667,0.782968,2.640015,3.268368,4.624933,4.806293,4.341103,4.322709,5.340742,4.978869,5.892159,5.458527,5.118964,4.381973,4.628182,5.688596,5.645729,5.188252,5.622994,5.945717,7.537833,6.284494,5.803213,5.057142,4.420455,5.426161,3.805194,4.699679,5.827627,5.123658,5.779951,4.583154,4.000183,4.658765,2.092458,4.781437,4.250191,2.64464,1.026818,,
ACH-000379,-4.940981,,,,,,,,,,,,,,-0.970167,2.505406,2.742635,4.249929,3.425456,2.183666,0.746605,4.436058,5.132323,2.64025,1.997213,1.804434,0.61196,-0.35083,1.026431,-1.822479,2.099859,3.28892,2.860501,3.62158,3.355445,3.153176,2.980446,4.132543,0.596628,3.853195,4.034587,4.683099,2.413991,4.310936,1.647905,0.998966,1.094283,1.843292,1.541554,2.128976,0.816101,-0.482842,-1.101849,0.494817,4.812498,3.511623,2.56055,1.550648,-0.849711,-4.76703,-1.347829,5.626378,5.67153,2.829051,2.521057,5.268616,2.613143,3.606851,4.367095,5.690224,5.38706,5.088661,3.381908,4.372299,4.271599,3.995746,3.895473,2.454478,-2.460675,3.67624,3.8242,5.455894,3.059611,5.171972,4.378798,4.146723,4.612732,2.800772,5.387655,2.985569,5.002726,6.004067,3.601642,-0.618852,1.293405,4.007323,2.059152,0.875977,0.201672,3.488071,2.00595,-1.670626,-2.302527,2.994954,-1.179465,-3.862567,0.512869,4.013528,5.467719,3.97814,1.030741,4.477824,1.279521,5.331713,4.175686,5.448245,4.632254,6.328689,2.646144,2.063046,2.141239,4.298633,1.374047,0.688495,-2.391838,-4.525119,-3.4605,0.765865,-3.760631,3.973656,3.52823,3.366242,4.547046,3.759,3.17873,5.519982,4.781385,5.307954,5.247972,5.609712,5.986467,4.250145,3.348883,5.588752,6.016152,5.762643,6.035234,5.472868,6.891357,5.912158,5.861972,5.451899,5.009735,5.711166,3.034698,5.332973,5.568924,5.7673,5.70704,4.29708,4.31319,4.715862,4.139218,2.477082,3.912455,2.768944,-1.192703,,
ACH-000248,-3.302991,3.333628,,4.666131,4.322451,,3.63145,,,,,,,,-0.186915,3.365259,2.838178,4.988624,3.895735,3.535307,3.351415,4.730618,4.48031,1.940827,1.94858,1.140302,-0.541741,-1.017218,0.452636,-1.533974,-0.866544,2.835375,3.335398,2.839409,3.176001,2.661418,1.905887,4.248095,1.744118,3.805692,3.696717,3.589535,1.895219,2.140057,1.676281,0.199943,1.729074,1.704486,1.352124,2.399006,0.804308,-0.618453,-1.648246,-0.169527,1.803812,3.062118,3.200605,0.728222,4.963998,-5.396155,-1.37642,4.796729,2.007538,2.684313,1.298817,4.38085,2.109145,3.023483,4.456588,4.074715,5.354676,5.364747,3.645859,4.379475,2.999995,3.737514,3.148681,1.655072,-3.203558,2.25122,2.584247,4.550693,3.182869,5.213377,3.108145,4.083617,4.99633,2.085058,5.142951,3.056173,5.27634,5.363296,4.651537,0.892565,1.483982,3.053697,1.075872,2.320212,2.659304,3.274619,,-2.720184,-4.935798,2.912598,-5.073178,-5.785867,0.437394,2.055796,3.152281,2.96438,0.330062,2.062624,1.63961,4.416541,2.786616,3.208356,3.495722,2.797977,5.046979,2.443641,4.559704,4.460234,2.929646,1.7464,-1.417444,-3.64009,-2.733764,2.423628,-2.834675,0.399719,0.608312,3.079467,4.560861,4.878596,2.151563,4.403131,4.92651,4.106212,4.88385,2.379177,3.815704,1.876963,4.154425,4.653627,5.360538,4.970281,5.361802,5.364747,7.155079,4.741986,4.901118,4.965866,5.225495,4.997487,2.297481,3.981073,3.909514,3.79796,3.672076,3.202795,2.907559,2.195855,2.559448,1.826338,3.635882,3.147118,-2.470854,,
ACH-000481,-3.663828,,,,,,,,,,,,,,-2.950654,4.391841,4.444555,5.583854,3.428922,4.560798,3.924432,3.941708,3.415533,2.630144,0.600995,0.811124,-0.518875,-2.274924,-0.505755,-3.043887,-0.917778,5.388735,4.71659,0.796005,3.43515,0.772399,-0.101656,4.128568,3.033731,3.219471,4.118902,4.519156,2.486751,2.351157,0.609259,-0.228175,2.044634,2.823202,1.687789,2.487374,,-1.597875,-2.653821,,3.651065,0.797258,0.330784,0.587147,3.215666,-4.691718,-1.406502,5.493128,4.325707,2.012438,1.734392,5.475426,1.88632,5.751309,5.193018,2.380914,4.006008,3.593007,2.52304,2.542602,0.692166,4.507806,3.619618,2.062976,-2.449249,2.512685,4.624341,4.703466,3.616166,5.208265,4.065627,5.227703,5.126829,3.289133,5.200169,2.965453,4.061356,5.099137,3.229479,0.900077,0.444472,1.471901,-0.140651,0.924494,0.371933,1.651365,-1.956209,-4.575331,-4.424539,0.524238,-2.474349,-5.529357,-0.999885,3.086209,3.61206,1.888228,-0.532861,1.041097,-0.607562,5.444464,3.413761,3.144239,3.971137,3.937417,3.022695,-1.597406,3.089727,4.264541,0.752358,0.530894,0.463484,-5.059042,-4.8144,1.565138,-3.956039,1.726923,0.946208,3.051977,5.320855,4.443743,4.9737,4.717171,5.122274,3.849536,5.140805,5.571013,5.392904,1.633591,2.67025,5.52917,5.400731,4.198693,4.072035,5.09033,4.829815,5.245766,5.444124,5.481805,5.070408,4.952204,2.497641,5.430008,5.591718,4.139474,4.427187,3.975304,4.365352,3.065545,3.120855,1.293744,2.888292,2.319813,-3.389001,,
ACH-000679,-3.026516,,,,,,,,,,,,,,-3.276804,4.883427,3.377492,4.942031,3.325921,3.228045,1.557555,5.22691,4.819505,3.576122,2.592884,0.754312,-0.456527,-2.759686,-0.120041,-3.615404,-1.244601,4.52028,2.882914,3.713747,4.029674,2.298978,4.714338,4.81065,2.370335,3.483367,4.597823,4.60522,2.860315,2.762507,0.412163,1.21489,3.055645,2.338036,1.727205,3.002779,0.764179,1.528042,-1.105452,0.689887,4.966492,1.701795,2.211551,1.29997,4.766941,-5.005737,-1.142322,5.002187,4.22952,3.029436,1.754973,3.488502,3.041999,4.110295,3.047712,2.002566,3.786636,1.985728,3.286548,3.842872,0.954737,4.173019,5.698144,2.396542,-2.3838,2.527019,5.332822,4.248798,5.503168,5.498082,3.686518,5.283048,4.813299,3.437904,4.922443,2.344617,6.091571,4.407437,3.219542,-0.071006,0.401539,2.189939,0.652296,0.634975,-1.034602,2.045551,,-4.671052,-4.416612,1.280544,-3.126945,-4.978557,0.630059,3.385381,5.791325,1.138777,-0.667006,2.164486,0.809643,5.269435,4.235717,3.95446,4.789745,3.078408,4.790863,0.79072,3.654486,4.863406,3.781689,2.576053,-0.969536,-0.426857,3.197275,5.042406,1.029547,1.650399,0.898715,2.331547,3.817914,6.06868,5.047782,3.588969,4.571194,4.955971,5.224723,6.41217,4.40776,3.18919,4.35067,5.687538,5.68236,5.097631,5.7354,5.204975,7.916694,6.439133,5.590225,5.561327,5.317846,4.963202,3.668974,5.647252,5.446959,6.00708,4.050968,4.359433,3.061524,1.566188,5.049013,1.698208,3.991219,3.280952,-2.963958,,
ACH-000917,-2.382315,,,,,,,,,,,,,,-1.422797,2.755639,2.445403,2.72048,0.694541,0.712737,-0.331866,5.166593,3.53775,3.146041,1.714131,1.398545,-1.715795,-1.709194,-0.549328,-3.307283,-1.374238,3.324436,3.645764,3.484561,2.828029,3.097089,3.213424,4.708718,1.744074,2.718002,2.284918,2.858625,3.41368,3.106724,0.301705,0.868977,2.603869,2.283559,1.998142,2.76924,2.765869,0.687626,-0.144167,0.271404,4.134563,2.068549,2.298685,2.072824,6.654488,-4.825496,-0.633727,5.230612,3.13753,2.115904,1.141524,5.180987,3.249725,5.820628,4.269065,4.149032,5.170633,4.405693,4.228271,3.823296,1.65386,4.420947,3.562551,1.953012,-3.221319,2.750513,3.473175,4.331822,4.433006,4.395401,3.656259,4.515229,3.628103,2.322233,5.100229,2.693566,5.222484,5.143744,4.789863,-0.440527,1.528454,3.519034,1.830853,3.007256,3.386959,3.59717,-3.213844,-5.863778,-0.907654,1.86168,-4.705652,-5.414106,0.203954,2.743206,5.239226,1.953762,-0.174938,2.188607,0.079554,4.317272,4.076355,3.572308,3.824738,5.772068,5.919107,1.340199,5.268993,3.991294,3.800571,2.153741,-0.64155,-3.880802,4.337657,3.309874,-1.149737,1.356896,1.431494,2.157933,4.352462,5.243941,5.242518,4.209991,5.421803,4.844942,5.034731,4.200664,2.840311,2.226908,3.839454,3.914941,4.562077,5.058892,5.244155,4.960208,5.808639,5.406257,5.355187,5.115947,4.555494,4.343671,2.215449,3.954575,4.849975,4.959181,5.19028,4.623102,3.951019,4.154753,3.830917,3.383961,2.942954,1.54933,-1.612357,,
ACH-000998,1.770126,,4.173477,,,,,,,,,,,,0.131461,3.194951,2.714153,2.87216,1.359512,1.044624,0.114998,5.236575,4.961252,2.508163,1.956049,1.712921,2.529686,-0.583354,0.823381,0.365448,2.072143,3.051347,4.356367,4.420577,4.142859,3.432863,2.819248,5.382327,4.991826,3.921438,3.31494,3.675852,4.883449,3.256691,2.005074,1.149822,2.843165,3.00897,2.179861,3.649393,2.582433,0.631357,-0.794054,3.107647,1.880698,2.623528,2.529298,0.587167,2.148418,-4.078365,-0.697356,5.366795,5.724585,2.451921,2.376308,4.95641,3.716028,5.035657,4.702261,2.226046,3.711309,3.042487,3.890165,5.218598,4.812254,4.455177,3.867168,4.154768,-2.196459,3.064836,4.845039,4.417061,3.297599,4.53008,4.48818,4.62231,4.100726,3.159969,4.801832,3.132544,5.523624,5.615652,5.332942,0.40743,0.795637,2.92506,2.15723,5.5132,3.765103,3.532003,-1.57154,-2.950365,-0.507646,2.428204,-2.384195,-2.061199,0.740752,4.742296,4.156489,3.004204,2.172632,2.665995,0.883848,2.489004,3.724085,3.571913,3.989206,2.961599,2.50257,4.174545,4.035052,5.246366,2.568463,-0.845497,1.31736,3.654581,-0.534672,2.817161,-2.256798,2.318573,1.153661,2.154995,3.730767,5.321375,5.371259,5.244591,4.056723,4.956001,4.680756,5.498286,4.727722,2.998271,3.579593,4.878654,5.316787,5.471605,5.52836,5.226057,6.132317,4.786549,5.279678,5.730556,5.536708,5.536708,3.561668,5.372152,5.298135,5.454296,5.423196,5.656257,4.347237,2.520753,3.485517,2.530002,4.375111,5.842359,-3.348841,-0.209977,-4.894062
ACH-000963,1.335818,,2.808331,,,,,,,,,,,,-2.080677,1.270875,1.530565,2.568986,1.168033,-0.218776,-1.041941,4.844029,5.667538,-0.349642,-0.57592,0.027854,1.718122,-1.425248,-0.840969,-2.498827,-0.778666,3.708922,3.339165,4.487396,1.593579,1.854916,1.580009,5.318614,5.113978,4.457009,1.842086,2.497065,3.159505,2.19997,0.290624,0.78949,2.341969,2.518028,2.217618,3.769082,2.008529,0.532685,-0.197187,1.221432,4.00586,0.940871,1.145726,0.326629,3.000521,-5.664641,-1.604932,5.285812,4.309122,3.071847,0.766901,3.384988,1.960335,5.251403,4.132707,0.243912,1.751584,1.14491,3.826054,3.445055,3.38179,4.951098,6.062108,3.391397,-3.558203,2.103669,3.195775,5.273867,3.965399,4.650111,2.451065,4.998577,3.199076,2.863631,4.658721,2.492137,5.355997,5.260943,4.949613,-0.256765,0.719505,1.833866,1.5502,2.031168,3.565813,3.389117,-2.593037,-4.042402,-0.791494,0.645156,-2.805479,-3.003922,0.432997,1.403163,2.83823,0.595611,-1.41804,1.404214,-0.768848,3.281712,2.497425,3.05305,3.910521,2.53669,1.1162,2.3256,5.314677,5.05404,3.883024,3.196301,0.346842,2.748194,-1.365728,2.788647,-2.54915,1.029126,0.505661,2.066829,5.21793,5.370983,4.956636,3.753816,3.856166,5.129525,5.116771,4.59756,3.443221,1.438265,3.980961,3.443258,4.736167,4.628047,5.373828,5.095275,6.309375,4.82063,5.724543,4.404049,4.532085,4.57008,2.089247,3.434033,4.078742,5.148302,3.491939,5.215193,2.682074,2.133722,2.345826,0.986153,4.585288,3.459114,-1.785975,0.312035,-3.276086
ACH-000637,-3.003475,,,,,,,,,,,,,,-0.831257,3.716218,2.489953,2.568389,0.875219,0.084057,-0.258093,7.042761,7.021904,0.628386,-0.154453,0.977412,2.662179,-0.730095,0.655374,0.203206,1.142366,3.191801,3.702036,4.133323,3.310184,2.227108,3.598788,5.850108,6.655993,5.499857,5.377474,6.325388,2.797116,3.711389,1.517554,0.796638,3.28128,3.29031,2.822769,2.889427,0.07407,0.322183,-1.166594,0.220139,5.496325,-1.134637,2.087312,0.700822,3.453425,-5.024724,-1.630921,5.905152,4.714868,2.971048,2.18877,6.613085,3.391011,6.001738,4.188209,2.239758,5.492063,4.3952,5.383249,4.047179,3.350967,6.293705,7.082856,2.651911,0.408796,4.133127,4.839035,6.328118,5.60619,6.923584,5.602907,6.513088,6.533322,2.972257,6.016754,4.438493,6.626054,6.834998,4.026566,3.443292,2.229679,3.750622,1.264732,2.871653,2.706208,6.311519,0.956945,-1.974658,-0.079884,3.137881,-1.192959,-3.183137,0.40788,4.723419,6.306308,2.59774,0.086799,2.770569,1.934248,7.328215,3.848607,5.989686,5.102194,6.381399,4.645896,2.052443,4.40224,6.113396,7.398536,6.012725,1.662676,4.60424,5.793633,5.777406,1.809985,5.308888,2.964016,4.470014,4.500262,6.007418,3.729554,5.292407,5.49194,6.660522,5.936167,5.902254,7.009218,3.5071,5.634961,6.759283,6.292688,6.1282,7.015874,6.989658,8.012055,7.95549,6.255434,7.707271,6.102953,6.429311,4.806443,5.186241,6.961846,6.117326,6.097054,5.91056,3.946323,2.763652,3.47851,1.613421,4.129552,3.025756,-2.193794,,
ACH-000605,-3.034038,,,,,,,,,,,,,,-0.827019,3.443549,2.556453,3.423511,2.575826,2.224148,0.878044,4.745293,4.388716,0.590772,-0.250481,-0.173425,0.89878,-0.853201,0.790298,-2.36607,0.960345,1.970743,3.071681,5.097477,0.935191,1.790135,4.413672,4.075655,2.513214,3.501111,4.04357,4.309037,2.043947,1.635219,-1.106792,-0.092942,0.984437,1.028989,0.710937,1.704064,-0.030976,-1.586907,-2.370185,-0.263594,3.827583,0.498915,2.419486,0.381244,3.496279,-3.203942,-0.667723,5.702607,4.045031,2.447415,3.169334,6.193929,3.150436,4.870145,3.323065,1.28573,3.270393,2.551176,4.209684,3.44967,4.706094,4.570706,4.362914,2.925883,-3.433278,2.756613,3.765405,5.174955,3.646692,4.767383,4.144881,4.342753,4.4609,1.885928,4.702669,3.68242,6.127983,6.11043,3.834565,-0.262898,0.372744,4.675361,1.315086,5.918196,2.344929,4.224695,-3.087766,-3.037634,-1.611237,3.040983,-2.442302,-4.379688,1.298331,4.486408,4.801802,1.548487,0.674203,2.043026,0.623699,5.862641,4.136662,4.763846,4.820343,4.426687,4.868741,-0.796085,4.790727,5.074713,4.446237,4.30889,0.006009,3.726663,0.793105,4.533358,1.324286,4.240814,1.753315,2.320969,2.901451,5.874029,4.147484,5.954432,5.563547,6.042354,5.828067,4.234332,5.970483,2.946626,4.864879,6.14621,5.686101,5.455067,6.211328,6.219327,6.719711,5.933461,6.366398,4.511084,5.854669,5.308579,2.495536,4.755233,5.518766,6.528559,4.642857,6.171412,3.238025,3.262805,4.242644,1.865113,4.501652,2.060036,0.856699,,
ACH-000374,-2.345889,4.140221,,4.414074,3.208053,,4.882519,,,,,,,,1.030754,4.069663,2.415337,3.516213,1.263244,0.615299,-0.270613,4.458378,5.733254,1.861187,2.064847,2.83504,3.828279,1.04739,2.116509,1.775753,2.022783,2.535152,2.147498,1.310104,4.156547,1.404966,1.592952,5.656305,1.765029,5.077031,4.243589,4.389297,2.087897,2.8298,1.736929,0.862055,4.314613,3.573301,3.068269,2.99549,1.88734,2.803974,-2.696962,0.012081,4.040825,0.848869,2.709745,1.996403,5.267492,-4.185552,-0.792108,5.678569,5.073838,2.67328,2.953817,6.554603,4.524081,5.271335,4.34378,3.122831,5.44563,5.994653,4.084363,3.286476,-0.015149,5.361452,4.281099,4.129852,-2.479715,5.15735,5.419357,6.050417,5.30385,5.144489,5.785984,5.640891,5.819417,3.429402,5.786701,3.847582,6.07407,6.159987,3.254919,1.235607,1.339816,2.819796,1.291299,3.208881,3.052142,3.458619,-0.536593,1.348375,-2.668377,2.921186,-0.697447,-4.253739,1.758422,3.38558,2.004322,0.802568,-1.58775,1.669814,0.731938,6.153201,4.52334,4.764887,3.669589,5.097802,5.886766,4.854929,5.770459,5.310635,5.757688,3.800343,1.447611,4.043894,3.097886,3.644446,0.638914,1.590193,1.643622,4.505019,4.277972,5.070771,5.77809,4.664683,4.846344,6.396522,5.558826,5.863631,4.891868,3.066885,5.070128,6.178113,5.870394,5.043218,6.194466,6.179453,7.783472,6.647678,6.265914,5.632609,5.300266,5.573121,3.450204,5.499921,5.028995,4.839417,6.220575,5.406355,3.518697,1.514468,3.332631,3.346804,4.793783,3.859656,1.731504,,
ACH-000766,-2.341801,,,,,,,,,,,,,,-0.302163,1.853617,0.445522,3.523999,1.506386,-0.024643,-1.440285,3.199482,4.708137,0.226154,-0.04519,0.280896,,-0.703319,-0.769075,-1.54137,-0.04239,3.01579,3.468717,0.63668,4.248984,0.773143,1.407611,,,,3.74115,3.496447,1.375018,0.24947,-1.192826,-0.779413,,1.628672,0.048431,2.180604,0.539699,-1.781428,-2.672986,-1.6003,3.399061,-1.443774,2.259895,0.422519,4.306517,-4.233618,-0.525335,,,2.739407,3.114201,5.215525,4.14006,,3.85445,1.461405,,,,,,,,,,,5.326401,,,,,,,,,,,,4.588442,,0.122991,2.285046,0.284696,2.273021,2.551704,4.633414,-0.820622,-4.938882,-4.770337,1.034188,-4.096114,-5.319868,1.380961,2.719918,5.653184,0.052294,-0.209456,2.066305,0.001937,4.872427,4.372569,2.155292,2.74809,4.122042,3.747617,3.311031,,5.139801,3.968679,3.937096,0.144635,2.707839,2.710008,0.861476,-1.961044,,1.478547,1.290377,5.773353,5.766077,5.606428,4.921273,3.941506,5.696989,5.702239,5.356655,4.073654,1.697217,4.176158,4.437821,5.201249,5.789753,5.785964,5.79789,6.843792,5.478127,5.796832,5.111399,5.379642,5.660045,2.413843,5.759702,5.787929,5.187791,3.628284,,2.085291,0.777338,3.81545,1.769713,4.934169,2.884671,3.385759,0.539175,-2.829378
ACH-000161,-3.859221,,,,,,,,,,,,,,3.60062,2.031841,1.486538,2.974106,0.503817,0.061322,-1.975119,3.288561,4.860357,-0.310398,-0.430683,-0.81992,-0.286399,-1.38551,-2.268221,-3.130652,1.116124,2.608317,3.98402,1.754857,5.358211,0.653803,0.924379,6.040175,4.99837,4.128066,4.35325,4.197066,2.781598,2.915711,1.193842,0.03623,2.193006,2.417718,2.128926,2.884148,-0.715207,-0.871702,-3.136045,-0.913866,3.684202,0.653142,2.735254,3.160156,5.675737,-4.407015,-0.990279,6.480646,5.999741,4.459227,3.451084,5.939598,4.932151,5.622387,4.563654,2.104318,2.331104,2.155401,3.216332,2.974786,5.765772,3.665996,6.951265,2.681566,-2.166254,3.805197,6.768263,5.060629,3.374554,5.231149,3.750003,5.913235,4.565687,3.59983,5.098259,2.586923,5.985367,6.60161,4.685619,-0.148668,0.814408,3.561967,0.961867,4.099403,3.292141,3.538434,1.225015,0.008048,-1.699946,3.693628,0.996032,-1.992977,0.755365,4.463813,6.329672,3.400089,0.45221,2.289201,1.782516,3.208667,6.302742,3.819157,5.374351,5.516386,4.833496,2.377992,5.717941,5.767775,4.278861,3.589841,0.181497,3.689334,-0.096869,4.366566,0.67577,3.36805,1.315333,1.47107,5.208212,6.144404,6.359133,5.956423,5.634521,6.350578,6.299492,6.113524,5.796949,3.849449,4.983774,4.93719,6.093429,6.407122,6.761812,6.761812,8.176546,6.745488,6.053454,6.072874,5.821803,5.656081,3.600032,5.880758,5.552677,5.547021,3.098584,3.368845,2.161954,1.549413,3.789214,0.458781,4.14812,5.364682,-0.355071,1.207686,0.662004
ACH-000427,-2.701709,,,,,,,,,,,,,,,3.084786,0.534024,,,1.202042,-0.6936,5.373104,5.252748,1.656958,4.477128,1.974632,-3.494005,-2.795665,-1.798473,-5.757169,-2.64243,2.610858,1.821226,3.165196,3.758693,1.750188,1.060309,5.877903,1.977233,4.571515,4.360212,4.879622,1.951701,0.361294,-1.341037,-0.752731,0.687789,1.784484,2.056018,2.12986,,,-1.909211,0.084688,5.245945,0.751917,,0.22995,,-3.793199,-1.664939,5.88257,3.904796,2.949045,1.744692,5.787182,4.450602,5.201528,5.607138,,2.392922,2.137508,3.768316,2.53856,2.271032,5.433108,2.979305,3.60784,-3.06426,3.693151,5.049931,5.952988,3.399319,5.420746,4.631607,4.760354,4.673354,3.844796,5.403362,3.772609,6.416083,5.559935,3.905265,-0.306306,1.791488,3.988602,2.122969,2.428888,3.526016,6.824739,,-0.093997,-1.946286,4.631754,-1.382288,-3.02537,,4.802877,5.065988,2.303009,0.838888,3.521972,1.136049,5.792016,,4.011328,3.94146,4.769659,5.417031,3.046633,4.050127,5.056014,4.143378,2.188418,0.377835,0.384744,1.030089,4.803882,-1.095737,3.235898,1.851168,3.986675,5.271279,4.523212,5.145321,6.607428,5.678593,6.075223,6.585929,5.936899,5.228056,4.61033,,,,,,,7.411952,6.166972,6.331872,6.350449,6.523665,6.292702,3.00565,4.437277,5.89466,5.783999,5.1986,2.34633,5.044819,4.2335,4.642531,3.417797,3.276189,4.683494,2.847461,,-3.415577
ACH-000759,-2.572258,3.703904,,4.327561,7.375659,,4.075152,,,,,,,,-0.390317,4.131606,1.826647,5.086082,2.880359,1.13342,-0.694719,5.437524,8.367063,1.956963,0.171702,-0.445479,,-1.898852,-1.858388,-3.965072,-1.780921,0.983368,4.794066,4.668513,5.627248,4.32063,3.032525,,,,4.72405,5.165604,2.303296,1.863429,-0.391439,0.056068,0.371267,0.489442,-0.072886,1.185191,1.901713,0.29391,-2.608301,-1.138366,3.033835,6.55933,5.645699,0.68724,6.792988,-4.970356,-0.987094,,,5.435003,3.990956,7.377956,5.443057,,6.079875,4.422084,,,,,,,,,,,3.811912,,,,,,,,,,,,4.407971,,-0.650822,6.503838,2.367948,3.896804,4.513736,5.176648,3.226856,-2.61473,0.677244,4.0104,1.61419,-2.672367,0.501067,6.479172,6.82254,3.198441,1.436083,1.912837,2.44854,4.140447,6.509814,4.695707,5.691855,6.330058,7.320876,2.103695,,6.500724,5.55034,-0.283711,0.29533,-2.037376,1.517341,2.146815,-1.109883,3.934175,1.557265,2.020258,4.923019,6.502583,5.42833,5.912225,7.459673,4.604169,7.154737,5.34493,7.324521,5.829985,6.332513,7.129614,7.017392,6.964529,7.422095,7.425801,9.33723,7.495493,7.996513,6.644271,6.764673,7.229103,5.297921,7.155183,7.218264,7.60444,6.72872,,6.168043,7.216822,7.012144,3.580455,6.923751,5.439882,4.868166,5.635376,1.447633
ACH-000554,-2.99027,0.90694,4.688002,2.375322,4.755589,4.229818,2.582375,-0.861155,2.363997,5.384685,4.005942,4.531659,2.749822,5.745554,-1.750718,2.824693,1.673332,2.078868,0.974207,0.120448,-0.807296,3.451444,6.074457,2.152084,1.952999,2.763122,-2.703632,-1.610491,0.057467,-3.09496,-0.633619,,4.023505,3.470823,2.990445,2.778967,2.410854,4.281696,3.375941,2.228773,2.800185,3.273238,2.888597,0.354713,-2.455254,-0.580397,-0.593758,-0.426118,-0.608775,0.576935,-0.524738,-1.943128,-2.406449,-0.890118,2.281358,3.721044,2.737018,,,-3.149686,0.945133,3.889903,3.225485,3.442969,1.066848,6.327737,3.859427,6.230455,5.745554,4.014105,4.83047,3.863326,4.2827,3.818617,5.052407,3.260214,4.626935,5.48204,-1.990939,5.247987,4.593957,5.710161,3.86361,5.854965,5.006751,3.766982,3.018275,2.847454,4.795314,1.768648,5.719565,5.745554,3.986856,0.620687,1.819251,5.665468,2.974275,3.914062,5.246551,4.444872,0.214424,,-1.827289,2.582055,-1.409021,-3.85527,1.11365,3.118854,4.612832,2.286768,1.701531,3.614867,2.888183,5.256104,4.656398,3.699527,4.384733,5.652372,5.659948,2.984093,5.511647,4.125113,3.331398,,0.447025,-0.207425,4.861562,4.402183,-0.381991,1.708316,1.301307,1.497169,5.670323,4.094413,3.628975,3.812457,4.55847,4.084573,4.751238,4.771481,6.222858,4.031903,4.712014,4.015728,4.427478,5.286532,5.571903,,7.093045,5.621673,5.254213,4.797915,5.524314,5.7058,3.452123,5.742757,5.132451,5.834216,5.688607,5.734937,5.667573,5.604041,4.882553,3.400992,4.593098,5.73259,1.848528,,3.272873
ACH-000755,-5.70477,5.713439,4.667186,2.232523,3.49345,2.306078,1.898016,-2.640842,3.957417,3.715389,3.73904,3.451345,2.139662,4.746953,-0.599917,3.349752,2.444178,3.094197,4.427717,3.690826,1.552565,3.926283,3.566983,2.556419,2.710567,3.288584,-1.850404,-2.020352,1.047698,-3.585495,-0.981989,,3.065113,4.234786,3.649188,3.408778,4.098462,5.060341,2.534557,1.540475,2.234716,2.773697,3.638237,3.315512,2.47286,2.177191,2.905316,3.346945,3.427528,3.633744,2.815511,0.857649,1.245655,,5.350172,2.900797,1.271087,,,-3.786205,-0.894927,4.634789,3.631817,2.880759,2.207213,5.202513,3.237237,6.138295,4.628318,3.095654,4.006506,3.670686,4.518884,4.72893,4.509319,4.084797,4.552792,2.949431,-4.57948,1.795441,3.729163,3.632796,2.859653,5.699155,,2.574694,2.596936,2.666771,,2.689924,5.202946,5.112994,4.554514,-0.024812,1.164875,4.526604,4.393057,3.956813,3.945292,2.113787,2.562218,,-1.839316,2.276897,-3.452703,-3.140968,1.766067,-1.501475,3.316145,2.156979,1.750648,2.461719,2.993421,5.003994,3.064914,2.032403,3.18292,5.779451,4.444435,2.32572,3.992373,4.260267,4.380653,,0.13734,-1.530136,4.162024,4.668165,1.0613,1.429283,1.70786,0.872223,5.112877,,3.586513,4.868038,3.677734,3.702917,3.709432,4.159753,4.901345,3.103346,4.325042,3.976501,5.202946,2.950443,5.171557,,4.933519,5.078837,5.200458,4.851023,5.202158,4.208908,2.198836,5.194999,4.36088,4.795372,5.200834,5.198954,4.448957,5.202946,3.868807,5.202798,5.107681,4.112148,2.893514,,-1.686897
ACH-000277,-1.060684,4.324026,,4.821193,5.307943,,3.185378,,,,,,,,-1.134637,4.485872,3.189259,4.869538,4.273691,3.669222,2.161148,5.484397,5.832026,2.519747,2.578718,2.392578,,-0.105295,1.648153,,1.238208,3.121178,4.243189,4.826117,3.078682,3.356132,2.054571,5.549425,1.344606,3.629683,2.423744,3.487024,3.727894,4.202484,3.232953,1.932421,2.129308,2.517315,2.583327,1.607278,1.554912,0.417692,-0.321582,2.742508,1.609841,4.011489,2.627317,2.758228,6.007485,-4.313804,-0.48813,4.759087,4.487578,2.180902,0.6823,4.812347,,6.648037,5.494412,4.608854,4.40066,5.019031,4.623523,3.934015,3.666119,4.943272,4.18479,5.483864,0.21732,5.153471,3.527139,4.692878,3.426491,5.482255,3.019549,4.139124,2.988308,2.927576,4.595048,2.047289,5.097646,4.240483,3.24807,-0.558455,0.745049,5.208105,4.53545,2.90314,5.201397,3.473949,3.849283,-0.819159,1.304958,6.242572,0.939706,-0.606803,1.242709,3.098675,5.450845,3.758441,5.020503,2.837455,3.220675,4.867274,3.493025,3.835054,3.737247,6.449567,4.914633,2.138344,5.525609,4.668435,4.369378,3.723727,1.136174,4.034701,4.773775,4.086373,1.133075,2.778889,1.798977,1.968601,2.748187,5.520663,4.874272,3.434491,3.45808,2.545978,,5.401238,4.269451,3.329654,3.698213,4.782931,5.110977,5.373081,5.168061,5.505015,7.15877,3.811036,5.648318,5.703492,4.089417,3.544837,3.150249,3.387214,5.099714,5.182078,4.407021,4.59818,3.337115,3.950276,4.127823,4.145984,3.949381,1.078058,,,
ACH-000828,-0.648639,5.832155,,3.213216,6.834338,,2.919566,,,,,,,,0.893708,4.118109,6.875367,6.847727,5.195094,6.374626,5.681084,5.377301,7.33693,4.061321,5.600008,5.284397,2.743983,-0.374319,1.175269,-1.759559,-0.129175,6.063037,6.856832,5.768897,5.791697,3.73948,5.563896,6.940089,2.322174,4.731287,3.99785,3.649074,3.977661,2.927469,1.825351,2.641197,3.917551,2.889262,3.313564,4.981873,1.928232,1.080161,1.315304,2.114904,2.088136,4.366079,5.423838,3.140355,7.383357,-1.550708,0.903313,6.837451,6.17244,4.454154,3.925781,7.285048,4.058607,3.491164,6.414177,4.142448,6.786192,6.494999,5.021204,5.769086,6.185069,6.448231,7.355196,6.01238,0.826272,5.715731,6.239465,5.565097,4.126879,5.99301,5.381988,6.473808,4.446574,4.091693,4.677728,2.797376,6.097973,6.700597,4.831342,2.01878,3.049069,5.300547,3.488065,4.517905,6.398641,4.790173,3.78373,2.268159,0.519144,6.497246,1.959661,-1.035738,2.385222,5.833362,7.098813,5.244754,6.325519,5.958736,4.908742,5.809296,3.782361,5.348628,4.654895,7.187992,6.412109,7.013824,4.904516,5.951477,6.502647,4.87789,3.485366,5.054112,4.825855,7.26916,2.836993,4.824009,3.640398,2.079999,7.067048,6.755002,5.897531,6.418293,6.549144,5.474174,6.700115,6.865512,7.657267,4.998151,6.125454,6.699762,6.199731,6.8631,7.083219,6.990007,7.651087,5.925966,6.163269,6.375863,5.875343,6.144244,3.44358,6.108105,6.662685,6.518857,5.845839,5.87708,5.442485,5.149593,5.474297,5.813757,6.328824,5.623551,4.155382,3.420201,1.57459
ACH-000117,-3.967974,4.074664,,4.215327,5.958421,,3.704473,,,,,,,,0.091937,3.920389,4.368819,4.886665,3.478053,4.564647,2.898627,6.194423,5.537555,3.017917,2.335548,3.943953,,-0.629729,1.404855,0.788327,0.650151,2.262206,3.434551,3.698141,3.389863,1.587571,4.200026,1.74105,,5.364448,3.951941,3.403553,2.554087,2.254577,0.753301,0.904159,2.696879,2.570283,2.21884,2.887321,0.447216,-0.537537,-1.941404,-0.217965,3.303547,4.000705,4.065886,2.293092,6.445995,-5.726998,-1.148109,5.34067,5.1476,2.35052,2.35904,6.251491,3.378963,6.845121,4.808523,3.546759,3.694434,4.255946,5.917294,5.800885,3.545469,5.871683,6.601234,5.54044,-3.042781,4.378626,4.249191,4.026992,5.822455,4.855208,4.747955,5.411987,4.530898,3.397711,4.344615,2.880863,5.940814,5.027733,4.381297,1.562573,2.470353,4.876573,2.68525,3.777846,4.488923,5.313406,3.191012,1.210972,-0.789876,3.522257,1.214725,-2.316788,1.172101,5.341896,5.838467,3.852278,4.099787,4.577957,4.032181,5.611971,4.049802,3.909755,3.745441,7.035436,6.133135,4.034276,5.356038,4.814151,5.372157,4.028278,1.55271,4.045975,4.526261,5.451265,1.559946,1.05076,1.693685,2.941011,3.830577,5.851818,5.442096,4.529808,5.50098,5.551554,5.713575,5.104718,5.768097,4.214808,4.704165,5.920515,5.69511,5.885981,6.039784,6.039784,7.200099,6.066432,5.915851,5.903034,4.742388,5.649121,2.930016,4.836825,5.012114,5.993004,5.400266,5.991686,3.750494,4.20576,5.272819,2.97987,5.13953,2.437175,1.053034,,
ACH-000927,-3.561364,5.068155,,3.579716,4.990425,,2.504674,,,,,,,,0.472262,5.297136,4.641357,4.657656,4.318733,5.482245,3.996682,5.999593,6.13838,4.615747,3.068686,3.338498,1.226258,-0.165431,0.880947,-0.974857,0.10766,6.268585,4.451468,5.366242,4.082303,4.38787,2.850029,4.8635,2.259117,4.06482,3.389882,3.35527,3.537326,1.738243,0.876618,1.231314,1.944327,2.096303,2.05086,2.765516,0.29274,1.024753,0.397707,1.856017,3.005674,5.61861,4.777474,1.494257,8.437705,-2.511392,1.061725,6.991352,3.711069,3.335032,2.20319,6.850811,4.106919,2.378007,4.457632,3.669719,3.848117,3.382399,5.21229,5.989839,6.157718,6.273751,5.646919,1.141811,-0.565259,4.217089,3.772104,6.199656,3.896371,5.756354,4.384808,4.441711,3.995374,3.141023,5.940116,4.281601,6.645756,6.71001,5.376256,1.228154,2.767003,4.849815,4.047318,4.181284,5.372209,3.683378,2.445294,-2.149914,-2.106937,3.598935,-1.09637,-2.958453,1.31499,5.626151,6.490914,4.924996,4.637644,2.904819,2.865194,6.487908,5.364697,5.623753,4.433847,7.65807,6.135667,4.019005,5.093071,5.82719,7.038959,4.964374,1.350045,4.533122,6.14001,6.505732,3.505958,1.023332,1.435068,1.675601,3.81926,6.634908,5.909913,6.082106,5.955664,6.542204,5.971916,5.809937,6.230958,4.283569,4.190069,6.627473,6.405256,6.469461,6.665274,6.665274,8.308959,6.832394,5.485941,5.71458,5.381002,6.558779,3.122843,5.537544,6.562331,6.24156,5.494574,5.528187,4.608419,4.714659,5.366461,3.298463,5.627029,2.75351,0.54958,,
ACH-000818,-6.719142,5.617177,,6.538068,7.029769,,4.690391,,,,,,,,2.315647,7.598597,6.803609,6.821089,6.385824,6.501832,6.746297,7.736858,7.300187,5.216344,6.196019,6.467383,,5.082111,5.894678,4.920465,5.070576,6.427795,5.15228,6.476152,7.42365,4.784887,3.702601,,,,,6.480441,7.20254,3.835282,3.326121,3.854842,3.837819,5.574369,5.682941,6.325394,1.900768,0.747351,1.317692,2.304597,4.103268,6.663365,6.007524,,6.487299,-1.99532,1.91093,,,4.856435,,8.937849,,,,3.020576,,,,,,,,,,,5.601689,,,,,,,,,,,,5.825158,,3.184573,5.781803,8.04647,5.468393,5.677466,6.019823,3.051973,2.720482,1.901665,8.787434,2.784703,-0.553654,1.623338,7.318107,8.173747,7.091537,2.366239,3.419165,4.59643,6.792112,5.241976,8.593656,5.989882,8.572084,7.726399,8.303388,,7.461503,7.401959,5.98189,4.965766,5.665964,7.735116,7.038211,2.175486,6.534665,3.098303,4.471246,8.114884,8.191079,7.821572,7.429191,8.024555,3.373494,,,7.433146,5.048918,7.027822,7.973077,6.157495,7.543682,8.252326,7.561568,9.667798,7.593269,8.332159,7.454633,7.378156,8.191066,5.278906,7.60905,7.36146,7.366426,6.507517,,6.941226,8.199658,7.567893,5.400172,7.156983,4.872171,,5.6148,3.304391
ACH-000178,-2.761656,,,,,,,,,,,,,,0.551064,3.334541,2.638866,1.954164,0.863505,-0.703267,0.069908,3.339322,5.913659,4.070816,4.903506,4.388053,,2.823474,4.330549,3.479282,4.641555,3.906147,5.203341,5.505065,6.237528,2.491097,2.316067,,,,3.757851,5.681594,2.622513,5.215091,4.122841,1.465511,,4.489363,3.275175,3.736391,0.198885,-1.388155,-3.108146,-0.463831,4.165952,2.157984,4.212155,2.105026,3.854226,-3.786246,-0.590576,,,4.702542,3.877911,6.748777,5.52346,,5.644883,3.562549,,,,,,,,,,,4.569734,7.853444,,,,,,,,,,,2.255705,,2.14533,6.519568,1.329682,4.188401,4.821329,6.381608,3.62122,-0.03353,-0.053763,3.641047,1.26404,-1.569222,0.667457,3.067662,5.841403,2.5841,1.147263,2.232747,2.310666,7.488047,5.027272,5.045304,5.173894,7.70629,5.035884,4.280544,,6.221051,6.629911,5.596162,1.704694,3.958822,3.529721,7.6044,0.617225,,2.013945,3.173832,6.801575,7.146262,4.493706,6.049554,6.436801,6.738256,6.02652,6.004193,7.122532,3.343527,5.484338,7.273067,6.94859,6.97754,7.461904,6.416681,8.532414,7.188499,7.340866,6.055413,6.578053,6.202179,4.102997,6.122566,4.142067,5.604947,5.786663,,3.250171,5.703145,6.765196,2.422786,4.205435,5.509858,4.725115,6.268233,0.829761
ACH-000235,-2.819017,,,,,,,,,,,,,,1.358643,2.688577,1.170453,2.747584,1.375315,0.183984,-1.081825,6.919827,7.837493,4.179742,4.133636,4.948123,,3.537293,3.581431,2.499701,5.341995,2.968608,4.264547,8.982754,8.251722,6.212615,4.163572,,,,5.476723,7.389067,4.078633,6.173924,3.245366,2.771201,,4.647108,4.757247,4.789916,1.354756,-0.284263,-0.613854,1.019991,6.868648,0.528864,4.591769,2.236688,8.814414,-1.43393,0.805994,,,6.445681,4.475885,6.843116,6.207133,,5.596756,4.279454,,,,,,,,,,,6.00372,8.50314,,,,,,,,,,,6.687515,,3.187453,5.743202,4.017813,5.590954,3.921718,5.366473,5.179857,0.047815,-0.922294,6.171763,1.503346,-0.89349,4.11949,7.250262,6.470878,4.043064,2.720945,4.75712,3.035778,9.013416,5.231156,8.887729,7.273133,6.49969,6.409629,5.146634,,8.002974,9.246956,6.440456,3.651131,-0.058666,1.339053,6.797046,0.407377,,4.432743,5.677566,9.28159,8.479943,7.78857,7.373523,7.094558,8.301751,7.806311,8.424958,8.072569,5.966613,5.391847,8.458995,7.458604,8.471363,8.439079,8.60088,9.665356,8.552208,9.262673,8.05276,6.901752,8.899644,5.549166,8.182621,8.533487,8.670038,8.483358,,5.926652,4.100502,5.176898,2.532789,6.722995,6.62698,-0.742287,3.670503,-2.00088
ACH-000733,-4.182534,,,,,,,,,,,,,,1.966475,3.53801,5.942946,6.518276,4.21303,2.873025,2.125091,5.961674,5.039212,4.101,4.27422,3.050479,,3.465414,4.371341,2.448474,5.328384,4.217171,4.437205,5.037431,4.696373,2.947755,2.895696,,,,6.706014,6.977631,4.561272,5.293546,3.124822,2.585575,,3.311833,4.690808,4.348322,4.107089,2.435126,1.626833,2.021344,5.140513,0.752173,2.734853,1.800153,5.901748,-1.182575,-0.010725,,,4.470491,3.541634,6.871711,4.920462,,5.973578,2.92205,,,,,,,,,,,6.359825,,,,,,,,,,,,4.57923,,2.87672,4.674453,3.009558,3.377119,3.15214,5.26875,3.980139,-0.605283,1.239506,6.682846,2.208057,-0.675963,1.126158,5.594736,5.475734,3.846818,1.521486,4.456726,3.30874,6.589997,6.411085,6.216885,5.722042,6.462981,6.102326,3.771256,,6.576896,5.892236,4.939161,2.685353,5.035936,4.790035,5.168699,0.699026,,2.503987,5.000739,5.416531,6.460532,6.132211,7.05221,5.972912,7.062083,5.649078,5.416879,7.062551,3.413886,6.305214,6.222511,6.827986,6.098166,5.829936,6.741943,7.94017,6.650385,5.621258,6.983974,7.019224,6.858834,4.374284,6.724628,5.396485,6.725267,6.421415,,6.747633,3.9394,4.193225,4.076872,6.913316,5.714195,-1.413393,,
ACH-000875,-5.408268,,,,,,,,,,,,,,2.186461,4.346457,3.878967,2.666604,1.766902,0.861523,0.233412,6.23452,6.773989,4.104338,5.564998,5.820748,,3.557563,5.988573,4.078229,7.423391,4.070183,3.486014,3.545517,2.874357,1.860974,2.450531,,,,5.165716,6.22605,4.44218,7.189801,5.101065,4.077234,,6.473,5.644701,6.009032,2.095043,0.866235,-0.304454,2.051246,6.396573,6.24587,3.054952,1.584578,5.708157,-3.632876,-0.867614,,,3.800914,3.723115,7.191255,3.667337,,5.256664,4.10983,,,,,,,,,,,6.475998,,,,,,,,,,,,5.88418,,2.561533,6.298879,4.233835,5.025119,5.285675,4.395166,5.628297,1.624939,1.720811,6.223831,2.882687,0.857092,1.58359,5.365251,7.146217,4.207555,2.885394,5.822653,3.933482,7.336531,3.515202,5.86497,6.171176,8.435475,6.515446,4.227716,,6.33967,6.248894,4.410008,0.911167,5.218375,5.144851,5.963608,0.399737,,2.947479,4.746596,4.821736,7.294072,5.827073,4.643605,6.493989,7.319174,6.490132,5.237342,5.301109,4.287165,6.065146,6.756173,6.238782,7.400246,7.401078,7.594417,8.577197,7.596083,7.039284,7.07301,6.449269,7.359975,5.109351,6.88041,6.143406,6.437004,6.990606,,6.061637,4.289661,5.98363,4.196556,5.451819,6.267243,0.482842,,
ACH-000951,-5.8419,,,,,,,,,,,,,,0.520695,4.046737,5.663346,5.803092,,3.003486,2.391326,3.778633,6.149703,2.190066,4.160207,4.055828,,2.650691,3.275758,1.843857,5.74156,2.890397,2.989596,2.432223,3.352519,0.674602,1.937533,,,,3.89943,3.463347,3.424904,3.30609,2.312134,1.880639,,2.919977,3.425232,3.435166,0.749437,0.213558,0.856462,1.88112,4.600599,4.909351,2.555304,0.789653,7.045121,-2.663416,-0.539485,,,3.207349,2.395139,5.309075,4.302837,,4.607945,2.212521,,,,,,,,,,,4.53965,,,,,,,,,,,,4.901885,,1.823282,3.691041,1.207409,4.805089,1.260115,4.249745,4.695712,1.591581,0.330787,5.340696,1.080983,-1.021556,1.672249,4.876878,5.229779,3.858522,1.761113,4.880503,2.481346,6.784446,4.347848,5.371028,4.834912,7.175198,5.578104,5.141589,,4.272553,4.830474,4.385887,0.281266,3.975271,2.813999,5.551435,-0.111113,,2.662807,1.226146,3.957933,4.664756,4.957569,4.398074,5.460346,5.945057,5.26726,5.501488,5.876203,5.488754,4.333224,5.523775,5.392175,5.886068,6.199641,6.190654,7.506147,6.3208,6.20092,4.900218,5.929796,5.817091,3.7691,4.91501,4.833129,6.043889,5.607033,,3.2686,3.476598,3.962236,3.101983,5.920447,4.494529,0.873766,0.679726,2.535009
ACH-000574,-6.038099,,,,,,,,,,,,,,1.090379,2.614677,2.902737,3.918052,3.84016,0.907949,0.560502,6.631339,5.433573,2.451796,4.621025,4.97073,,1.330226,3.116816,2.242049,3.602072,2.684233,3.987987,3.267812,3.556914,3.600637,2.066613,,,,,5.880839,3.29315,4.568384,1.723434,0.899859,,4.113341,4.978253,4.525726,2.405909,2.370183,0.767998,1.373098,3.715513,-0.650478,3.322508,0.036827,7.028711,-3.269983,-1.237529,,,3.399615,2.372671,5.379417,3.870396,,2.974909,0.375568,,,,,,,,,,,5.58735,,,,,,,,,,,,5.239225,,1.064136,4.638848,1.818122,,1.699027,5.701162,1.70108,1.100388,-0.629767,5.508377,0.480683,-2.517653,1.845209,5.014817,4.247515,3.483033,1.563664,3.033975,1.595653,6.015536,5.559301,6.297353,5.17336,7.098794,6.497423,3.792162,,5.072432,4.981752,4.82843,1.024651,4.004031,6.935369,5.866732,2.762734,,2.032445,4.326217,6.029678,7.068739,5.127607,5.267048,6.068568,6.589874,6.653142,,5.393125,,5.34476,6.309934,6.319726,6.281971,6.653142,6.653142,7.965506,6.416022,6.129824,6.519927,6.597978,5.732855,4.372211,5.56973,4.715243,6.146561,4.044098,,4.536133,2.80591,3.651146,2.47674,4.380542,3.633394,3.504529,1.917721,2.223231
ACH-000719,-4.565164,,,,,,,,,,,,,,3.886926,4.72933,3.92391,2.749483,1.769787,1.562034,0.635579,5.109209,7.44662,1.441299,0.825472,1.367533,,1.007533,1.352587,-0.004338,2.285407,6.146301,5.945314,4.627574,3.551678,0.847577,1.3012,,,,5.392592,8.162116,2.410843,4.796378,2.417346,1.233299,,3.944824,5.180989,5.202644,1.291259,0.315456,-0.753158,1.490198,6.353229,0.393658,2.28816,1.581265,6.251192,-4.154824,-0.846573,,,6.121947,2.70293,7.279248,5.371393,,4.45746,2.138773,,,,,,,,,,,6.424255,,,,,,,,,,,,6.903394,,1.215691,3.462326,2.532377,5.240722,5.27272,5.358364,5.979827,-1.659778,1.722854,4.670184,1.602292,-0.564884,0.498552,6.848831,7.501059,3.397733,1.59096,3.306789,2.021262,6.539618,6.3466,4.521291,4.823419,8.03944,7.411502,8.709877,,7.108553,7.770684,5.180809,0.580216,3.835204,4.073445,5.711628,1.329326,,2.799782,5.153952,6.772576,8.321688,8.005832,6.522895,6.233027,7.364285,8.627701,6.400232,7.571674,6.267457,6.595215,7.587109,8.144709,7.02807,8.670738,8.709877,9.093595,7.53955,8.458858,7.24048,7.63911,6.816722,5.364979,7.780562,7.895886,7.878284,5.281465,,6.690557,4.172715,8.149668,2.026852,6.112882,6.513814,6.177956,3.631347,3.063837
ACH-000443,-1.825736,,,,,,,,,,,,,,2.37662,6.759624,5.6137,6.868486,5.624066,3.856864,2.792331,7.29406,7.550782,3.802467,2.994958,4.410176,,1.959554,4.943189,3.228514,5.253387,3.191562,4.782334,4.180264,3.417405,3.58418,3.685166,,,,6.128627,7.660211,4.79834,6.215592,3.308773,4.049802,,4.221685,6.411946,5.651713,5.533965,1.954424,1.508917,2.651755,5.590424,2.370361,5.679707,4.456305,9.756156,-1.921547,1.423801,,,6.011269,2.576432,7.650485,6.119688,,5.173707,4.647004,,,,,,,,,,,6.041624,,,,,,,,,,,,6.154107,,6.09812,7.0759,2.16841,5.304734,5.687345,7.122439,6.104767,1.791608,2.98122,5.818069,3.591732,-0.746858,4.757048,7.398223,7.886127,6.374643,2.246246,7.469062,4.032596,8.522185,8.227196,6.029671,5.909052,10.204099,8.475049,8.355568,,7.795688,7.530301,5.068974,3.265234,5.977265,6.713987,5.407955,2.735539,,4.714961,6.491681,8.700549,7.880416,8.029316,7.070933,8.83299,8.079461,6.939484,8.304481,6.218974,7.000364,7.526,8.214256,8.182994,7.641362,8.227196,8.227196,9.543092,8.736202,8.725669,7.072706,7.772452,8.385403,4.90492,8.665248,8.258958,6.998612,6.756609,,7.187455,5.815695,7.095122,3.837051,5.150235,4.932481,3.216738,7.309051,-2.186589
